layer_id,batch,tiles,status,cycles,energy_pj,mac_pj,buffer_pj,bus_pj,ubuf_pj,K,B,H,W
0,1,1,ok,225792,53633821.907999992,1560674.3039999998,45891976.159599997,0,6181171.4444000004,1,1,1,1
0,1,2,ok,112896,53648200.142399997,1560674.3039999998,45900171.282399997,0,6187354.5560000008,1,1,1,2
0,1,3,ok,75600,54024356.586599998,1567641.5999999999,46248697.360799998,0,6208017.6258000005,1,1,1,3
0,1,4,ok,56448,53688262.223999999,1560674.3039999998,45932115.659199998,0,6195472.2608000003,1,1,2,2
0,1,5,ok,45360,54029445.309000008,1567641.5999999996,46244454.516000003,0,6217349.1930000009,1,1,1,5
0,1,6,ok,37800,54038214.277199998,1567641.5999999999,46252825.185599998,0,6217747.4916000003,1,1,2,3
0,1,7,ok,32256,53720091.314400002,1560674.3039999998,45941146.896399997,0,6218270.114000001,1,1,1,7
0,1,8,ok,28224,53734622.649599992,1560674.3039999998,45962240.675199993,0,6211707.6704000002,1,1,2,4
0,1,9,ok,25200,54039198.378600001,1567641.5999999999,46252614.391199999,0,6218942.3874000004,1,1,1,9
0,1,10,ok,22680,54043888.338000014,1567641.5999999996,46251216.072000004,0,6225030.6660000002,1,1,2,5
0,1,11,ok,21168,55485525.76380001,1609445.3759999999,47488094.939999998,0,6387985.4478000011,1,1,1,11
0,1,12,ok,18900,54091252.461599998,1567641.5999999999,46286403.638400003,0,6237207.2232000008,1,1,4,3
0,1,13,ok,18144,56204832.387600005,1630347.264,48100157.352000006,0,6474327.7715999996,1,1,1,13
0,1,14,ok,16128,53787281.419200003,1560674.3039999998,45990546.330400005,0,6236060.7848000005,1,1,2,7
0,1,15,ok,15120,54073032.273000002,1567641.5999999999,46275523.523999996,0,6229867.1490000011,1,1,1,15
0,1,16,ok,14112,53816190.988799989,1560674.3039999998,46019835.231999993,0,6235681.4528000001,1,1,4,4
0,2,1,ok,451584,107258991.20159999,3121348.6079999995,91777120.498399988,0,12360522.0952,1,1,1,1
0,2,2,ok,225792,107267643.81599998,3121348.6079999995,91783952.319199994,0,12362342.888800001,1,2,1,1
0,2,3,ok,151200,108038126.92679998,3135283.1999999997,92492270.856000006,0,12410572.870800002,1,1,1,3
0,2,4,ok,112896,107296400.28479999,3121348.6079999995,91800342.564799994,0,12374709.112000002,1,2,1,2
0,2,5,ok,90720,108041246.874,3135283.1999999993,92480369.255999997,0,12425594.418000001,1,1,1,5
0,2,6,ok,75600,108048713.1732,3135283.1999999997,92497394.721599996,0,12416035.251600001,1,2,1,3
0,2,7,ok,64512,107379614.32800001,3121348.6079999995,91834471.047200009,0,12423794.672800001,1,1,1,7
0,2,8,ok,56448,107376524.448,3121348.6079999995,91864231.318399996,0,12390944.521600001,1,2,2,2
0,2,9,ok,50400,108046638.01800001,3135283.1999999997,92489857.185599998,0,12421497.6324,1,1,1,9
0,2,10,ok,45360,108052489.18800002,3135283.1999999993,92485352.592000008,0,12431853.396000002,1,1,2,5
0,2,11,ok,42336,110932235.29079999,3218890.7519999999,94957402.372799978,0,12755942.166000001,1,1,1,11
0,2,12,ok,37800,108076428.5544,3135283.1999999997,92505650.371199995,0,12435494.983200001,1,2,2,3
0,2,13,ok,36288,112363791.04080001,3260694.5279999999,96178111.286400005,0,12924985.226400001,1,1,1,13
0,2,14,ok,32256,107440182.6288,3121348.6079999995,91882293.792799994,0,12436540.228000002,1,2,1,7
0,2,15,ok,30240,108093133.314,3135283.1999999997,92525427.719999999,0,12432422.394000001,1,1,1,15
0,2,16,ok,28224,107469245.29919998,3121348.6079999995,91924481.350399986,0,12423415.3408,1,2,2,4
0,4,1,ok,903168,214509329.78879997,6242697.2159999991,183547409.17599997,0,24719223.3968,1,1,1,1
0,4,2,ok,451584,214517982.40319997,6242697.2159999991,183554240.99679998,0,24721044.190400001,1,2,1,1
0,4,3,ok,302400,216020928.32639998,6270566.3999999994,184951748.50559998,0,24798613.420800004,1,1,1,3
0,4,4,ok,225792,214535287.63199997,6242697.2159999991,183567904.63839999,0,24724685.777600002,1,4,1,1
0,4,5,ok,181440,216027985.824,6270566.3999999985,184955164.41600001,0,24802255.008000001,1,1,1,5
0,4,6,ok,151200,216037845.27360004,6270566.3999999994,184963203.07200003,0,24804075.801600002,1,1,2,3
0,4,7,ok,129024,214698660.35520002,6242697.2159999991,183621119.34880003,0,24834843.790400002,1,1,1,7
0,4,8,ok,112896,214592800.56959999,6242697.2159999991,183600685.12959999,0,24749418.224000003,1,4,1,2
0,4,9,ok,100800,216004116.6144,6270566.3999999994,184924012.03200001,0,24809538.182399999,1,1,1,9
0,4,10,ok,90720,216056180.736,6270566.3999999985,184974255.36000001,0,24811358.976000004,1,1,2,5
0,4,11,ok,84672,221763008.9664,6437781.5039999997,189850896.9984,0,25474330.464000005,1,1,1,11
0,4,12,ok,75600,216059017.76639995,6270566.3999999994,184973450.80319998,0,24815000.563200001,1,1,3,4
0,4,13,ok,72576,224641763.42399997,6521389.0559999999,192311826.96959999,0,25808547.398400001,1,1,1,13
0,4,14,ok,64512,214759228.65600002,6242697.2159999991,183668942.09440002,0,24847589.345600002,1,2,1,7
0,4,15,ok,60480,216031619.808,6270566.3999999994,184940590.46399999,0,24820462.944000002,1,1,1,15
0,4,16,ok,56448,214753048.896,6242697.2159999991,183728462.63679999,0,24781889.043200001,1,4,2,2
0,8,1,ok,1806336,429010006.96319997,12485394.431999998,367087986.53119999,0,49436626,1,1,1,1
0,8,2,ok,903168,429018659.57759994,12485394.431999998,367094818.35199994,0,49438446.7936,1,2,1,1
0,8,3,ok,604800,432031270.40640002,12541132.799999999,369898373.14560002,0,49591764.460800007,1,1,1,3
0,8,4,ok,451584,429035964.80639994,12485394.431999998,367108481.99359995,0,49442088.380800001,1,4,1,1
0,8,5,ok,362880,432038327.90400004,12541132.799999997,369901789.05600005,0,49595406.048000008,1,1,1,5
0,8,6,ok,302400,432041856.65279996,12541132.799999999,369903497.01119995,0,49597226.841600008,1,2,1,3
0,8,7,ok,258048,429336752.40960002,12485394.431999998,367194415.95200002,0,49656942.025600009,1,1,1,7
0,8,8,ok,225792,429070575.26399994,12485394.431999998,367135809.27679998,0,49449371.555200003,1,8,1,1
0,8,9,ok,201600,431976474.48960006,12541132.799999999,369832652.46720004,0,49602689.222399995,1,1,1,9
0,8,10,ok,181440,432055971.648,12541132.799999997,369910328.83200002,0,49604510.016000003,1,2,1,5
0,8,11,ok,169344,443487201.69599998,12875563.007999999,379683006.48959994,0,50928632.198400006,1,1,1,11
0,8,12,ok,151200,432075690.54720008,12541132.799999999,369926406.14400005,0,49608151.603200004,1,2,2,3
0,8,13,ok,145152,449237653.11360002,13042778.112,384601450.52160001,0,51593424.479999997,1,1,1,13
0,8,14,ok,129024,429397320.71040004,12485394.431999998,367242238.69760007,0,49669687.580800004,1,2,1,7
0,8,15,ok,120960,432010308.384,12541132.799999999,369855561.60000002,0,49613613.984000005,1,1,1,15
0,8,16,ok,112896,429185601.13919997,12485394.431999998,367201370.25919998,0,49498836.448000006,1,8,1,2
0,16,1,ok,3612672,858011361.31199992,24970788.863999996,734169141.24159992,0,98871431.206400007,1,1,1,1
0,16,2,ok,1806336,858020013.92639995,24970788.863999996,734175973.06239998,0,98873252,1,2,1,1
0,16,3,ok,1209600,864051954.56639993,25082265.599999998,739791622.42560005,0,99178066.540800005,1,1,1,3
0,16,4,ok,903168,858037319.15519989,24970788.863999996,734189636.70399988,0,98876893.587200001,1,4,1,1
0,16,5,ok,725760,864059012.06400013,25082265.599999994,739795038.33599997,0,99181708.128000021,1,1,1,5
0,16,6,ok,604800,864062540.81280005,25082265.599999998,739796746.29120004,0,99183528.921600014,1,2,1,3
0,16,7,ok,516096,858612936.51840007,24970788.863999996,734341009.15840006,0,99301138.496000007,1,1,1,7
0,16,8,ok,451584,858071929.61279988,24970788.863999996,734216963.9871999,0,98884176.761600003,1,8,1,1
0,16,9,ok,403200,863921190.24000013,25082265.599999998,739649933.33759999,0,99188991.302399993,1,1,1,9
0,16,10,ok,362880,864076655.80800009,25082265.599999994,739803578.11200011,0,99190812.096000016,1,2,1,5
0,16,11,ok,338688,886935587.1552,25751126.015999999,759347225.47199988,0,101837235.6672,1,1,1,11
0,16,12,ok,302400,864083713.30559993,25082265.599999998,739806994.0223999,0,99194453.683200017,1,4,1,3
0,16,13,ok,290304,898429432.49280012,26085556.223999999,769180697.6256001,0,103163178.6432,1,1,1,13
0,16,14,ok,258048,858673504.81920004,24970788.863999996,734388831.90400004,0,99313884.051200017,1,2,1,7
0,16,15,ok,241920,863967685.53600001,25082265.599999998,739685503.87199998,0,99199916.06400001,1,1,1,15
0,16,16,ok,225792,858141150.52799988,24970788.863999996,734271618.55359995,0,98898743.110400006,1,16,1,1
0,32,1,ok,7225344,1716014070.0095997,49941577.727999993,1468331450.6623998,0,197741041.61920002,1,1,1,1
0,32,2,ok,3612672,1716022722.6239998,49941577.727999993,1468338282.4831998,0,197742862.41280001,1,2,1,1
0,32,3,ok,2419200,1728093322.8864002,50164531.199999996,1479578120.9856,0,198350670.7008,1,1,1,3
0,32,4,ok,1806336,1716040027.8527999,49941577.727999993,1468351946.1248,0,197746504,1,4,1,1
0,32,5,ok,1451520,1728100380.3840003,50164531.199999988,1479581536.8960001,0,198354312.28800002,1,1,1,5
0,32,6,ok,1209600,1728103909.1327999,50164531.199999996,1479583244.8512001,0,198356133.08160001,1,2,1,3
0,32,7,ok,1032192,1717165304.7360001,49941577.727999993,1468634195.5712001,0,198589531.4368,1,1,1,7
0,32,8,ok,903168,1716074638.3103998,49941577.727999993,1468379273.4079998,0,197753787.1744,1,8,1,1
0,32,9,ok,806400,1727810621.7408001,50164531.199999996,1479284495.0783999,0,198361595.46240002,1,1,1,9
0,32,10,ok,725760,1728118024.1280003,50164531.199999988,1479590076.6719999,0,198363416.25600004,1,2,1,5
0,32,11,ok,677376,1769725765.4471998,51502252.031999998,1514284913.2091999,0,203938600.20600003,1,11,1,1
0,32,12,ok,604800,1728125081.6256001,50164531.199999996,1479593492.5824001,0,198367057.84320003,1,4,1,3
0,32,13,ok,580608,1796812991.2511997,52171112.447999999,1538339191.8335998,0,206302686.96959999,1,1,1,13
0,32,14,ok,516096,1717225873.0368001,49941577.727999993,1468682018.3168001,0,198602276.99200001,1,2,1,7
0,32,15,ok,483840,1727882439.8399999,50164531.199999996,1479345388.4159999,0,198372520.22400001,1,1,1,15
0,32,16,ok,451584,1716143859.2255998,49941577.727999993,1468433927.9743998,0,197768353.52320001,1,16,1,1
0,64,1,ok,14450688,3432019487.4047995,99883155.455999985,2936656069.5039997,0,395480262.44480002,1,1,1,1
0,64,2,ok,7225344,3432028140.0191994,99883155.455999985,2936662901.3247995,0,395482083.23840004,1,2,1,1
0,64,3,ok,4838400,3456176059.5263996,100329062.39999999,2959151118.1055994,0,396695879.02080005,1,1,1,3
0,64,4,ok,3612672,3432045445.2479997,99883155.455999985,2936676564.9663997,0,395485724.82560003,1,4,1,1
0,64,5,ok,2903040,3456183117.0240002,100329062.39999998,2959154534.0159998,0,396699520.60800004,1,1,1,5
0,64,6,ok,2419200,3456186645.7728004,100329062.39999999,2959156241.9712,0,396701341.4016,1,2,1,3
0,64,7,ok,2064384,3434270041.1712003,99883155.455999985,2937220568.3968,0,397166317.31840003,1,1,1,7
0,64,8,ok,1806336,3432080055.7055998,99883155.455999985,2936703892.2495999,0,395493008,1,8,1,1
0,64,9,ok,1612800,3455589484.7424006,100329062.39999999,2958553618.5600004,0,396706803.78240001,1,1,1,9
0,64,10,ok,1451520,3456200760.7680006,100329062.39999998,2959163073.7920003,0,396708624.57600003,1,2,1,5
0,64,11,ok,1354752,3539356352.1359997,103004504.064,3028494676.3895998,0,407857171.68240005,1,11,1,1
0,64,12,ok,1209600,3456207818.2655997,100329062.39999999,2959166489.7024002,0,396712266.16320002,1,4,1,3
0,64,13,ok,1128960,3485748488.0712004,101443829.75999999,2982623195.6924,0,401681462.61880004,1,13,1,1
0,64,14,ok,1032192,3434330609.4720001,99883155.455999985,2937268391.1424003,0,397179062.87360001,1,2,1,7
0,64,15,ok,967680,3455711948.4480004,100329062.39999999,2958665157.5040002,0,396717728.54400003,1,1,1,15
0,64,16,ok,903168,3432149276.6207995,99883155.455999985,2936758546.8159995,0,395507574.3488,1,16,1,1
1,1,1,ok,1806336,428454665.31840008,33294385.151999999,385448838.60480005,0,9711441.5615999997,1,1,1,1
1,1,2,ok,903168,428449630.61760008,33294385.151999999,385500450.81600004,0,9654794.6496000011,1,1,1,2
1,1,3,ok,604800,430622548.30080003,33443020.799999997,387534173.99040002,0,9645353.510400001,1,1,3,1
1,1,4,ok,451584,428690227.20000005,33294385.151999999,385663360.20480001,0,9732481.8432000019,1,1,2,2
1,1,5,ok,362880,430908163.19999999,33443020.799999997,387742101.69600004,0,9723040.7039999999,1,1,5,1
1,1,6,ok,302400,430832824.47360003,33443020.799999997,387536879.69279999,0,9852923.980800001,1,1,3,2
1,1,7,ok,258048,428662052.04480004,33294385.151999995,385609289.31840003,0,9758377.5744000003,1,1,7,1
1,1,8,ok,225792,429052460.23680001,33294385.151999999,385960853.91360003,0,9797221.1711999997,1,1,8,1
1,1,9,ok,201600,430939173.19679999,33443020.799999997,387617737.30559999,0,9878415.0911999997,1,1,9,1
1,1,10,ok,181440,430953871.10400009,33443020.799999997,387502551.93600005,0,10008298.368000001,1,1,5,2
1,1,11,ok,169344,442543569.17760009,34334834.687999994,397998530.26560003,0,10210204.224000001,1,1,11,1
1,1,12,ok,151200,431793596.62080002,33443020.799999997,388082510.89919996,0,10268064.921600003,1,1,3,4
1,1,13,ok,145152,448263483.03359997,34780741.631999999,403067799.01440001,0,10414942.3872,1,1,13,1
1,1,14,ok,129024,429504140.08319998,33294385.151999995,386179472.17919999,0,10030282.752,1,1,14,1
1,1,15,ok,120960,431660962.94399995,33443020.799999997,388106465.472,0,10111476.672,1,1,15,1
1,1,16,ok,112896,430014846.56639999,33294385.151999999,386612491.46880001,0,10107969.945600001,1,1,16,1
1,2,1,ok,3612672,856834050.66240013,66588770.303999998,770861240.83200014,0,19384039.5264,1,1,1,1
1,2,2,ok,1806336,856748701.28640008,66588770.303999998,770928028.87680006,0,19231902.105599999,1,1,1,2
1,2,3,ok,1209600,861019256.67839992,66886041.599999994,774959038.84800005,0,19174176.2304,1,1,3,1
1,2,4,ok,903168,856899261.23520017,66588770.303999998,771000901.63200009,0,19309589.299200002,1,2,1,2
1,2,5,ok,725760,861439926.52799988,66886041.599999994,775302021.50399995,0,19251863.424000002,1,1,5,1
1,2,6,ok,604800,861213969.10079992,66886041.599999994,774855141.11999989,0,19472786.380800001,1,1,3,2
1,2,7,ok,516096,856797144.26880002,66588770.30399999,770963523.99359989,0,19244849.971200004,1,1,7,1
1,2,8,ok,451584,857380454.4000001,66588770.303999998,771326720.40960002,0,19464963.686400004,1,2,2,2
1,2,9,ok,403200,861200826.62400007,66886041.599999994,774907547.21280003,0,19407237.8112,1,1,9,1
1,2,10,ok,362880,861154942.46399999,66886041.599999994,774640740.09599996,0,19628160.768000003,1,1,5,2
1,2,11,ok,338688,884259058.63680017,68669669.375999987,795596260.37760007,0,19993128.883200001,1,1,11,1
1,2,12,ok,302400,861665648.94720006,66886041.599999994,775073759.38559997,0,19705847.961600002,1,2,3,2
1,2,13,ok,290304,895548326.39999998,69561483.263999999,805661925.12,0,20324918.016000003,1,1,13,1
1,2,14,ok,258048,857324104.08960009,66588770.30399999,771218578.63680005,0,19516755.148800001,1,2,7,1
1,2,15,ok,241920,862192726.27199996,66886041.599999994,775666385.27999997,0,19640299.392000001,1,1,15,1
1,2,16,ok,225792,858104920.47360003,66588770.303999998,771921707.82720006,0,19594442.342399999,1,2,8,1
1,4,1,ok,7225344,1713091489.3824003,133177540.608,1541566675.3536003,0,38347273.4208,1,1,1,1
1,4,2,ok,3612672,1713166769.3568003,133177540.608,1541603111.7312002,0,38386117.0176,1,1,1,2
1,4,3,ok,2419200,1721199653.6831999,133772083.19999999,1549559907.5328002,0,37867662.95040001,1,1,1,3
1,4,4,ok,1806336,1713180175.5648003,133177540.608,1541780524.2368002,0,38222110.719999999,1,1,4,1
1,4,5,ok,1451520,1721340006.9120002,133772083.19999999,1548772869.8880002,0,38795053.824000001,1,1,1,5
1,4,6,ok,1209600,1721560548.5568001,133772083.19999999,1549804271.6159999,0,37984193.740800008,1,1,2,3
1,4,7,ok,1032192,1712591488.2048004,133177540.60799998,1541558693.0688002,0,37855254.528000005,1,1,1,7
1,4,8,ok,903168,1712846841.4464002,133177540.608,1541775202.7136002,0,37894098.124800004,1,1,1,8
1,4,9,ok,806400,1720841003.8271999,133772083.19999999,1548968196.0959997,0,38100724.531199999,1,1,1,9
1,4,10,ok,725760,1721557085.184,133772083.19999999,1548917116.4160001,0,38867885.568000004,1,1,2,5
1,4,11,ok,677376,1766704125.5424001,137339338.75199997,1590179678.2079999,0,39185108.582400009,1,1,1,11
1,4,12,ok,604800,1722012228.4032001,133772083.19999999,1550022889.8815999,0,38217255.321600005,1,1,3,4
1,4,13,ok,580608,1789620929.7407994,139122966.528,1610731819.0079997,0,39766144.204800002,1,1,1,13
1,4,14,ok,516096,1713118448.0256,133177540.60799998,1541813747.7119999,0,38127159.705600001,1,1,2,7
1,4,15,ok,483840,1721427738.6239996,133772083.19999999,1549321869.3119998,0,38333786.112000003,1,1,1,15
1,4,16,ok,451584,1713809227.776,133177540.608,1542426840.2688,0,38204846.899200007,1,1,2,8
1,8,1,ok,14450688,3426107698.7904005,266355081.21599999,3083096914.3296003,0,76655703.244800001,1,1,1,1
1,8,2,ok,7225344,3426182978.7648005,266355081.21599999,3083133350.7072005,0,76694546.841600001,1,1,1,2
1,8,3,ok,4838400,3442173467.4432006,267544166.39999998,3099010505.9328003,0,75618795.110400021,1,1,1,3
1,8,4,ok,3612672,3426059231.2320004,266355081.21599999,3083415302.9632001,0,76288847.0528,1,1,4,1
1,8,5,ok,2903040,3442303613.9520006,267544166.39999998,3097363557.8880005,0,77395889.664000005,1,1,1,5
1,8,6,ok,2419200,3442399307.3663998,267544166.39999998,3099119815.0656004,0,75735325.90080002,1,2,1,3
1,8,7,ok,2064384,3424656016.5888,266355081.21599996,3082862331.4944,0,75438603.878400013,1,1,1,7
1,8,8,ok,1806336,3425091443.0976005,266355081.21599999,3083258914.4064002,0,75477447.475199997,1,1,1,8
1,8,9,ok,1612800,3441004487.8848,267544166.39999998,3097608464.7936001,0,75851856.691200003,1,1,1,9
1,8,10,ok,1451520,3442361370.6239996,267544166.39999998,3097469869.0560002,0,77347335.168000013,1,1,2,5
1,8,11,ok,1354752,3532580171.3664002,274678677.50399995,3179958556.2623997,0,77942937.600000009,1,1,1,11
1,8,12,ok,1209600,3443121097.1136003,267544166.39999998,3099608543.2319999,0,75968387.481600016,1,2,2,3
1,8,13,ok,1161216,3578263219.8144002,278245933.05599999,3220989965.1072001,0,79027321.651199996,1,1,1,13
1,8,14,ok,1032192,3425182976.4096007,266355081.21599996,3083117386.1376004,0,75710509.056000009,1,2,1,7
1,8,15,ok,967680,3441726277.631999,267544166.39999998,3098097192.9599996,0,76084918.272,1,1,1,15
1,8,16,ok,903168,3425693682.8928003,266355081.21599999,3083550405.4272003,0,75788196.249600008,1,2,1,8
1,16,1,ok,28901376,6852140117.6064014,532710162.43199998,6166157392.281601,0,153272562.8928,1,1,1,1
1,16,2,ok,14450688,6852215397.580801,532710162.43199998,6166193828.6592007,0,153311406.4896,1,1,1,2
1,16,3,ok,9676800,6884121094.9631996,535088332.79999995,6197911702.7327995,0,151121059.43040001,1,1,1,3
1,16,4,ok,7225344,6851817342.5664005,532710162.43199998,6166684860.4160004,0,152422319.7184,1,1,4,1
1,16,5,ok,5806080,6884230828.0319996,535088332.79999995,6194544933.8880005,0,154597561.34400004,1,1,1,5
1,16,6,ok,4838400,6884346934.8864012,535088332.79999995,6198021011.8656006,0,151237590.22080004,1,2,1,3
1,16,7,ok,4128768,6848785073.3568001,532710162.43199992,6165469608.3456001,0,150605302.57920003,1,1,1,7
1,16,8,ok,3612672,6849580646.4000006,532710162.43199998,6166226337.7920008,0,150644146.176,1,1,1,8
1,16,9,ok,3225600,6881331456,535088332.79999995,6194889002.1887999,0,151354121.01120001,1,1,1,9
1,16,10,ok,2903040,6883969941.5040007,535088332.79999995,6194575374.3360004,0,154306234.368,1,1,2,5
1,16,11,ok,2709504,7064332263.0144005,549357355.0079999,6359516312.3712006,0,155458595.63520002,1,1,1,11
1,16,12,ok,2419200,6884798614.7327995,535088332.79999995,6198239630.1312008,0,151470651.80160004,1,4,1,3
1,16,13,ok,2322432,7155547799.9615993,556491866.11199999,6441506257.3055992,0,157549676.544,1,1,1,13
1,16,14,ok,2064384,6849312033.1775999,532710162.43199992,6165724662.9888,0,150877207.75680003,1,2,1,7
1,16,15,ok,1935360,6882323355.6479998,535088332.79999995,6195647840.2559996,0,151587182.59200001,1,1,1,15
1,16,16,ok,1806336,6850182886.1952009,532710162.43199998,6166517828.8128004,0,150954894.95039999,1,2,1,8
1,32,1,ok,57802752,13704204955.238403,1065420324.864,12332278348.185602,0,306506282.18880004,1,1,1,1
1,32,2,ok,28901376,13704280235.212803,1065420324.864,12332314784.563202,0,306545125.78560001,1,1,1,2
1,32,3,ok,19353600,13768016350.003201,1070176665.5999999,12395714096.332802,0,302125588.0704,1,1,1,3
1,32,4,ok,14450688,13703333565.235201,1065420324.864,12333223975.3216,0,304689265.04960001,1,1,4,1
1,32,5,ok,11612160,13768085256.192001,1070176665.5999999,12388907685.888002,0,309000904.704,1,1,1,5
1,32,6,ok,9676800,13768242189.926399,1070176665.5999999,12395823405.465599,0,302242118.86080003,1,2,1,3
1,32,7,ok,8257536,13697043186.892801,1065420324.8639998,12330684162.048002,0,300938699.98080003,1,1,1,7
1,32,8,ok,7225344,13698559053.004803,1065420324.864,12332161184.563202,0,300977543.5776,1,1,1,8
1,32,9,ok,6451200,13761985392.2304,1070176665.5999999,12389450076.979198,0,302358649.6512,1,1,1,9
1,32,10,ok,5806080,13767187083.263998,1070176665.5999999,12388786384.896,0,308224032.76800001,1,1,2,5
1,32,11,ok,5419008,14127836446.3104,1098714710.0159998,12718631824.588799,0,310489911.70560002,1,1,1,11
1,32,12,ok,4838400,13768693869.772802,1070176665.5999999,12396042023.731201,0,302475180.44160008,1,4,1,3
1,32,13,ok,4644864,14310116960.255999,1112983732.224,12882538841.702398,0,314594386.32960004,1,1,1,13
1,32,14,ok,4128768,13697570146.7136,1065420324.8639998,12330939216.6912,0,301210605.15840006,1,2,1,7
1,32,15,ok,3870720,13763517511.68,1070176665.5999999,12390749134.848,0,302591711.23200005,1,1,1,15
1,32,16,ok,3612672,13699161292.800001,1065420324.864,12332452675.584002,0,301288292.352,1,2,1,8
1,64,1,ok,115605504,27408334630.502403,2130840649.7279999,24664520259.993603,0,612973720.7808001,1,1,1,1
1,64,2,ok,57802752,27408409910.476807,2130840649.7279999,24664556696.371204,0,613012564.37760007,1,1,1,2
1,64,3,ok,38707200,27535806860.083199,2140353331.1999998,24791318883.532799,0,604134645.35039997,1,1,1,3
1,64,4,ok,28901376,27406366010.572803,2130840649.7279999,24666302205.132801,0,609223155.71200001,1,1,4,1
1,64,5,ok,23224320,27535794112.512001,2140353331.1999998,24777633189.888004,0,617807591.42400002,1,1,1,5
1,64,6,ok,19353600,27536032700.006401,2140353331.1999998,24791428192.665604,0,604251176.1408,1,2,1,3
1,64,7,ok,16515072,27393559413.964802,2130840649.7279997,24661113269.452801,0,601605494.78400004,1,1,1,7
1,64,8,ok,14450688,27396515866.214401,2130840649.7279999,24664030878.105602,0,601644338.38080001,1,1,1,8
1,64,9,ok,12902400,27523293264.6912,2140353331.1999998,24778572226.559998,0,604367706.93120003,1,1,1,9
1,64,10,ok,11612160,27533621366.784,2140353331.1999998,24777208406.016003,0,616059629.56800008,1,1,2,5
1,64,11,ok,10838016,28254844812.902401,2197429420.0319996,25436862849.024002,0,620552543.84640002,1,1,1,11
1,64,12,ok,9676800,27536484379.852798,2140353331.1999998,24791646810.931198,0,604484237.72160006,1,4,1,3
1,64,13,ok,9031680,27845638687.027203,2164135034.8800001,25052279817.6768,0,629223834.47039998,1,13,1,1
1,64,14,ok,8257536,27394086373.785603,2130840649.7279997,24661368324.096004,0,601877399.96160007,1,2,1,7
1,64,15,ok,7741440,27525905823.743996,2140353331.1999998,24780951724.031998,0,604600768.51200008,1,1,1,15
1,64,16,ok,7225344,27397118106.009605,2130840649.7279999,24664322369.126404,0,601955087.1552,1,2,1,8
2,1,1,ok,50176,280343.34720000002,280343.34720000002,0,0,0,1,1,1,1
2,1,2,ok,25088,280343.34720000002,280343.34720000002,0,0,0,1,1,1,2
2,1,3,ok,17024,285349.47840000002,285349.47840000002,0,0,0,1,1,1,3
2,1,4,ok,12544,280343.34720000002,280343.34720000002,0,0,0,2,1,1,2
2,1,5,ok,10192,284723.712,284723.712,0,0,0,5,1,1,1
2,1,6,ok,8512,285349.47840000002,285349.47840000002,0,0,0,2,1,1,3
2,1,7,ok,7168,280343.34719999996,280343.34719999996,0,0,0,1,1,1,7
2,1,8,ok,6272,280343.34720000002,280343.34720000002,0,0,0,2,1,2,2
2,1,9,ok,5776,290445.0048,290445.0048,0,0,0,1,1,3,3
2,1,10,ok,5096,284723.712,284723.712,0,0,0,5,1,1,2
2,1,11,ok,4704,289104.07679999998,289104.07679999998,0,0,0,11,1,1,1
2,1,12,ok,4256,285349.47840000002,285349.47840000002,0,0,0,4,1,1,3
2,1,13,ok,3920,284723.712,284723.712,0,0,0,13,1,1,1
2,1,14,ok,3584,280343.34719999996,280343.34719999996,0,0,0,2,1,1,7
2,1,15,ok,3458,289808.06400000001,289808.06400000001,0,0,0,5,1,1,3
2,1,16,ok,3136,280343.34720000002,280343.34720000002,0,0,0,4,1,2,2
2,2,1,ok,100352,560686.69440000004,560686.69440000004,0,0,0,1,1,1,1
2,2,2,ok,50176,560686.69440000004,560686.69440000004,0,0,0,1,1,1,2
2,2,3,ok,34048,570698.95680000004,570698.95680000004,0,0,0,1,1,1,3
2,2,4,ok,25088,560686.69440000004,560686.69440000004,0,0,0,1,2,1,2
2,2,5,ok,20384,569447.424,569447.424,0,0,0,5,1,1,1
2,2,6,ok,17024,570698.95680000004,570698.95680000004,0,0,0,1,2,1,3
2,2,7,ok,14336,560686.69439999992,560686.69439999992,0,0,0,1,1,1,7
2,2,8,ok,12544,560686.69440000004,560686.69440000004,0,0,0,1,2,2,2
2,2,9,ok,11552,580890.00959999999,580890.00959999999,0,0,0,1,1,3,3
2,2,10,ok,10192,569447.424,569447.424,0,0,0,5,1,1,2
2,2,11,ok,9408,578208.15359999996,578208.15359999996,0,0,0,11,1,1,1
2,2,12,ok,8512,570698.95680000004,570698.95680000004,0,0,0,2,2,1,3
2,2,13,ok,7840,569447.424,569447.424,0,0,0,13,1,1,1
2,2,14,ok,7168,560686.69439999992,560686.69439999992,0,0,0,1,2,1,7
2,2,15,ok,6916,579616.12800000003,579616.12800000003,0,0,0,5,1,1,3
2,2,16,ok,6272,560686.69440000004,560686.69440000004,0,0,0,2,2,2,2
2,4,1,ok,200704,1121373.3888000001,1121373.3888000001,0,0,0,1,1,1,1
2,4,2,ok,100352,1121373.3888000001,1121373.3888000001,0,0,0,1,1,1,2
2,4,3,ok,68096,1141397.9136000001,1141397.9136000001,0,0,0,1,1,1,3
2,4,4,ok,50176,1121373.3888000001,1121373.3888000001,0,0,0,1,2,1,2
2,4,5,ok,40768,1138894.848,1138894.848,0,0,0,5,1,1,1
2,4,6,ok,34048,1141397.9136000001,1141397.9136000001,0,0,0,1,2,1,3
2,4,7,ok,28672,1121373.3887999998,1121373.3887999998,0,0,0,1,1,1,7
2,4,8,ok,25088,1121373.3888000001,1121373.3888000001,0,0,0,1,2,2,2
2,4,9,ok,23104,1161780.0192,1161780.0192,0,0,0,1,1,3,3
2,4,10,ok,20384,1138894.848,1138894.848,0,0,0,5,1,1,2
2,4,11,ok,18816,1156416.3071999999,1156416.3071999999,0,0,0,11,1,1,1
2,4,12,ok,17024,1141397.9136000001,1141397.9136000001,0,0,0,2,2,1,3
2,4,13,ok,15680,1138894.848,1138894.848,0,0,0,13,1,1,1
2,4,14,ok,14336,1121373.3887999998,1121373.3887999998,0,0,0,1,2,1,7
2,4,15,ok,13832,1159232.2560000001,1159232.2560000001,0,0,0,5,1,1,3
2,4,16,ok,12544,1121373.3888000001,1121373.3888000001,0,0,0,2,2,2,2
2,8,1,ok,401408,2242746.7776000001,2242746.7776000001,0,0,0,1,1,1,1
2,8,2,ok,200704,2242746.7776000001,2242746.7776000001,0,0,0,1,1,1,2
2,8,3,ok,136192,2282795.8272000002,2282795.8272000002,0,0,0,1,1,1,3
2,8,4,ok,100352,2242746.7776000001,2242746.7776000001,0,0,0,1,2,1,2
2,8,5,ok,81536,2277789.696,2277789.696,0,0,0,5,1,1,1
2,8,6,ok,68096,2282795.8272000002,2282795.8272000002,0,0,0,1,2,1,3
2,8,7,ok,57344,2242746.7775999997,2242746.7775999997,0,0,0,1,1,1,7
2,8,8,ok,50176,2242746.7776000001,2242746.7776000001,0,0,0,1,2,2,2
2,8,9,ok,46208,2323560.0384,2323560.0384,0,0,0,1,1,3,3
2,8,10,ok,40768,2277789.696,2277789.696,0,0,0,5,1,1,2
2,8,11,ok,37632,2312832.6143999998,2312832.6143999998,0,0,0,11,1,1,1
2,8,12,ok,34048,2282795.8272000002,2282795.8272000002,0,0,0,2,2,1,3
2,8,13,ok,31360,2277789.696,2277789.696,0,0,0,13,1,1,1
2,8,14,ok,28672,2242746.7775999997,2242746.7775999997,0,0,0,1,2,1,7
2,8,15,ok,27664,2318464.5120000001,2318464.5120000001,0,0,0,5,1,1,3
2,8,16,ok,25088,2242746.7776000001,2242746.7776000001,0,0,0,2,2,2,2
2,16,1,ok,802816,4485493.5552000003,4485493.5552000003,0,0,0,1,1,1,1
2,16,2,ok,401408,4485493.5552000003,4485493.5552000003,0,0,0,1,1,1,2
2,16,3,ok,272384,4565591.6544000003,4565591.6544000003,0,0,0,1,1,1,3
2,16,4,ok,200704,4485493.5552000003,4485493.5552000003,0,0,0,1,2,1,2
2,16,5,ok,163072,4555579.392,4555579.392,0,0,0,5,1,1,1
2,16,6,ok,136192,4565591.6544000003,4565591.6544000003,0,0,0,1,2,1,3
2,16,7,ok,114688,4485493.5551999994,4485493.5551999994,0,0,0,1,1,1,7
2,16,8,ok,100352,4485493.5552000003,4485493.5552000003,0,0,0,1,2,2,2
2,16,9,ok,92416,4647120.0767999999,4647120.0767999999,0,0,0,1,1,3,3
2,16,10,ok,81536,4555579.392,4555579.392,0,0,0,5,1,1,2
2,16,11,ok,75264,4625665.2287999997,4625665.2287999997,0,0,0,11,1,1,1
2,16,12,ok,68096,4565591.6544000003,4565591.6544000003,0,0,0,2,2,1,3
2,16,13,ok,62720,4555579.392,4555579.392,0,0,0,13,1,1,1
2,16,14,ok,57344,4485493.5551999994,4485493.5551999994,0,0,0,1,2,1,7
2,16,15,ok,55328,4636929.0240000002,4636929.0240000002,0,0,0,5,1,1,3
2,16,16,ok,50176,4485493.5552000003,4485493.5552000003,0,0,0,2,2,2,2
2,32,1,ok,1605632,8970987.1104000006,8970987.1104000006,0,0,0,1,1,1,1
2,32,2,ok,802816,8970987.1104000006,8970987.1104000006,0,0,0,1,1,1,2
2,32,3,ok,544768,9131183.3088000007,9131183.3088000007,0,0,0,1,1,1,3
2,32,4,ok,401408,8970987.1104000006,8970987.1104000006,0,0,0,1,2,1,2
2,32,5,ok,326144,9111158.784,9111158.784,0,0,0,5,1,1,1
2,32,6,ok,272384,9131183.3088000007,9131183.3088000007,0,0,0,1,2,1,3
2,32,7,ok,229376,8970987.1103999987,8970987.1103999987,0,0,0,1,1,1,7
2,32,8,ok,200704,8970987.1104000006,8970987.1104000006,0,0,0,1,2,2,2
2,32,9,ok,184832,9294240.1535999998,9294240.1535999998,0,0,0,1,1,3,3
2,32,10,ok,163072,9111158.784,9111158.784,0,0,0,5,1,1,2
2,32,11,ok,150528,9251330.4575999994,9251330.4575999994,0,0,0,1,11,1,1
2,32,12,ok,136192,9131183.3088000007,9131183.3088000007,0,0,0,2,2,1,3
2,32,13,ok,125440,9111158.784,9111158.784,0,0,0,13,1,1,1
2,32,14,ok,114688,8970987.1103999987,8970987.1103999987,0,0,0,1,2,1,7
2,32,15,ok,110656,9273858.0480000004,9273858.0480000004,0,0,0,5,1,1,3
2,32,16,ok,100352,8970987.1104000006,8970987.1104000006,0,0,0,2,2,2,2
2,64,1,ok,3211264,17941974.220800001,17941974.220800001,0,0,0,1,1,1,1
2,64,2,ok,1605632,17941974.220800001,17941974.220800001,0,0,0,1,1,1,2
2,64,3,ok,1089536,18262366.617600001,18262366.617600001,0,0,0,1,1,1,3
2,64,4,ok,802816,17941974.220800001,17941974.220800001,0,0,0,1,2,1,2
2,64,5,ok,652288,18222317.568,18222317.568,0,0,0,1,5,1,1
2,64,6,ok,544768,18262366.617600001,18262366.617600001,0,0,0,1,2,1,3
2,64,7,ok,458752,17941974.220799997,17941974.220799997,0,0,0,1,1,1,7
2,64,8,ok,401408,17941974.220800001,17941974.220800001,0,0,0,1,2,2,2
2,64,9,ok,369664,18588480.3072,18588480.3072,0,0,0,1,1,3,3
2,64,10,ok,326144,18222317.568,18222317.568,0,0,0,1,5,1,2
2,64,11,ok,301056,18502660.915199999,18502660.915199999,0,0,0,1,11,1,1
2,64,12,ok,272384,18262366.617600001,18262366.617600001,0,0,0,2,2,1,3
2,64,13,ok,250880,18222317.568,18222317.568,0,0,0,1,13,1,1
2,64,14,ok,229376,17941974.220799997,17941974.220799997,0,0,0,1,2,1,7
2,64,15,ok,221312,18547716.096000001,18547716.096000001,0,0,0,1,5,1,3
2,64,16,ok,200704,17941974.220800001,17941974.220800001,0,0,0,2,2,2,2
3,1,1,ok,903168,213175339.00800002,16647192.575999999,192553150.25920001,0,3974996.1728000003,1,1,1,1
3,1,2,ok,451584,213415935.59040001,16647192.575999999,192716059.648,0,4052683.3664000002,1,1,2,1
3,1,3,ok,306432,217439644.72320002,16944463.872000001,196295215.48800001,0,4199965.3632000005,1,1,3,1
3,1,4,ok,225792,213897128.75520003,16647192.575999999,193041878.42560002,0,4208057.7536000004,1,1,4,1
3,1,5,ok,185472,219632320.89600003,17093099.52,198149084.22400004,0,4390137.1520000007,1,1,5,1
3,1,6,ok,153216,218027116.10880005,16944463.872000001,196649625.29280001,0,4433026.9440000001,1,1,1,6
3,1,7,ok,129024,214168735.3344,16647192.575999998,193080423.42399999,0,4441119.3344000001,1,1,7,1
3,1,8,ok,112896,214405316.81280002,16647192.575999999,193239317.70880002,0,4518806.5280000009,1,1,1,8
3,1,9,ok,103968,222430571.59679997,17247043.583999999,200447425.61279997,0,4736102.3999999994,1,1,3,3
3,1,10,ok,92736,220425404.54400003,17093099.52,198507200.51200002,0,4825104.512000001,1,1,2,5
3,1,11,ok,88704,231963845.83680001,17984913.407999996,208962846.8224,0,5016085.6063999999,1,1,1,11
3,1,12,ok,76608,218885551.7184,16944463.872000001,197088064.51199999,0,4853023.3344000001,1,1,3,4
3,1,13,ok,72576,224439839.7696,17390370.816,201968239.44960001,0,5081229.5040000007,1,1,13,1
3,1,14,ok,64512,215191112.90880001,16647192.575999998,193604308.1728,0,4939612.1600000011,1,1,2,7
3,1,15,ok,62928,224969271.55199999,17398333.439999998,202379832.384,0,5191105.7280000001,1,1,3,5
3,1,16,ok,56448,215562996.94080001,16647192.575999999,193820817.81760001,0,5094986.5471999999,1,1,4,4
3,2,1,ok,1806336,426200118.06720006,33294385.151999999,385033427.76320004,0,7872305.1520000007,1,1,1,1
3,2,2,ok,903168,426350678.01600003,33294385.151999999,385106300.51840001,0,7949992.3456000006,1,2,1,1
3,2,3,ok,612864,434427609.60000002,33888927.744000003,392371812.71039999,0,8166869.1456000004,1,1,3,1
3,2,4,ok,451584,426831871.18080002,33294385.151999999,385432119.296,0,8105366.7328000003,1,2,2,1
3,2,5,ok,370944,438511842.0480001,34186199.039999999,395933804.67200011,0,8391838.3360000011,1,1,5,1
3,2,6,ok,306432,434879289.44640005,33888927.744000003,392590430.97600001,0,8399930.726400001,1,2,3,1
3,2,7,ok,258048,427283551.02719998,33294385.151999995,385650737.56159997,0,8338428.3136,1,1,7,1
3,2,8,ok,225792,427606154.03520006,33294385.151999999,385895653.37600005,0,8416115.5072000008,1,1,1,8
3,2,9,ok,207936,443997994.75199991,34494087.167999998,400730887.52639997,0,8773020.0576000009,1,1,3,3
3,2,10,ok,185472,439264641.79200006,34186199.039999999,396298168.44800007,0,8780274.3040000014,1,2,5,1
3,2,11,ok,177408,462463740.28800005,35969826.815999992,417218383.15520006,0,9275530.3168000001,1,1,1,11
3,2,12,ok,153216,436054232.21760011,33888927.744000003,393299250.58560002,0,8866053.8880000003,1,2,1,6
3,2,13,ok,145152,446922400.20479995,34780741.631999999,402989133.08159995,0,9152525.4912,1,1,13,1
3,2,14,ok,129024,428337470.6688,33294385.151999995,386160846.84799999,0,8882238.6688000001,1,2,7,1
3,2,15,ok,125856,448499962.36799991,34796666.879999995,404486391.93599987,0,9216903.5520000011,1,1,3,5
3,2,16,ok,112896,428810633.62560004,33294385.151999999,386478635.41760004,0,9037613.0560000017,1,2,1,8
3,4,1,ok,3612672,852217486.54080009,66588770.303999998,769780523.00800002,0,15848193.228800001,1,1,1,1
3,4,2,ok,1806336,852320929.38240016,66588770.303999998,770047972.14720011,0,15684186.931200001,1,1,2,1
3,4,3,ok,1225728,867859070.97599995,67777855.488000005,783983775.74399996,0,16097439.743999999,1,1,3,1
3,4,4,ok,903168,852463435.77600014,66588770.303999998,770155950.89920008,0,15718714.572800001,1,1,1,4
3,4,5,ok,741888,875576408.06400013,68372398.079999998,790994894.84800005,0,16209115.136000002,1,1,1,5
3,4,6,ok,612864,868072830.56640005,67777855.488000005,784145743.87199998,0,16149231.206400001,1,1,1,6
3,4,7,ok,516096,852645005.72160006,66588770.30399999,770104459.26400006,0,15951776.153600004,1,1,1,7
3,4,8,ok,451584,852879664.74240017,66588770.303999998,770261431.09120011,0,16029463.347200001,1,1,1,8
3,4,9,ok,415872,884165027.32799983,68988174.335999995,798329997.61919987,0,16846855.3728,1,1,3,3
3,4,10,ok,370944,876779390.97600031,68372398.079999998,791809441.79200029,0,16597551.104000002,1,1,2,5
3,4,11,ok,354816,921864372.63360012,71939653.631999984,832424053.96480012,0,17500665.036800001,1,1,1,11
3,4,12,ok,306432,869516410.06080008,67777855.488000005,785123200.20480013,0,16615354.368000001,1,1,3,4
3,4,13,ok,290304,891638979.37919998,69561483.263999999,804971741.18400002,0,17105754.931199998,1,1,1,13
3,4,14,ok,258048,854329181.79840004,66588770.30399999,771244824.98559999,0,16495586.508800002,1,1,2,7
3,4,15,ok,251712,893065612.03199995,69593333.75999999,806203779.07199991,0,17268499.199999999,1,1,3,5
3,4,16,ok,225792,854804437.40160012,66588770.303999998,771564706.20160007,0,16650960.896000002,1,1,2,8
3,8,1,ok,7225344,1704284413.1328001,133177540.608,1539488173.2608001,0,31618699.264000002,1,1,1,1
3,8,2,ok,3612672,1704340738.8672001,133177540.608,1539950198.7840002,0,31212999.475200001,1,1,2,1
3,8,3,ok,2451456,1735266462.1055999,135555710.97600001,1567748933.2224002,0,31961817.907200001,1,1,3,1
3,8,4,ok,1806336,1704324631.7568002,133177540.608,1540020410.7776,0,31126680.371200003,1,1,1,4
3,8,5,ok,1483776,1750400016.3840005,136744796.16,1581625425.9200003,0,32029794.304000005,1,1,1,5
3,8,6,ok,1225728,1735242301.4400001,135555710.97600001,1567854251.2128,0,31832339.251199998,1,1,1,6
3,8,7,ok,1032192,1704236091.8016,133177540.60799998,1539698809.2415998,0,31359741.952,1,1,1,7
3,8,8,ok,903168,1704554849.8944004,133177540.608,1539939880.1408002,0,31437429.145600002,1,1,1,8
3,8,9,ok,831744,1766975015.1167996,137976348.67199999,1596004140.4415998,0,32994526.003199998,1,1,3,3
3,8,10,ok,741888,1751152816.1280003,136744796.16,1581989789.6960001,0,32418230.272000004,1,2,1,5
3,8,11,ok,709632,1842072585.8304002,143879307.26399997,1664046507.6224,0,34146770.943999998,1,1,1,11
3,8,12,ok,612864,1736145661.1328001,135555710.97600001,1568291487.744,0,32298462.412800003,1,2,1,6
3,8,13,ok,580608,1781320679.4239995,139122966.528,1608996136.5503998,0,33201576.345600002,1,1,1,13
3,8,14,ok,516096,1705290011.4432001,133177540.60799998,1540208918.5280001,0,31903552.307200007,1,2,1,7
3,8,15,ok,503424,1783872824.8319998,139186667.51999998,1611314466.8159997,0,33371690.496000003,1,1,3,5
3,8,16,ok,451584,1705759329.4848003,133177540.608,1540522862.1824002,0,32058926.694400001,1,2,1,8
3,16,1,ok,14450688,3408418266.3168006,266355081.21599999,3078903473.7664003,0,63159711.334400006,1,1,1,1
3,16,2,ok,7225344,3408380357.8368006,266355081.21599999,3079754652.0576005,0,62270624.563200004,1,1,2,1
3,16,3,ok,4902912,3470081244.3648005,271111421.95200002,3135279248.1792002,0,63690574.233600006,1,1,3,1
3,16,4,ok,3612672,3408047023.7184,266355081.21599999,3079749330.5344,0,61942611.968000002,1,1,1,4
3,16,5,ok,2967552,3500047233.0240006,273489592.31999999,3162886488.0640006,0,63671152.640000001,1,1,1,5
3,16,6,ok,2451456,3469581243.1872005,271111421.95200002,3135271265.8944001,0,63198555.340800002,1,1,1,6
3,16,7,ok,2064384,3407418263.9616003,266355081.21599996,3078887509.1968002,0,62175673.548800007,1,1,1,7
3,16,8,ok,1806336,3407905220.1984005,266355081.21599999,3079296778.2400002,0,62253360.742400005,1,1,1,8
3,16,9,ok,1663488,3532594990.6943994,275952697.34399998,3191352426.0864,0,65289867.264000006,1,1,3,3
3,16,10,ok,1483776,3500800032.7680011,273489592.31999999,3163250851.8400006,0,64059588.60800001,1,2,1,5
3,16,11,ok,1419264,3682489012.224,287758614.52799994,3327291414.9376001,0,67438982.758400008,1,1,1,11
3,16,12,ok,1225728,3470484602.8800001,271111421.95200002,3135708502.4256001,0,63664678.502399996,1,2,1,6
3,16,13,ok,1161216,3560684079.5135999,278245933.05599999,3217044927.2831998,0,65393219.174400002,1,1,1,13
3,16,14,ok,1032192,3408472183.6032,266355081.21599996,3079397618.4831996,0,62719483.903999999,1,2,1,7
3,16,15,ok,1006848,3565487250.4319992,278373335.03999996,3221535842.3039994,0,65578073.088000007,1,1,3,5
3,16,16,ok,903168,3409109699.7888007,266355081.21599999,3079879760.2816005,0,62874858.291200005,1,2,1,8
3,32,1,ok,28901376,6816685972.6848001,532710162.43199998,6157734074.7776003,0,126241735.47520001,1,1,1,1
3,32,2,ok,14450688,6816459595.776,532710162.43199998,6159363558.6048002,0,124385874.73920001,1,1,2,1
3,32,3,ok,9805824,6939710808.8832006,542222843.90400004,6270339878.0928001,0,127148086.88640001,1,1,3,1
3,32,4,ok,7225344,6815491807.6416006,532710162.43199998,6159207170.0480003,0,123574475.16160001,1,1,1,4
3,32,5,ok,5935104,6999341666.3040018,546979184.63999999,6325408612.3520012,0,126953869.31200001,1,1,1,5
3,32,6,ok,4902912,6938259126.6816006,542222843.90400004,6270105295.2576008,0,125930987.52000001,1,1,1,6
3,32,7,ok,4128768,6813782608.2816,532710162.43199992,6157264909.1071997,0,123807536.74240002,1,1,1,7
3,32,8,ok,3612672,6814605960.8064003,532710162.43199998,6158010574.4384003,0,123885223.936,1,1,1,8
3,32,9,ok,3326976,7063834941.8495998,551905394.68799996,6382048997.3759995,0,129880549.78560001,1,1,3,3
3,32,10,ok,2967552,7000094466.0480013,546979184.63999999,6325772976.1280012,0,127342305.28,1,2,1,5
3,32,11,ok,2709504,7031473868.3903999,549357355.0079999,6352650757.9391994,0,129465755.44320001,1,11,1,1
3,32,12,ok,2451456,6939162486.3744011,542222843.90400004,6270542531.7888002,0,126397110.6816,1,2,1,6
3,32,13,ok,2322432,7119410879.6927996,556491866.11199999,6433142508.7487993,0,129776504.83199999,1,1,1,13
3,32,14,ok,2064384,6814836527.9232006,532710162.43199992,6157775018.3936005,0,124351347.09760001,1,2,1,7
3,32,15,ok,2013696,7128716101.632,556746670.07999992,6441978593.2799997,0,129990838.272,1,1,3,5
3,32,16,ok,1806336,6815810440.396801,532710162.43199998,6158593556.4800005,0,124506721.48480001,1,2,1,8
3,64,1,ok,57802752,13633221385.420801,1065420324.864,12315395276.800001,0,252405783.75680003,1,1,1,1
3,64,2,ok,28901376,13632618071.654402,1065420324.864,12318581371.699202,0,248616375.09120002,1,1,2,1
3,64,3,ok,19611648,13878969937.920002,1084445687.8080001,12540461137.920002,0,254063112.19200003,1,1,3,1
3,64,4,ok,14450688,13630381375.488001,1065420324.864,12318122849.075201,0,246838201.54880002,1,1,1,4
3,64,5,ok,11741184,13847363438.591999,1082067517.4399998,12511582401.535999,0,253713519.61600003,1,5,1,1
3,64,6,ok,9805824,13875614893.670403,1084445687.8080001,12539773353.984001,0,251395851.87840003,1,1,1,6
3,64,7,ok,8257536,13626511296.9216,1065420324.8639998,12314019708.927999,0,247071263.12960005,1,1,1,7
3,64,8,ok,7225344,13628007442.022402,1065420324.864,12315438166.835201,0,247148950.32320002,1,1,1,8
3,64,9,ok,6653952,14126314844.159998,1103810789.3759999,12763442139.955198,0,259061914.82880002,1,1,3,3
3,64,10,ok,5870592,13853968619.519999,1082067517.4399998,12517799146.496,0,254101955.58400002,1,5,2,1
3,64,11,ok,5419008,14061291577.344002,1098714710.0159998,12704499915.571201,0,258076951.75680003,1,11,1,1
3,64,12,ok,4902912,13876518253.363201,1084445687.8080001,12540210590.515202,0,251861975.04000002,1,2,1,6
3,64,13,ok,4515840,13848567918.1824,1082067517.4400001,12512165383.5776,0,254335017.16480002,1,13,1,1
3,64,14,ok,4128768,13627565216.5632,1065420324.8639998,12314529818.214399,0,247615073.48480004,1,2,1,7
3,64,15,ok,3983616,14106476116.223999,1101390151.6799998,12746071910.784,0,259014053.75999999,1,5,3,1
3,64,16,ok,3612672,13629211921.612801,1065420324.864,12316021148.876801,0,247770447.87200001,1,2,1,8
4,1,1,ok,1806336,419344017.40799999,33294385.151999999,380984857.39519995,0,5064774.8607999999,1,1,1,1
4,1,2,ok,903168,419467849.72799999,33294385.151999999,380983527.01439995,0,5189937.5616000006,1,1,2,1
4,1,3,ok,612864,427240785.71520007,33888927.744000003,388013289.67680001,0,5338568.2944,1,1,3,1
4,1,4,ok,451584,419715514.36799991,33294385.151999999,380980866.25279993,0,5440262.963200001,1,1,4,1
4,1,5,ok,370944,431042892.28800005,34186199.039999999,391256065.53600007,0,5600627.7120000012,1,1,1,5
4,1,6,ok,306432,427612282.67519999,33888927.744000003,388009298.53439999,0,5714056.3968000002,1,1,1,6
4,1,7,ok,258048,420289142.7840001,33294385.151999995,381209218.25280005,0,5785539.3792000012,1,1,1,7
4,1,8,ok,225792,420210843.64799994,33294385.151999999,380975544.72959995,0,5940913.7664000001,1,1,1,8
4,1,9,ok,207936,435952793.77919996,34494087.167999998,395100884.04480004,0,6357822.5663999999,1,1,3,3
4,1,10,ok,185472,432001946.11200005,34186199.039999999,391438247.42400002,0,6377499.648000001,1,1,2,5
4,1,11,ok,177408,454783627.16159993,35969826.815999992,412029252.09599996,0,6784548.2496000007,1,1,1,11
4,1,12,ok,153216,428763147.264,33888927.744000003,388227916.80000001,0,6646302.7200000007,1,1,2,6
4,1,13,ok,145152,440362438.96319991,34780741.631999999,398654183.11679995,0,6927514.2143999999,1,1,1,13
4,1,14,ok,129024,421631818.13760006,33294385.151999995,381464272.89600003,0,6873160.0896000005,1,1,2,7
4,1,15,ok,125856,440809887.16799992,34796666.879999995,398772710.208,0,7240510.0800000001,1,1,3,5
4,1,16,ok,112896,421745329.76639998,33294385.151999999,381267035.75039995,0,7183908.8640000001,1,1,2,8
4,2,1,ok,3612672,838496224.05120003,66588770.303999998,761933278.41279995,0,9974175.3344000019,1,1,1,1
4,2,2,ok,1806336,838552077.92639983,66588770.303999998,761894181.27359986,0,10069126.3488,1,1,2,1
4,2,3,ok,1225728,853906139.13600004,67777855.488000005,775917270.22079992,0,10211013.427200001,1,1,3,1
4,2,4,ok,903168,838663785.67679989,66588770.303999998,761815986.99519992,0,10259028.377600001,1,1,4,1
4,2,5,ok,741888,861126730.75200009,68372398.079999998,782329949.18400002,0,10424383.488,1,1,1,5
4,2,6,ok,612864,854073700.76160002,67777855.488000005,775799978.80320001,0,10495866.4704,1,1,1,6
4,2,7,ok,516096,839235610.21439993,66588770.30399999,762163381.86240005,0,10483458.048,1,1,1,7
4,2,8,ok,451584,838887201.17759991,66588770.303999998,761659598.43839991,0,10638832.435200002,1,1,1,8
4,2,9,ok,415872,870179290.67519999,68988174.335999995,789873840.69120002,0,11317275.648000002,1,1,3,3
4,2,10,ok,370944,862085784.57600009,68372398.079999998,782512131.07200015,0,11201255.424000002,1,2,1,5
4,2,11,ok,354816,907457335.91039991,71939653.631999984,823657704.03839993,0,11859978.24,1,1,1,11
4,2,12,ok,306432,855224565.35039997,67777855.488000005,776018597.06879997,0,11428112.7936,1,2,1,6
4,2,13,ok,290304,878231337.98399985,69561483.263999999,796834693.3247999,0,11835161.395200001,1,1,1,13
4,2,14,ok,258048,840578285.5680002,66588770.30399999,762418436.50560009,0,11571078.758400002,1,2,1,7
4,2,15,ok,251712,878742612.86399996,69593333.75999999,796998874.75199997,0,12150404.352,1,1,3,5
4,2,16,ok,225792,840421687.29599988,66588770.303999998,761951089.45919991,0,11881827.5328,1,2,1,8
4,4,1,ok,7225344,1676800637.3375998,133177540.608,1523830120.4479997,0,19792976.281600002,1,1,1,1
4,4,2,ok,3612672,1676720534.3231997,133177540.608,1523715489.7919998,0,19827503.923200004,1,1,2,1
4,4,3,ok,2451456,1707236845.9775999,135555710.97600001,1551725231.3088,0,19955903.6928,1,1,3,1
4,4,4,ok,1806336,1676560328.2943997,133177540.608,1523486228.4799998,0,19896559.2064,1,1,4,1
4,4,5,ok,1483776,1721294407.6800001,136744796.16,1564477716.48,0,20071895.040000003,1,1,1,5
4,4,6,ok,1225728,1706996536.9344001,135555710.97600001,1551381339.3408,0,20059486.617600001,1,1,1,6
4,4,7,ok,1032192,1677128545.0751998,133177540.60799998,1524071709.0816,0,19879295.385600001,1,1,1,7
4,4,8,ok,903168,1676239916.2367997,133177540.608,1523027705.8559997,0,20034669.772800002,1,1,1,8
4,4,9,ok,831744,1738632284.4671998,137976348.67199999,1579419753.984,0,21236181.8112,1,1,3,3
4,4,10,ok,741888,1722253461.5040002,136744796.16,1564659898.368,0,20848766.976,1,2,1,5
4,4,11,ok,709632,1812804753.408,143879307.26399997,1646914607.9231999,0,22010838.220799997,1,1,1,11
4,4,12,ok,612864,1708147401.5232,135555710.97600001,1551599957.6064,0,20991732.9408,1,2,1,6
4,4,13,ok,580608,1753969136.0256,139122966.528,1593195713.7407999,0,21650455.7568,1,1,1,13
4,4,14,ok,516096,1678471220.4287999,133177540.60799998,1524326763.7248001,0,20966916.096000001,1,2,1,7
4,4,15,ok,503424,1754608064.256,139186667.51999998,1593451203.8400002,0,21970192.896000002,1,1,3,5
4,4,16,ok,451584,1677774402.3551998,133177540.608,1523319196.8767998,0,21277664.870400004,1,2,1,8
4,8,1,ok,14450688,3353409463.9103999,266355081.21599999,3047623804.5183997,0,39430578.175999999,1,1,1,1
4,8,2,ok,7225344,3353057447.1167998,266355081.21599999,3047358106.8287997,0,39344259.072000004,1,1,2,1
4,8,3,ok,4902912,3413898259.6608,271111421.95200002,3103341153.4847999,0,39445684.223999999,1,1,3,1
4,8,4,ok,3612672,3352353413.5295997,266355081.21599999,3046826711.4495997,0,39171620.864000008,1,1,4,1
4,8,5,ok,2967552,3441629761.5360003,273489592.31999999,3128773251.0720005,0,39366918.144000009,1,1,1,5
4,8,6,ok,2451456,3412842209.2799997,271111421.95200002,3102544060.4159999,0,39186726.912,1,1,1,6
4,8,7,ok,2064384,3352914414.7968001,266355081.21599996,3047888363.52,0,38670970.060800008,1,1,1,7
4,8,8,ok,1806336,3350945346.3551998,266355081.21599999,3045763920.6911998,0,38826344.447999999,1,1,1,8
4,8,9,ok,1663488,3475538272.0511994,275952697.34399998,3158511580.5695996,0,41073994.137599997,1,1,3,3
4,8,10,ok,1483776,3442588815.3600001,273489592.31999999,3128955432.96,0,40143790.080000006,1,2,1,5
4,8,11,ok,1419264,3623499588.4031997,287758614.52799994,3293428415.6927996,0,42312558.182400003,1,1,1,11
4,8,12,ok,1225728,3413993073.8688002,271111421.95200002,3102762678.6816001,0,40118973.235200003,1,2,1,6
4,8,13,ok,1161216,3505444732.1087999,278245933.05599999,3185917754.5727997,0,41281044.479999997,1,1,1,13
4,8,14,ok,1032192,3354257090.1503997,266355081.21599996,3048143418.1631999,0,39758590.771200001,1,2,1,7
4,8,15,ok,1006848,3506338967.04,278373335.03999996,3186355862.0160003,0,41609769.983999997,1,1,3,5
4,8,16,ok,903168,3352479832.4735994,266355081.21599999,3046055411.7119994,0,40069339.545600004,1,2,1,8
4,16,1,ok,28901376,6706627117.0559988,532710162.43199998,6095211172.6591988,0,78705781.9648,1,1,1,1
4,16,2,ok,14450688,6705731272.7039995,532710162.43199998,6094643340.9023991,0,78377769.369599998,1,1,2,1
4,16,3,ok,9805824,6827221087.0272007,542222843.90400004,6206572997.8367996,0,78425245.286400005,1,1,3,1
4,16,4,ok,7225344,6703939583.999999,532710162.43199998,6093507677.3887987,0,77721744.179200009,1,1,4,1
4,16,5,ok,5935104,6882300469.2480001,546979184.63999999,6257364320.2560005,0,77956964.352000013,1,1,1,5
4,16,6,ok,4902912,6824533553.9712009,542222843.90400004,6204869502.5664005,0,77441207.500799999,1,1,1,6
4,16,7,ok,4128768,6704486154.2400007,532710162.43199992,6095521672.396801,0,76254319.411200002,1,1,1,7
4,16,8,ok,3612672,6700356206.5919991,532710162.43199998,6091236350.361599,0,76409693.798400015,1,1,1,8
4,16,9,ok,3326976,6949350247.2191992,551905394.68799996,6316695233.7407999,0,80749618.790400013,1,1,3,3
4,16,10,ok,2967552,6883259523.0720005,546979184.63999999,6257546502.144001,0,78733836.288000017,1,2,1,5
4,16,11,ok,2838528,7244889258.3935995,575517229.05599988,6586456031.2320004,0,82915998.105599999,1,1,1,11
4,16,12,ok,2451456,6825684418.5599995,542222843.90400004,6205088120.8319998,0,78373453.824000001,1,2,1,6
4,16,13,ok,2322432,7008395924.2751999,556491866.11199999,6371361836.2368002,0,80542221.926400006,1,1,1,13
4,16,14,ok,2064384,6705828829.5936003,532710162.43199992,6095776727.04,0,77341940.121600017,1,2,1,7
4,16,15,ok,2013696,7009800772.6080008,556746670.07999992,6372165178.368001,0,80888924.159999996,1,1,3,5
4,16,16,ok,1806336,6701890692.7103996,532710162.43199998,6091527841.3823996,0,77652688.895999998,1,2,1,8
4,32,1,ok,57802752,13413062423.347198,1065420324.864,12190385908.940798,0,157256189.5424,1,1,1,1
4,32,2,ok,28901376,13411078923.878399,1065420324.864,12189213809.049599,0,156444789.9648,1,1,2,1
4,32,3,ok,19611648,13653866741.76,1084445687.8080001,12413036686.5408,0,156384367.41120002,1,1,3,1
4,32,4,ok,14450688,13407111924.9408,1065420324.864,12186869609.267199,0,154821990.8096,1,1,4,1
4,32,5,ok,11870208,13763641884.672001,1093958369.28,12514546458.624001,0,155137056.76800001,1,1,1,5
4,32,6,ok,9805824,13647916243.3536,1084445687.8080001,12409520386.867199,0,153950168.67840001,1,1,1,6
4,32,7,ok,8257536,13407629633.1264,1065420324.8639998,12190788290.1504,0,151421018.11200002,1,1,1,7
4,32,8,ok,7225344,13399177927.065599,1065420324.864,12182181209.702398,0,151576392.49920002,1,1,1,8
4,32,9,ok,6653952,13896974197.555201,1103810789.3759999,12633062540.0832,0,160100868.09600002,1,1,3,3
4,32,10,ok,5935104,13764600938.496,1093958369.28,12514728640.512001,0,155913928.70400003,1,2,1,5
4,32,11,ok,5419008,13834132737.638403,1098714710.0159998,12571698693.734402,0,163719333.88800001,1,11,1,1
4,32,12,ok,4902912,13649067107.942402,1084445687.8080001,12409739005.132801,0,154882415.0016,1,2,1,6
4,32,13,ok,4644864,14014298308.608,1112983732.224,12742249999.5648,0,159064576.81920001,1,1,1,13
4,32,14,ok,4128768,13408972308.480001,1065420324.8639998,12191043344.793602,0,152508638.8224,1,2,1,7
4,32,15,ok,4027392,14016724383.743999,1113493340.1599998,12743783811.071999,0,159447232.51199999,1,1,3,5
4,32,16,ok,3612672,13400712413.183998,1065420324.864,12182472700.723198,0,152819387.59680003,1,2,1,8
4,64,1,ok,115605504,26825933035.9296,2130840649.7279999,24380735381.503998,0,314357004.69760001,1,1,1,1
4,64,2,ok,57802752,26821774226.2272,2130840649.7279999,24378354745.343998,0,312578831.1552,1,1,2,1
4,64,3,ok,39223296,27307158051.225601,2168891375.6160002,24825964063.948799,0,312302611.66080004,1,1,3,1
4,64,4,ok,28901376,26813456606.822395,2130840649.7279999,24373593473.023994,0,309022484.0704,1,1,4,1
4,64,5,ok,23482368,27245852485.632,2164135034.8799996,24761829548.032001,0,319887902.72000003,1,5,1,1
4,64,6,ok,19611648,27294681622.118401,2168891375.6160002,24818822155.4688,0,306968091.03360003,1,1,1,6
4,64,7,ok,16515072,26813916590.899204,2130840649.7279997,24381321525.6576,0,301754415.51360005,1,1,1,7
4,64,8,ok,14450688,26796821368.012794,2130840649.7279999,24364070928.383995,0,301909789.90079999,1,1,1,8
4,64,9,ok,13307904,27792222098.227196,2207621578.7519999,25265797152.767998,0,318803366.70720005,1,1,3,3
4,64,10,ok,11741184,27242392940.543999,2164135034.8799996,24759556890.624001,0,318701015.04000002,1,5,2,1
4,64,11,ok,10838016,27666155556.864002,2197429420.0319996,25142996587.315201,0,325729549.51680005,1,11,1,1
4,64,12,ok,9805824,27295832486.707199,2168891375.6160002,24819040773.734398,0,307900337.35680002,1,2,1,6
4,64,13,ok,9031680,27247386971.750401,2164135034.8800001,24762121039.052803,0,321130897.81760001,1,13,1,1
4,64,14,ok,8257536,26815259266.2528,2130840649.7279997,24381576580.3008,0,302842036.22400004,1,2,1,7
4,64,15,ok,7967232,27736125133.823997,2202780303.3599997,25214305281.023998,0,319039549.44,1,5,3,1
4,64,16,ok,7225344,26798355854.131199,2130840649.7279999,24364362419.404797,0,303152784.99840003,1,2,1,8
5,1,1,ok,25088,140171.67360000001,140171.67360000001,0,0,0,1,1,1,1
5,1,2,ok,12544,140171.67360000001,140171.67360000001,0,0,0,1,1,1,2
5,1,3,ok,8428,141266.7648,141266.7648,0,0,0,3,1,1,1
5,1,4,ok,6272,140171.67360000001,140171.67360000001,0,0,0,2,1,1,2
5,1,5,ok,5096,142361.856,142361.856,0,0,0,5,1,1,1
5,1,6,ok,4214,141266.7648,141266.7648,0,0,0,3,1,1,2
5,1,7,ok,3584,140171.67359999998,140171.67359999998,0,0,0,1,1,1,7
5,1,8,ok,3136,140171.67360000001,140171.67360000001,0,0,0,2,1,2,2
5,1,9,ok,2860,143789.38560000001,143789.38560000001,0,0,0,3,1,1,3
5,1,10,ok,2548,142361.856,142361.856,0,0,0,5,1,1,2
5,1,11,ok,2352,144552.03839999999,144552.03839999999,0,0,0,11,1,1,1
5,1,12,ok,2107,141266.7648,141266.7648,0,0,0,3,1,2,2
5,1,13,ok,1960,142361.856,142361.856,0,0,0,13,1,1,1
5,1,14,ok,1792,140171.67359999998,140171.67359999998,0,0,0,2,1,1,7
5,1,15,ok,1729,144904.03200000001,144904.03200000001,0,0,0,5,1,1,3
5,1,16,ok,1568,140171.67360000001,140171.67360000001,0,0,0,4,1,2,2
5,2,1,ok,50176,280343.34720000002,280343.34720000002,0,0,0,1,1,1,1
5,2,2,ok,25088,280343.34720000002,280343.34720000002,0,0,0,1,1,1,2
5,2,3,ok,16856,282533.52960000001,282533.52960000001,0,0,0,3,1,1,1
5,2,4,ok,12544,280343.34720000002,280343.34720000002,0,0,0,1,2,1,2
5,2,5,ok,10192,284723.712,284723.712,0,0,0,5,1,1,1
5,2,6,ok,8428,282533.52960000001,282533.52960000001,0,0,0,3,1,1,2
5,2,7,ok,7168,280343.34719999996,280343.34719999996,0,0,0,1,1,1,7
5,2,8,ok,6272,280343.34720000002,280343.34720000002,0,0,0,1,2,2,2
5,2,9,ok,5719,287578.77120000002,287578.77120000002,0,0,0,3,1,1,3
5,2,10,ok,5096,284723.712,284723.712,0,0,0,5,1,1,2
5,2,11,ok,4704,289104.07679999998,289104.07679999998,0,0,0,11,1,1,1
5,2,12,ok,4214,282533.52960000001,282533.52960000001,0,0,0,3,1,2,2
5,2,13,ok,3920,284723.712,284723.712,0,0,0,13,1,1,1
5,2,14,ok,3584,280343.34719999996,280343.34719999996,0,0,0,1,2,1,7
5,2,15,ok,3458,289808.06400000001,289808.06400000001,0,0,0,5,1,1,3
5,2,16,ok,3136,280343.34720000002,280343.34720000002,0,0,0,2,2,2,2
5,4,1,ok,100352,560686.69440000004,560686.69440000004,0,0,0,1,1,1,1
5,4,2,ok,50176,560686.69440000004,560686.69440000004,0,0,0,1,1,1,2
5,4,3,ok,33712,565067.05920000002,565067.05920000002,0,0,0,3,1,1,1
5,4,4,ok,25088,560686.69440000004,560686.69440000004,0,0,0,1,2,1,2
5,4,5,ok,20384,569447.424,569447.424,0,0,0,5,1,1,1
5,4,6,ok,16856,565067.05920000002,565067.05920000002,0,0,0,3,1,1,2
5,4,7,ok,14336,560686.69439999992,560686.69439999992,0,0,0,1,1,1,7
5,4,8,ok,12544,560686.69440000004,560686.69440000004,0,0,0,1,2,2,2
5,4,9,ok,11438,575157.54240000003,575157.54240000003,0,0,0,3,1,1,3
5,4,10,ok,10192,569447.424,569447.424,0,0,0,5,1,1,2
5,4,11,ok,9408,578208.15359999996,578208.15359999996,0,0,0,11,1,1,1
5,4,12,ok,8428,565067.05920000002,565067.05920000002,0,0,0,3,1,2,2
5,4,13,ok,7840,569447.424,569447.424,0,0,0,13,1,1,1
5,4,14,ok,7168,560686.69439999992,560686.69439999992,0,0,0,1,2,1,7
5,4,15,ok,6916,579616.12800000003,579616.12800000003,0,0,0,5,1,1,3
5,4,16,ok,6272,560686.69440000004,560686.69440000004,0,0,0,2,2,2,2
5,8,1,ok,200704,1121373.3888000001,1121373.3888000001,0,0,0,1,1,1,1
5,8,2,ok,100352,1121373.3888000001,1121373.3888000001,0,0,0,1,1,1,2
5,8,3,ok,67424,1130134.1184,1130134.1184,0,0,0,3,1,1,1
5,8,4,ok,50176,1121373.3888000001,1121373.3888000001,0,0,0,1,2,1,2
5,8,5,ok,40768,1138894.848,1138894.848,0,0,0,5,1,1,1
5,8,6,ok,33712,1130134.1184,1130134.1184,0,0,0,3,1,1,2
5,8,7,ok,28672,1121373.3887999998,1121373.3887999998,0,0,0,1,1,1,7
5,8,8,ok,25088,1121373.3888000001,1121373.3888000001,0,0,0,1,2,2,2
5,8,9,ok,22876,1150315.0848000001,1150315.0848000001,0,0,0,3,1,1,3
5,8,10,ok,20384,1138894.848,1138894.848,0,0,0,5,1,1,2
5,8,11,ok,18816,1156416.3071999999,1156416.3071999999,0,0,0,11,1,1,1
5,8,12,ok,16856,1130134.1184,1130134.1184,0,0,0,3,1,2,2
5,8,13,ok,15680,1138894.848,1138894.848,0,0,0,13,1,1,1
5,8,14,ok,14336,1121373.3887999998,1121373.3887999998,0,0,0,1,2,1,7
5,8,15,ok,13832,1159232.2560000001,1159232.2560000001,0,0,0,5,1,1,3
5,8,16,ok,12544,1121373.3888000001,1121373.3888000001,0,0,0,2,2,2,2
5,16,1,ok,401408,2242746.7776000001,2242746.7776000001,0,0,0,1,1,1,1
5,16,2,ok,200704,2242746.7776000001,2242746.7776000001,0,0,0,1,1,1,2
5,16,3,ok,134848,2260268.2368000001,2260268.2368000001,0,0,0,3,1,1,1
5,16,4,ok,100352,2242746.7776000001,2242746.7776000001,0,0,0,1,2,1,2
5,16,5,ok,81536,2277789.696,2277789.696,0,0,0,5,1,1,1
5,16,6,ok,67424,2260268.2368000001,2260268.2368000001,0,0,0,3,1,1,2
5,16,7,ok,57344,2242746.7775999997,2242746.7775999997,0,0,0,1,1,1,7
5,16,8,ok,50176,2242746.7776000001,2242746.7776000001,0,0,0,1,2,2,2
5,16,9,ok,45752,2300630.1696000001,2300630.1696000001,0,0,0,3,1,1,3
5,16,10,ok,40768,2277789.696,2277789.696,0,0,0,5,1,1,2
5,16,11,ok,37632,2312832.6143999998,2312832.6143999998,0,0,0,11,1,1,1
5,16,12,ok,33712,2260268.2368000001,2260268.2368000001,0,0,0,3,1,2,2
5,16,13,ok,31360,2277789.696,2277789.696,0,0,0,13,1,1,1
5,16,14,ok,28672,2242746.7775999997,2242746.7775999997,0,0,0,1,2,1,7
5,16,15,ok,27664,2318464.5120000001,2318464.5120000001,0,0,0,5,1,1,3
5,16,16,ok,25088,2242746.7776000001,2242746.7776000001,0,0,0,2,2,2,2
5,32,1,ok,802816,4485493.5552000003,4485493.5552000003,0,0,0,1,1,1,1
5,32,2,ok,401408,4485493.5552000003,4485493.5552000003,0,0,0,1,1,1,2
5,32,3,ok,269696,4520536.4736000001,4520536.4736000001,0,0,0,3,1,1,1
5,32,4,ok,200704,4485493.5552000003,4485493.5552000003,0,0,0,1,2,1,2
5,32,5,ok,163072,4555579.392,4555579.392,0,0,0,5,1,1,1
5,32,6,ok,134848,4520536.4736000001,4520536.4736000001,0,0,0,3,1,1,2
5,32,7,ok,114688,4485493.5551999994,4485493.5551999994,0,0,0,1,1,1,7
5,32,8,ok,100352,4485493.5552000003,4485493.5552000003,0,0,0,1,2,2,2
5,32,9,ok,91504,4601260.3392000003,4601260.3392000003,0,0,0,3,1,1,3
5,32,10,ok,81536,4555579.392,4555579.392,0,0,0,5,1,1,2
5,32,11,ok,75264,4625665.2287999997,4625665.2287999997,0,0,0,1,11,1,1
5,32,12,ok,67424,4520536.4736000001,4520536.4736000001,0,0,0,3,1,2,2
5,32,13,ok,62720,4555579.392,4555579.392,0,0,0,13,1,1,1
5,32,14,ok,57344,4485493.5551999994,4485493.5551999994,0,0,0,1,2,1,7
5,32,15,ok,55328,4636929.0240000002,4636929.0240000002,0,0,0,5,1,1,3
5,32,16,ok,50176,4485493.5552000003,4485493.5552000003,0,0,0,2,2,2,2
5,64,1,ok,1605632,8970987.1104000006,8970987.1104000006,0,0,0,1,1,1,1
5,64,2,ok,802816,8970987.1104000006,8970987.1104000006,0,0,0,1,1,1,2
5,64,3,ok,539392,9041072.9472000003,9041072.9472000003,0,0,0,3,1,1,1
5,64,4,ok,401408,8970987.1104000006,8970987.1104000006,0,0,0,1,2,1,2
5,64,5,ok,326144,9111158.784,9111158.784,0,0,0,1,5,1,1
5,64,6,ok,269696,9041072.9472000003,9041072.9472000003,0,0,0,3,1,1,2
5,64,7,ok,229376,8970987.1103999987,8970987.1103999987,0,0,0,1,1,1,7
5,64,8,ok,200704,8970987.1104000006,8970987.1104000006,0,0,0,1,2,2,2
5,64,9,ok,183008,9202520.6784000006,9202520.6784000006,0,0,0,3,1,1,3
5,64,10,ok,163072,9111158.784,9111158.784,0,0,0,1,5,1,2
5,64,11,ok,150528,9251330.4575999994,9251330.4575999994,0,0,0,1,11,1,1
5,64,12,ok,134848,9041072.9472000003,9041072.9472000003,0,0,0,3,1,2,2
5,64,13,ok,125440,9111158.784,9111158.784,0,0,0,1,13,1,1
5,64,14,ok,114688,8970987.1103999987,8970987.1103999987,0,0,0,1,2,1,7
5,64,15,ok,109564,9182339.7120000012,9182339.7120000012,0,0,0,3,5,1,1
5,64,16,ok,100352,8970987.1104000006,8970987.1104000006,0,0,0,2,2,2,2
6,1,1,ok,903168,208872069.73439997,16647192.575999999,189942815.12959996,0,2282062.0288000004,1,1,1,1
6,1,2,ok,451584,209221702.04159999,16647192.575999999,189996804.50559998,0,2577704.96,1,1,2,1
6,1,3,ok,306432,213412880.79359999,16944463.872000001,193575782.09279999,0,2892634.8288000003,1,1,1,3
6,1,4,ok,225792,209920966.65599999,16647192.575999999,190104783.25759998,0,3168990.8223999999,1,1,1,4
6,1,5,ok,197568,217869544.896,16907304.959999997,196778713.02399999,0,4183526.912,5,1,1,1
6,1,6,ok,153216,214381573.632,16944463.872000001,194113958.40000001,0,3323151.3600000003,2,1,1,3
6,1,7,ok,129024,211522014.41280001,16647192.575999998,190773584.69119999,0,4101237.1456000004,1,1,1,7
6,1,8,ok,112896,210872664.88319999,16647192.575999999,190633517.87519997,0,3591954.432,2,1,1,4
6,1,9,ok,103968,219476062.77119997,17247043.583999999,197436884.7744,0,4792134.412800001,1,1,3,3
6,1,10,ok,98784,218481194.68800002,16907304.959999997,197074758.59200001,0,4499131.1359999999,5,1,2,1
6,1,11,ok,84672,221299079.65440002,17167417.343999997,197110108.23679999,0,7021554.0736000007,11,1,1,1
6,1,12,ok,76608,215532438.22080004,16944463.872000001,194332576.6656,0,4255397.6831999999,2,1,2,3
6,1,13,ok,84672,228400655.80799997,16907304.960000001,203563574.8224,0,7929776.0256000012,13,1,1,1
6,1,14,ok,64512,212473712.64000002,16647192.575999998,191302319.30880001,0,4524200.7552000005,2,1,1,7
6,1,15,ok,64512,230183165.95200002,17836277.759999998,205622089.72800002,0,6724798.4640000006,1,1,1,15
6,1,16,ok,56448,212302250.80319998,16647192.575999999,191035906.45759997,0,4619151.7696000002,4,1,4,1
6,2,1,ok,1806336,417360517.93919998,33294385.151999999,379812757.50399995,0,4253375.2832000004,1,1,1,1
6,2,2,ok,903168,417676161.02399999,33294385.151999999,379847863.50079995,0,4533912.3712000009,1,1,2,1
6,2,3,ok,612864,425674896.99839997,33888927.744000003,386932945.92000002,0,4853023.3344000001,1,1,1,3
6,2,4,ok,451584,418307447.1936,33294385.151999999,379918075.49439996,0,5094986.5471999999,1,1,1,4
6,2,5,ok,395136,435127440,33814609.919999994,393261380.48000002,0,8051449.5999999996,5,1,1,1
6,2,6,ok,306432,426825761.58719999,33888927.744000003,387151564.18559998,0,5785269.6576000005,1,2,1,3
6,2,7,ok,258048,420358678.11840004,33294385.151999995,381037060.09600002,0,6027232.8704000004,1,1,1,7
6,2,8,ok,225792,419841933.31199998,33294385.151999999,380209566.51519996,0,6337981.6447999999,1,2,1,4
6,2,9,ok,207936,435499531.7759999,34494087.167999998,394217914.75199997,0,6787529.8559999997,1,1,3,3
6,2,10,ok,197568,435739089.792,33814609.919999994,393557426.04799998,0,8367053.824,5,1,2,1
6,2,11,ok,169344,441977099.51999998,34334834.687999994,393919616.35839999,0,13722648.473600002,11,1,1,1
6,2,12,ok,153216,428763147.264,33888927.744000003,388227916.80000001,0,6646302.7200000007,2,2,1,3
6,2,13,ok,169344,456189661.824,33814609.920000002,406831104.07679999,0,15543947.827199999,13,1,1,1
6,2,14,ok,129024,422262074.57280004,33294385.151999995,382094529.3312,0,6873160.0896000005,2,1,1,7
6,2,15,ok,129024,454612008.9600001,35672555.519999996,410151088.12800002,0,8788365.3120000008,1,1,1,15
6,2,16,ok,112896,421745329.76639998,33294385.151999999,381267035.75039995,0,7183908.8640000001,2,2,1,4
6,4,1,ok,3612672,834337414.34879994,66588770.303999998,759552642.25279987,0,8196001.7920000013,1,1,1,1
6,4,2,ok,1806336,834585078.98879993,66588770.303999998,759549981.49119985,0,8446327.1936000008,1,1,2,1
6,4,3,ok,1225728,850198929.40800011,67777855.488000005,773647273.57439995,0,8773800.3455999997,1,1,1,3
6,4,4,ok,903168,835080408.2687999,66588770.303999998,759544659.96799994,0,8946977.9968000017,1,1,1,4
6,4,5,ok,790272,869643230.20800006,67629219.839999989,786226715.39200008,0,15787294.976000002,5,1,1,1
6,4,6,ok,612864,851349793.99679995,67777855.488000005,773865891.84000003,0,9706046.6688000001,1,2,1,3
6,4,7,ok,516096,838032005.52960002,66588770.30399999,761564010.90560007,0,9879224.3200000022,1,1,1,7
6,4,8,ok,451584,836614894.3872,66588770.303999998,759836150.98879993,0,10189973.0944,1,2,1,4
6,4,9,ok,415872,867546469.78559995,68988174.335999995,787779974.70719993,0,10778320.742399998,1,1,3,3
6,4,10,ok,395136,869858346.24000013,67629219.839999989,786428344.06400013,0,15800782.335999999,5,1,2,1
6,4,11,ok,338688,883073995.16160011,68669669.375999987,788608802.71360004,0,25795523.072000001,11,1,1,1
6,4,12,ok,306432,853651523.17439997,67777855.488000005,774303128.37119997,0,11570539.315200001,1,4,1,3
6,4,13,ok,338688,911168793.60000026,67629219.840000004,814338290.02240026,0,29201283.737600006,13,1,1,1
6,4,14,ok,258048,840717356.23680007,66588770.30399999,762074120.19200003,0,12054465.740800001,1,2,1,7
6,4,15,ok,258048,903469694.97600019,71345111.039999992,819209084.92800009,0,12915499.008000001,1,1,1,15
6,4,16,ok,225792,839683866.62399995,66588770.303999998,760419133.03039992,0,12675963.2896,1,4,1,4
6,8,1,ok,7225344,1668291207.168,133177540.608,1519032411.7503998,0,16081254.809600001,1,1,1,1
6,8,2,ok,3612672,1668402914.9183998,133177540.608,1518954217.4719999,0,16271156.838400003,1,1,2,1
6,8,3,ok,2451456,1699246994.2271998,135555710.97600001,1547075928.8831999,0,16615354.368000001,1,1,1,3
6,8,4,ok,1806336,1668626330.4191997,133177540.608,1518797828.9151998,0,16650960.896000002,1,1,1,4
6,8,5,ok,1580544,1738674810.6240001,135258439.67999998,1572157385.2160001,0,31258985.728,5,1,1,1
6,8,6,ok,1225728,1700397858.8160002,135555710.97600001,1547294547.1487999,0,17547600.691199999,1,2,1,3
6,8,7,ok,1032192,1673378660.3520002,133177540.60799998,1522617912.5248003,0,17583207.2192,1,1,1,7
6,8,8,ok,903168,1670160816.5375998,133177540.608,1519089319.9359999,0,17893955.993600003,1,2,1,4
6,8,9,ok,831744,1731640345.8047998,137976348.67199999,1574904094.6176,0,18759902.5152,1,1,3,3
6,8,10,ok,790272,1738493392.8959999,135258439.67999998,1572264596.9920001,0,30970356.224000003,5,1,2,1
6,8,11,ok,677376,1765526930.5344,137339338.75199997,1576917005.3119998,0,51270586.470400006,11,1,1,1
6,8,12,ok,612864,1702699587.9935999,135555710.97600001,1547731783.6800001,0,19412093.3376,1,4,1,3
6,8,13,ok,677376,1821725937.408,135258439.68000001,1628380534.4768004,0,58086963.251199998,13,1,1,1
6,8,14,ok,516096,1676064011.0592,133177540.60799998,1523128021.8112001,0,19758448.640000004,1,2,1,7
6,8,15,ok,516096,1801185067.0080004,142690222.07999998,1637325078.5280004,0,21169766.400000002,1,1,1,15
6,8,16,ok,451584,1673229788.7744,133177540.608,1519672301.9775999,0,20379946.1888,1,4,1,4
6,16,1,ok,14450688,3336198792.8063998,266355081.21599999,3037991950.7455997,0,31851760.844800003,1,1,1,1
6,16,2,ok,7225344,3336038586.7775993,266355081.21599999,3037762689.4335995,0,31920816.128000002,1,1,2,1
6,16,3,ok,4902912,3397343123.8655996,271111421.95200002,3093933239.5007997,0,32298462.412800003,1,1,1,3
6,16,4,ok,3612672,3335718174.7199993,266355081.21599999,3037304166.8095994,0,32058926.694400001,1,1,1,4
6,16,5,ok,3161088,3476737971.4560003,270516879.35999995,3144018724.8640003,0,62202367.232000008,5,1,1,1
6,16,6,ok,2451456,3398493988.4543996,271111421.95200002,3094151857.7663999,0,33230708.736000001,1,2,1,3
6,16,7,ok,2064384,3344071969.9968004,266355081.21599996,3044725715.7632003,0,32991173.017600004,1,1,1,7
6,16,8,ok,1806336,3337252660.8383994,266355081.21599999,3037595657.8303995,0,33301921.792000003,1,2,1,4
6,16,9,ok,1663488,3459828097.8432002,275952697.34399998,3149152334.4384003,0,34723066.060800001,1,1,3,3
6,16,10,ok,1580544,3475763486.2079997,270516879.35999995,3143937102.848,0,61309504,5,1,2,1
6,16,11,ok,1354752,3530432801.2800002,274678677.50399995,3153533410.5088,0,102220713.26720002,11,1,1,1
6,16,12,ok,1225728,3400795717.6320004,271111421.95200002,3094589094.2975998,0,35095201.382399999,1,4,1,3
6,16,13,ok,1354752,3642840225.0240006,270516879.36000001,3256465023.3856006,0,115858322.2784,13,1,1,1
6,16,14,ok,1032192,3346757320.7040005,266355081.21599996,3045235825.0496006,0,35166414.4384,1,2,1,7
6,16,15,ok,1032192,3596615811.072,285380444.15999997,3273557065.7280002,0,37678301.184,1,1,1,15
6,16,16,ok,903168,3340321633.0751996,266355081.21599999,3038178639.8719997,0,35787911.987200007,1,4,1,4
6,32,1,ok,28901376,6672013964.0831995,532710162.43199998,6075911028.7359991,0,63392772.915200002,1,1,1,1
6,32,2,ok,14450688,6671309930.4959993,532710162.43199998,6075379633.3567991,0,63220134.707200006,1,1,2,1
6,32,3,ok,9805824,6793535383.1423988,542222843.90400004,6187647860.7360001,0,63664678.502399996,1,1,1,3
6,32,4,ok,7225344,6669901863.321599,532710162.43199998,6074316842.5983992,0,62874858.291200005,1,1,1,4
6,32,5,ok,6322176,6952864293.1200008,541033758.71999991,6287741404.1599998,0,124089130.24000001,5,1,1,1
6,32,6,ok,4902912,6794686247.7311993,542222843.90400004,6187866479.0015993,0,64596924.825600006,1,2,1,3
6,32,7,ok,4128768,6685458589.2863998,532710162.43199992,6088941322.2399998,0,63807104.614400014,1,1,1,7
6,32,8,ok,3612672,6671436349.4399986,532710162.43199998,6074608333.6191988,0,64117853.388800003,1,2,1,4
6,32,9,ok,3326976,6916203601.9200001,551905394.68799996,6297648814.0799999,0,66649393.152000003,1,1,3,3
6,32,10,ok,3161088,6950303672.8319988,541033758.71999991,6287282114.5599995,0,121987799.55200002,5,1,2,1
6,32,11,ok,2709504,6884338627.5840006,549357355.0079999,6266509698.6623993,0,68471573.913599998,1,11,1,1
6,32,12,ok,2451456,6796987976.9087992,542222843.90400004,6188303715.5327997,0,66461417.472000003,1,4,1,3
6,32,13,ok,2709504,7285068800.2560015,541033758.72000003,6512634001.2032003,0,231401040.33280003,13,1,1,1
6,32,14,ok,2064384,6688143939.9936008,532710162.43199992,6089451431.5264006,0,65982346.035200007,1,2,1,7
6,32,15,ok,2064384,7187477299.1999998,570760888.31999993,6546021040.1280003,0,70695370.752000004,1,1,1,15
6,32,16,ok,1806336,6674505321.6767988,532710162.43199998,6075191315.660799,0,66603843.584000006,1,4,1,4
6,64,1,ok,57802752,13343644306.636799,1065420324.864,12151749184.716799,0,126474797.05600001,1,1,1,1
6,64,2,ok,28901376,13341852617.932798,1065420324.864,12150613521.203197,0,125818771.8656,1,1,2,1
6,64,3,ok,19611648,13585919901.696001,1084445687.8080001,12375077103.2064,0,126397110.6816,1,1,1,3
6,64,4,ok,14450688,13338269240.524799,1065420324.864,12148342194.175999,0,124506721.48480001,1,1,1,4
6,64,5,ok,11741184,13553667240.960003,1082067517.4399998,12341910618.112001,0,129689105.40800002,1,5,1,1
6,64,6,ok,9805824,13587070766.284798,1084445687.8080001,12375295721.472,0,127329357.00479999,1,2,1,3
6,64,7,ok,8257536,13368231827.865599,1065420324.8639998,12177372535.1936,0,125438967.808,1,1,1,7
6,64,8,ok,7225344,13339803726.643198,1065420324.864,12148633685.196798,0,125749716.58240001,1,2,1,4
6,64,9,ok,6653952,13828954610.073601,1103810789.3759999,12594641773.363201,0,130502047.3344,1,1,3,3
6,64,10,ok,5870592,13553376049.152,1082067517.4399998,12341047562.24,0,130260969.472,1,5,2,1
6,64,11,ok,5419008,13764457418.342402,1098714710.0159998,12532217797.017601,0,133524911.30880001,1,11,1,1
6,64,12,ok,4902912,13589372495.462399,1084445687.8080001,12375732958.003199,0,129193849.65120001,1,4,1,3
6,64,13,ok,4515840,13556736213.1968,1082067517.4400001,12342493600.153601,0,132175095.60319999,1,13,1,1
6,64,14,ok,4128768,13370917178.5728,1065420324.8639998,12177882644.48,0,127614209.22880003,1,2,1,7
6,64,15,ok,3983616,13802785376.256001,1101390151.6799998,12569308740.096001,0,132086484.48000002,1,5,1,3
6,64,16,ok,3612672,13342872698.879997,1065420324.864,12149216667.238398,0,128235706.77760001,1,4,1,4
7,1,1,ok,1806336,419482897.6128,33294385.151999999,382190858.24000001,0,3997654.2208000002,1,1,1,1
7,1,2,ok,903168,419482897.6128,33294385.151999999,382190858.24000001,0,3997654.2208000002,2,1,1,1
7,1,3,ok,612864,428310817.68959999,33888927.744000003,389305459.19999999,0,5116430.7456,1,1,1,3
7,1,4,ok,451584,420114183.78240001,33294385.151999999,382261070.23360002,0,4558728.3968000002,2,1,2,1
7,1,5,ok,395136,435364757.18400007,33814609.919999994,394709610.4320001,0,6840536.8320000004,5,1,1,1
7,1,6,ok,306432,428310817.68959999,33888927.744000003,389305459.19999999,0,5116430.7456,2,1,1,3
7,1,7,ok,258048,424038631.83359993,33294385.151999995,383198877.28639996,0,7545369.3952000011,1,1,1,7
7,1,8,ok,225792,421376756.12160003,33294385.151999999,382401494.22080004,0,5680876.7488000002,2,1,1,4
7,1,9,ok,207936,440926746.04799998,34494087.167999998,397529172.51840001,0,8903486.3616000004,1,1,3,3
7,1,10,ok,197568,436588056.76800001,33814609.919999994,395301701.56800002,0,7471745.2800000003,5,1,2,1
7,1,11,ok,169344,442218067.73760003,34334834.687999994,395390126.7712,0,12493106.278400002,11,1,1,1
7,1,12,ok,153216,430612546.86720002,33888927.744000003,389742695.73119998,0,6980923.3920000009,2,1,2,3
7,1,13,ok,169344,456426979.00799996,33814609.920000002,408279334.02879995,0,14333035.0592,13,1,1,1
7,1,14,ok,129024,424038631.83359993,33294385.151999995,383198877.28639996,0,7545369.3952000011,2,1,1,7
7,1,15,ok,129024,460081428.4799999,35672555.519999996,411663316.99199992,0,12745555.968,1,1,1,15
7,1,16,ok,112896,424445728.35840005,33294385.151999999,382984476.26240003,0,8166866.9440000001,2,1,2,4
7,2,1,ok,3612672,838198552.16640007,66588770.303999998,764235970.96960008,0,7373810.8928000014,1,1,1,1
7,2,2,ok,1806336,838198552.16640007,66588770.303999998,764235970.96960008,0,7373810.8928000014,2,1,1,1
7,2,3,ok,1225728,854319906.20160007,67777855.488000005,778173681.86879992,0,8368368.844800001,1,1,1,3
7,2,4,ok,903168,838693881.44640005,66588770.303999998,764230649.44640005,0,7874461.6960000005,2,1,2,1
7,2,5,ok,790272,869506214.78400004,67629219.839999989,788827129.72800016,0,13049865.216000002,5,1,1,1
7,2,6,ok,612864,854319906.20160007,67777855.488000005,778173681.86879992,0,8368368.844800001,2,1,1,3
7,2,7,ok,516096,842706562.25279999,66588770.30399999,765377535.99999988,0,10740255.948800001,1,1,1,7
7,2,8,ok,451584,839684540.00640011,66588770.303999998,764220006.4000001,0,8875763.3024000004,2,1,1,4
7,2,9,ok,415872,874948304.5632,68988174.335999995,793746635.44319999,0,12213494.784,1,1,3,3
7,2,10,ok,395136,870729514.36800015,67629219.839999989,789419220.8640002,0,13681073.664000001,5,1,2,1
7,2,11,ok,338688,883194015.89759994,68669669.375999987,790179053.31199992,0,24345293.209600002,11,1,1,1
7,2,12,ok,306432,856621635.37919998,67777855.488000005,778610918.39999998,0,10232861.4912,2,2,1,3
7,2,13,ok,338688,911630658.43199992,67629219.840000004,815966576.9216001,0,28034861.670400005,13,1,1,1
7,2,14,ok,258048,842706562.25279999,66588770.30399999,765377535.99999988,0,10740255.948800001,2,1,1,7
7,2,15,ok,258048,908654211.07199991,71345111.039999992,821140451.32799983,0,16168648.704000002,1,1,1,15
7,2,16,ok,225792,842753512.24320006,66588770.303999998,764802988.44160008,0,11361753.4976,2,2,1,4
7,4,1,ok,7225344,1675629861.2736001,133177540.608,1528326196.4288001,0,14126124.2368,1,1,1,1
7,4,2,ok,3612672,1675629861.2736001,133177540.608,1528326196.4288001,0,14126124.2368,2,1,1,1
7,4,3,ok,2451456,1706338083.2255998,135555710.97600001,1555910127.2063999,0,14872245.043200001,1,1,1,3
7,4,4,ok,1806336,1675853276.7744,133177540.608,1528169807.872,0,14505928.294400003,2,1,2,1
7,4,5,ok,1580544,1737789129.984,135258439.67999998,1577062168.3200002,0,25468521.984000001,5,1,1,1
7,4,6,ok,1225728,1706338083.2255998,135555710.97600001,1555910127.2063999,0,14872245.043200001,2,1,1,3
7,4,7,ok,1032192,1680042423.0911999,133177540.60799998,1529734853.4271998,0,17130029.056000002,1,1,1,7
7,4,8,ok,903168,1676300107.7760003,133177540.608,1527857030.7584002,0,15265536.409600001,2,1,1,4
7,4,9,ok,831744,1742991421.5936,137976348.67199999,1586181561.2927999,0,18833511.628800001,1,1,3,3
7,4,10,ok,790272,1738219362.0480001,135258439.67999998,1577465425.6640003,0,25495496.704000004,5,1,2,1
7,4,11,ok,677376,1764886768.128,137339338.75199997,1580827076.5056,0,46720352.870400004,11,1,1,1
7,4,12,ok,612864,1708639812.4032001,135555710.97600001,1556347363.7375998,0,16736737.689600002,2,2,1,3
7,4,13,ok,677376,1821439137.0240002,135258439.68000001,1632313190.1440003,0,53867507.199999996,13,1,1,1
7,4,14,ok,516096,1680042423.0911999,133177540.60799998,1529734853.4271998,0,17130029.056000002,2,1,1,7
7,4,15,ok,516096,1805799776.2559998,142690222.07999998,1640094719.9999998,0,23014834.176000003,1,1,1,15
7,4,16,ok,451584,1679369080.0128002,133177540.608,1528440012.8000002,0,17751526.604800001,2,2,1,4
7,8,1,ok,14450688,3350492479.4880004,266355081.21599999,3056506647.3472004,0,27630750.924800001,1,1,1,1
7,8,2,ok,7225344,3350172067.4304004,266355081.21599999,3056048124.7232003,0,27768861.4912,1,1,2,1
7,8,3,ok,4902912,3410374437.2735996,271111421.95200002,3111383017.8815994,0,27879997.440000001,1,1,1,3
7,8,4,ok,3612672,3349531243.3152003,266355081.21599999,3055131079.4752002,0,28045082.624000002,1,1,1,4
7,8,5,ok,3161088,3474354960.3839998,270516879.35999995,3153532245.5040002,0,50305835.520000003,5,1,1,1
7,8,6,ok,2451456,3410374437.2735996,271111421.95200002,3111383017.8815994,0,27879997.440000001,2,1,1,3
7,8,7,ok,2064384,3354714144.7679992,266355081.21599996,3058449488.281599,0,29909575.270400006,1,1,1,7
7,8,8,ok,1806336,3349531243.3152003,266355081.21599999,3055131079.4752002,0,28045082.624000002,2,1,1,4
7,8,9,ok,1663488,3479077655.6543994,275952697.34399998,3171051412.9919996,0,32073545.318400003,1,1,3,3
7,8,10,ok,1580544,3473992124.9280005,270516879.35999995,3153746669.0560007,0,49728576.512000002,5,1,2,1
7,8,11,ok,1354752,3528531416.6784,274678677.50399995,3161052952.7807999,0,92799786.393600017,11,1,1,1
7,8,12,ok,1225728,3412676166.4511995,271111421.95200002,3111820254.4127998,0,29744490.086400002,2,2,1,3
7,8,13,ok,1354752,3641654974.4640007,270516879.36000001,3264034289.1520004,0,107103805.95200001,13,1,1,1
7,8,14,ok,1032192,3354714144.7679992,266355081.21599996,3058449488.281599,0,29909575.270400006,2,1,1,7
7,8,15,ok,1032192,3600090906.6239996,285380444.15999997,3278003257.3439994,0,36707205.120000005,1,1,1,15
7,8,16,ok,903168,3352600215.5520005,266355081.21599999,3055714061.5168004,0,30531072.819200002,2,2,1,4
7,16,1,ok,28901376,6700217715.9168005,532710162.43199998,6112867549.184,0,54640004.300800003,1,1,1,1
7,16,2,ok,14450688,6698809648.7424002,532710162.43199998,6111804758.4256001,0,54294727.884800002,1,1,2,1
7,16,3,ok,9805824,6818447145.3696003,542222843.90400004,6222328799.2320004,0,53895502.233600006,1,1,1,3
7,16,4,ok,7225344,6695993514.3936005,532710162.43199998,6109679176.9088001,0,53604175.0528,1,1,1,4
7,16,5,ok,6322176,6947486621.184,541033758.71999991,6306472399.8719997,0,99980462.592000008,5,1,1,1
7,16,6,ok,4902912,6818447145.3696003,542222843.90400004,6222328799.2320004,0,53895502.233600006,2,1,1,3
7,16,7,ok,4128768,6704057588.1215992,532710162.43199992,6115878757.9903994,0,55468667.699200004,1,1,1,7
7,16,8,ok,3612672,6695993514.3936005,532710162.43199998,6109679176.9088001,0,53604175.0528,2,1,1,4
7,16,9,ok,3326976,6951250123.776,551905394.68799996,6340791116.3903999,0,58553612.6976,1,1,3,3
7,16,10,ok,3161088,6945537650.6880007,541033758.71999991,6306309155.8400011,0,98194736.128000006,5,1,2,1
7,16,11,ok,2709504,7055820713.7791996,549357355.0079999,6321504705.3311996,0,184958653.44,11,1,1,1
7,16,12,ok,2451456,6820748874.5471992,542222843.90400004,6222766035.7631989,0,55759994.880000003,2,2,1,3
7,16,13,ok,2709504,7282086649.3440008,541033758.72000003,6527476487.1680002,0,213576403.456,13,1,1,1
7,16,14,ok,2064384,6704057588.1215992,532710162.43199992,6115878757.9903994,0,55468667.699200004,2,1,1,7
7,16,15,ok,2064384,7188673167.3599987,570760888.31999993,6553820332.0319986,0,64091947.008000009,1,1,1,15
7,16,16,ok,1806336,6699062486.6304007,532710162.43199998,6110262158.9504004,0,56090165.248000003,2,2,1,4
7,32,1,ok,57802752,13399668188.774401,1065420324.864,12225589352.857601,0,108658511.0528,1,1,1,1
7,32,2,ok,28901376,13396084811.366402,1065420324.864,12223318025.8304,0,107346460.67200001,1,1,2,1
7,32,3,ok,19611648,13634592561.561602,1084445687.8080001,12444220361.9328,0,105926511.82080001,1,1,1,3
7,32,4,ok,14450688,13388918056.550402,1065420324.864,12218775371.776001,0,104722359.9104,1,1,1,4
7,32,5,ok,12644352,13893749942.784002,1082067517.4399998,12612352708.608002,0,199329716.736,5,1,1,1
7,32,6,ok,9805824,13634592561.561602,1084445687.8080001,12444220361.9328,0,105926511.82080001,2,1,1,3
7,32,7,ok,8257536,13402744474.828796,1065420324.8639998,12230737297.407997,0,106586852.55680001,1,1,1,7
7,32,8,ok,7225344,13388918056.550402,1065420324.864,12218775371.776001,0,104722359.9104,2,1,1,4
7,32,9,ok,6653952,13895595060.019199,1103810789.3759999,12680270523.187199,0,111513747.456,1,1,3,3
7,32,10,ok,6322176,13888628702.208002,1082067517.4399998,12611434129.408001,0,195127055.36000001,5,1,2,1
7,32,11,ok,5419008,13826056273.92,1098714710.0159998,12609091920.691198,0,118249643.21280003,1,11,1,1
7,32,12,ok,4902912,13636894290.739201,1084445687.8080001,12444657598.464001,0,107791004.46720001,2,2,1,3
7,32,13,ok,5419008,14562949999.103998,1082067517.4400001,13054360883.199999,0,426521598.46399999,13,1,1,1
7,32,14,ok,4128768,13402744474.828796,1065420324.8639998,12230737297.407997,0,106586852.55680001,2,1,1,7
7,32,15,ok,4128768,14365837688.831999,1141521776.6399999,13105454481.407999,0,118861430.78400001,1,1,1,15
7,32,16,ok,3612672,13391987028.787201,1065420324.864,12219358353.8176,0,107208350.1056,2,2,1,4
7,64,1,ok,115605504,26798569134.489601,2130840649.7279999,24451032960.2048,0,216695524.55680001,1,1,1,1
7,64,2,ok,57802752,26790635136.614399,2130840649.7279999,24446344560.639999,0,213449926.2464,1,1,2,1
7,64,3,ok,39223296,27266883393.945595,2168891375.6160002,24888003487.334396,0,209988530.99520001,1,1,1,3
7,64,4,ok,28901376,26774767140.864002,2130840649.7279999,24436967761.510403,0,206958729.62560001,1,1,1,4
7,64,5,ok,23482368,27220353761.280003,2164135034.8799996,24833661054.976006,0,222557671.42399999,1,5,1,1
7,64,6,ok,19611648,27266883393.945595,2168891375.6160002,24888003487.334396,0,209988530.99520001,2,1,1,3
7,64,7,ok,16515072,26800118248.243195,2130840649.7279997,24460454376.243195,0,208823222.27200004,1,1,1,7
7,64,8,ok,14450688,26774767140.864002,2130840649.7279999,24436967761.510403,0,206958729.62560001,2,1,1,4
7,64,9,ok,13307904,27784284932.5056,2207621578.7519999,25359229336.7808,0,217434016.97280002,1,1,3,3
7,64,10,ok,11741184,27215352778.752003,2164135034.8799996,24829480103.936005,0,221737639.93600005,1,5,2,1
7,64,11,ok,10838016,27643672874.188805,2197429420.0319996,25216580640.768002,0,229662813.38880005,1,11,1,1
7,64,12,ok,9805824,27269185123.123203,2168891375.6160002,24888440723.865601,0,211853023.64160001,2,2,1,3
7,64,13,ok,9031680,27226491705.753597,2164135034.8800001,24834827019.059196,0,227529651.81440002,1,13,1,1
7,64,14,ok,8257536,26800118248.243195,2130840649.7279997,24460454376.243195,0,208823222.27200004,2,1,1,7
7,64,15,ok,7967232,27702099399.168003,2202780303.3599997,25278620656.128002,0,220698439.68000001,1,5,1,3
7,64,16,ok,7225344,26777836113.100803,2130840649.7279999,24437550743.552002,0,209444719.82080001,2,2,1,4
8,1,1,ok,1806336,419482897.6128,33294385.151999999,382190858.24000001,0,3997654.2208000002,1,1,1,1
8,1,2,ok,903168,419482897.6128,33294385.151999999,382190858.24000001,0,3997654.2208000002,2,1,1,1
8,1,3,ok,612864,428310817.68959999,33888927.744000003,389305459.19999999,0,5116430.7456,1,1,1,3
8,1,4,ok,451584,420114183.78240001,33294385.151999999,382261070.23360002,0,4558728.3968000002,2,1,2,1
8,1,5,ok,395136,435364757.18400007,33814609.919999994,394709610.4320001,0,6840536.8320000004,5,1,1,1
8,1,6,ok,306432,428310817.68959999,33888927.744000003,389305459.19999999,0,5116430.7456,2,1,1,3
8,1,7,ok,258048,424038631.83359993,33294385.151999995,383198877.28639996,0,7545369.3952000011,1,1,1,7
8,1,8,ok,225792,421376756.12160003,33294385.151999999,382401494.22080004,0,5680876.7488000002,2,1,1,4
8,1,9,ok,207936,440926746.04799998,34494087.167999998,397529172.51840001,0,8903486.3616000004,1,1,3,3
8,1,10,ok,197568,436588056.76800001,33814609.919999994,395301701.56800002,0,7471745.2800000003,5,1,2,1
8,1,11,ok,169344,442218067.73760003,34334834.687999994,395390126.7712,0,12493106.278400002,11,1,1,1
8,1,12,ok,153216,430612546.86720002,33888927.744000003,389742695.73119998,0,6980923.3920000009,2,1,2,3
8,1,13,ok,169344,456426979.00799996,33814609.920000002,408279334.02879995,0,14333035.0592,13,1,1,1
8,1,14,ok,129024,424038631.83359993,33294385.151999995,383198877.28639996,0,7545369.3952000011,2,1,1,7
8,1,15,ok,129024,460081428.4799999,35672555.519999996,411663316.99199992,0,12745555.968,1,1,1,15
8,1,16,ok,112896,424445728.35840005,33294385.151999999,382984476.26240003,0,8166866.9440000001,2,1,2,4
8,2,1,ok,3612672,838198552.16640007,66588770.303999998,764235970.96960008,0,7373810.8928000014,1,1,1,1
8,2,2,ok,1806336,838198552.16640007,66588770.303999998,764235970.96960008,0,7373810.8928000014,2,1,1,1
8,2,3,ok,1225728,854319906.20160007,67777855.488000005,778173681.86879992,0,8368368.844800001,1,1,1,3
8,2,4,ok,903168,838693881.44640005,66588770.303999998,764230649.44640005,0,7874461.6960000005,2,1,2,1
8,2,5,ok,790272,869506214.78400004,67629219.839999989,788827129.72800016,0,13049865.216000002,5,1,1,1
8,2,6,ok,612864,854319906.20160007,67777855.488000005,778173681.86879992,0,8368368.844800001,2,1,1,3
8,2,7,ok,516096,842706562.25279999,66588770.30399999,765377535.99999988,0,10740255.948800001,1,1,1,7
8,2,8,ok,451584,839684540.00640011,66588770.303999998,764220006.4000001,0,8875763.3024000004,2,1,1,4
8,2,9,ok,415872,874948304.5632,68988174.335999995,793746635.44319999,0,12213494.784,1,1,3,3
8,2,10,ok,395136,870729514.36800015,67629219.839999989,789419220.8640002,0,13681073.664000001,5,1,2,1
8,2,11,ok,338688,883194015.89759994,68669669.375999987,790179053.31199992,0,24345293.209600002,11,1,1,1
8,2,12,ok,306432,856621635.37919998,67777855.488000005,778610918.39999998,0,10232861.4912,2,2,1,3
8,2,13,ok,338688,911630658.43199992,67629219.840000004,815966576.9216001,0,28034861.670400005,13,1,1,1
8,2,14,ok,258048,842706562.25279999,66588770.30399999,765377535.99999988,0,10740255.948800001,2,1,1,7
8,2,15,ok,258048,908654211.07199991,71345111.039999992,821140451.32799983,0,16168648.704000002,1,1,1,15
8,2,16,ok,225792,842753512.24320006,66588770.303999998,764802988.44160008,0,11361753.4976,2,2,1,4
8,4,1,ok,7225344,1675629861.2736001,133177540.608,1528326196.4288001,0,14126124.2368,1,1,1,1
8,4,2,ok,3612672,1675629861.2736001,133177540.608,1528326196.4288001,0,14126124.2368,2,1,1,1
8,4,3,ok,2451456,1706338083.2255998,135555710.97600001,1555910127.2063999,0,14872245.043200001,1,1,1,3
8,4,4,ok,1806336,1675853276.7744,133177540.608,1528169807.872,0,14505928.294400003,2,1,2,1
8,4,5,ok,1580544,1737789129.984,135258439.67999998,1577062168.3200002,0,25468521.984000001,5,1,1,1
8,4,6,ok,1225728,1706338083.2255998,135555710.97600001,1555910127.2063999,0,14872245.043200001,2,1,1,3
8,4,7,ok,1032192,1680042423.0911999,133177540.60799998,1529734853.4271998,0,17130029.056000002,1,1,1,7
8,4,8,ok,903168,1676300107.7760003,133177540.608,1527857030.7584002,0,15265536.409600001,2,1,1,4
8,4,9,ok,831744,1742991421.5936,137976348.67199999,1586181561.2927999,0,18833511.628800001,1,1,3,3
8,4,10,ok,790272,1738219362.0480001,135258439.67999998,1577465425.6640003,0,25495496.704000004,5,1,2,1
8,4,11,ok,677376,1764886768.128,137339338.75199997,1580827076.5056,0,46720352.870400004,11,1,1,1
8,4,12,ok,612864,1708639812.4032001,135555710.97600001,1556347363.7375998,0,16736737.689600002,2,2,1,3
8,4,13,ok,677376,1821439137.0240002,135258439.68000001,1632313190.1440003,0,53867507.199999996,13,1,1,1
8,4,14,ok,516096,1680042423.0911999,133177540.60799998,1529734853.4271998,0,17130029.056000002,2,1,1,7
8,4,15,ok,516096,1805799776.2559998,142690222.07999998,1640094719.9999998,0,23014834.176000003,1,1,1,15
8,4,16,ok,451584,1679369080.0128002,133177540.608,1528440012.8000002,0,17751526.604800001,2,2,1,4
8,8,1,ok,14450688,3350492479.4880004,266355081.21599999,3056506647.3472004,0,27630750.924800001,1,1,1,1
8,8,2,ok,7225344,3350172067.4304004,266355081.21599999,3056048124.7232003,0,27768861.4912,1,1,2,1
8,8,3,ok,4902912,3410374437.2735996,271111421.95200002,3111383017.8815994,0,27879997.440000001,1,1,1,3
8,8,4,ok,3612672,3349531243.3152003,266355081.21599999,3055131079.4752002,0,28045082.624000002,1,1,1,4
8,8,5,ok,3161088,3474354960.3839998,270516879.35999995,3153532245.5040002,0,50305835.520000003,5,1,1,1
8,8,6,ok,2451456,3410374437.2735996,271111421.95200002,3111383017.8815994,0,27879997.440000001,2,1,1,3
8,8,7,ok,2064384,3354714144.7679992,266355081.21599996,3058449488.281599,0,29909575.270400006,1,1,1,7
8,8,8,ok,1806336,3349531243.3152003,266355081.21599999,3055131079.4752002,0,28045082.624000002,2,1,1,4
8,8,9,ok,1663488,3479077655.6543994,275952697.34399998,3171051412.9919996,0,32073545.318400003,1,1,3,3
8,8,10,ok,1580544,3473992124.9280005,270516879.35999995,3153746669.0560007,0,49728576.512000002,5,1,2,1
8,8,11,ok,1354752,3528531416.6784,274678677.50399995,3161052952.7807999,0,92799786.393600017,11,1,1,1
8,8,12,ok,1225728,3412676166.4511995,271111421.95200002,3111820254.4127998,0,29744490.086400002,2,2,1,3
8,8,13,ok,1354752,3641654974.4640007,270516879.36000001,3264034289.1520004,0,107103805.95200001,13,1,1,1
8,8,14,ok,1032192,3354714144.7679992,266355081.21599996,3058449488.281599,0,29909575.270400006,2,1,1,7
8,8,15,ok,1032192,3600090906.6239996,285380444.15999997,3278003257.3439994,0,36707205.120000005,1,1,1,15
8,8,16,ok,903168,3352600215.5520005,266355081.21599999,3055714061.5168004,0,30531072.819200002,2,2,1,4
8,16,1,ok,28901376,6700217715.9168005,532710162.43199998,6112867549.184,0,54640004.300800003,1,1,1,1
8,16,2,ok,14450688,6698809648.7424002,532710162.43199998,6111804758.4256001,0,54294727.884800002,1,1,2,1
8,16,3,ok,9805824,6818447145.3696003,542222843.90400004,6222328799.2320004,0,53895502.233600006,1,1,1,3
8,16,4,ok,7225344,6695993514.3936005,532710162.43199998,6109679176.9088001,0,53604175.0528,1,1,1,4
8,16,5,ok,6322176,6947486621.184,541033758.71999991,6306472399.8719997,0,99980462.592000008,5,1,1,1
8,16,6,ok,4902912,6818447145.3696003,542222843.90400004,6222328799.2320004,0,53895502.233600006,2,1,1,3
8,16,7,ok,4128768,6704057588.1215992,532710162.43199992,6115878757.9903994,0,55468667.699200004,1,1,1,7
8,16,8,ok,3612672,6695993514.3936005,532710162.43199998,6109679176.9088001,0,53604175.0528,2,1,1,4
8,16,9,ok,3326976,6951250123.776,551905394.68799996,6340791116.3903999,0,58553612.6976,1,1,3,3
8,16,10,ok,3161088,6945537650.6880007,541033758.71999991,6306309155.8400011,0,98194736.128000006,5,1,2,1
8,16,11,ok,2709504,7055820713.7791996,549357355.0079999,6321504705.3311996,0,184958653.44,11,1,1,1
8,16,12,ok,2451456,6820748874.5471992,542222843.90400004,6222766035.7631989,0,55759994.880000003,2,2,1,3
8,16,13,ok,2709504,7282086649.3440008,541033758.72000003,6527476487.1680002,0,213576403.456,13,1,1,1
8,16,14,ok,2064384,6704057588.1215992,532710162.43199992,6115878757.9903994,0,55468667.699200004,2,1,1,7
8,16,15,ok,2064384,7188673167.3599987,570760888.31999993,6553820332.0319986,0,64091947.008000009,1,1,1,15
8,16,16,ok,1806336,6699062486.6304007,532710162.43199998,6110262158.9504004,0,56090165.248000003,2,2,1,4
8,32,1,ok,57802752,13399668188.774401,1065420324.864,12225589352.857601,0,108658511.0528,1,1,1,1
8,32,2,ok,28901376,13396084811.366402,1065420324.864,12223318025.8304,0,107346460.67200001,1,1,2,1
8,32,3,ok,19611648,13634592561.561602,1084445687.8080001,12444220361.9328,0,105926511.82080001,1,1,1,3
8,32,4,ok,14450688,13388918056.550402,1065420324.864,12218775371.776001,0,104722359.9104,1,1,1,4
8,32,5,ok,12644352,13893749942.784002,1082067517.4399998,12612352708.608002,0,199329716.736,5,1,1,1
8,32,6,ok,9805824,13634592561.561602,1084445687.8080001,12444220361.9328,0,105926511.82080001,2,1,1,3
8,32,7,ok,8257536,13402744474.828796,1065420324.8639998,12230737297.407997,0,106586852.55680001,1,1,1,7
8,32,8,ok,7225344,13388918056.550402,1065420324.864,12218775371.776001,0,104722359.9104,2,1,1,4
8,32,9,ok,6653952,13895595060.019199,1103810789.3759999,12680270523.187199,0,111513747.456,1,1,3,3
8,32,10,ok,6322176,13888628702.208002,1082067517.4399998,12611434129.408001,0,195127055.36000001,5,1,2,1
8,32,11,ok,5419008,13826056273.92,1098714710.0159998,12609091920.691198,0,118249643.21280003,1,11,1,1
8,32,12,ok,4902912,13636894290.739201,1084445687.8080001,12444657598.464001,0,107791004.46720001,2,2,1,3
8,32,13,ok,5419008,14562949999.103998,1082067517.4400001,13054360883.199999,0,426521598.46399999,13,1,1,1
8,32,14,ok,4128768,13402744474.828796,1065420324.8639998,12230737297.407997,0,106586852.55680001,2,1,1,7
8,32,15,ok,4128768,14365837688.831999,1141521776.6399999,13105454481.407999,0,118861430.78400001,1,1,1,15
8,32,16,ok,3612672,13391987028.787201,1065420324.864,12219358353.8176,0,107208350.1056,2,2,1,4
8,64,1,ok,115605504,26798569134.489601,2130840649.7279999,24451032960.2048,0,216695524.55680001,1,1,1,1
8,64,2,ok,57802752,26790635136.614399,2130840649.7279999,24446344560.639999,0,213449926.2464,1,1,2,1
8,64,3,ok,39223296,27266883393.945595,2168891375.6160002,24888003487.334396,0,209988530.99520001,1,1,1,3
8,64,4,ok,28901376,26774767140.864002,2130840649.7279999,24436967761.510403,0,206958729.62560001,1,1,1,4
8,64,5,ok,23482368,27220353761.280003,2164135034.8799996,24833661054.976006,0,222557671.42399999,1,5,1,1
8,64,6,ok,19611648,27266883393.945595,2168891375.6160002,24888003487.334396,0,209988530.99520001,2,1,1,3
8,64,7,ok,16515072,26800118248.243195,2130840649.7279997,24460454376.243195,0,208823222.27200004,1,1,1,7
8,64,8,ok,14450688,26774767140.864002,2130840649.7279999,24436967761.510403,0,206958729.62560001,2,1,1,4
8,64,9,ok,13307904,27784284932.5056,2207621578.7519999,25359229336.7808,0,217434016.97280002,1,1,3,3
8,64,10,ok,11741184,27215352778.752003,2164135034.8799996,24829480103.936005,0,221737639.93600005,1,5,2,1
8,64,11,ok,10838016,27643672874.188805,2197429420.0319996,25216580640.768002,0,229662813.38880005,1,11,1,1
8,64,12,ok,9805824,27269185123.123203,2168891375.6160002,24888440723.865601,0,211853023.64160001,2,2,1,3
8,64,13,ok,9031680,27226491705.753597,2164135034.8800001,24834827019.059196,0,227529651.81440002,1,13,1,1
8,64,14,ok,8257536,26800118248.243195,2130840649.7279997,24460454376.243195,0,208823222.27200004,2,1,1,7
8,64,15,ok,7967232,27702099399.168003,2202780303.3599997,25278620656.128002,0,220698439.68000001,1,5,1,3
8,64,16,ok,7225344,26777836113.100803,2130840649.7279999,24437550743.552002,0,209444719.82080001,2,2,1,4
9,1,1,ok,1806336,419482897.6128,33294385.151999999,382190858.24000001,0,3997654.2208000002,1,1,1,1
9,1,2,ok,903168,419482897.6128,33294385.151999999,382190858.24000001,0,3997654.2208000002,2,1,1,1
9,1,3,ok,612864,428310817.68959999,33888927.744000003,389305459.19999999,0,5116430.7456,1,1,1,3
9,1,4,ok,451584,420114183.78240001,33294385.151999999,382261070.23360002,0,4558728.3968000002,2,1,2,1
9,1,5,ok,395136,435364757.18400007,33814609.919999994,394709610.4320001,0,6840536.8320000004,5,1,1,1
9,1,6,ok,306432,428310817.68959999,33888927.744000003,389305459.19999999,0,5116430.7456,2,1,1,3
9,1,7,ok,258048,424038631.83359993,33294385.151999995,383198877.28639996,0,7545369.3952000011,1,1,1,7
9,1,8,ok,225792,421376756.12160003,33294385.151999999,382401494.22080004,0,5680876.7488000002,2,1,1,4
9,1,9,ok,207936,440926746.04799998,34494087.167999998,397529172.51840001,0,8903486.3616000004,1,1,3,3
9,1,10,ok,197568,436588056.76800001,33814609.919999994,395301701.56800002,0,7471745.2800000003,5,1,2,1
9,1,11,ok,169344,442218067.73760003,34334834.687999994,395390126.7712,0,12493106.278400002,11,1,1,1
9,1,12,ok,153216,430612546.86720002,33888927.744000003,389742695.73119998,0,6980923.3920000009,2,1,2,3
9,1,13,ok,169344,456426979.00799996,33814609.920000002,408279334.02879995,0,14333035.0592,13,1,1,1
9,1,14,ok,129024,424038631.83359993,33294385.151999995,383198877.28639996,0,7545369.3952000011,2,1,1,7
9,1,15,ok,129024,460081428.4799999,35672555.519999996,411663316.99199992,0,12745555.968,1,1,1,15
9,1,16,ok,112896,424445728.35840005,33294385.151999999,382984476.26240003,0,8166866.9440000001,2,1,2,4
9,2,1,ok,3612672,838198552.16640007,66588770.303999998,764235970.96960008,0,7373810.8928000014,1,1,1,1
9,2,2,ok,1806336,838198552.16640007,66588770.303999998,764235970.96960008,0,7373810.8928000014,2,1,1,1
9,2,3,ok,1225728,854319906.20160007,67777855.488000005,778173681.86879992,0,8368368.844800001,1,1,1,3
9,2,4,ok,903168,838693881.44640005,66588770.303999998,764230649.44640005,0,7874461.6960000005,2,1,2,1
9,2,5,ok,790272,869506214.78400004,67629219.839999989,788827129.72800016,0,13049865.216000002,5,1,1,1
9,2,6,ok,612864,854319906.20160007,67777855.488000005,778173681.86879992,0,8368368.844800001,2,1,1,3
9,2,7,ok,516096,842706562.25279999,66588770.30399999,765377535.99999988,0,10740255.948800001,1,1,1,7
9,2,8,ok,451584,839684540.00640011,66588770.303999998,764220006.4000001,0,8875763.3024000004,2,1,1,4
9,2,9,ok,415872,874948304.5632,68988174.335999995,793746635.44319999,0,12213494.784,1,1,3,3
9,2,10,ok,395136,870729514.36800015,67629219.839999989,789419220.8640002,0,13681073.664000001,5,1,2,1
9,2,11,ok,338688,883194015.89759994,68669669.375999987,790179053.31199992,0,24345293.209600002,11,1,1,1
9,2,12,ok,306432,856621635.37919998,67777855.488000005,778610918.39999998,0,10232861.4912,2,2,1,3
9,2,13,ok,338688,911630658.43199992,67629219.840000004,815966576.9216001,0,28034861.670400005,13,1,1,1
9,2,14,ok,258048,842706562.25279999,66588770.30399999,765377535.99999988,0,10740255.948800001,2,1,1,7
9,2,15,ok,258048,908654211.07199991,71345111.039999992,821140451.32799983,0,16168648.704000002,1,1,1,15
9,2,16,ok,225792,842753512.24320006,66588770.303999998,764802988.44160008,0,11361753.4976,2,2,1,4
9,4,1,ok,7225344,1675629861.2736001,133177540.608,1528326196.4288001,0,14126124.2368,1,1,1,1
9,4,2,ok,3612672,1675629861.2736001,133177540.608,1528326196.4288001,0,14126124.2368,2,1,1,1
9,4,3,ok,2451456,1706338083.2255998,135555710.97600001,1555910127.2063999,0,14872245.043200001,1,1,1,3
9,4,4,ok,1806336,1675853276.7744,133177540.608,1528169807.872,0,14505928.294400003,2,1,2,1
9,4,5,ok,1580544,1737789129.984,135258439.67999998,1577062168.3200002,0,25468521.984000001,5,1,1,1
9,4,6,ok,1225728,1706338083.2255998,135555710.97600001,1555910127.2063999,0,14872245.043200001,2,1,1,3
9,4,7,ok,1032192,1680042423.0911999,133177540.60799998,1529734853.4271998,0,17130029.056000002,1,1,1,7
9,4,8,ok,903168,1676300107.7760003,133177540.608,1527857030.7584002,0,15265536.409600001,2,1,1,4
9,4,9,ok,831744,1742991421.5936,137976348.67199999,1586181561.2927999,0,18833511.628800001,1,1,3,3
9,4,10,ok,790272,1738219362.0480001,135258439.67999998,1577465425.6640003,0,25495496.704000004,5,1,2,1
9,4,11,ok,677376,1764886768.128,137339338.75199997,1580827076.5056,0,46720352.870400004,11,1,1,1
9,4,12,ok,612864,1708639812.4032001,135555710.97600001,1556347363.7375998,0,16736737.689600002,2,2,1,3
9,4,13,ok,677376,1821439137.0240002,135258439.68000001,1632313190.1440003,0,53867507.199999996,13,1,1,1
9,4,14,ok,516096,1680042423.0911999,133177540.60799998,1529734853.4271998,0,17130029.056000002,2,1,1,7
9,4,15,ok,516096,1805799776.2559998,142690222.07999998,1640094719.9999998,0,23014834.176000003,1,1,1,15
9,4,16,ok,451584,1679369080.0128002,133177540.608,1528440012.8000002,0,17751526.604800001,2,2,1,4
9,8,1,ok,14450688,3350492479.4880004,266355081.21599999,3056506647.3472004,0,27630750.924800001,1,1,1,1
9,8,2,ok,7225344,3350172067.4304004,266355081.21599999,3056048124.7232003,0,27768861.4912,1,1,2,1
9,8,3,ok,4902912,3410374437.2735996,271111421.95200002,3111383017.8815994,0,27879997.440000001,1,1,1,3
9,8,4,ok,3612672,3349531243.3152003,266355081.21599999,3055131079.4752002,0,28045082.624000002,1,1,1,4
9,8,5,ok,3161088,3474354960.3839998,270516879.35999995,3153532245.5040002,0,50305835.520000003,5,1,1,1
9,8,6,ok,2451456,3410374437.2735996,271111421.95200002,3111383017.8815994,0,27879997.440000001,2,1,1,3
9,8,7,ok,2064384,3354714144.7679992,266355081.21599996,3058449488.281599,0,29909575.270400006,1,1,1,7
9,8,8,ok,1806336,3349531243.3152003,266355081.21599999,3055131079.4752002,0,28045082.624000002,2,1,1,4
9,8,9,ok,1663488,3479077655.6543994,275952697.34399998,3171051412.9919996,0,32073545.318400003,1,1,3,3
9,8,10,ok,1580544,3473992124.9280005,270516879.35999995,3153746669.0560007,0,49728576.512000002,5,1,2,1
9,8,11,ok,1354752,3528531416.6784,274678677.50399995,3161052952.7807999,0,92799786.393600017,11,1,1,1
9,8,12,ok,1225728,3412676166.4511995,271111421.95200002,3111820254.4127998,0,29744490.086400002,2,2,1,3
9,8,13,ok,1354752,3641654974.4640007,270516879.36000001,3264034289.1520004,0,107103805.95200001,13,1,1,1
9,8,14,ok,1032192,3354714144.7679992,266355081.21599996,3058449488.281599,0,29909575.270400006,2,1,1,7
9,8,15,ok,1032192,3600090906.6239996,285380444.15999997,3278003257.3439994,0,36707205.120000005,1,1,1,15
9,8,16,ok,903168,3352600215.5520005,266355081.21599999,3055714061.5168004,0,30531072.819200002,2,2,1,4
9,16,1,ok,28901376,6700217715.9168005,532710162.43199998,6112867549.184,0,54640004.300800003,1,1,1,1
9,16,2,ok,14450688,6698809648.7424002,532710162.43199998,6111804758.4256001,0,54294727.884800002,1,1,2,1
9,16,3,ok,9805824,6818447145.3696003,542222843.90400004,6222328799.2320004,0,53895502.233600006,1,1,1,3
9,16,4,ok,7225344,6695993514.3936005,532710162.43199998,6109679176.9088001,0,53604175.0528,1,1,1,4
9,16,5,ok,6322176,6947486621.184,541033758.71999991,6306472399.8719997,0,99980462.592000008,5,1,1,1
9,16,6,ok,4902912,6818447145.3696003,542222843.90400004,6222328799.2320004,0,53895502.233600006,2,1,1,3
9,16,7,ok,4128768,6704057588.1215992,532710162.43199992,6115878757.9903994,0,55468667.699200004,1,1,1,7
9,16,8,ok,3612672,6695993514.3936005,532710162.43199998,6109679176.9088001,0,53604175.0528,2,1,1,4
9,16,9,ok,3326976,6951250123.776,551905394.68799996,6340791116.3903999,0,58553612.6976,1,1,3,3
9,16,10,ok,3161088,6945537650.6880007,541033758.71999991,6306309155.8400011,0,98194736.128000006,5,1,2,1
9,16,11,ok,2709504,7055820713.7791996,549357355.0079999,6321504705.3311996,0,184958653.44,11,1,1,1
9,16,12,ok,2451456,6820748874.5471992,542222843.90400004,6222766035.7631989,0,55759994.880000003,2,2,1,3
9,16,13,ok,2709504,7282086649.3440008,541033758.72000003,6527476487.1680002,0,213576403.456,13,1,1,1
9,16,14,ok,2064384,6704057588.1215992,532710162.43199992,6115878757.9903994,0,55468667.699200004,2,1,1,7
9,16,15,ok,2064384,7188673167.3599987,570760888.31999993,6553820332.0319986,0,64091947.008000009,1,1,1,15
9,16,16,ok,1806336,6699062486.6304007,532710162.43199998,6110262158.9504004,0,56090165.248000003,2,2,1,4
9,32,1,ok,57802752,13399668188.774401,1065420324.864,12225589352.857601,0,108658511.0528,1,1,1,1
9,32,2,ok,28901376,13396084811.366402,1065420324.864,12223318025.8304,0,107346460.67200001,1,1,2,1
9,32,3,ok,19611648,13634592561.561602,1084445687.8080001,12444220361.9328,0,105926511.82080001,1,1,1,3
9,32,4,ok,14450688,13388918056.550402,1065420324.864,12218775371.776001,0,104722359.9104,1,1,1,4
9,32,5,ok,12644352,13893749942.784002,1082067517.4399998,12612352708.608002,0,199329716.736,5,1,1,1
9,32,6,ok,9805824,13634592561.561602,1084445687.8080001,12444220361.9328,0,105926511.82080001,2,1,1,3
9,32,7,ok,8257536,13402744474.828796,1065420324.8639998,12230737297.407997,0,106586852.55680001,1,1,1,7
9,32,8,ok,7225344,13388918056.550402,1065420324.864,12218775371.776001,0,104722359.9104,2,1,1,4
9,32,9,ok,6653952,13895595060.019199,1103810789.3759999,12680270523.187199,0,111513747.456,1,1,3,3
9,32,10,ok,6322176,13888628702.208002,1082067517.4399998,12611434129.408001,0,195127055.36000001,5,1,2,1
9,32,11,ok,5419008,13826056273.92,1098714710.0159998,12609091920.691198,0,118249643.21280003,1,11,1,1
9,32,12,ok,4902912,13636894290.739201,1084445687.8080001,12444657598.464001,0,107791004.46720001,2,2,1,3
9,32,13,ok,5419008,14562949999.103998,1082067517.4400001,13054360883.199999,0,426521598.46399999,13,1,1,1
9,32,14,ok,4128768,13402744474.828796,1065420324.8639998,12230737297.407997,0,106586852.55680001,2,1,1,7
9,32,15,ok,4128768,14365837688.831999,1141521776.6399999,13105454481.407999,0,118861430.78400001,1,1,1,15
9,32,16,ok,3612672,13391987028.787201,1065420324.864,12219358353.8176,0,107208350.1056,2,2,1,4
9,64,1,ok,115605504,26798569134.489601,2130840649.7279999,24451032960.2048,0,216695524.55680001,1,1,1,1
9,64,2,ok,57802752,26790635136.614399,2130840649.7279999,24446344560.639999,0,213449926.2464,1,1,2,1
9,64,3,ok,39223296,27266883393.945595,2168891375.6160002,24888003487.334396,0,209988530.99520001,1,1,1,3
9,64,4,ok,28901376,26774767140.864002,2130840649.7279999,24436967761.510403,0,206958729.62560001,1,1,1,4
9,64,5,ok,23482368,27220353761.280003,2164135034.8799996,24833661054.976006,0,222557671.42399999,1,5,1,1
9,64,6,ok,19611648,27266883393.945595,2168891375.6160002,24888003487.334396,0,209988530.99520001,2,1,1,3
9,64,7,ok,16515072,26800118248.243195,2130840649.7279997,24460454376.243195,0,208823222.27200004,1,1,1,7
9,64,8,ok,14450688,26774767140.864002,2130840649.7279999,24436967761.510403,0,206958729.62560001,2,1,1,4
9,64,9,ok,13307904,27784284932.5056,2207621578.7519999,25359229336.7808,0,217434016.97280002,1,1,3,3
9,64,10,ok,11741184,27215352778.752003,2164135034.8799996,24829480103.936005,0,221737639.93600005,1,5,2,1
9,64,11,ok,10838016,27643672874.188805,2197429420.0319996,25216580640.768002,0,229662813.38880005,1,11,1,1
9,64,12,ok,9805824,27269185123.123203,2168891375.6160002,24888440723.865601,0,211853023.64160001,2,2,1,3
9,64,13,ok,9031680,27226491705.753597,2164135034.8800001,24834827019.059196,0,227529651.81440002,1,13,1,1
9,64,14,ok,8257536,26800118248.243195,2130840649.7279997,24460454376.243195,0,208823222.27200004,2,1,1,7
9,64,15,ok,7967232,27702099399.168003,2202780303.3599997,25278620656.128002,0,220698439.68000001,1,5,1,3
9,64,16,ok,7225344,26777836113.100803,2130840649.7279999,24437550743.552002,0,209444719.82080001,2,2,1,4
10,1,1,ok,12544,70085.836800000005,70085.836800000005,0,0,0,1,1,1,1
10,1,2,ok,6272,70085.836800000005,70085.836800000005,0,0,0,1,1,1,2
10,1,3,ok,4214,70633.382400000002,70633.382400000002,0,0,0,3,1,1,1
10,1,4,ok,3136,70085.836800000005,70085.836800000005,0,0,0,2,1,1,2
10,1,5,ok,2548,71180.928,71180.928,0,0,0,5,1,1,1
10,1,6,ok,2107,70633.382400000002,70633.382400000002,0,0,0,3,1,1,2
10,1,7,ok,1792,70085.83679999999,70085.83679999999,0,0,0,1,1,1,7
10,1,8,ok,1568,70085.836800000005,70085.836800000005,0,0,0,2,1,2,2
10,1,9,ok,1421,71454.700800000006,71454.700800000006,0,0,0,9,1,1,1
10,1,10,ok,1274,71180.928,71180.928,0,0,0,5,1,1,2
10,1,11,ok,1176,72276.019199999995,72276.019199999995,0,0,0,11,1,1,1
10,1,12,ok,1054,70633.382400000002,70633.382400000002,0,0,0,3,1,2,2
10,1,13,ok,980,71180.928,71180.928,0,0,0,13,1,1,1
10,1,14,ok,896,70085.83679999999,70085.83679999999,0,0,0,2,1,1,7
10,1,15,ok,882,73918.656000000003,73918.656000000003,0,0,0,15,1,1,1
10,1,16,ok,784,70085.836800000005,70085.836800000005,0,0,0,4,1,2,2
10,2,1,ok,25088,140171.67360000001,140171.67360000001,0,0,0,1,1,1,1
10,2,2,ok,12544,140171.67360000001,140171.67360000001,0,0,0,1,1,1,2
10,2,3,ok,8428,141266.7648,141266.7648,0,0,0,3,1,1,1
10,2,4,ok,6272,140171.67360000001,140171.67360000001,0,0,0,1,2,1,2
10,2,5,ok,5096,142361.856,142361.856,0,0,0,5,1,1,1
10,2,6,ok,4214,141266.7648,141266.7648,0,0,0,3,1,1,2
10,2,7,ok,3584,140171.67359999998,140171.67359999998,0,0,0,1,1,1,7
10,2,8,ok,3136,140171.67360000001,140171.67360000001,0,0,0,1,2,2,2
10,2,9,ok,2842,142909.40160000001,142909.40160000001,0,0,0,9,1,1,1
10,2,10,ok,2548,142361.856,142361.856,0,0,0,5,1,1,2
10,2,11,ok,2352,144552.03839999999,144552.03839999999,0,0,0,11,1,1,1
10,2,12,ok,2107,141266.7648,141266.7648,0,0,0,3,1,2,2
10,2,13,ok,1960,142361.856,142361.856,0,0,0,13,1,1,1
10,2,14,ok,1792,140171.67359999998,140171.67359999998,0,0,0,1,2,1,7
10,2,15,ok,1764,147837.31200000001,147837.31200000001,0,0,0,15,1,1,1
10,2,16,ok,1568,140171.67360000001,140171.67360000001,0,0,0,2,2,2,2
10,4,1,ok,50176,280343.34720000002,280343.34720000002,0,0,0,1,1,1,1
10,4,2,ok,25088,280343.34720000002,280343.34720000002,0,0,0,1,1,1,2
10,4,3,ok,16856,282533.52960000001,282533.52960000001,0,0,0,3,1,1,1
10,4,4,ok,12544,280343.34720000002,280343.34720000002,0,0,0,1,2,1,2
10,4,5,ok,10192,284723.712,284723.712,0,0,0,5,1,1,1
10,4,6,ok,8428,282533.52960000001,282533.52960000001,0,0,0,3,1,1,2
10,4,7,ok,7168,280343.34719999996,280343.34719999996,0,0,0,1,1,1,7
10,4,8,ok,6272,280343.34720000002,280343.34720000002,0,0,0,1,2,2,2
10,4,9,ok,5684,285818.80320000002,285818.80320000002,0,0,0,9,1,1,1
10,4,10,ok,5096,284723.712,284723.712,0,0,0,5,1,1,2
10,4,11,ok,4704,289104.07679999998,289104.07679999998,0,0,0,11,1,1,1
10,4,12,ok,4214,282533.52960000001,282533.52960000001,0,0,0,3,1,2,2
10,4,13,ok,3920,284723.712,284723.712,0,0,0,13,1,1,1
10,4,14,ok,3584,280343.34719999996,280343.34719999996,0,0,0,1,2,1,7
10,4,15,ok,3528,295674.62400000001,295674.62400000001,0,0,0,15,1,1,1
10,4,16,ok,3136,280343.34720000002,280343.34720000002,0,0,0,2,2,2,2
10,8,1,ok,100352,560686.69440000004,560686.69440000004,0,0,0,1,1,1,1
10,8,2,ok,50176,560686.69440000004,560686.69440000004,0,0,0,1,1,1,2
10,8,3,ok,33712,565067.05920000002,565067.05920000002,0,0,0,3,1,1,1
10,8,4,ok,25088,560686.69440000004,560686.69440000004,0,0,0,1,2,1,2
10,8,5,ok,20384,569447.424,569447.424,0,0,0,5,1,1,1
10,8,6,ok,16856,565067.05920000002,565067.05920000002,0,0,0,3,1,1,2
10,8,7,ok,14336,560686.69439999992,560686.69439999992,0,0,0,1,1,1,7
10,8,8,ok,12544,560686.69440000004,560686.69440000004,0,0,0,1,2,2,2
10,8,9,ok,11368,571637.60640000005,571637.60640000005,0,0,0,9,1,1,1
10,8,10,ok,10192,569447.424,569447.424,0,0,0,5,1,1,2
10,8,11,ok,9408,578208.15359999996,578208.15359999996,0,0,0,11,1,1,1
10,8,12,ok,8428,565067.05920000002,565067.05920000002,0,0,0,3,1,2,2
10,8,13,ok,7840,569447.424,569447.424,0,0,0,13,1,1,1
10,8,14,ok,7168,560686.69439999992,560686.69439999992,0,0,0,1,2,1,7
10,8,15,ok,7056,591349.24800000002,591349.24800000002,0,0,0,15,1,1,1
10,8,16,ok,6272,560686.69440000004,560686.69440000004,0,0,0,2,2,2,2
10,16,1,ok,200704,1121373.3888000001,1121373.3888000001,0,0,0,1,1,1,1
10,16,2,ok,100352,1121373.3888000001,1121373.3888000001,0,0,0,1,1,1,2
10,16,3,ok,67424,1130134.1184,1130134.1184,0,0,0,3,1,1,1
10,16,4,ok,50176,1121373.3888000001,1121373.3888000001,0,0,0,1,2,1,2
10,16,5,ok,40768,1138894.848,1138894.848,0,0,0,5,1,1,1
10,16,6,ok,33712,1130134.1184,1130134.1184,0,0,0,3,1,1,2
10,16,7,ok,28672,1121373.3887999998,1121373.3887999998,0,0,0,1,1,1,7
10,16,8,ok,25088,1121373.3888000001,1121373.3888000001,0,0,0,1,2,2,2
10,16,9,ok,22736,1143275.2128000001,1143275.2128000001,0,0,0,9,1,1,1
10,16,10,ok,20384,1138894.848,1138894.848,0,0,0,5,1,1,2
10,16,11,ok,18816,1156416.3071999999,1156416.3071999999,0,0,0,11,1,1,1
10,16,12,ok,16856,1130134.1184,1130134.1184,0,0,0,3,1,2,2
10,16,13,ok,15680,1138894.848,1138894.848,0,0,0,13,1,1,1
10,16,14,ok,14336,1121373.3887999998,1121373.3887999998,0,0,0,1,2,1,7
10,16,15,ok,14112,1182698.496,1182698.496,0,0,0,15,1,1,1
10,16,16,ok,12544,1121373.3888000001,1121373.3888000001,0,0,0,2,2,2,2
10,32,1,ok,401408,2242746.7776000001,2242746.7776000001,0,0,0,1,1,1,1
10,32,2,ok,200704,2242746.7776000001,2242746.7776000001,0,0,0,1,1,1,2
10,32,3,ok,134848,2260268.2368000001,2260268.2368000001,0,0,0,3,1,1,1
10,32,4,ok,100352,2242746.7776000001,2242746.7776000001,0,0,0,1,2,1,2
10,32,5,ok,81536,2277789.696,2277789.696,0,0,0,5,1,1,1
10,32,6,ok,67424,2260268.2368000001,2260268.2368000001,0,0,0,3,1,1,2
10,32,7,ok,57344,2242746.7775999997,2242746.7775999997,0,0,0,1,1,1,7
10,32,8,ok,50176,2242746.7776000001,2242746.7776000001,0,0,0,1,2,2,2
10,32,9,ok,45472,2286550.4256000002,2286550.4256000002,0,0,0,9,1,1,1
10,32,10,ok,40768,2277789.696,2277789.696,0,0,0,5,1,1,2
10,32,11,ok,37632,2312832.6143999998,2312832.6143999998,0,0,0,1,11,1,1
10,32,12,ok,33712,2260268.2368000001,2260268.2368000001,0,0,0,3,1,2,2
10,32,13,ok,31360,2277789.696,2277789.696,0,0,0,13,1,1,1
10,32,14,ok,28672,2242746.7775999997,2242746.7775999997,0,0,0,1,2,1,7
10,32,15,ok,28028,2348970.6239999998,2348970.6239999998,0,0,0,5,3,1,1
10,32,16,ok,25088,2242746.7776000001,2242746.7776000001,0,0,0,2,2,2,2
10,64,1,ok,802816,4485493.5552000003,4485493.5552000003,0,0,0,1,1,1,1
10,64,2,ok,401408,4485493.5552000003,4485493.5552000003,0,0,0,1,1,1,2
10,64,3,ok,269696,4520536.4736000001,4520536.4736000001,0,0,0,3,1,1,1
10,64,4,ok,200704,4485493.5552000003,4485493.5552000003,0,0,0,1,2,1,2
10,64,5,ok,163072,4555579.392,4555579.392,0,0,0,1,5,1,1
10,64,6,ok,134848,4520536.4736000001,4520536.4736000001,0,0,0,3,1,1,2
10,64,7,ok,114688,4485493.5551999994,4485493.5551999994,0,0,0,1,1,1,7
10,64,8,ok,100352,4485493.5552000003,4485493.5552000003,0,0,0,1,2,2,2
10,64,9,ok,90944,4573100.8512000004,4573100.8512000004,0,0,0,9,1,1,1
10,64,10,ok,81536,4555579.392,4555579.392,0,0,0,1,5,1,2
10,64,11,ok,75264,4625665.2287999997,4625665.2287999997,0,0,0,1,11,1,1
10,64,12,ok,67424,4520536.4736000001,4520536.4736000001,0,0,0,3,1,2,2
10,64,13,ok,62720,4555579.392,4555579.392,0,0,0,1,13,1,1
10,64,14,ok,57344,4485493.5551999994,4485493.5551999994,0,0,0,1,2,1,7
10,64,15,ok,54782,4591169.8560000006,4591169.8560000006,0,0,0,3,5,1,1
10,64,16,ok,50176,4485493.5552000003,4485493.5552000003,0,0,0,2,2,2,2
11,1,1,ok,903168,210314496.61440003,16647192.575999999,190993029.93920001,0,2674274.0992000001,1,1,1,1
11,1,2,ok,451584,210824334.95040002,16647192.575999999,191276280.62720001,0,2900861.7472000001,2,1,1,1
11,1,3,ok,310464,216151092.91439998,16679706.623999998,194391387.59279996,0,5079998.6976000005,3,1,1,1
11,1,4,ok,225792,210824334.95040002,16647192.575999999,191276280.62720001,0,2900861.7472000001,4,1,1,1
11,1,5,ok,183456,215421579.49200001,16744734.719999999,194102653.68400002,0,4574191.0880000005,5,1,1,1
11,1,6,ok,155232,217120626.1728,16777248.767999999,195251692.11840001,0,5091685.2864000006,6,1,1,1
11,1,7,ok,129024,220860031.79519999,16647192.575999998,194125912.06399998,0,10086927.155200001,1,1,1,7
11,1,8,ok,112896,212222864.17920002,16647192.575999999,191492238.13120002,0,4083433.4720000001,4,1,1,2
11,1,9,ok,112896,219307681.89360005,16679706.623999998,198590279.75280002,0,4037695.5168000003,9,1,1,1
11,1,10,ok,91728,219293680.73999998,16744734.719999999,196724476.65999997,0,5824469.3600000013,5,1,2,1
11,1,11,ok,84672,217106750.22960001,16809762.816,195458205.93199998,0,4838781.4815999996,11,1,1,1
11,1,12,ok,77616,221000246.06399998,16777248.767999999,197878606.01280001,0,6344391.2832000013,6,1,2,1
11,1,13,ok,70560,218048629.34400001,16907304.960000001,195777257.64480001,0,5364066.7391999997,13,1,1,1
11,1,14,ok,64512,221335880.90880001,16647192.575999998,194390279.37279999,0,10298408.960000001,2,1,1,7
11,1,15,ok,65520,235171400.99400005,17940787.199999999,209918443.81800002,0,7312169.9760000007,5,1,3,1
11,1,16,ok,56448,214126260.6336,16647192.575999999,192549707.3664,0,4929360.6912000002,8,1,1,2
11,2,1,ok,1806336,419094507.11040002,33294385.151999999,381694568.85760003,0,4105553.1008000001,1,1,1,1
11,2,2,ok,903168,420114183.78240001,33294385.151999999,382261070.23360002,0,4558728.3968000002,2,1,1,1
11,2,3,ok,620928,429888521.64959997,33359413.247999996,387614533.82879996,0,8914574.5728000011,3,1,1,1
11,2,4,ok,451584,420114183.78240001,33294385.151999999,382261070.23360002,0,4558728.3968000002,4,1,1,1
11,2,5,ok,366912,428420084.80799997,33489469.439999998,387032511.46399999,0,7898103.9040000001,5,1,1,1
11,2,6,ok,310464,431813473.17120004,33554497.535999998,389328311.05920005,0,8930664.5760000013,6,1,1,1
11,2,7,ok,258048,430978660.7615999,33294385.151999995,386211386.98239994,0,11472888.6272,1,1,1,7
11,2,8,ok,225792,421376756.12160003,33294385.151999999,382401494.22080004,0,5680876.7488000002,4,1,1,2
11,2,9,ok,225792,437077880.62560004,33359413.247999996,396888499.16640002,0,6829968.2112000007,9,1,1,1
11,2,10,ok,183456,430843158.98400003,33489469.439999998,388205307.36800003,0,9148382.1760000009,5,2,1,1
11,2,11,ok,169344,431781016.28640008,33619525.631999999,389739061.41280007,0,8422429.2416000012,11,1,1,1
11,2,12,ok,155232,434241252.34560001,33554497.535999998,390503384.23680001,0,10183370.572800001,6,2,1,1
11,2,13,ok,141120,433650659.51999998,33814609.920000002,390370333.0176,0,9465716.5823999997,13,1,1,1
11,2,14,ok,129024,431930358.98879993,33294385.151999995,386740121.5999999,0,11895852.2368,2,1,1,7
11,2,15,ok,131040,463073579.4600001,35881574.399999999,416318499.92400008,0,10873505.136000002,5,1,3,1
11,2,16,ok,112896,424445728.35840005,33294385.151999999,382984476.26240003,0,8166866.9440000001,4,2,1,2
11,4,1,ok,3612672,836654528.10240006,66588770.303999998,763097646.69440007,0,6968111.1040000003,1,1,1,1
11,4,2,ok,1806336,837781143.55200005,66588770.303999998,763162537.16480005,0,8029836.0832000002,1,1,1,2
11,4,3,ok,1241856,852573217.5072,66718826.495999992,770720825.6351999,0,15133565.376000002,3,1,1,1
11,4,4,ok,903168,838693881.44640005,66588770.303999998,764230649.44640005,0,7874461.6960000005,4,1,1,1
11,4,5,ok,733824,849932906.25599992,66978938.879999995,769616505.296,0,13337462.080000002,5,1,1,1
11,4,6,ok,620928,854035200.66240001,66718826.495999992,771662466.44159997,0,15653907.724800002,3,1,1,2
11,4,7,ok,516096,851215918.69439983,66588770.30399999,770382336.81919992,0,14244811.571200002,1,1,1,7
11,4,8,ok,451584,839684540.00640011,66588770.303999998,764220006.4000001,0,8875763.3024000004,4,1,1,2
11,4,9,ok,451584,872618278.08960021,66718826.495999992,793484937.99360001,0,12414513.600000001,9,1,1,1
11,4,10,ok,366912,851562912.91199994,66978938.879999995,770600467.40799999,0,13983506.624,5,1,1,2
11,4,11,ok,338688,856475491.1328001,67239051.263999999,774976029.3088001,0,14260410.559999999,11,1,1,1
11,4,12,ok,310464,857868221.8368001,67108995.071999997,775073139.03360009,0,15686087.731200002,6,1,1,2
11,4,13,ok,282240,859866553.72799993,67629219.840000004,776139325.31199992,0,16098008.575999999,13,1,1,1
11,4,14,ok,258048,853119315.1487999,66588770.30399999,771439806.05439985,0,15090738.790400002,2,1,1,7
11,4,15,ok,258048,923525701.63199985,71345111.039999992,827595829.24799979,0,24584761.344000001,1,1,1,15
11,4,16,ok,225792,842753512.24320006,66588770.303999998,764802988.44160008,0,11361753.4976,4,2,1,2
11,8,1,ok,7225344,1671774570.0864,133177540.608,1525903802.368,0,12693227.110400001,1,1,1,1
11,8,2,ok,3612672,1672493314.8672001,133177540.608,1525742092.2880001,0,13573681.9712,1,1,1,2
11,8,3,ok,2483712,1702732770.8351998,133437652.99199998,1540273409.9136,0,29021707.9296,3,1,1,1
11,8,4,ok,1806336,1675562287.1040001,133177540.608,1526325074.3296001,0,16059672.1664,1,2,1,2
11,8,5,ok,1467648,1697442738.336,133957877.75999999,1538060214.6879997,0,25424645.888,5,1,1,1
11,8,6,ok,1241856,1703243072.9663997,133437652.99199998,1540988450.1696,0,28816969.804800004,3,1,1,2
11,8,7,ok,1032192,1691690434.5599999,133177540.60799998,1538724236.4927998,0,19788657.459200002,1,1,1,7
11,8,8,ok,903168,1676300107.7760003,133177540.608,1527857030.7584002,0,15265536.409600001,4,1,1,2
11,8,9,ok,903168,1743699073.0176001,133437652.99199998,1586677815.648,0,23583604.377600003,9,1,1,1
11,8,10,ok,733824,1698279677.4719999,133957877.75999999,1538855343.0079999,0,25466456.704000004,5,1,1,2
11,8,11,ok,677376,1710518498.0928004,134478102.528,1548774708.1664002,0,27265687.398400001,11,1,1,1
11,8,12,ok,620928,1708070401.3248,133437652.99199998,1543324932.8831999,0,31307815.449600004,3,2,1,2
11,8,13,ok,564480,1717286508.2879999,135258439.68000001,1551094468.3519998,0,30933600.256000005,13,1,1,1
11,8,14,ok,516096,1695497227.4687998,133177540.60799998,1540839174.9631999,0,21480511.897600003,2,1,1,7
11,8,15,ok,516096,1824034111.4879997,142690222.07999998,1650819293.1839998,0,30524596.224000003,1,1,1,15
11,8,16,ok,451584,1679369080.0128002,133177540.608,1528440012.8000002,0,17751526.604800001,4,2,1,2
11,16,1,ok,14450688,3342014654.0544004,266355081.21599999,3051516113.7152004,0,24143459.123199999,1,1,1,1
11,16,2,ok,7225344,3341917657.4976001,266355081.21599999,3050901202.5344,0,24661373.747200001,1,1,1,2
11,16,3,ok,4967424,3403051877.4912,266875305.98399997,3079378578.4703999,0,56797993.036800005,3,1,1,1
11,16,4,ok,3612672,3344986629.7344003,266355081.21599999,3051484184.5760002,0,27147363.942400001,1,2,1,2
11,16,5,ok,2935296,3392462402.4959998,267915755.51999998,3074947633.4719996,0,49599013.504000008,5,1,1,1
11,16,6,ok,2483712,3401658817.5743999,266875305.98399997,3079640417.6255999,0,55143093.9648,3,1,1,2
11,16,7,ok,2064384,3372639466.2911997,266355081.21599996,3075408035.8399997,0,30876349.235200003,1,1,1,7
11,16,8,ok,1806336,3349531243.3152003,266355081.21599999,3055131079.4752002,0,28045082.624000002,4,1,1,2
11,16,9,ok,1806336,3485860662.8736005,266875305.98399997,3173063570.9568005,0,45921785.932800002,9,1,1,1
11,16,10,ok,1467648,3391713206.5919995,267915755.51999998,3075365094.2079997,0,48432356.864,5,1,1,2
11,16,11,ok,1354752,3418604512.0128002,268956205.05599999,3096372065.8816004,0,53276241.075199999,11,1,1,1
11,16,12,ok,1241856,3406486145.9327993,266875305.98399997,3081976900.3392,0,57633939.609600008,3,2,1,2
11,16,13,ok,1128960,3432126417.4080005,270516879.36000001,3101004754.4320002,0,60604783.615999997,13,1,1,1
11,16,14,ok,1032192,3380253052.1087995,266355081.21599996,3079637912.7807999,0,34260058.112000003,2,1,1,7
11,16,15,ok,1032192,3625050931.1999998,285380444.15999997,3297266221.0559998,0,42404265.984000005,1,1,1,15
11,16,16,ok,903168,3352600215.5520005,266355081.21599999,3055714061.5168004,0,30531072.819200002,4,2,1,2
11,32,1,ok,28901376,6682494821.9904003,532710162.43199998,6102740736.4096003,0,47043923.148800001,1,1,1,1
11,32,2,ok,14450688,6680766342.7584009,532710162.43199998,6101219423.0272007,0,46836757.299199998,1,1,1,2
11,32,3,ok,9934848,6803690090.8031998,533750611.96799994,6157588915.5839996,0,112350563.25119999,3,1,1,1
11,32,4,ok,7225344,6683835314.9952002,532710162.43199998,6101802405.0688,0,49322747.494400002,1,2,1,2
11,32,5,ok,5870592,6782501730.816,535831511.03999996,6148722471.04,0,97947748.736000001,5,1,1,1
11,32,6,ok,4967424,6798490306.7903996,533750611.96799994,6156944352.5375996,0,107795342.28480001,3,1,1,2
11,32,7,ok,4128768,6734537529.7535982,532710162.43199992,6148775634.5343981,0,53051732.787200011,1,1,1,7
11,32,8,ok,3612672,6689973259.4688005,532710162.43199998,6102968369.1520004,0,54294727.884800002,1,4,1,2
11,32,9,ok,3415104,7060576140.799201,550430318.59200001,6379868549.8584013,0,130277272.3488,3,3,1,1
11,32,10,ok,2935296,6778580264.8319998,535831511.03999996,6148384596.6079998,0,94364157.184000015,5,1,1,2
11,32,11,ok,2709504,6834776539.8528013,537912410.11199999,6191566781.3120012,0,105297348.42880002,11,1,1,1
11,32,12,ok,2483712,6803317635.1487999,533750611.96799994,6159280835.2511997,0,110286187.9296,3,2,1,2
11,32,13,ok,2257920,6861806235.6480007,541033758.72000003,6200825326.592001,0,119947150.336,13,1,1,1
11,32,14,ok,2064384,6745278932.5823994,532710162.43199992,6150816071.6799994,0,61752698.470400006,1,2,1,7
11,32,15,ok,2018016,7036219897.9560013,552576245.75999999,6370203694.4520016,0,113439957.744,5,3,1,1
11,32,16,ok,1806336,6699062486.6304007,532710162.43199998,6110262158.9504004,0,56090165.248000003,4,2,1,2
11,64,1,ok,57802752,13363455157.862402,1065420324.864,12205189981.798401,0,92844851.200000018,1,1,1,1
11,64,2,ok,28901376,13358463713.280001,1065420324.864,12201855864.0128,0,91187524.403200001,1,1,1,2
11,64,3,ok,19869696,13604966517.4272,1067501223.9359999,12314009589.811199,0,223455703.68000001,3,1,1,1
11,64,4,ok,14450688,13361532685.516802,1065420324.864,12202438846.054401,0,93673514.598399997,1,2,1,2
11,64,5,ok,11741184,13562580387.455999,1071663022.0799999,12296272146.175999,0,194645219.20000002,5,1,1,1
11,64,6,ok,9934848,13592153285.222401,1067501223.9359999,12311552222.361599,0,213099838.92479998,3,1,1,2
11,64,7,ok,8257536,13458333656.6784,1065420324.8639998,12295510831.923199,0,97402499.891200006,1,1,1,7
11,64,8,ok,7225344,13367670629.9904,1065420324.864,12203604810.1376,0,98645494.988800004,1,4,1,2
11,64,9,ok,6830208,14113911289.060801,1100860637.184,12756232375.6464,0,256818276.23040003,3,3,1,1
11,64,10,ok,5870592,13552314381.311998,1071663022.0799999,12294423601.408001,0,186227757.824,5,1,1,2
11,64,11,ok,5419008,13667120595.532803,1075824820.224,12381956212.172802,0,209339563.13600004,11,1,1,1
11,64,12,ok,4967424,13596980613.580799,1067501223.9359999,12313888705.075199,0,215590684.56960002,3,2,1,2
11,64,13,ok,4515840,13590649001.7792,1082067517.4400001,12399389412.9664,0,109192071.37280002,1,13,1,1
11,64,14,ok,4128768,13469075059.507196,1065420324.8639998,12297551269.068796,0,106103465.57440002,1,2,1,7
11,64,15,ok,4036032,13905001188.684,1084180930.5599999,12565345712.124001,0,255474546.00000003,3,5,1,1
11,64,16,ok,3612672,13379946518.937601,1065420324.864,12205936738.304001,0,108589455.7696,1,8,1,2
12,1,1,ok,1806336,432242701.51679999,33294385.151999999,392629218.09919995,0,6319098.2656000005,1,1,1,1
12,1,2,ok,903168,432242701.51679999,33294385.151999999,392629218.09919995,0,6319098.2656000005,2,1,1,1
12,1,3,ok,620928,446702126.796,33359413.247999996,397772515.9896,0,15570197.558400001,3,1,1,1
12,1,4,ok,451584,434553968.63999999,33294385.151999999,393913287.88479996,0,7346295.6032000007,4,1,1,1
12,1,5,ok,366912,447290025.05999994,33489469.439999998,397704112.884,0,16096442.736000001,5,1,1,1
12,1,6,ok,310464,448678097.71199995,33554497.535999998,399534432.85439998,0,15589167.321600001,6,1,1,1
12,1,7,ok,258048,452314095.20640004,33294385.151999995,398328480.97280002,0,20691229.081599999,1,1,1,7
12,1,8,ok,225792,434553968.63999999,33294385.151999999,393913287.88479996,0,7346295.6032000007,8,1,1,1
12,1,9,ok,225792,447593027.83920002,33359413.247999996,406367397.06479996,0,7866217.5264000017,9,1,1,1
12,1,10,ok,183456,452136173.412,33489469.439999998,400049704.69200003,0,18596999.280000001,5,1,2,1
12,1,11,ok,169344,447988539.89999992,33619525.631999999,399800721.02959991,0,14568293.238400003,11,1,1,1
12,1,12,ok,155232,453533656.06079996,33554497.535999998,401884579.20959997,0,18094579.315200001,6,1,2,1
12,1,13,ok,141120,451257417.31200004,33814609.920000002,400801149.71520001,0,16641657.676800001,13,1,1,1
12,1,14,ok,129024,452314095.20640004,33294385.151999995,398328480.97280002,0,20691229.081599999,2,1,1,7
12,1,15,ok,131040,487343432.61000001,35881574.399999999,429393167.65799999,0,22068690.552000001,5,1,3,1
12,1,16,ok,112896,437079113.31839997,33294385.151999999,394194135.85919994,0,9590592.3072000016,8,1,2,1
12,2,1,ok,3612672,861416430.7967999,66588770.303999998,784675454.15679991,0,10152206.336000001,1,1,1,1
12,2,2,ok,1806336,861416430.7967999,66588770.303999998,784675454.15679991,0,10152206.336000001,2,1,1,1
12,2,3,ok,1241856,888576925.23360014,66718826.495999992,793208549.26559997,0,28649549.472000003,3,1,1,1
12,2,4,ok,903168,863669661.69599986,66588770.303999998,784805235.09759986,0,12275656.294400001,2,1,2,1
12,2,5,ok,733824,889733901.76800001,66978938.879999995,793062633.96000004,0,29692328.928000003,5,1,1,1
12,2,6,ok,620928,892500637.07519996,67108995.071999997,796718719.35359991,0,28672922.649600003,6,1,1,1
12,2,7,ok,516096,883145384.75520015,66588770.30399999,792576087.65440011,0,23980526.796800002,1,1,1,7
12,2,8,ok,451584,866038965.0431999,66588770.303999998,787243593.72799993,0,12206601.011200001,8,1,1,1
12,2,9,ok,451584,892111089.35519993,66718826.495999992,812150673.45119989,0,13241589.408000004,9,1,1,1
12,2,10,ok,366912,894580050.11999989,66978938.879999995,795408225.76800001,0,32192885.472000003,5,1,2,1
12,2,11,ok,338688,891112111.45439994,67239051.263999999,797246741.15679991,0,26626319.033600003,11,1,1,1
12,2,12,ok,310464,897356195.42399991,67108995.071999997,799068865.70879996,0,31178334.643200003,6,1,2,1
12,2,13,ok,282240,897621636.28799999,67629219.840000004,799233934.8864001,0,30758481.561600003,13,1,1,1
12,2,14,ok,258048,883145384.75520015,66588770.30399999,792576087.65440011,0,23980526.796800002,2,1,1,7
12,2,15,ok,258048,969244489.72800004,71345111.039999992,853561030.65600002,0,44338348.031999998,1,1,1,15
12,2,16,ok,225792,868020282.1631999,66588770.303999998,787222307.6351999,0,14209204.224000001,8,1,2,1
12,4,1,ok,7225344,1719763889.3567998,133177540.608,1568767926.2719998,0,17818422.476800002,1,1,1,1
12,4,2,ok,3612672,1719763889.3567998,133177540.608,1568767926.2719998,0,17818422.476800002,2,1,1,1
12,4,3,ok,2483712,1772326522.1088002,133437652.99199998,1584080615.8176,0,54808253.299199998,3,1,1,1
12,4,4,ok,1806336,1721201378.9183998,133177540.608,1568444506.1119998,0,19579332.198400002,2,1,2,1
12,4,5,ok,1467648,1774621655.1839998,133957877.75999999,1583779676.112,0,56884101.312000006,5,1,1,1
12,4,6,ok,1241856,1773347126.3712001,133437652.99199998,1585510696.3296001,0,54398777.049600005,3,1,2,1
12,4,7,ok,1032192,1744807963.8527999,133177540.60799998,1581071301.0175998,0,30559122.227200001,1,1,1,7
12,4,8,ok,903168,1724076358.0415998,133177540.608,1567797665.7919998,0,23101151.641600002,2,1,1,4
12,4,9,ok,903168,1781147212.3871999,133437652.99199998,1623717226.2239997,0,23992333.171200007,9,1,1,1
12,4,10,ok,733824,1775502465.9360003,133957877.75999999,1585181098.9600003,0,56363489.216000006,5,1,2,1
12,4,11,ok,677376,1777359254.5632,134478102.528,1592138781.4111998,0,50742370.624000013,11,1,1,1
12,4,12,ok,620928,1775388334.8960004,133437652.99199998,1588370857.3536,0,53579824.550400004,3,1,1,4
12,4,13,ok,564480,1790350074.2400002,135258439.68000001,1596099505.2288001,0,58992129.331200004,13,1,1,1
12,4,14,ok,516096,1744807963.8527999,133177540.60799998,1581071301.0175998,0,30559122.227200001,2,1,1,7
12,4,15,ok,516096,1892454395.9040003,142690222.07999998,1698377330.6880002,0,51386843.136,1,1,1,15
12,4,16,ok,451584,1729902619.8527999,133177540.608,1573278651.1871998,0,23446428.057600003,8,1,2,1
12,8,1,ok,14450688,3436458806.4767995,266355081.21599999,3136952870.5023994,0,33150854.758400001,1,1,1,1
12,8,2,ok,7225344,3436264813.3631997,266355081.21599999,3135723048.1407995,0,34186684.006400004,1,1,2,1
12,8,3,ok,4967424,3539825715.8592005,266875305.98399997,3165824748.9216003,0,107125660.95359999,3,1,1,1
12,8,4,ok,3612672,3435876827.1359997,266355081.21599999,3133263403.4175997,0,36258342.502400003,1,1,1,4
12,8,5,ok,2935296,3544397162.0160003,267915755.51999998,3165213760.4160004,0,111267646.08000001,5,1,1,1
12,8,6,ok,2483712,3537039596.0256004,266875305.98399997,3166348427.2320004,0,103815862.80960001,3,1,2,1
12,8,7,ok,2064384,3468133122.0479999,266355081.21599996,3158061727.7439995,0,43716313.088000007,1,1,1,7
12,8,8,ok,1806336,3435876827.1359997,266355081.21599999,3133263403.4175997,0,36258342.502400003,2,1,1,4
12,8,9,ok,1806336,3559219458.4511995,266875305.98399997,3246850331.7695994,0,45493820.697600007,9,1,1,1
12,8,10,ok,1467648,3541312635.1679997,267915755.51999998,3165671014.3039999,0,107725865.34400001,5,1,2,1
12,8,11,ok,1354752,3549853540.7807999,268956205.05599999,3181922861.9199996,0,98974473.804800019,11,1,1,1
12,8,12,ok,1241856,3531467356.3584008,266875305.98399997,3167395783.8528004,0,97196266.521600008,3,1,1,4
12,8,13,ok,1128960,3575806950.1440001,270516879.36000001,3189830645.9136,0,115459424.87040001,13,1,1,1
12,8,14,ok,1032192,3468133122.0479999,266355081.21599996,3158061727.7439995,0,43716313.088000007,2,1,1,7
12,8,15,ok,1032192,3738874208.256,285380444.15999997,3388009930.7519999,0,65483833.344000004,1,1,1,15
12,8,16,ok,903168,3448152716.0831995,266355081.21599999,3135595331.5839996,0,46202303.283200003,2,2,1,4
12,16,1,ok,28901376,6869848640.7167997,532710162.43199998,6273322758.9631996,0,63815719.321600005,1,1,1,1
12,16,2,ok,14450688,6866391682.2528,532710162.43199998,6270280132.1983995,0,63401387.622400001,1,1,2,1
12,16,3,ok,9934848,7074824103.3600006,533750611.96799994,6329313015.1296005,0,211760476.2624,3,1,1,1
12,16,4,ok,7225344,6859477765.3247995,532710162.43199998,6264194878.6687994,0,62572724.223999999,1,1,1,4
12,16,5,ok,5870592,7083948175.6799994,535831511.03999996,6328081929.0240002,0,220034735.61600003,5,1,1,1
12,16,6,ok,4967424,7064424535.3344011,533750611.96799994,6328023889.0368004,0,202650034.32960004,3,1,2,1
12,16,7,ok,4128768,6914783438.4384003,532710162.43199992,6312042581.1967993,0,70030694.809600011,1,1,1,7
12,16,8,ok,3612672,6859477765.3247995,532710162.43199998,6264194878.6687994,0,62572724.223999999,2,1,1,4
12,16,9,ok,3612672,7115363950.5792007,533750611.96799994,6493116542.8607998,0,88496795.750400007,9,1,1,1
12,16,10,ok,2935296,7072932973.6320009,535831511.03999996,6326650844.9920006,0,210450617.60000002,5,1,2,1
12,16,11,ok,2709504,7094842113.2160006,537912410.11199999,6361491022.9375992,0,195438680.16640002,11,1,1,1
12,16,12,ok,2483712,7043625399.2832012,533750611.96799994,6325445636.8512001,0,184429150.46400002,3,1,1,4
12,16,13,ok,2257920,7146720701.9520016,541033758.72000003,6377292927.2832012,0,228394015.94880003,13,1,1,1
12,16,14,ok,2064384,6914783438.4384003,532710162.43199992,6312042581.1967993,0,70030694.809600011,2,1,1,7
12,16,15,ok,2064384,7431713832.9599991,570760888.31999993,6767275130.8799992,0,93677813.760000005,1,1,1,15
12,16,16,ok,1806336,6871753654.2719994,532710162.43199998,6266526806.8351994,0,72516685.004800007,2,2,1,4
12,32,1,ok,57802752,13736628309.196798,1065420324.864,12546062535.884798,0,125145448.448,1,1,1,1
12,32,2,ok,28901376,13726645420.032,1065420324.864,12539394300.313599,0,121830794.85440001,1,1,2,1
12,32,3,ok,19869696,14144820878.361599,1067501223.9359999,12656289547.545601,0,421030106.88,3,1,1,1
12,32,4,ok,14450688,13706679641.702398,1065420324.864,12526057829.171198,0,115201487.6672,1,1,1,4
12,32,5,ok,11741184,14163050203.008001,1071663022.0799999,12653818266.240002,0,437568914.68800008,5,1,1,1
12,32,6,ok,9934848,14119194413.952,1067501223.9359999,12651374812.6464,0,400318377.36960006,3,1,2,1
12,32,7,ok,8257536,13808084071.219202,1065420324.8639998,12620004288.102402,0,122659458.25279999,1,1,1,7
12,32,8,ok,7225344,13706679641.702398,1065420324.864,12526057829.171198,0,115201487.6672,2,1,1,4
12,32,9,ok,6830208,14596350333.516003,1100860637.184,13056398546.248802,0,439091150.08320004,3,3,1,1
12,32,10,ok,5870592,14136173650.559999,1071663022.0799999,12648610506.368,0,415900122.11200005,5,1,2,1
12,32,11,ok,5419008,14184819258.086399,1075824820.224,12720627344.972799,0,388367092.88960004,11,1,1,1
12,32,12,ok,4967424,14067941485.132801,1067501223.9359999,12641545342.848,0,358894918.34880006,3,1,1,4
12,32,13,ok,4515840,14288548205.568001,1082067517.4400001,12752217490.022402,0,454263198.10560006,13,1,1,1
12,32,14,ok,4128768,13808084071.219202,1065420324.8639998,12620004288.102402,0,122659458.25279999,2,1,1,7
12,32,15,ok,4036032,14615186376.42,1105152491.52,13053867970.931999,0,456165913.96799999,5,3,1,1
12,32,16,ok,3612672,13718955530.649599,1065420324.864,12528389757.337599,0,125145448.448,2,2,1,4
12,64,1,ok,115605504,27470187646.156799,2130840649.7279999,25091542089.727997,0,247804906.7008,1,1,1,1
12,64,2,ok,57802752,27447152895.590401,2130840649.7279999,25077622636.543999,0,238689609.31840003,1,1,2,1
12,64,3,ok,39739392,28284814428.364803,2135002447.8719997,25310242612.377602,0,839569368.11520004,3,1,1,1
12,64,4,ok,28901376,27401083394.457596,2130840649.7279999,25049783730.175995,0,220459014.55360001,1,1,1,4
12,64,5,ok,23482368,27911637264.384003,2164135034.8799996,25485920253.952003,0,261581975.55200005,1,5,1,1
12,64,6,ok,19869696,28228734171.187202,2135002447.8719997,25298076659.865601,0,795655063.4496001,3,1,2,1
12,64,7,ok,16515072,27594685336.7808,2130840649.7279997,25235927701.913601,0,227916985.13920003,1,1,1,7
12,64,8,ok,14450688,27401083394.457596,2130840649.7279999,25049783730.175995,0,220459014.55360001,2,1,1,4
12,64,9,ok,13660416,29178218681.956802,2201721274.368,26105787644.3568,0,870709763.23200011,3,3,1,1
12,64,10,ok,11741184,27900470532.096001,2164135034.8799996,25474106128.383999,0,262229368.83200002,1,5,2,1
12,64,11,ok,10838016,28359224827.084805,2197429420.0319996,25881464382.259205,0,280331024.79360002,1,11,1,1
12,64,12,ok,9934848,28116573656.832001,2135002447.8719997,25273744754.841599,0,707826454.1184001,3,1,1,4
12,64,13,ok,9031680,27936189042.278404,2164135034.8800001,25490584110.284805,0,281469897.11360002,1,13,1,1
12,64,14,ok,8257536,27594685336.7808,2130840649.7279997,25235927701.913601,0,227916985.13920003,2,1,1,7
12,64,15,ok,8072064,28745998540.236,2168361861.1199999,25715024576.507999,0,862612102.60800004,3,5,1,1
12,64,16,ok,7225344,27413359283.404797,2130840649.7279999,25052115658.342396,0,230402975.3344,2,2,1,4
13,1,1,ok,1806336,432242701.51679999,33294385.151999999,392629218.09919995,0,6319098.2656000005,1,1,1,1
13,1,2,ok,903168,432242701.51679999,33294385.151999999,392629218.09919995,0,6319098.2656000005,2,1,1,1
13,1,3,ok,620928,446702126.796,33359413.247999996,397772515.9896,0,15570197.558400001,3,1,1,1
13,1,4,ok,451584,434553968.63999999,33294385.151999999,393913287.88479996,0,7346295.6032000007,4,1,1,1
13,1,5,ok,366912,447290025.05999994,33489469.439999998,397704112.884,0,16096442.736000001,5,1,1,1
13,1,6,ok,310464,448678097.71199995,33554497.535999998,399534432.85439998,0,15589167.321600001,6,1,1,1
13,1,7,ok,258048,452314095.20640004,33294385.151999995,398328480.97280002,0,20691229.081599999,1,1,1,7
13,1,8,ok,225792,434553968.63999999,33294385.151999999,393913287.88479996,0,7346295.6032000007,8,1,1,1
13,1,9,ok,225792,447593027.83920002,33359413.247999996,406367397.06479996,0,7866217.5264000017,9,1,1,1
13,1,10,ok,183456,452136173.412,33489469.439999998,400049704.69200003,0,18596999.280000001,5,1,2,1
13,1,11,ok,169344,447988539.89999992,33619525.631999999,399800721.02959991,0,14568293.238400003,11,1,1,1
13,1,12,ok,155232,453533656.06079996,33554497.535999998,401884579.20959997,0,18094579.315200001,6,1,2,1
13,1,13,ok,141120,451257417.31200004,33814609.920000002,400801149.71520001,0,16641657.676800001,13,1,1,1
13,1,14,ok,129024,452314095.20640004,33294385.151999995,398328480.97280002,0,20691229.081599999,2,1,1,7
13,1,15,ok,131040,487343432.61000001,35881574.399999999,429393167.65799999,0,22068690.552000001,5,1,3,1
13,1,16,ok,112896,437079113.31839997,33294385.151999999,394194135.85919994,0,9590592.3072000016,8,1,2,1
13,2,1,ok,3612672,861416430.7967999,66588770.303999998,784675454.15679991,0,10152206.336000001,1,1,1,1
13,2,2,ok,1806336,861416430.7967999,66588770.303999998,784675454.15679991,0,10152206.336000001,2,1,1,1
13,2,3,ok,1241856,888576925.23360014,66718826.495999992,793208549.26559997,0,28649549.472000003,3,1,1,1
13,2,4,ok,903168,863669661.69599986,66588770.303999998,784805235.09759986,0,12275656.294400001,2,1,2,1
13,2,5,ok,733824,889733901.76800001,66978938.879999995,793062633.96000004,0,29692328.928000003,5,1,1,1
13,2,6,ok,620928,892500637.07519996,67108995.071999997,796718719.35359991,0,28672922.649600003,6,1,1,1
13,2,7,ok,516096,883145384.75520015,66588770.30399999,792576087.65440011,0,23980526.796800002,1,1,1,7
13,2,8,ok,451584,866038965.0431999,66588770.303999998,787243593.72799993,0,12206601.011200001,8,1,1,1
13,2,9,ok,451584,892111089.35519993,66718826.495999992,812150673.45119989,0,13241589.408000004,9,1,1,1
13,2,10,ok,366912,894580050.11999989,66978938.879999995,795408225.76800001,0,32192885.472000003,5,1,2,1
13,2,11,ok,338688,891112111.45439994,67239051.263999999,797246741.15679991,0,26626319.033600003,11,1,1,1
13,2,12,ok,310464,897356195.42399991,67108995.071999997,799068865.70879996,0,31178334.643200003,6,1,2,1
13,2,13,ok,282240,897621636.28799999,67629219.840000004,799233934.8864001,0,30758481.561600003,13,1,1,1
13,2,14,ok,258048,883145384.75520015,66588770.30399999,792576087.65440011,0,23980526.796800002,2,1,1,7
13,2,15,ok,258048,969244489.72800004,71345111.039999992,853561030.65600002,0,44338348.031999998,1,1,1,15
13,2,16,ok,225792,868020282.1631999,66588770.303999998,787222307.6351999,0,14209204.224000001,8,1,2,1
13,4,1,ok,7225344,1719763889.3567998,133177540.608,1568767926.2719998,0,17818422.476800002,1,1,1,1
13,4,2,ok,3612672,1719763889.3567998,133177540.608,1568767926.2719998,0,17818422.476800002,2,1,1,1
13,4,3,ok,2483712,1772326522.1088002,133437652.99199998,1584080615.8176,0,54808253.299199998,3,1,1,1
13,4,4,ok,1806336,1721201378.9183998,133177540.608,1568444506.1119998,0,19579332.198400002,2,1,2,1
13,4,5,ok,1467648,1774621655.1839998,133957877.75999999,1583779676.112,0,56884101.312000006,5,1,1,1
13,4,6,ok,1241856,1773347126.3712001,133437652.99199998,1585510696.3296001,0,54398777.049600005,3,1,2,1
13,4,7,ok,1032192,1744807963.8527999,133177540.60799998,1581071301.0175998,0,30559122.227200001,1,1,1,7
13,4,8,ok,903168,1724076358.0415998,133177540.608,1567797665.7919998,0,23101151.641600002,2,1,1,4
13,4,9,ok,903168,1781147212.3871999,133437652.99199998,1623717226.2239997,0,23992333.171200007,9,1,1,1
13,4,10,ok,733824,1775502465.9360003,133957877.75999999,1585181098.9600003,0,56363489.216000006,5,1,2,1
13,4,11,ok,677376,1777359254.5632,134478102.528,1592138781.4111998,0,50742370.624000013,11,1,1,1
13,4,12,ok,620928,1775388334.8960004,133437652.99199998,1588370857.3536,0,53579824.550400004,3,1,1,4
13,4,13,ok,564480,1790350074.2400002,135258439.68000001,1596099505.2288001,0,58992129.331200004,13,1,1,1
13,4,14,ok,516096,1744807963.8527999,133177540.60799998,1581071301.0175998,0,30559122.227200001,2,1,1,7
13,4,15,ok,516096,1892454395.9040003,142690222.07999998,1698377330.6880002,0,51386843.136,1,1,1,15
13,4,16,ok,451584,1729902619.8527999,133177540.608,1573278651.1871998,0,23446428.057600003,8,1,2,1
13,8,1,ok,14450688,3436458806.4767995,266355081.21599999,3136952870.5023994,0,33150854.758400001,1,1,1,1
13,8,2,ok,7225344,3436264813.3631997,266355081.21599999,3135723048.1407995,0,34186684.006400004,1,1,2,1
13,8,3,ok,4967424,3539825715.8592005,266875305.98399997,3165824748.9216003,0,107125660.95359999,3,1,1,1
13,8,4,ok,3612672,3435876827.1359997,266355081.21599999,3133263403.4175997,0,36258342.502400003,1,1,1,4
13,8,5,ok,2935296,3544397162.0160003,267915755.51999998,3165213760.4160004,0,111267646.08000001,5,1,1,1
13,8,6,ok,2483712,3537039596.0256004,266875305.98399997,3166348427.2320004,0,103815862.80960001,3,1,2,1
13,8,7,ok,2064384,3468133122.0479999,266355081.21599996,3158061727.7439995,0,43716313.088000007,1,1,1,7
13,8,8,ok,1806336,3435876827.1359997,266355081.21599999,3133263403.4175997,0,36258342.502400003,2,1,1,4
13,8,9,ok,1806336,3559219458.4511995,266875305.98399997,3246850331.7695994,0,45493820.697600007,9,1,1,1
13,8,10,ok,1467648,3541312635.1679997,267915755.51999998,3165671014.3039999,0,107725865.34400001,5,1,2,1
13,8,11,ok,1354752,3549853540.7807999,268956205.05599999,3181922861.9199996,0,98974473.804800019,11,1,1,1
13,8,12,ok,1241856,3531467356.3584008,266875305.98399997,3167395783.8528004,0,97196266.521600008,3,1,1,4
13,8,13,ok,1128960,3575806950.1440001,270516879.36000001,3189830645.9136,0,115459424.87040001,13,1,1,1
13,8,14,ok,1032192,3468133122.0479999,266355081.21599996,3158061727.7439995,0,43716313.088000007,2,1,1,7
13,8,15,ok,1032192,3738874208.256,285380444.15999997,3388009930.7519999,0,65483833.344000004,1,1,1,15
13,8,16,ok,903168,3448152716.0831995,266355081.21599999,3135595331.5839996,0,46202303.283200003,2,2,1,4
13,16,1,ok,28901376,6869848640.7167997,532710162.43199998,6273322758.9631996,0,63815719.321600005,1,1,1,1
13,16,2,ok,14450688,6866391682.2528,532710162.43199998,6270280132.1983995,0,63401387.622400001,1,1,2,1
13,16,3,ok,9934848,7074824103.3600006,533750611.96799994,6329313015.1296005,0,211760476.2624,3,1,1,1
13,16,4,ok,7225344,6859477765.3247995,532710162.43199998,6264194878.6687994,0,62572724.223999999,1,1,1,4
13,16,5,ok,5870592,7083948175.6799994,535831511.03999996,6328081929.0240002,0,220034735.61600003,5,1,1,1
13,16,6,ok,4967424,7064424535.3344011,533750611.96799994,6328023889.0368004,0,202650034.32960004,3,1,2,1
13,16,7,ok,4128768,6914783438.4384003,532710162.43199992,6312042581.1967993,0,70030694.809600011,1,1,1,7
13,16,8,ok,3612672,6859477765.3247995,532710162.43199998,6264194878.6687994,0,62572724.223999999,2,1,1,4
13,16,9,ok,3612672,7115363950.5792007,533750611.96799994,6493116542.8607998,0,88496795.750400007,9,1,1,1
13,16,10,ok,2935296,7072932973.6320009,535831511.03999996,6326650844.9920006,0,210450617.60000002,5,1,2,1
13,16,11,ok,2709504,7094842113.2160006,537912410.11199999,6361491022.9375992,0,195438680.16640002,11,1,1,1
13,16,12,ok,2483712,7043625399.2832012,533750611.96799994,6325445636.8512001,0,184429150.46400002,3,1,1,4
13,16,13,ok,2257920,7146720701.9520016,541033758.72000003,6377292927.2832012,0,228394015.94880003,13,1,1,1
13,16,14,ok,2064384,6914783438.4384003,532710162.43199992,6312042581.1967993,0,70030694.809600011,2,1,1,7
13,16,15,ok,2064384,7431713832.9599991,570760888.31999993,6767275130.8799992,0,93677813.760000005,1,1,1,15
13,16,16,ok,1806336,6871753654.2719994,532710162.43199998,6266526806.8351994,0,72516685.004800007,2,2,1,4
13,32,1,ok,57802752,13736628309.196798,1065420324.864,12546062535.884798,0,125145448.448,1,1,1,1
13,32,2,ok,28901376,13726645420.032,1065420324.864,12539394300.313599,0,121830794.85440001,1,1,2,1
13,32,3,ok,19869696,14144820878.361599,1067501223.9359999,12656289547.545601,0,421030106.88,3,1,1,1
13,32,4,ok,14450688,13706679641.702398,1065420324.864,12526057829.171198,0,115201487.6672,1,1,1,4
13,32,5,ok,11741184,14163050203.008001,1071663022.0799999,12653818266.240002,0,437568914.68800008,5,1,1,1
13,32,6,ok,9934848,14119194413.952,1067501223.9359999,12651374812.6464,0,400318377.36960006,3,1,2,1
13,32,7,ok,8257536,13808084071.219202,1065420324.8639998,12620004288.102402,0,122659458.25279999,1,1,1,7
13,32,8,ok,7225344,13706679641.702398,1065420324.864,12526057829.171198,0,115201487.6672,2,1,1,4
13,32,9,ok,6830208,14596350333.516003,1100860637.184,13056398546.248802,0,439091150.08320004,3,3,1,1
13,32,10,ok,5870592,14136173650.559999,1071663022.0799999,12648610506.368,0,415900122.11200005,5,1,2,1
13,32,11,ok,5419008,14184819258.086399,1075824820.224,12720627344.972799,0,388367092.88960004,11,1,1,1
13,32,12,ok,4967424,14067941485.132801,1067501223.9359999,12641545342.848,0,358894918.34880006,3,1,1,4
13,32,13,ok,4515840,14288548205.568001,1082067517.4400001,12752217490.022402,0,454263198.10560006,13,1,1,1
13,32,14,ok,4128768,13808084071.219202,1065420324.8639998,12620004288.102402,0,122659458.25279999,2,1,1,7
13,32,15,ok,4036032,14615186376.42,1105152491.52,13053867970.931999,0,456165913.96799999,5,3,1,1
13,32,16,ok,3612672,13718955530.649599,1065420324.864,12528389757.337599,0,125145448.448,2,2,1,4
13,64,1,ok,115605504,27470187646.156799,2130840649.7279999,25091542089.727997,0,247804906.7008,1,1,1,1
13,64,2,ok,57802752,27447152895.590401,2130840649.7279999,25077622636.543999,0,238689609.31840003,1,1,2,1
13,64,3,ok,39739392,28284814428.364803,2135002447.8719997,25310242612.377602,0,839569368.11520004,3,1,1,1
13,64,4,ok,28901376,27401083394.457596,2130840649.7279999,25049783730.175995,0,220459014.55360001,1,1,1,4
13,64,5,ok,23482368,27911637264.384003,2164135034.8799996,25485920253.952003,0,261581975.55200005,1,5,1,1
13,64,6,ok,19869696,28228734171.187202,2135002447.8719997,25298076659.865601,0,795655063.4496001,3,1,2,1
13,64,7,ok,16515072,27594685336.7808,2130840649.7279997,25235927701.913601,0,227916985.13920003,1,1,1,7
13,64,8,ok,14450688,27401083394.457596,2130840649.7279999,25049783730.175995,0,220459014.55360001,2,1,1,4
13,64,9,ok,13660416,29178218681.956802,2201721274.368,26105787644.3568,0,870709763.23200011,3,3,1,1
13,64,10,ok,11741184,27900470532.096001,2164135034.8799996,25474106128.383999,0,262229368.83200002,1,5,2,1
13,64,11,ok,10838016,28359224827.084805,2197429420.0319996,25881464382.259205,0,280331024.79360002,1,11,1,1
13,64,12,ok,9934848,28116573656.832001,2135002447.8719997,25273744754.841599,0,707826454.1184001,3,1,1,4
13,64,13,ok,9031680,27936189042.278404,2164135034.8800001,25490584110.284805,0,281469897.11360002,1,13,1,1
13,64,14,ok,8257536,27594685336.7808,2130840649.7279997,25235927701.913601,0,227916985.13920003,2,1,1,7
13,64,15,ok,8072064,28745998540.236,2168361861.1199999,25715024576.507999,0,862612102.60800004,3,5,1,1
13,64,16,ok,7225344,27413359283.404797,2130840649.7279999,25052115658.342396,0,230402975.3344,2,2,1,4
14,1,1,ok,1806336,432242701.51679999,33294385.151999999,392629218.09919995,0,6319098.2656000005,1,1,1,1
14,1,2,ok,903168,432242701.51679999,33294385.151999999,392629218.09919995,0,6319098.2656000005,2,1,1,1
14,1,3,ok,620928,446702126.796,33359413.247999996,397772515.9896,0,15570197.558400001,3,1,1,1
14,1,4,ok,451584,434553968.63999999,33294385.151999999,393913287.88479996,0,7346295.6032000007,4,1,1,1
14,1,5,ok,366912,447290025.05999994,33489469.439999998,397704112.884,0,16096442.736000001,5,1,1,1
14,1,6,ok,310464,448678097.71199995,33554497.535999998,399534432.85439998,0,15589167.321600001,6,1,1,1
14,1,7,ok,258048,452314095.20640004,33294385.151999995,398328480.97280002,0,20691229.081599999,1,1,1,7
14,1,8,ok,225792,434553968.63999999,33294385.151999999,393913287.88479996,0,7346295.6032000007,8,1,1,1
14,1,9,ok,225792,447593027.83920002,33359413.247999996,406367397.06479996,0,7866217.5264000017,9,1,1,1
14,1,10,ok,183456,452136173.412,33489469.439999998,400049704.69200003,0,18596999.280000001,5,1,2,1
14,1,11,ok,169344,447988539.89999992,33619525.631999999,399800721.02959991,0,14568293.238400003,11,1,1,1
14,1,12,ok,155232,453533656.06079996,33554497.535999998,401884579.20959997,0,18094579.315200001,6,1,2,1
14,1,13,ok,141120,451257417.31200004,33814609.920000002,400801149.71520001,0,16641657.676800001,13,1,1,1
14,1,14,ok,129024,452314095.20640004,33294385.151999995,398328480.97280002,0,20691229.081599999,2,1,1,7
14,1,15,ok,131040,487343432.61000001,35881574.399999999,429393167.65799999,0,22068690.552000001,5,1,3,1
14,1,16,ok,112896,437079113.31839997,33294385.151999999,394194135.85919994,0,9590592.3072000016,8,1,2,1
14,2,1,ok,3612672,861416430.7967999,66588770.303999998,784675454.15679991,0,10152206.336000001,1,1,1,1
14,2,2,ok,1806336,861416430.7967999,66588770.303999998,784675454.15679991,0,10152206.336000001,2,1,1,1
14,2,3,ok,1241856,888576925.23360014,66718826.495999992,793208549.26559997,0,28649549.472000003,3,1,1,1
14,2,4,ok,903168,863669661.69599986,66588770.303999998,784805235.09759986,0,12275656.294400001,2,1,2,1
14,2,5,ok,733824,889733901.76800001,66978938.879999995,793062633.96000004,0,29692328.928000003,5,1,1,1
14,2,6,ok,620928,892500637.07519996,67108995.071999997,796718719.35359991,0,28672922.649600003,6,1,1,1
14,2,7,ok,516096,883145384.75520015,66588770.30399999,792576087.65440011,0,23980526.796800002,1,1,1,7
14,2,8,ok,451584,866038965.0431999,66588770.303999998,787243593.72799993,0,12206601.011200001,8,1,1,1
14,2,9,ok,451584,892111089.35519993,66718826.495999992,812150673.45119989,0,13241589.408000004,9,1,1,1
14,2,10,ok,366912,894580050.11999989,66978938.879999995,795408225.76800001,0,32192885.472000003,5,1,2,1
14,2,11,ok,338688,891112111.45439994,67239051.263999999,797246741.15679991,0,26626319.033600003,11,1,1,1
14,2,12,ok,310464,897356195.42399991,67108995.071999997,799068865.70879996,0,31178334.643200003,6,1,2,1
14,2,13,ok,282240,897621636.28799999,67629219.840000004,799233934.8864001,0,30758481.561600003,13,1,1,1
14,2,14,ok,258048,883145384.75520015,66588770.30399999,792576087.65440011,0,23980526.796800002,2,1,1,7
14,2,15,ok,258048,969244489.72800004,71345111.039999992,853561030.65600002,0,44338348.031999998,1,1,1,15
14,2,16,ok,225792,868020282.1631999,66588770.303999998,787222307.6351999,0,14209204.224000001,8,1,2,1
14,4,1,ok,7225344,1719763889.3567998,133177540.608,1568767926.2719998,0,17818422.476800002,1,1,1,1
14,4,2,ok,3612672,1719763889.3567998,133177540.608,1568767926.2719998,0,17818422.476800002,2,1,1,1
14,4,3,ok,2483712,1772326522.1088002,133437652.99199998,1584080615.8176,0,54808253.299199998,3,1,1,1
14,4,4,ok,1806336,1721201378.9183998,133177540.608,1568444506.1119998,0,19579332.198400002,2,1,2,1
14,4,5,ok,1467648,1774621655.1839998,133957877.75999999,1583779676.112,0,56884101.312000006,5,1,1,1
14,4,6,ok,1241856,1773347126.3712001,133437652.99199998,1585510696.3296001,0,54398777.049600005,3,1,2,1
14,4,7,ok,1032192,1744807963.8527999,133177540.60799998,1581071301.0175998,0,30559122.227200001,1,1,1,7
14,4,8,ok,903168,1724076358.0415998,133177540.608,1567797665.7919998,0,23101151.641600002,2,1,1,4
14,4,9,ok,903168,1781147212.3871999,133437652.99199998,1623717226.2239997,0,23992333.171200007,9,1,1,1
14,4,10,ok,733824,1775502465.9360003,133957877.75999999,1585181098.9600003,0,56363489.216000006,5,1,2,1
14,4,11,ok,677376,1777359254.5632,134478102.528,1592138781.4111998,0,50742370.624000013,11,1,1,1
14,4,12,ok,620928,1775388334.8960004,133437652.99199998,1588370857.3536,0,53579824.550400004,3,1,1,4
14,4,13,ok,564480,1790350074.2400002,135258439.68000001,1596099505.2288001,0,58992129.331200004,13,1,1,1
14,4,14,ok,516096,1744807963.8527999,133177540.60799998,1581071301.0175998,0,30559122.227200001,2,1,1,7
14,4,15,ok,516096,1892454395.9040003,142690222.07999998,1698377330.6880002,0,51386843.136,1,1,1,15
14,4,16,ok,451584,1729902619.8527999,133177540.608,1573278651.1871998,0,23446428.057600003,8,1,2,1
14,8,1,ok,14450688,3436458806.4767995,266355081.21599999,3136952870.5023994,0,33150854.758400001,1,1,1,1
14,8,2,ok,7225344,3436264813.3631997,266355081.21599999,3135723048.1407995,0,34186684.006400004,1,1,2,1
14,8,3,ok,4967424,3539825715.8592005,266875305.98399997,3165824748.9216003,0,107125660.95359999,3,1,1,1
14,8,4,ok,3612672,3435876827.1359997,266355081.21599999,3133263403.4175997,0,36258342.502400003,1,1,1,4
14,8,5,ok,2935296,3544397162.0160003,267915755.51999998,3165213760.4160004,0,111267646.08000001,5,1,1,1
14,8,6,ok,2483712,3537039596.0256004,266875305.98399997,3166348427.2320004,0,103815862.80960001,3,1,2,1
14,8,7,ok,2064384,3468133122.0479999,266355081.21599996,3158061727.7439995,0,43716313.088000007,1,1,1,7
14,8,8,ok,1806336,3435876827.1359997,266355081.21599999,3133263403.4175997,0,36258342.502400003,2,1,1,4
14,8,9,ok,1806336,3559219458.4511995,266875305.98399997,3246850331.7695994,0,45493820.697600007,9,1,1,1
14,8,10,ok,1467648,3541312635.1679997,267915755.51999998,3165671014.3039999,0,107725865.34400001,5,1,2,1
14,8,11,ok,1354752,3549853540.7807999,268956205.05599999,3181922861.9199996,0,98974473.804800019,11,1,1,1
14,8,12,ok,1241856,3531467356.3584008,266875305.98399997,3167395783.8528004,0,97196266.521600008,3,1,1,4
14,8,13,ok,1128960,3575806950.1440001,270516879.36000001,3189830645.9136,0,115459424.87040001,13,1,1,1
14,8,14,ok,1032192,3468133122.0479999,266355081.21599996,3158061727.7439995,0,43716313.088000007,2,1,1,7
14,8,15,ok,1032192,3738874208.256,285380444.15999997,3388009930.7519999,0,65483833.344000004,1,1,1,15
14,8,16,ok,903168,3448152716.0831995,266355081.21599999,3135595331.5839996,0,46202303.283200003,2,2,1,4
14,16,1,ok,28901376,6869848640.7167997,532710162.43199998,6273322758.9631996,0,63815719.321600005,1,1,1,1
14,16,2,ok,14450688,6866391682.2528,532710162.43199998,6270280132.1983995,0,63401387.622400001,1,1,2,1
14,16,3,ok,9934848,7074824103.3600006,533750611.96799994,6329313015.1296005,0,211760476.2624,3,1,1,1
14,16,4,ok,7225344,6859477765.3247995,532710162.43199998,6264194878.6687994,0,62572724.223999999,1,1,1,4
14,16,5,ok,5870592,7083948175.6799994,535831511.03999996,6328081929.0240002,0,220034735.61600003,5,1,1,1
14,16,6,ok,4967424,7064424535.3344011,533750611.96799994,6328023889.0368004,0,202650034.32960004,3,1,2,1
14,16,7,ok,4128768,6914783438.4384003,532710162.43199992,6312042581.1967993,0,70030694.809600011,1,1,1,7
14,16,8,ok,3612672,6859477765.3247995,532710162.43199998,6264194878.6687994,0,62572724.223999999,2,1,1,4
14,16,9,ok,3612672,7115363950.5792007,533750611.96799994,6493116542.8607998,0,88496795.750400007,9,1,1,1
14,16,10,ok,2935296,7072932973.6320009,535831511.03999996,6326650844.9920006,0,210450617.60000002,5,1,2,1
14,16,11,ok,2709504,7094842113.2160006,537912410.11199999,6361491022.9375992,0,195438680.16640002,11,1,1,1
14,16,12,ok,2483712,7043625399.2832012,533750611.96799994,6325445636.8512001,0,184429150.46400002,3,1,1,4
14,16,13,ok,2257920,7146720701.9520016,541033758.72000003,6377292927.2832012,0,228394015.94880003,13,1,1,1
14,16,14,ok,2064384,6914783438.4384003,532710162.43199992,6312042581.1967993,0,70030694.809600011,2,1,1,7
14,16,15,ok,2064384,7431713832.9599991,570760888.31999993,6767275130.8799992,0,93677813.760000005,1,1,1,15
14,16,16,ok,1806336,6871753654.2719994,532710162.43199998,6266526806.8351994,0,72516685.004800007,2,2,1,4
14,32,1,ok,57802752,13736628309.196798,1065420324.864,12546062535.884798,0,125145448.448,1,1,1,1
14,32,2,ok,28901376,13726645420.032,1065420324.864,12539394300.313599,0,121830794.85440001,1,1,2,1
14,32,3,ok,19869696,14144820878.361599,1067501223.9359999,12656289547.545601,0,421030106.88,3,1,1,1
14,32,4,ok,14450688,13706679641.702398,1065420324.864,12526057829.171198,0,115201487.6672,1,1,1,4
14,32,5,ok,11741184,14163050203.008001,1071663022.0799999,12653818266.240002,0,437568914.68800008,5,1,1,1
14,32,6,ok,9934848,14119194413.952,1067501223.9359999,12651374812.6464,0,400318377.36960006,3,1,2,1
14,32,7,ok,8257536,13808084071.219202,1065420324.8639998,12620004288.102402,0,122659458.25279999,1,1,1,7
14,32,8,ok,7225344,13706679641.702398,1065420324.864,12526057829.171198,0,115201487.6672,2,1,1,4
14,32,9,ok,6830208,14596350333.516003,1100860637.184,13056398546.248802,0,439091150.08320004,3,3,1,1
14,32,10,ok,5870592,14136173650.559999,1071663022.0799999,12648610506.368,0,415900122.11200005,5,1,2,1
14,32,11,ok,5419008,14184819258.086399,1075824820.224,12720627344.972799,0,388367092.88960004,11,1,1,1
14,32,12,ok,4967424,14067941485.132801,1067501223.9359999,12641545342.848,0,358894918.34880006,3,1,1,4
14,32,13,ok,4515840,14288548205.568001,1082067517.4400001,12752217490.022402,0,454263198.10560006,13,1,1,1
14,32,14,ok,4128768,13808084071.219202,1065420324.8639998,12620004288.102402,0,122659458.25279999,2,1,1,7
14,32,15,ok,4036032,14615186376.42,1105152491.52,13053867970.931999,0,456165913.96799999,5,3,1,1
14,32,16,ok,3612672,13718955530.649599,1065420324.864,12528389757.337599,0,125145448.448,2,2,1,4
14,64,1,ok,115605504,27470187646.156799,2130840649.7279999,25091542089.727997,0,247804906.7008,1,1,1,1
14,64,2,ok,57802752,27447152895.590401,2130840649.7279999,25077622636.543999,0,238689609.31840003,1,1,2,1
14,64,3,ok,39739392,28284814428.364803,2135002447.8719997,25310242612.377602,0,839569368.11520004,3,1,1,1
14,64,4,ok,28901376,27401083394.457596,2130840649.7279999,25049783730.175995,0,220459014.55360001,1,1,1,4
14,64,5,ok,23482368,27911637264.384003,2164135034.8799996,25485920253.952003,0,261581975.55200005,1,5,1,1
14,64,6,ok,19869696,28228734171.187202,2135002447.8719997,25298076659.865601,0,795655063.4496001,3,1,2,1
14,64,7,ok,16515072,27594685336.7808,2130840649.7279997,25235927701.913601,0,227916985.13920003,1,1,1,7
14,64,8,ok,14450688,27401083394.457596,2130840649.7279999,25049783730.175995,0,220459014.55360001,2,1,1,4
14,64,9,ok,13660416,29178218681.956802,2201721274.368,26105787644.3568,0,870709763.23200011,3,3,1,1
14,64,10,ok,11741184,27900470532.096001,2164135034.8799996,25474106128.383999,0,262229368.83200002,1,5,2,1
14,64,11,ok,10838016,28359224827.084805,2197429420.0319996,25881464382.259205,0,280331024.79360002,1,11,1,1
14,64,12,ok,9934848,28116573656.832001,2135002447.8719997,25273744754.841599,0,707826454.1184001,3,1,1,4
14,64,13,ok,9031680,27936189042.278404,2164135034.8800001,25490584110.284805,0,281469897.11360002,1,13,1,1
14,64,14,ok,8257536,27594685336.7808,2130840649.7279997,25235927701.913601,0,227916985.13920003,2,1,1,7
14,64,15,ok,8072064,28745998540.236,2168361861.1199999,25715024576.507999,0,862612102.60800004,3,5,1,1
14,64,16,ok,7225344,27413359283.404797,2130840649.7279999,25052115658.342396,0,230402975.3344,2,2,1,4
15,1,1,ok,6272,35042.918400000002,35042.918400000002,0,0,0,1,1,1,1
15,1,2,ok,3136,35042.918400000002,35042.918400000002,0,0,0,1,1,1,2
15,1,3,ok,2095,35111.361600000004,35111.361600000004,0,0,0,3,1,1,1
15,1,4,ok,1568,35042.918400000002,35042.918400000002,0,0,0,2,1,1,2
15,1,5,ok,1262,35248.248000000007,35248.248000000007,0,0,0,5,1,1,1
15,1,6,ok,1048,35111.361600000004,35111.361600000004,0,0,0,3,1,1,2
15,1,7,ok,896,35042.918399999995,35042.918399999995,0,0,0,1,1,1,7
15,1,8,ok,784,35042.918400000002,35042.918400000002,0,0,0,2,1,2,2
15,1,9,ok,699,35111.361600000004,35111.361600000004,0,0,0,9,1,1,1
15,1,10,ok,631,35248.248000000007,35248.248000000007,0,0,0,5,1,1,2
15,1,11,ok,576,35385.134400000003,35385.134400000003,0,0,0,11,1,1,1
15,1,12,ok,524,35111.361600000004,35111.361600000004,0,0,0,3,1,2,2
15,1,13,ok,490,35590.464,35590.464,0,0,0,13,1,1,1
15,1,14,ok,448,35042.918399999995,35042.918399999995,0,0,0,2,1,1,7
15,1,15,ok,429,35932.68,35932.68,0,0,0,15,1,1,1
15,1,16,ok,392,35042.918400000002,35042.918400000002,0,0,0,4,1,2,2
15,2,1,ok,12544,70085.836800000005,70085.836800000005,0,0,0,1,1,1,1
15,2,2,ok,6272,70085.836800000005,70085.836800000005,0,0,0,1,1,1,2
15,2,3,ok,4190,70222.723200000008,70222.723200000008,0,0,0,3,1,1,1
15,2,4,ok,3136,70085.836800000005,70085.836800000005,0,0,0,1,2,1,2
15,2,5,ok,2524,70496.496000000014,70496.496000000014,0,0,0,5,1,1,1
15,2,6,ok,2095,70222.723200000008,70222.723200000008,0,0,0,3,1,1,2
15,2,7,ok,1792,70085.83679999999,70085.83679999999,0,0,0,1,1,1,7
15,2,8,ok,1568,70085.836800000005,70085.836800000005,0,0,0,1,2,2,2
15,2,9,ok,1397,70222.723200000008,70222.723200000008,0,0,0,9,1,1,1
15,2,10,ok,1262,70496.496000000014,70496.496000000014,0,0,0,5,1,1,2
15,2,11,ok,1152,70770.268800000005,70770.268800000005,0,0,0,11,1,1,1
15,2,12,ok,1048,70222.723200000008,70222.723200000008,0,0,0,3,1,2,2
15,2,13,ok,980,71180.928,71180.928,0,0,0,13,1,1,1
15,2,14,ok,896,70085.83679999999,70085.83679999999,0,0,0,1,2,1,7
15,2,15,ok,858,71865.360000000001,71865.360000000001,0,0,0,15,1,1,1
15,2,16,ok,784,70085.836800000005,70085.836800000005,0,0,0,2,2,2,2
15,4,1,ok,25088,140171.67360000001,140171.67360000001,0,0,0,1,1,1,1
15,4,2,ok,12544,140171.67360000001,140171.67360000001,0,0,0,1,1,1,2
15,4,3,ok,8379,140445.44640000002,140445.44640000002,0,0,0,3,1,1,1
15,4,4,ok,6272,140171.67360000001,140171.67360000001,0,0,0,1,2,1,2
15,4,5,ok,5047,140992.99200000003,140992.99200000003,0,0,0,5,1,1,1
15,4,6,ok,4190,140445.44640000002,140445.44640000002,0,0,0,3,1,1,2
15,4,7,ok,3584,140171.67359999998,140171.67359999998,0,0,0,1,1,1,7
15,4,8,ok,3136,140171.67360000001,140171.67360000001,0,0,0,1,2,2,2
15,4,9,ok,2793,140445.44640000002,140445.44640000002,0,0,0,9,1,1,1
15,4,10,ok,2524,140992.99200000003,140992.99200000003,0,0,0,5,1,1,2
15,4,11,ok,2303,141540.53760000001,141540.53760000001,0,0,0,11,1,1,1
15,4,12,ok,2095,140445.44640000002,140445.44640000002,0,0,0,3,1,2,2
15,4,13,ok,1960,142361.856,142361.856,0,0,0,13,1,1,1
15,4,14,ok,1792,140171.67359999998,140171.67359999998,0,0,0,1,2,1,7
15,4,15,ok,1715,143730.72,143730.72,0,0,0,15,1,1,1
15,4,16,ok,1568,140171.67360000001,140171.67360000001,0,0,0,2,2,2,2
15,8,1,ok,50176,280343.34720000002,280343.34720000002,0,0,0,1,1,1,1
15,8,2,ok,25088,280343.34720000002,280343.34720000002,0,0,0,1,1,1,2
15,8,3,ok,16758,280890.89280000003,280890.89280000003,0,0,0,3,1,1,1
15,8,4,ok,12544,280343.34720000002,280343.34720000002,0,0,0,1,2,1,2
15,8,5,ok,10094,281985.98400000005,281985.98400000005,0,0,0,5,1,1,1
15,8,6,ok,8379,280890.89280000003,280890.89280000003,0,0,0,3,1,1,2
15,8,7,ok,7168,280343.34719999996,280343.34719999996,0,0,0,1,1,1,7
15,8,8,ok,6272,280343.34720000002,280343.34720000002,0,0,0,1,2,2,2
15,8,9,ok,5586,280890.89280000003,280890.89280000003,0,0,0,9,1,1,1
15,8,10,ok,5047,281985.98400000005,281985.98400000005,0,0,0,5,1,1,2
15,8,11,ok,4606,283081.07520000002,283081.07520000002,0,0,0,11,1,1,1
15,8,12,ok,4190,280890.89280000003,280890.89280000003,0,0,0,3,1,2,2
15,8,13,ok,3920,284723.712,284723.712,0,0,0,13,1,1,1
15,8,14,ok,3584,280343.34719999996,280343.34719999996,0,0,0,1,2,1,7
15,8,15,ok,3430,287461.44,287461.44,0,0,0,15,1,1,1
15,8,16,ok,3136,280343.34720000002,280343.34720000002,0,0,0,2,2,2,2
15,16,1,ok,100352,560686.69440000004,560686.69440000004,0,0,0,1,1,1,1
15,16,2,ok,50176,560686.69440000004,560686.69440000004,0,0,0,1,1,1,2
15,16,3,ok,33516,561781.78560000006,561781.78560000006,0,0,0,3,1,1,1
15,16,4,ok,25088,560686.69440000004,560686.69440000004,0,0,0,1,2,1,2
15,16,5,ok,20188,563971.96800000011,563971.96800000011,0,0,0,5,1,1,1
15,16,6,ok,16758,561781.78560000006,561781.78560000006,0,0,0,3,1,1,2
15,16,7,ok,14336,560686.69439999992,560686.69439999992,0,0,0,1,1,1,7
15,16,8,ok,12544,560686.69440000004,560686.69440000004,0,0,0,1,2,2,2
15,16,9,ok,11172,561781.78560000006,561781.78560000006,0,0,0,9,1,1,1
15,16,10,ok,10094,563971.96800000011,563971.96800000011,0,0,0,5,1,1,2
15,16,11,ok,9212,566162.15040000004,566162.15040000004,0,0,0,11,1,1,1
15,16,12,ok,8379,561781.78560000006,561781.78560000006,0,0,0,3,1,2,2
15,16,13,ok,7840,569447.424,569447.424,0,0,0,13,1,1,1
15,16,14,ok,7168,560686.69439999992,560686.69439999992,0,0,0,1,2,1,7
15,16,15,ok,6860,574922.88,574922.88,0,0,0,15,1,1,1
15,16,16,ok,6272,560686.69440000004,560686.69440000004,0,0,0,2,2,2,2
15,32,1,ok,200704,1121373.3888000001,1121373.3888000001,0,0,0,1,1,1,1
15,32,2,ok,100352,1121373.3888000001,1121373.3888000001,0,0,0,1,1,1,2
15,32,3,ok,67032,1123563.5712000001,1123563.5712000001,0,0,0,3,1,1,1
15,32,4,ok,50176,1121373.3888000001,1121373.3888000001,0,0,0,1,2,1,2
15,32,5,ok,40376,1127943.9360000002,1127943.9360000002,0,0,0,5,1,1,1
15,32,6,ok,33516,1123563.5712000001,1123563.5712000001,0,0,0,3,1,1,2
15,32,7,ok,28672,1121373.3887999998,1121373.3887999998,0,0,0,1,1,1,7
15,32,8,ok,25088,1121373.3888000001,1121373.3888000001,0,0,0,1,2,2,2
15,32,9,ok,22344,1123563.5712000001,1123563.5712000001,0,0,0,9,1,1,1
15,32,10,ok,20188,1127943.9360000002,1127943.9360000002,0,0,0,5,1,1,2
15,32,11,ok,18424,1132324.3008000001,1132324.3008000001,0,0,0,11,1,1,1
15,32,12,ok,16758,1123563.5712000001,1123563.5712000001,0,0,0,3,1,2,2
15,32,13,ok,15680,1138894.848,1138894.848,0,0,0,13,1,1,1
15,32,14,ok,14336,1121373.3887999998,1121373.3887999998,0,0,0,1,2,1,7
15,32,15,ok,13720,1149845.76,1149845.76,0,0,0,15,1,1,1
15,32,16,ok,12544,1121373.3888000001,1121373.3888000001,0,0,0,2,2,2,2
15,64,1,ok,401408,2242746.7776000001,2242746.7776000001,0,0,0,1,1,1,1
15,64,2,ok,200704,2242746.7776000001,2242746.7776000001,0,0,0,1,1,1,2
15,64,3,ok,134064,2247127.1424000002,2247127.1424000002,0,0,0,3,1,1,1
15,64,4,ok,100352,2242746.7776000001,2242746.7776000001,0,0,0,1,2,1,2
15,64,5,ok,80752,2255887.8720000004,2255887.8720000004,0,0,0,5,1,1,1
15,64,6,ok,67032,2247127.1424000002,2247127.1424000002,0,0,0,3,1,1,2
15,64,7,ok,57344,2242746.7775999997,2242746.7775999997,0,0,0,1,1,1,7
15,64,8,ok,50176,2242746.7776000001,2242746.7776000001,0,0,0,1,2,2,2
15,64,9,ok,44688,2247127.1424000002,2247127.1424000002,0,0,0,9,1,1,1
15,64,10,ok,40376,2255887.8720000004,2255887.8720000004,0,0,0,5,1,1,2
15,64,11,ok,36848,2264648.6016000002,2264648.6016000002,0,0,0,11,1,1,1
15,64,12,ok,33516,2247127.1424000002,2247127.1424000002,0,0,0,3,1,2,2
15,64,13,ok,31360,2277789.696,2277789.696,0,0,0,1,13,1,1
15,64,14,ok,28672,2242746.7775999997,2242746.7775999997,0,0,0,1,2,1,7
15,64,15,ok,27232,2282238.5040000002,2282238.5040000002,0,0,0,3,5,1,1
15,64,16,ok,25088,2242746.7776000001,2242746.7776000001,0,0,0,2,2,2,2
16,1,1,ok,451584,110260436.88959999,8323596.2879999997,98537890.91839999,0,3398949.6832000003,1,1,1,1
16,1,2,ok,225792,110260436.88959999,8323596.2879999997,98537890.91839999,0,3398949.6832000003,2,1,1,1
16,1,3,ok,169344,113235788.86379999,8339853.311999999,101491763.46779999,0,3404172.0839999998,3,1,1,1
16,1,4,ok,112896,110804264.448,8323596.2879999997,98840024.985599995,0,3640643.1744000004,4,1,1,1
16,1,5,ok,104832,117649645.40100001,8372367.3599999994,102811280.82900001,0,6465997.2120000003,5,1,1,1
16,1,6,ok,84672,113740706.35440001,8388624.3839999996,101932242.684,0,3419839.2864000006,6,1,1,1
16,1,7,ok,64512,129190628.0448,8323596.2879999988,102642775.96159999,0,18224255.795199998,1,1,1,7
16,1,8,ok,56448,110804264.448,8323596.2879999997,98840024.985599995,0,3640643.1744000004,8,1,1,1
16,1,9,ok,56448,114051530.2014,8339853.311999999,101944964.5686,0,3766712.3208000003,9,1,1,1
16,1,10,ok,48384,132546832.12799999,8918138.879999999,110317680.384,0,13311012.864,2,1,1,5
16,1,11,ok,48384,117754796.29979999,8404881.4079999998,103326648.17419998,0,6023266.7176000001,11,1,1,1
16,1,12,ok,42336,116629719.6024,8388624.3839999996,102406478.9976,0,5834616.2208000002,6,1,1,2
16,1,13,ok,40320,118720589.20799999,8453652.4800000004,103623769.08,0,6643167.648000001,13,1,1,1
16,1,14,ok,32256,129190628.0448,8323596.2879999988,102642775.96159999,0,18224255.795199998,2,1,1,7
16,1,15,ok,36288,135763281.8055,8935557.1199999992,113492041.41150001,0,13335683.274000002,3,1,1,5
16,1,16,ok,28224,112979574.68159999,8323596.2879999997,100048561.25439999,0,4607417.1392000001,16,1,1,1
16,2,1,ok,903168,217451901.54239997,16647192.575999999,196492799.79519996,0,4311909.1712000007,1,1,1,1
16,2,2,ok,451584,217451901.54239997,16647192.575999999,196492799.79519996,0,4311909.1712000007,2,1,1,1
16,2,3,ok,338688,223396611.40439999,16679706.623999998,202399406.2572,0,4317498.5232000006,3,1,1,1
16,2,4,ok,225792,218539556.65919998,16647192.575999999,197097067.92959997,0,4795296.1536000008,4,1,1,1
16,2,5,ok,209664,230453142.44999999,16744734.719999999,203276969.84999999,0,10431437.880000001,5,1,1,1
16,2,6,ok,169344,224388464.12639996,16777248.767999999,203276948.77919996,0,4334266.5792000005,6,1,1,1
16,2,7,ok,129024,236898450.43200001,16647192.575999998,201204677.63200003,0,19046580.223999999,1,1,1,7
16,2,8,ok,112896,218539556.65919998,16647192.575999999,197097067.92959997,0,4795296.1536000008,8,1,1,1
16,2,9,ok,112896,225028094.07959998,16679706.623999998,203305808.45879999,0,5042578.9968000008,9,1,1,1
16,2,10,ok,96768,249748803.072,17836277.759999998,217720450.55999997,0,14192074.752,2,1,1,5
16,2,11,ok,96768,230644624.25399995,16809762.816,204298595.44599995,0,9536265.9920000006,11,1,1,1
16,2,12,ok,84672,227073542.03999996,16777248.767999999,203637884.81760001,0,6658408.4544000011,6,1,1,2
16,2,13,ok,80640,232547980.08000001,16907304.960000001,204879173.616,0,10761501.504000001,13,1,1,1
16,2,14,ok,64512,236898450.43200001,16647192.575999998,201204677.63200003,0,19046580.223999999,2,1,1,7
16,2,15,ok,64512,287641456.12800002,17836277.759999998,230753201.66400003,0,39051976.703999996,1,1,1,15
16,2,16,ok,56448,221064701.33759999,16647192.575999999,197377915.90399998,0,7039592.8576000007,8,1,1,2
16,4,1,ok,1806336,431834830.84799993,33294385.151999999,392402617.54879993,0,6137828.1472000005,1,1,1,1
16,4,2,ok,903168,431834830.84799993,33294385.151999999,392402617.54879993,0,6137828.1472000005,2,1,1,1
16,4,3,ok,620928,445750445.77200007,33359413.247999996,397545915.43920004,0,14845117.084800001,3,1,1,1
16,4,4,ok,451584,434010141.08159995,33294385.151999999,393611153.81759995,0,7104602.1120000007,4,1,1,1
16,4,5,ok,366912,446298690.65999997,33489469.439999998,397468070.64400005,0,15341150.576000001,5,1,1,1
16,4,6,ok,310464,447726416.68799996,33554497.535999998,399307832.30400002,0,14864086.848000001,6,1,1,1
16,4,7,ok,258048,452314095.20640004,33294385.151999995,398328480.97280002,0,20691229.081599999,1,1,1,7
16,4,8,ok,225792,434010141.08159995,33294385.151999999,393611153.81759995,0,7104602.1120000007,8,1,1,1
16,4,9,ok,225792,446981221.83599997,33359413.247999996,406027496.23919994,0,7594312.3488000017,9,1,1,1
16,4,10,ok,183456,449162170.21200001,33489469.439999998,399341577.972,0,16331122.800000003,5,1,1,2
16,4,11,ok,169344,447116165.62799996,33619525.631999999,399593003.85839993,0,13903636.137600003,11,1,1,1
16,4,12,ok,155232,450678612.98880005,33554497.535999998,401204777.55839998,0,15919337.894400001,6,1,1,2
16,4,13,ok,141120,450226429.53600001,33814609.920000002,400555665.78560007,0,15856153.830400001,13,1,1,1
16,4,14,ok,129024,452314095.20640004,33294385.151999995,398328480.97280002,0,20691229.081599999,2,1,1,7
16,4,15,ok,131040,484157000.61000007,35881574.399999999,428634460.45800006,0,19640965.752,5,1,1,3
16,4,16,ok,112896,435991458.20159996,33294385.151999999,393589867.72479993,0,9107205.3248000015,8,1,1,2
16,8,1,ok,3612672,860600689.45919991,66588770.303999998,784222253.05599988,0,9789666.099200001,1,1,1,1
16,8,2,ok,1806336,860600689.45919991,66588770.303999998,784222253.05599988,0,9789666.099200001,2,1,1,1
16,8,3,ok,1241856,886673563.18560004,66718826.495999992,792755348.16480005,0,27199388.524800003,3,1,1,1
16,8,4,ok,903168,862038179.02079988,66588770.303999998,783898832.89599991,0,11550575.820800001,2,1,1,2
16,8,5,ok,733824,887751232.96800017,66978938.879999995,792590549.48000014,0,28181744.608000003,5,1,1,1
16,8,6,ok,620928,887694167.44800019,66718826.495999992,794185428.67680001,0,26789912.275200002,3,1,1,2
16,8,7,ok,516096,883145384.75520015,66588770.30399999,792576087.65440011,0,23980526.796800002,1,1,1,7
16,8,8,ok,451584,864951309.92639995,66588770.303999998,786639325.59359992,0,11723214.028800001,8,1,1,1
16,8,9,ok,451584,890887477.34879994,66718826.495999992,811470871.79999995,0,12697779.052800003,9,1,1,1
16,8,10,ok,366912,888632043.72000003,66978938.879999995,793991972.32800007,0,27661132.512000002,5,1,1,2
16,8,11,ok,338688,889367362.91039991,67239051.263999999,796831306.81439984,0,25297004.832000002,11,1,1,1
16,8,12,ok,310464,891646109.27999997,67108995.071999997,797709262.40639997,0,26827851.801600002,6,1,1,2
16,8,13,ok,282240,895559660.7360003,67629219.840000004,798742967.02720022,0,29187473.868800003,13,1,1,1
16,8,14,ok,258048,883145384.75520015,66588770.30399999,792576087.65440011,0,23980526.796800002,2,1,1,7
16,8,15,ok,262080,953775556.16400015,71763148.799999997,850232145.49200022,0,31780261.871999998,5,1,1,3
16,8,16,ok,225792,865844971.92959988,66588770.303999998,786013771.36639988,0,13242430.259200001,8,1,1,2
16,16,1,ok,7225344,1718132406.6815999,133177540.608,1567861524.0703998,0,17093342.003200002,1,1,1,1
16,16,2,ok,3612672,1717938413.5679998,133177540.608,1566631701.7087998,0,18129171.251200002,1,1,1,2
16,16,3,ok,2483712,1768519798.0128002,133437652.99199998,1583174213.6160002,0,51907931.404800005,3,1,1,1
16,16,4,ok,1806336,1717938413.5679998,133177540.608,1566631701.7087998,0,18129171.251200002,2,1,1,2
16,16,5,ok,1467648,1770656317.5839999,133957877.75999999,1582835507.152,0,53862932.672000006,5,1,1,1
16,16,6,ok,1241856,1765733678.1792004,133437652.99199998,1583697891.9264002,0,48598133.260800004,3,1,1,2
16,16,7,ok,1032192,1744807963.8527999,133177540.60799998,1581071301.0175998,0,30559122.227200001,1,1,1,7
16,16,8,ok,903168,1724076358.0415998,133177540.608,1567797665.7919998,0,23101151.641600002,2,2,1,2
16,16,9,ok,903168,1778699988.3743999,133437652.99199998,1622357622.9215999,0,22904712.460800007,9,1,1,1
16,16,10,ok,733824,1767571790.7360001,133957877.75999999,1583292761.04,0,50321151.936000004,5,1,1,2
16,16,11,ok,677376,1773869757.4751999,134478102.528,1591307912.7263997,0,48083742.220800012,11,1,1,1
16,16,12,ok,620928,1773581101.8623996,134217990.14399999,1590718232.1023998,0,48644879.616000004,6,1,1,2
16,16,13,ok,564480,1786226123.1360002,135258439.68000001,1595117569.5104003,0,55850113.945600003,13,1,1,1
16,16,14,ok,516096,1744807963.8527999,133177540.60799998,1581071301.0175998,0,30559122.227200001,2,1,1,7
16,16,15,ok,524160,1893012667.2720001,143526297.59999999,1693427515.5600002,0,56058854.112000003,5,1,1,3
16,16,16,ok,451584,1725551999.3855999,133177540.608,1570861578.6495998,0,21512880.128000002,8,1,1,2
16,32,1,ok,14450688,3433195841.1264,266355081.21599999,3135140066.0991998,0,31700693.8112,1,1,1,1
16,32,2,ok,7225344,3429738882.6623998,266355081.21599999,3132097439.3343997,0,31286362.112,1,1,1,2
16,32,3,ok,4967424,3532212267.6672006,266875305.98399997,3164011944.5184002,0,101325017.16480002,3,1,1,1
16,32,4,ok,3612672,3429738882.6623998,266355081.21599999,3132097439.3343997,0,31286362.112,2,1,1,2
16,32,5,ok,2935296,3536466486.8160005,267915755.51999998,3163325422.4960003,0,105225308.80000001,5,1,1,1
16,32,6,ok,2483712,3521812699.6416006,266875305.98399997,3162722818.4256001,0,92214575.232000008,3,1,1,2
16,32,7,ok,2064384,3468133122.0479999,266355081.21599996,3158061727.7439995,0,43716313.088000007,1,1,1,7
16,32,8,ok,1806336,3435876827.1359997,266355081.21599999,3133263403.4175997,0,36258342.502400003,2,2,1,2
16,32,9,ok,1806336,3554325010.4256001,266875305.98399997,3244131125.1647997,0,43318579.276799999,9,1,1,1
16,32,10,ok,1467648,3525451284.7680001,267915755.51999998,3161894338.4640002,0,95641190.784000009,5,1,1,2
16,32,11,ok,1354752,3542874546.6047993,268956205.05599999,3180261124.5503993,0,93657216.998400018,11,1,1,1
16,32,12,ok,1241856,3531467356.3584008,266875305.98399997,3167395783.8528004,0,97196266.521600008,3,2,1,2
16,32,13,ok,1128960,3567559047.9360003,270516879.36000001,3187866774.4768,0,109175394.09920001,13,1,1,1
16,32,14,ok,1032192,3468133122.0479999,266355081.21599996,3158061727.7439995,0,43716313.088000007,2,1,1,7
16,32,15,ok,1048320,3771486889.4880009,287052595.19999999,3379818255.6960006,0,104616038.59200002,5,1,1,3
16,32,16,ok,903168,3444966054.2975998,266355081.21599999,3140557193.2159996,0,38053779.865600005,8,1,1,2
16,64,1,ok,28901376,6863322710.0159998,532710162.43199998,6269697150.1567993,0,60915397.427200004,1,1,1,1
16,64,2,ok,14450688,6853339820.8511992,532710162.43199998,6263028914.5855989,0,57600743.8336,1,1,1,2
16,64,3,ok,9934848,7059597206.9759998,533750611.96799994,6325687406.3232002,0,200159188.68480003,3,1,1,1
16,64,4,ok,7225344,6853339820.8511992,532710162.43199998,6263028914.5855989,0,57600743.8336,2,1,1,2
16,64,5,ok,5870592,6982790063.6160002,541033758.71999991,6369983987.2000008,0,71772317.69600001,1,5,1,1
16,64,6,ok,4967424,7033970742.5664005,533750611.96799994,6320772671.4239998,0,179447459.17440003,3,1,1,2
16,64,7,ok,4128768,6914783438.4384003,532710162.43199992,6312042581.1967993,0,70030694.809600011,1,1,1,7
16,64,8,ok,3612672,6859477765.3247995,532710162.43199998,6264194878.6687994,0,62572724.223999999,2,2,1,2
16,64,9,ok,3612672,7105575054.5279999,533750611.96799994,6487678129.6511993,0,84146312.908800006,9,1,1,1
16,64,10,ok,2935296,6982790063.6160002,541033758.71999991,6369983987.2000008,0,71772317.69600001,2,5,1,1
16,64,11,ok,2709504,7080884124.8639994,537912410.11199999,6358167548.1983986,0,184804166.55360001,11,1,1,1
16,64,12,ok,2483712,7043625399.2832012,533750611.96799994,6325445636.8512001,0,184429150.46400002,3,2,1,2
16,64,13,ok,2257920,7007341841.5104017,541033758.72000003,6374647843.5328007,0,91660239.257600009,1,13,1,1
16,64,14,ok,2064384,6914783438.4384003,532710162.43199992,6312042581.1967993,0,70030694.809600011,2,1,1,7
16,64,15,ok,2096640,7476886497.0240002,579679027.19999993,6802648594.1759996,0,94558875.648000002,1,5,1,3
16,64,16,ok,1806336,6871753654.2719994,532710162.43199998,6266526806.8351994,0,72516685.004800007,2,4,1,2
17,1,1,ok,451584,110260436.88959999,8323596.2879999997,98537890.91839999,0,3398949.6832000003,1,1,1,1
17,1,2,ok,225792,110260436.88959999,8323596.2879999997,98537890.91839999,0,3398949.6832000003,2,1,1,1
17,1,3,ok,169344,113235788.86379999,8339853.311999999,101491763.46779999,0,3404172.0839999998,3,1,1,1
17,1,4,ok,112896,110804264.448,8323596.2879999997,98840024.985599995,0,3640643.1744000004,4,1,1,1
17,1,5,ok,104832,117649645.40100001,8372367.3599999994,102811280.82900001,0,6465997.2120000003,5,1,1,1
17,1,6,ok,84672,113740706.35440001,8388624.3839999996,101932242.684,0,3419839.2864000006,6,1,1,1
17,1,7,ok,64512,129190628.0448,8323596.2879999988,102642775.96159999,0,18224255.795199998,1,1,1,7
17,1,8,ok,56448,110804264.448,8323596.2879999997,98840024.985599995,0,3640643.1744000004,8,1,1,1
17,1,9,ok,56448,114051530.2014,8339853.311999999,101944964.5686,0,3766712.3208000003,9,1,1,1
17,1,10,ok,48384,132546832.12799999,8918138.879999999,110317680.384,0,13311012.864,2,1,1,5
17,1,11,ok,48384,117754796.29979999,8404881.4079999998,103326648.17419998,0,6023266.7176000001,11,1,1,1
17,1,12,ok,42336,116629719.6024,8388624.3839999996,102406478.9976,0,5834616.2208000002,6,1,1,2
17,1,13,ok,40320,118720589.20799999,8453652.4800000004,103623769.08,0,6643167.648000001,13,1,1,1
17,1,14,ok,32256,129190628.0448,8323596.2879999988,102642775.96159999,0,18224255.795199998,2,1,1,7
17,1,15,ok,36288,135763281.8055,8935557.1199999992,113492041.41150001,0,13335683.274000002,3,1,1,5
17,1,16,ok,28224,112979574.68159999,8323596.2879999997,100048561.25439999,0,4607417.1392000001,16,1,1,1
17,2,1,ok,903168,217451901.54239997,16647192.575999999,196492799.79519996,0,4311909.1712000007,1,1,1,1
17,2,2,ok,451584,217451901.54239997,16647192.575999999,196492799.79519996,0,4311909.1712000007,2,1,1,1
17,2,3,ok,338688,223396611.40439999,16679706.623999998,202399406.2572,0,4317498.5232000006,3,1,1,1
17,2,4,ok,225792,218539556.65919998,16647192.575999999,197097067.92959997,0,4795296.1536000008,4,1,1,1
17,2,5,ok,209664,230453142.44999999,16744734.719999999,203276969.84999999,0,10431437.880000001,5,1,1,1
17,2,6,ok,169344,224388464.12639996,16777248.767999999,203276948.77919996,0,4334266.5792000005,6,1,1,1
17,2,7,ok,129024,236898450.43200001,16647192.575999998,201204677.63200003,0,19046580.223999999,1,1,1,7
17,2,8,ok,112896,218539556.65919998,16647192.575999999,197097067.92959997,0,4795296.1536000008,8,1,1,1
17,2,9,ok,112896,225028094.07959998,16679706.623999998,203305808.45879999,0,5042578.9968000008,9,1,1,1
17,2,10,ok,96768,249748803.072,17836277.759999998,217720450.55999997,0,14192074.752,2,1,1,5
17,2,11,ok,96768,230644624.25399995,16809762.816,204298595.44599995,0,9536265.9920000006,11,1,1,1
17,2,12,ok,84672,227073542.03999996,16777248.767999999,203637884.81760001,0,6658408.4544000011,6,1,1,2
17,2,13,ok,80640,232547980.08000001,16907304.960000001,204879173.616,0,10761501.504000001,13,1,1,1
17,2,14,ok,64512,236898450.43200001,16647192.575999998,201204677.63200003,0,19046580.223999999,2,1,1,7
17,2,15,ok,64512,287641456.12800002,17836277.759999998,230753201.66400003,0,39051976.703999996,1,1,1,15
17,2,16,ok,56448,221064701.33759999,16647192.575999999,197377915.90399998,0,7039592.8576000007,8,1,1,2
17,4,1,ok,1806336,431834830.84799993,33294385.151999999,392402617.54879993,0,6137828.1472000005,1,1,1,1
17,4,2,ok,903168,431834830.84799993,33294385.151999999,392402617.54879993,0,6137828.1472000005,2,1,1,1
17,4,3,ok,620928,445750445.77200007,33359413.247999996,397545915.43920004,0,14845117.084800001,3,1,1,1
17,4,4,ok,451584,434010141.08159995,33294385.151999999,393611153.81759995,0,7104602.1120000007,4,1,1,1
17,4,5,ok,366912,446298690.65999997,33489469.439999998,397468070.64400005,0,15341150.576000001,5,1,1,1
17,4,6,ok,310464,447726416.68799996,33554497.535999998,399307832.30400002,0,14864086.848000001,6,1,1,1
17,4,7,ok,258048,452314095.20640004,33294385.151999995,398328480.97280002,0,20691229.081599999,1,1,1,7
17,4,8,ok,225792,434010141.08159995,33294385.151999999,393611153.81759995,0,7104602.1120000007,8,1,1,1
17,4,9,ok,225792,446981221.83599997,33359413.247999996,406027496.23919994,0,7594312.3488000017,9,1,1,1
17,4,10,ok,183456,449162170.21200001,33489469.439999998,399341577.972,0,16331122.800000003,5,1,1,2
17,4,11,ok,169344,447116165.62799996,33619525.631999999,399593003.85839993,0,13903636.137600003,11,1,1,1
17,4,12,ok,155232,450678612.98880005,33554497.535999998,401204777.55839998,0,15919337.894400001,6,1,1,2
17,4,13,ok,141120,450226429.53600001,33814609.920000002,400555665.78560007,0,15856153.830400001,13,1,1,1
17,4,14,ok,129024,452314095.20640004,33294385.151999995,398328480.97280002,0,20691229.081599999,2,1,1,7
17,4,15,ok,131040,484157000.61000007,35881574.399999999,428634460.45800006,0,19640965.752,5,1,1,3
17,4,16,ok,112896,435991458.20159996,33294385.151999999,393589867.72479993,0,9107205.3248000015,8,1,1,2
17,8,1,ok,3612672,860600689.45919991,66588770.303999998,784222253.05599988,0,9789666.099200001,1,1,1,1
17,8,2,ok,1806336,860600689.45919991,66588770.303999998,784222253.05599988,0,9789666.099200001,2,1,1,1
17,8,3,ok,1241856,886673563.18560004,66718826.495999992,792755348.16480005,0,27199388.524800003,3,1,1,1
17,8,4,ok,903168,862038179.02079988,66588770.303999998,783898832.89599991,0,11550575.820800001,2,1,1,2
17,8,5,ok,733824,887751232.96800017,66978938.879999995,792590549.48000014,0,28181744.608000003,5,1,1,1
17,8,6,ok,620928,887694167.44800019,66718826.495999992,794185428.67680001,0,26789912.275200002,3,1,1,2
17,8,7,ok,516096,883145384.75520015,66588770.30399999,792576087.65440011,0,23980526.796800002,1,1,1,7
17,8,8,ok,451584,864951309.92639995,66588770.303999998,786639325.59359992,0,11723214.028800001,8,1,1,1
17,8,9,ok,451584,890887477.34879994,66718826.495999992,811470871.79999995,0,12697779.052800003,9,1,1,1
17,8,10,ok,366912,888632043.72000003,66978938.879999995,793991972.32800007,0,27661132.512000002,5,1,1,2
17,8,11,ok,338688,889367362.91039991,67239051.263999999,796831306.81439984,0,25297004.832000002,11,1,1,1
17,8,12,ok,310464,891646109.27999997,67108995.071999997,797709262.40639997,0,26827851.801600002,6,1,1,2
17,8,13,ok,282240,895559660.7360003,67629219.840000004,798742967.02720022,0,29187473.868800003,13,1,1,1
17,8,14,ok,258048,883145384.75520015,66588770.30399999,792576087.65440011,0,23980526.796800002,2,1,1,7
17,8,15,ok,262080,953775556.16400015,71763148.799999997,850232145.49200022,0,31780261.871999998,5,1,1,3
17,8,16,ok,225792,865844971.92959988,66588770.303999998,786013771.36639988,0,13242430.259200001,8,1,1,2
17,16,1,ok,7225344,1718132406.6815999,133177540.608,1567861524.0703998,0,17093342.003200002,1,1,1,1
17,16,2,ok,3612672,1717938413.5679998,133177540.608,1566631701.7087998,0,18129171.251200002,1,1,1,2
17,16,3,ok,2483712,1768519798.0128002,133437652.99199998,1583174213.6160002,0,51907931.404800005,3,1,1,1
17,16,4,ok,1806336,1717938413.5679998,133177540.608,1566631701.7087998,0,18129171.251200002,2,1,1,2
17,16,5,ok,1467648,1770656317.5839999,133957877.75999999,1582835507.152,0,53862932.672000006,5,1,1,1
17,16,6,ok,1241856,1765733678.1792004,133437652.99199998,1583697891.9264002,0,48598133.260800004,3,1,1,2
17,16,7,ok,1032192,1744807963.8527999,133177540.60799998,1581071301.0175998,0,30559122.227200001,1,1,1,7
17,16,8,ok,903168,1724076358.0415998,133177540.608,1567797665.7919998,0,23101151.641600002,2,2,1,2
17,16,9,ok,903168,1778699988.3743999,133437652.99199998,1622357622.9215999,0,22904712.460800007,9,1,1,1
17,16,10,ok,733824,1767571790.7360001,133957877.75999999,1583292761.04,0,50321151.936000004,5,1,1,2
17,16,11,ok,677376,1773869757.4751999,134478102.528,1591307912.7263997,0,48083742.220800012,11,1,1,1
17,16,12,ok,620928,1773581101.8623996,134217990.14399999,1590718232.1023998,0,48644879.616000004,6,1,1,2
17,16,13,ok,564480,1786226123.1360002,135258439.68000001,1595117569.5104003,0,55850113.945600003,13,1,1,1
17,16,14,ok,516096,1744807963.8527999,133177540.60799998,1581071301.0175998,0,30559122.227200001,2,1,1,7
17,16,15,ok,524160,1893012667.2720001,143526297.59999999,1693427515.5600002,0,56058854.112000003,5,1,1,3
17,16,16,ok,451584,1725551999.3855999,133177540.608,1570861578.6495998,0,21512880.128000002,8,1,1,2
17,32,1,ok,14450688,3433195841.1264,266355081.21599999,3135140066.0991998,0,31700693.8112,1,1,1,1
17,32,2,ok,7225344,3429738882.6623998,266355081.21599999,3132097439.3343997,0,31286362.112,1,1,1,2
17,32,3,ok,4967424,3532212267.6672006,266875305.98399997,3164011944.5184002,0,101325017.16480002,3,1,1,1
17,32,4,ok,3612672,3429738882.6623998,266355081.21599999,3132097439.3343997,0,31286362.112,2,1,1,2
17,32,5,ok,2935296,3536466486.8160005,267915755.51999998,3163325422.4960003,0,105225308.80000001,5,1,1,1
17,32,6,ok,2483712,3521812699.6416006,266875305.98399997,3162722818.4256001,0,92214575.232000008,3,1,1,2
17,32,7,ok,2064384,3468133122.0479999,266355081.21599996,3158061727.7439995,0,43716313.088000007,1,1,1,7
17,32,8,ok,1806336,3435876827.1359997,266355081.21599999,3133263403.4175997,0,36258342.502400003,2,2,1,2
17,32,9,ok,1806336,3554325010.4256001,266875305.98399997,3244131125.1647997,0,43318579.276799999,9,1,1,1
17,32,10,ok,1467648,3525451284.7680001,267915755.51999998,3161894338.4640002,0,95641190.784000009,5,1,1,2
17,32,11,ok,1354752,3542874546.6047993,268956205.05599999,3180261124.5503993,0,93657216.998400018,11,1,1,1
17,32,12,ok,1241856,3531467356.3584008,266875305.98399997,3167395783.8528004,0,97196266.521600008,3,2,1,2
17,32,13,ok,1128960,3567559047.9360003,270516879.36000001,3187866774.4768,0,109175394.09920001,13,1,1,1
17,32,14,ok,1032192,3468133122.0479999,266355081.21599996,3158061727.7439995,0,43716313.088000007,2,1,1,7
17,32,15,ok,1048320,3771486889.4880009,287052595.19999999,3379818255.6960006,0,104616038.59200002,5,1,1,3
17,32,16,ok,903168,3444966054.2975998,266355081.21599999,3140557193.2159996,0,38053779.865600005,8,1,1,2
17,64,1,ok,28901376,6863322710.0159998,532710162.43199998,6269697150.1567993,0,60915397.427200004,1,1,1,1
17,64,2,ok,14450688,6853339820.8511992,532710162.43199998,6263028914.5855989,0,57600743.8336,1,1,1,2
17,64,3,ok,9934848,7059597206.9759998,533750611.96799994,6325687406.3232002,0,200159188.68480003,3,1,1,1
17,64,4,ok,7225344,6853339820.8511992,532710162.43199998,6263028914.5855989,0,57600743.8336,2,1,1,2
17,64,5,ok,5870592,6982790063.6160002,541033758.71999991,6369983987.2000008,0,71772317.69600001,1,5,1,1
17,64,6,ok,4967424,7033970742.5664005,533750611.96799994,6320772671.4239998,0,179447459.17440003,3,1,1,2
17,64,7,ok,4128768,6914783438.4384003,532710162.43199992,6312042581.1967993,0,70030694.809600011,1,1,1,7
17,64,8,ok,3612672,6859477765.3247995,532710162.43199998,6264194878.6687994,0,62572724.223999999,2,2,1,2
17,64,9,ok,3612672,7105575054.5279999,533750611.96799994,6487678129.6511993,0,84146312.908800006,9,1,1,1
17,64,10,ok,2935296,6982790063.6160002,541033758.71999991,6369983987.2000008,0,71772317.69600001,2,5,1,1
17,64,11,ok,2709504,7080884124.8639994,537912410.11199999,6358167548.1983986,0,184804166.55360001,11,1,1,1
17,64,12,ok,2483712,7043625399.2832012,533750611.96799994,6325445636.8512001,0,184429150.46400002,3,2,1,2
17,64,13,ok,2257920,7007341841.5104017,541033758.72000003,6374647843.5328007,0,91660239.257600009,1,13,1,1
17,64,14,ok,2064384,6914783438.4384003,532710162.43199992,6312042581.1967993,0,70030694.809600011,2,1,1,7
17,64,15,ok,2096640,7476886497.0240002,579679027.19999993,6802648594.1759996,0,94558875.648000002,1,5,1,3
17,64,16,ok,1806336,6871753654.2719994,532710162.43199998,6266526806.8351994,0,72516685.004800007,2,4,1,2
18,1,1,ok,451584,110260436.88959999,8323596.2879999997,98537890.91839999,0,3398949.6832000003,1,1,1,1
18,1,2,ok,225792,110260436.88959999,8323596.2879999997,98537890.91839999,0,3398949.6832000003,2,1,1,1
18,1,3,ok,169344,113235788.86379999,8339853.311999999,101491763.46779999,0,3404172.0839999998,3,1,1,1
18,1,4,ok,112896,110804264.448,8323596.2879999997,98840024.985599995,0,3640643.1744000004,4,1,1,1
18,1,5,ok,104832,117649645.40100001,8372367.3599999994,102811280.82900001,0,6465997.2120000003,5,1,1,1
18,1,6,ok,84672,113740706.35440001,8388624.3839999996,101932242.684,0,3419839.2864000006,6,1,1,1
18,1,7,ok,64512,129190628.0448,8323596.2879999988,102642775.96159999,0,18224255.795199998,1,1,1,7
18,1,8,ok,56448,110804264.448,8323596.2879999997,98840024.985599995,0,3640643.1744000004,8,1,1,1
18,1,9,ok,56448,114051530.2014,8339853.311999999,101944964.5686,0,3766712.3208000003,9,1,1,1
18,1,10,ok,48384,132546832.12799999,8918138.879999999,110317680.384,0,13311012.864,2,1,1,5
18,1,11,ok,48384,117754796.29979999,8404881.4079999998,103326648.17419998,0,6023266.7176000001,11,1,1,1
18,1,12,ok,42336,116629719.6024,8388624.3839999996,102406478.9976,0,5834616.2208000002,6,1,1,2
18,1,13,ok,40320,118720589.20799999,8453652.4800000004,103623769.08,0,6643167.648000001,13,1,1,1
18,1,14,ok,32256,129190628.0448,8323596.2879999988,102642775.96159999,0,18224255.795199998,2,1,1,7
18,1,15,ok,36288,135763281.8055,8935557.1199999992,113492041.41150001,0,13335683.274000002,3,1,1,5
18,1,16,ok,28224,112979574.68159999,8323596.2879999997,100048561.25439999,0,4607417.1392000001,16,1,1,1
18,2,1,ok,903168,217451901.54239997,16647192.575999999,196492799.79519996,0,4311909.1712000007,1,1,1,1
18,2,2,ok,451584,217451901.54239997,16647192.575999999,196492799.79519996,0,4311909.1712000007,2,1,1,1
18,2,3,ok,338688,223396611.40439999,16679706.623999998,202399406.2572,0,4317498.5232000006,3,1,1,1
18,2,4,ok,225792,218539556.65919998,16647192.575999999,197097067.92959997,0,4795296.1536000008,4,1,1,1
18,2,5,ok,209664,230453142.44999999,16744734.719999999,203276969.84999999,0,10431437.880000001,5,1,1,1
18,2,6,ok,169344,224388464.12639996,16777248.767999999,203276948.77919996,0,4334266.5792000005,6,1,1,1
18,2,7,ok,129024,236898450.43200001,16647192.575999998,201204677.63200003,0,19046580.223999999,1,1,1,7
18,2,8,ok,112896,218539556.65919998,16647192.575999999,197097067.92959997,0,4795296.1536000008,8,1,1,1
18,2,9,ok,112896,225028094.07959998,16679706.623999998,203305808.45879999,0,5042578.9968000008,9,1,1,1
18,2,10,ok,96768,249748803.072,17836277.759999998,217720450.55999997,0,14192074.752,2,1,1,5
18,2,11,ok,96768,230644624.25399995,16809762.816,204298595.44599995,0,9536265.9920000006,11,1,1,1
18,2,12,ok,84672,227073542.03999996,16777248.767999999,203637884.81760001,0,6658408.4544000011,6,1,1,2
18,2,13,ok,80640,232547980.08000001,16907304.960000001,204879173.616,0,10761501.504000001,13,1,1,1
18,2,14,ok,64512,236898450.43200001,16647192.575999998,201204677.63200003,0,19046580.223999999,2,1,1,7
18,2,15,ok,64512,287641456.12800002,17836277.759999998,230753201.66400003,0,39051976.703999996,1,1,1,15
18,2,16,ok,56448,221064701.33759999,16647192.575999999,197377915.90399998,0,7039592.8576000007,8,1,1,2
18,4,1,ok,1806336,431834830.84799993,33294385.151999999,392402617.54879993,0,6137828.1472000005,1,1,1,1
18,4,2,ok,903168,431834830.84799993,33294385.151999999,392402617.54879993,0,6137828.1472000005,2,1,1,1
18,4,3,ok,620928,445750445.77200007,33359413.247999996,397545915.43920004,0,14845117.084800001,3,1,1,1
18,4,4,ok,451584,434010141.08159995,33294385.151999999,393611153.81759995,0,7104602.1120000007,4,1,1,1
18,4,5,ok,366912,446298690.65999997,33489469.439999998,397468070.64400005,0,15341150.576000001,5,1,1,1
18,4,6,ok,310464,447726416.68799996,33554497.535999998,399307832.30400002,0,14864086.848000001,6,1,1,1
18,4,7,ok,258048,452314095.20640004,33294385.151999995,398328480.97280002,0,20691229.081599999,1,1,1,7
18,4,8,ok,225792,434010141.08159995,33294385.151999999,393611153.81759995,0,7104602.1120000007,8,1,1,1
18,4,9,ok,225792,446981221.83599997,33359413.247999996,406027496.23919994,0,7594312.3488000017,9,1,1,1
18,4,10,ok,183456,449162170.21200001,33489469.439999998,399341577.972,0,16331122.800000003,5,1,1,2
18,4,11,ok,169344,447116165.62799996,33619525.631999999,399593003.85839993,0,13903636.137600003,11,1,1,1
18,4,12,ok,155232,450678612.98880005,33554497.535999998,401204777.55839998,0,15919337.894400001,6,1,1,2
18,4,13,ok,141120,450226429.53600001,33814609.920000002,400555665.78560007,0,15856153.830400001,13,1,1,1
18,4,14,ok,129024,452314095.20640004,33294385.151999995,398328480.97280002,0,20691229.081599999,2,1,1,7
18,4,15,ok,131040,484157000.61000007,35881574.399999999,428634460.45800006,0,19640965.752,5,1,1,3
18,4,16,ok,112896,435991458.20159996,33294385.151999999,393589867.72479993,0,9107205.3248000015,8,1,1,2
18,8,1,ok,3612672,860600689.45919991,66588770.303999998,784222253.05599988,0,9789666.099200001,1,1,1,1
18,8,2,ok,1806336,860600689.45919991,66588770.303999998,784222253.05599988,0,9789666.099200001,2,1,1,1
18,8,3,ok,1241856,886673563.18560004,66718826.495999992,792755348.16480005,0,27199388.524800003,3,1,1,1
18,8,4,ok,903168,862038179.02079988,66588770.303999998,783898832.89599991,0,11550575.820800001,2,1,1,2
18,8,5,ok,733824,887751232.96800017,66978938.879999995,792590549.48000014,0,28181744.608000003,5,1,1,1
18,8,6,ok,620928,887694167.44800019,66718826.495999992,794185428.67680001,0,26789912.275200002,3,1,1,2
18,8,7,ok,516096,883145384.75520015,66588770.30399999,792576087.65440011,0,23980526.796800002,1,1,1,7
18,8,8,ok,451584,864951309.92639995,66588770.303999998,786639325.59359992,0,11723214.028800001,8,1,1,1
18,8,9,ok,451584,890887477.34879994,66718826.495999992,811470871.79999995,0,12697779.052800003,9,1,1,1
18,8,10,ok,366912,888632043.72000003,66978938.879999995,793991972.32800007,0,27661132.512000002,5,1,1,2
18,8,11,ok,338688,889367362.91039991,67239051.263999999,796831306.81439984,0,25297004.832000002,11,1,1,1
18,8,12,ok,310464,891646109.27999997,67108995.071999997,797709262.40639997,0,26827851.801600002,6,1,1,2
18,8,13,ok,282240,895559660.7360003,67629219.840000004,798742967.02720022,0,29187473.868800003,13,1,1,1
18,8,14,ok,258048,883145384.75520015,66588770.30399999,792576087.65440011,0,23980526.796800002,2,1,1,7
18,8,15,ok,262080,953775556.16400015,71763148.799999997,850232145.49200022,0,31780261.871999998,5,1,1,3
18,8,16,ok,225792,865844971.92959988,66588770.303999998,786013771.36639988,0,13242430.259200001,8,1,1,2
18,16,1,ok,7225344,1718132406.6815999,133177540.608,1567861524.0703998,0,17093342.003200002,1,1,1,1
18,16,2,ok,3612672,1717938413.5679998,133177540.608,1566631701.7087998,0,18129171.251200002,1,1,1,2
18,16,3,ok,2483712,1768519798.0128002,133437652.99199998,1583174213.6160002,0,51907931.404800005,3,1,1,1
18,16,4,ok,1806336,1717938413.5679998,133177540.608,1566631701.7087998,0,18129171.251200002,2,1,1,2
18,16,5,ok,1467648,1770656317.5839999,133957877.75999999,1582835507.152,0,53862932.672000006,5,1,1,1
18,16,6,ok,1241856,1765733678.1792004,133437652.99199998,1583697891.9264002,0,48598133.260800004,3,1,1,2
18,16,7,ok,1032192,1744807963.8527999,133177540.60799998,1581071301.0175998,0,30559122.227200001,1,1,1,7
18,16,8,ok,903168,1724076358.0415998,133177540.608,1567797665.7919998,0,23101151.641600002,2,2,1,2
18,16,9,ok,903168,1778699988.3743999,133437652.99199998,1622357622.9215999,0,22904712.460800007,9,1,1,1
18,16,10,ok,733824,1767571790.7360001,133957877.75999999,1583292761.04,0,50321151.936000004,5,1,1,2
18,16,11,ok,677376,1773869757.4751999,134478102.528,1591307912.7263997,0,48083742.220800012,11,1,1,1
18,16,12,ok,620928,1773581101.8623996,134217990.14399999,1590718232.1023998,0,48644879.616000004,6,1,1,2
18,16,13,ok,564480,1786226123.1360002,135258439.68000001,1595117569.5104003,0,55850113.945600003,13,1,1,1
18,16,14,ok,516096,1744807963.8527999,133177540.60799998,1581071301.0175998,0,30559122.227200001,2,1,1,7
18,16,15,ok,524160,1893012667.2720001,143526297.59999999,1693427515.5600002,0,56058854.112000003,5,1,1,3
18,16,16,ok,451584,1725551999.3855999,133177540.608,1570861578.6495998,0,21512880.128000002,8,1,1,2
18,32,1,ok,14450688,3433195841.1264,266355081.21599999,3135140066.0991998,0,31700693.8112,1,1,1,1
18,32,2,ok,7225344,3429738882.6623998,266355081.21599999,3132097439.3343997,0,31286362.112,1,1,1,2
18,32,3,ok,4967424,3532212267.6672006,266875305.98399997,3164011944.5184002,0,101325017.16480002,3,1,1,1
18,32,4,ok,3612672,3429738882.6623998,266355081.21599999,3132097439.3343997,0,31286362.112,2,1,1,2
18,32,5,ok,2935296,3536466486.8160005,267915755.51999998,3163325422.4960003,0,105225308.80000001,5,1,1,1
18,32,6,ok,2483712,3521812699.6416006,266875305.98399997,3162722818.4256001,0,92214575.232000008,3,1,1,2
18,32,7,ok,2064384,3468133122.0479999,266355081.21599996,3158061727.7439995,0,43716313.088000007,1,1,1,7
18,32,8,ok,1806336,3435876827.1359997,266355081.21599999,3133263403.4175997,0,36258342.502400003,2,2,1,2
18,32,9,ok,1806336,3554325010.4256001,266875305.98399997,3244131125.1647997,0,43318579.276799999,9,1,1,1
18,32,10,ok,1467648,3525451284.7680001,267915755.51999998,3161894338.4640002,0,95641190.784000009,5,1,1,2
18,32,11,ok,1354752,3542874546.6047993,268956205.05599999,3180261124.5503993,0,93657216.998400018,11,1,1,1
18,32,12,ok,1241856,3531467356.3584008,266875305.98399997,3167395783.8528004,0,97196266.521600008,3,2,1,2
18,32,13,ok,1128960,3567559047.9360003,270516879.36000001,3187866774.4768,0,109175394.09920001,13,1,1,1
18,32,14,ok,1032192,3468133122.0479999,266355081.21599996,3158061727.7439995,0,43716313.088000007,2,1,1,7
18,32,15,ok,1048320,3771486889.4880009,287052595.19999999,3379818255.6960006,0,104616038.59200002,5,1,1,3
18,32,16,ok,903168,3444966054.2975998,266355081.21599999,3140557193.2159996,0,38053779.865600005,8,1,1,2
18,64,1,ok,28901376,6863322710.0159998,532710162.43199998,6269697150.1567993,0,60915397.427200004,1,1,1,1
18,64,2,ok,14450688,6853339820.8511992,532710162.43199998,6263028914.5855989,0,57600743.8336,1,1,1,2
18,64,3,ok,9934848,7059597206.9759998,533750611.96799994,6325687406.3232002,0,200159188.68480003,3,1,1,1
18,64,4,ok,7225344,6853339820.8511992,532710162.43199998,6263028914.5855989,0,57600743.8336,2,1,1,2
18,64,5,ok,5870592,6982790063.6160002,541033758.71999991,6369983987.2000008,0,71772317.69600001,1,5,1,1
18,64,6,ok,4967424,7033970742.5664005,533750611.96799994,6320772671.4239998,0,179447459.17440003,3,1,1,2
18,64,7,ok,4128768,6914783438.4384003,532710162.43199992,6312042581.1967993,0,70030694.809600011,1,1,1,7
18,64,8,ok,3612672,6859477765.3247995,532710162.43199998,6264194878.6687994,0,62572724.223999999,2,2,1,2
18,64,9,ok,3612672,7105575054.5279999,533750611.96799994,6487678129.6511993,0,84146312.908800006,9,1,1,1
18,64,10,ok,2935296,6982790063.6160002,541033758.71999991,6369983987.2000008,0,71772317.69600001,2,5,1,1
18,64,11,ok,2709504,7080884124.8639994,537912410.11199999,6358167548.1983986,0,184804166.55360001,11,1,1,1
18,64,12,ok,2483712,7043625399.2832012,533750611.96799994,6325445636.8512001,0,184429150.46400002,3,2,1,2
18,64,13,ok,2257920,7007341841.5104017,541033758.72000003,6374647843.5328007,0,91660239.257600009,1,13,1,1
18,64,14,ok,2064384,6914783438.4384003,532710162.43199992,6312042581.1967993,0,70030694.809600011,2,1,1,7
18,64,15,ok,2096640,7476886497.0240002,579679027.19999993,6802648594.1759996,0,94558875.648000002,1,5,1,3
18,64,16,ok,1806336,6871753654.2719994,532710162.43199998,6266526806.8351994,0,72516685.004800007,2,4,1,2
19,1,1,ok,451584,110260436.88959999,8323596.2879999997,98537890.91839999,0,3398949.6832000003,1,1,1,1
19,1,2,ok,225792,110260436.88959999,8323596.2879999997,98537890.91839999,0,3398949.6832000003,2,1,1,1
19,1,3,ok,169344,113235788.86379999,8339853.311999999,101491763.46779999,0,3404172.0839999998,3,1,1,1
19,1,4,ok,112896,110804264.448,8323596.2879999997,98840024.985599995,0,3640643.1744000004,4,1,1,1
19,1,5,ok,104832,117649645.40100001,8372367.3599999994,102811280.82900001,0,6465997.2120000003,5,1,1,1
19,1,6,ok,84672,113740706.35440001,8388624.3839999996,101932242.684,0,3419839.2864000006,6,1,1,1
19,1,7,ok,64512,129190628.0448,8323596.2879999988,102642775.96159999,0,18224255.795199998,1,1,1,7
19,1,8,ok,56448,110804264.448,8323596.2879999997,98840024.985599995,0,3640643.1744000004,8,1,1,1
19,1,9,ok,56448,114051530.2014,8339853.311999999,101944964.5686,0,3766712.3208000003,9,1,1,1
19,1,10,ok,48384,132546832.12799999,8918138.879999999,110317680.384,0,13311012.864,2,1,1,5
19,1,11,ok,48384,117754796.29979999,8404881.4079999998,103326648.17419998,0,6023266.7176000001,11,1,1,1
19,1,12,ok,42336,116629719.6024,8388624.3839999996,102406478.9976,0,5834616.2208000002,6,1,1,2
19,1,13,ok,40320,118720589.20799999,8453652.4800000004,103623769.08,0,6643167.648000001,13,1,1,1
19,1,14,ok,32256,129190628.0448,8323596.2879999988,102642775.96159999,0,18224255.795199998,2,1,1,7
19,1,15,ok,36288,135763281.8055,8935557.1199999992,113492041.41150001,0,13335683.274000002,3,1,1,5
19,1,16,ok,28224,112979574.68159999,8323596.2879999997,100048561.25439999,0,4607417.1392000001,16,1,1,1
19,2,1,ok,903168,217451901.54239997,16647192.575999999,196492799.79519996,0,4311909.1712000007,1,1,1,1
19,2,2,ok,451584,217451901.54239997,16647192.575999999,196492799.79519996,0,4311909.1712000007,2,1,1,1
19,2,3,ok,338688,223396611.40439999,16679706.623999998,202399406.2572,0,4317498.5232000006,3,1,1,1
19,2,4,ok,225792,218539556.65919998,16647192.575999999,197097067.92959997,0,4795296.1536000008,4,1,1,1
19,2,5,ok,209664,230453142.44999999,16744734.719999999,203276969.84999999,0,10431437.880000001,5,1,1,1
19,2,6,ok,169344,224388464.12639996,16777248.767999999,203276948.77919996,0,4334266.5792000005,6,1,1,1
19,2,7,ok,129024,236898450.43200001,16647192.575999998,201204677.63200003,0,19046580.223999999,1,1,1,7
19,2,8,ok,112896,218539556.65919998,16647192.575999999,197097067.92959997,0,4795296.1536000008,8,1,1,1
19,2,9,ok,112896,225028094.07959998,16679706.623999998,203305808.45879999,0,5042578.9968000008,9,1,1,1
19,2,10,ok,96768,249748803.072,17836277.759999998,217720450.55999997,0,14192074.752,2,1,1,5
19,2,11,ok,96768,230644624.25399995,16809762.816,204298595.44599995,0,9536265.9920000006,11,1,1,1
19,2,12,ok,84672,227073542.03999996,16777248.767999999,203637884.81760001,0,6658408.4544000011,6,1,1,2
19,2,13,ok,80640,232547980.08000001,16907304.960000001,204879173.616,0,10761501.504000001,13,1,1,1
19,2,14,ok,64512,236898450.43200001,16647192.575999998,201204677.63200003,0,19046580.223999999,2,1,1,7
19,2,15,ok,64512,287641456.12800002,17836277.759999998,230753201.66400003,0,39051976.703999996,1,1,1,15
19,2,16,ok,56448,221064701.33759999,16647192.575999999,197377915.90399998,0,7039592.8576000007,8,1,1,2
19,4,1,ok,1806336,431834830.84799993,33294385.151999999,392402617.54879993,0,6137828.1472000005,1,1,1,1
19,4,2,ok,903168,431834830.84799993,33294385.151999999,392402617.54879993,0,6137828.1472000005,2,1,1,1
19,4,3,ok,620928,445750445.77200007,33359413.247999996,397545915.43920004,0,14845117.084800001,3,1,1,1
19,4,4,ok,451584,434010141.08159995,33294385.151999999,393611153.81759995,0,7104602.1120000007,4,1,1,1
19,4,5,ok,366912,446298690.65999997,33489469.439999998,397468070.64400005,0,15341150.576000001,5,1,1,1
19,4,6,ok,310464,447726416.68799996,33554497.535999998,399307832.30400002,0,14864086.848000001,6,1,1,1
19,4,7,ok,258048,452314095.20640004,33294385.151999995,398328480.97280002,0,20691229.081599999,1,1,1,7
19,4,8,ok,225792,434010141.08159995,33294385.151999999,393611153.81759995,0,7104602.1120000007,8,1,1,1
19,4,9,ok,225792,446981221.83599997,33359413.247999996,406027496.23919994,0,7594312.3488000017,9,1,1,1
19,4,10,ok,183456,449162170.21200001,33489469.439999998,399341577.972,0,16331122.800000003,5,1,1,2
19,4,11,ok,169344,447116165.62799996,33619525.631999999,399593003.85839993,0,13903636.137600003,11,1,1,1
19,4,12,ok,155232,450678612.98880005,33554497.535999998,401204777.55839998,0,15919337.894400001,6,1,1,2
19,4,13,ok,141120,450226429.53600001,33814609.920000002,400555665.78560007,0,15856153.830400001,13,1,1,1
19,4,14,ok,129024,452314095.20640004,33294385.151999995,398328480.97280002,0,20691229.081599999,2,1,1,7
19,4,15,ok,131040,484157000.61000007,35881574.399999999,428634460.45800006,0,19640965.752,5,1,1,3
19,4,16,ok,112896,435991458.20159996,33294385.151999999,393589867.72479993,0,9107205.3248000015,8,1,1,2
19,8,1,ok,3612672,860600689.45919991,66588770.303999998,784222253.05599988,0,9789666.099200001,1,1,1,1
19,8,2,ok,1806336,860600689.45919991,66588770.303999998,784222253.05599988,0,9789666.099200001,2,1,1,1
19,8,3,ok,1241856,886673563.18560004,66718826.495999992,792755348.16480005,0,27199388.524800003,3,1,1,1
19,8,4,ok,903168,862038179.02079988,66588770.303999998,783898832.89599991,0,11550575.820800001,2,1,1,2
19,8,5,ok,733824,887751232.96800017,66978938.879999995,792590549.48000014,0,28181744.608000003,5,1,1,1
19,8,6,ok,620928,887694167.44800019,66718826.495999992,794185428.67680001,0,26789912.275200002,3,1,1,2
19,8,7,ok,516096,883145384.75520015,66588770.30399999,792576087.65440011,0,23980526.796800002,1,1,1,7
19,8,8,ok,451584,864951309.92639995,66588770.303999998,786639325.59359992,0,11723214.028800001,8,1,1,1
19,8,9,ok,451584,890887477.34879994,66718826.495999992,811470871.79999995,0,12697779.052800003,9,1,1,1
19,8,10,ok,366912,888632043.72000003,66978938.879999995,793991972.32800007,0,27661132.512000002,5,1,1,2
19,8,11,ok,338688,889367362.91039991,67239051.263999999,796831306.81439984,0,25297004.832000002,11,1,1,1
19,8,12,ok,310464,891646109.27999997,67108995.071999997,797709262.40639997,0,26827851.801600002,6,1,1,2
19,8,13,ok,282240,895559660.7360003,67629219.840000004,798742967.02720022,0,29187473.868800003,13,1,1,1
19,8,14,ok,258048,883145384.75520015,66588770.30399999,792576087.65440011,0,23980526.796800002,2,1,1,7
19,8,15,ok,262080,953775556.16400015,71763148.799999997,850232145.49200022,0,31780261.871999998,5,1,1,3
19,8,16,ok,225792,865844971.92959988,66588770.303999998,786013771.36639988,0,13242430.259200001,8,1,1,2
19,16,1,ok,7225344,1718132406.6815999,133177540.608,1567861524.0703998,0,17093342.003200002,1,1,1,1
19,16,2,ok,3612672,1717938413.5679998,133177540.608,1566631701.7087998,0,18129171.251200002,1,1,1,2
19,16,3,ok,2483712,1768519798.0128002,133437652.99199998,1583174213.6160002,0,51907931.404800005,3,1,1,1
19,16,4,ok,1806336,1717938413.5679998,133177540.608,1566631701.7087998,0,18129171.251200002,2,1,1,2
19,16,5,ok,1467648,1770656317.5839999,133957877.75999999,1582835507.152,0,53862932.672000006,5,1,1,1
19,16,6,ok,1241856,1765733678.1792004,133437652.99199998,1583697891.9264002,0,48598133.260800004,3,1,1,2
19,16,7,ok,1032192,1744807963.8527999,133177540.60799998,1581071301.0175998,0,30559122.227200001,1,1,1,7
19,16,8,ok,903168,1724076358.0415998,133177540.608,1567797665.7919998,0,23101151.641600002,2,2,1,2
19,16,9,ok,903168,1778699988.3743999,133437652.99199998,1622357622.9215999,0,22904712.460800007,9,1,1,1
19,16,10,ok,733824,1767571790.7360001,133957877.75999999,1583292761.04,0,50321151.936000004,5,1,1,2
19,16,11,ok,677376,1773869757.4751999,134478102.528,1591307912.7263997,0,48083742.220800012,11,1,1,1
19,16,12,ok,620928,1773581101.8623996,134217990.14399999,1590718232.1023998,0,48644879.616000004,6,1,1,2
19,16,13,ok,564480,1786226123.1360002,135258439.68000001,1595117569.5104003,0,55850113.945600003,13,1,1,1
19,16,14,ok,516096,1744807963.8527999,133177540.60799998,1581071301.0175998,0,30559122.227200001,2,1,1,7
19,16,15,ok,524160,1893012667.2720001,143526297.59999999,1693427515.5600002,0,56058854.112000003,5,1,1,3
19,16,16,ok,451584,1725551999.3855999,133177540.608,1570861578.6495998,0,21512880.128000002,8,1,1,2
19,32,1,ok,14450688,3433195841.1264,266355081.21599999,3135140066.0991998,0,31700693.8112,1,1,1,1
19,32,2,ok,7225344,3429738882.6623998,266355081.21599999,3132097439.3343997,0,31286362.112,1,1,1,2
19,32,3,ok,4967424,3532212267.6672006,266875305.98399997,3164011944.5184002,0,101325017.16480002,3,1,1,1
19,32,4,ok,3612672,3429738882.6623998,266355081.21599999,3132097439.3343997,0,31286362.112,2,1,1,2
19,32,5,ok,2935296,3536466486.8160005,267915755.51999998,3163325422.4960003,0,105225308.80000001,5,1,1,1
19,32,6,ok,2483712,3521812699.6416006,266875305.98399997,3162722818.4256001,0,92214575.232000008,3,1,1,2
19,32,7,ok,2064384,3468133122.0479999,266355081.21599996,3158061727.7439995,0,43716313.088000007,1,1,1,7
19,32,8,ok,1806336,3435876827.1359997,266355081.21599999,3133263403.4175997,0,36258342.502400003,2,2,1,2
19,32,9,ok,1806336,3554325010.4256001,266875305.98399997,3244131125.1647997,0,43318579.276799999,9,1,1,1
19,32,10,ok,1467648,3525451284.7680001,267915755.51999998,3161894338.4640002,0,95641190.784000009,5,1,1,2
19,32,11,ok,1354752,3542874546.6047993,268956205.05599999,3180261124.5503993,0,93657216.998400018,11,1,1,1
19,32,12,ok,1241856,3531467356.3584008,266875305.98399997,3167395783.8528004,0,97196266.521600008,3,2,1,2
19,32,13,ok,1128960,3567559047.9360003,270516879.36000001,3187866774.4768,0,109175394.09920001,13,1,1,1
19,32,14,ok,1032192,3468133122.0479999,266355081.21599996,3158061727.7439995,0,43716313.088000007,2,1,1,7
19,32,15,ok,1048320,3771486889.4880009,287052595.19999999,3379818255.6960006,0,104616038.59200002,5,1,1,3
19,32,16,ok,903168,3444966054.2975998,266355081.21599999,3140557193.2159996,0,38053779.865600005,8,1,1,2
19,64,1,ok,28901376,6863322710.0159998,532710162.43199998,6269697150.1567993,0,60915397.427200004,1,1,1,1
19,64,2,ok,14450688,6853339820.8511992,532710162.43199998,6263028914.5855989,0,57600743.8336,1,1,1,2
19,64,3,ok,9934848,7059597206.9759998,533750611.96799994,6325687406.3232002,0,200159188.68480003,3,1,1,1
19,64,4,ok,7225344,6853339820.8511992,532710162.43199998,6263028914.5855989,0,57600743.8336,2,1,1,2
19,64,5,ok,5870592,6982790063.6160002,541033758.71999991,6369983987.2000008,0,71772317.69600001,1,5,1,1
19,64,6,ok,4967424,7033970742.5664005,533750611.96799994,6320772671.4239998,0,179447459.17440003,3,1,1,2
19,64,7,ok,4128768,6914783438.4384003,532710162.43199992,6312042581.1967993,0,70030694.809600011,1,1,1,7
19,64,8,ok,3612672,6859477765.3247995,532710162.43199998,6264194878.6687994,0,62572724.223999999,2,2,1,2
19,64,9,ok,3612672,7105575054.5279999,533750611.96799994,6487678129.6511993,0,84146312.908800006,9,1,1,1
19,64,10,ok,2935296,6982790063.6160002,541033758.71999991,6369983987.2000008,0,71772317.69600001,2,5,1,1
19,64,11,ok,2709504,7080884124.8639994,537912410.11199999,6358167548.1983986,0,184804166.55360001,11,1,1,1
19,64,12,ok,2483712,7043625399.2832012,533750611.96799994,6325445636.8512001,0,184429150.46400002,3,2,1,2
19,64,13,ok,2257920,7007341841.5104017,541033758.72000003,6374647843.5328007,0,91660239.257600009,1,13,1,1
19,64,14,ok,2064384,6914783438.4384003,532710162.43199992,6312042581.1967993,0,70030694.809600011,2,1,1,7
19,64,15,ok,2096640,7476886497.0240002,579679027.19999993,6802648594.1759996,0,94558875.648000002,1,5,1,3
19,64,16,ok,1806336,6871753654.2719994,532710162.43199998,6266526806.8351994,0,72516685.004800007,2,4,1,2
20,1,1,ok,1568,8760.7296000000006,8760.7296000000006,0,0,0,1,1,1,1
20,1,2,ok,784,8760.7296000000006,8760.7296000000006,0,0,0,2,1,1,1
20,1,3,ok,524,8777.840400000001,8777.840400000001,0,0,0,3,1,1,1
20,1,4,ok,392,8760.7296000000006,8760.7296000000006,0,0,0,4,1,1,1
20,1,5,ok,316,8812.0620000000017,8812.0620000000017,0,0,0,5,1,1,1
20,1,6,ok,264,8829.1728000000003,8829.1728000000003,0,0,0,6,1,1,1
20,1,7,ok,224,8760.7295999999988,8760.7295999999988,0,0,0,1,1,1,7
20,1,8,ok,196,8760.7296000000006,8760.7296000000006,0,0,0,8,1,1,1
20,1,9,ok,175,8777.840400000001,8777.840400000001,0,0,0,9,1,1,1
20,1,10,ok,160,8897.616,8897.616,0,0,0,10,1,1,1
20,1,11,ok,144,8846.2836000000007,8846.2836000000007,0,0,0,11,1,1,1
20,1,12,ok,132,8829.1728000000003,8829.1728000000003,0,0,0,12,1,1,1
20,1,13,ok,123,8897.616,8897.616,0,0,0,13,1,1,1
20,1,14,ok,112,8760.7295999999988,8760.7295999999988,0,0,0,2,1,1,7
20,1,15,ok,108,8983.1700000000001,8983.1700000000001,0,0,0,15,1,1,1
20,1,16,ok,98,8760.7296000000006,8760.7296000000006,0,0,0,16,1,1,1
20,2,1,ok,3136,17521.459200000001,17521.459200000001,0,0,0,1,1,1,1
20,2,2,ok,1568,17521.459200000001,17521.459200000001,0,0,0,1,2,1,1
20,2,3,ok,1048,17555.680800000002,17555.680800000002,0,0,0,3,1,1,1
20,2,4,ok,784,17521.459200000001,17521.459200000001,0,0,0,2,2,1,1
20,2,5,ok,631,17624.124000000003,17624.124000000003,0,0,0,5,1,1,1
20,2,6,ok,524,17555.680800000002,17555.680800000002,0,0,0,3,2,1,1
20,2,7,ok,448,17521.459199999998,17521.459199999998,0,0,0,1,1,1,7
20,2,8,ok,392,17521.459200000001,17521.459200000001,0,0,0,4,2,1,1
20,2,9,ok,350,17555.680800000002,17555.680800000002,0,0,0,9,1,1,1
20,2,10,ok,316,17624.124000000003,17624.124000000003,0,0,0,5,2,1,1
20,2,11,ok,288,17692.567200000001,17692.567200000001,0,0,0,11,1,1,1
20,2,12,ok,264,17658.345600000001,17658.345600000001,0,0,0,6,2,1,1
20,2,13,ok,245,17795.232,17795.232,0,0,0,13,1,1,1
20,2,14,ok,224,17521.459199999998,17521.459199999998,0,0,0,1,2,1,7
20,2,15,ok,215,17966.34,17966.34,0,0,0,15,1,1,1
20,2,16,ok,196,17521.459200000001,17521.459200000001,0,0,0,8,2,1,1
20,4,1,ok,6272,35042.918400000002,35042.918400000002,0,0,0,1,1,1,1
20,4,2,ok,3136,35042.918400000002,35042.918400000002,0,0,0,1,2,1,1
20,4,3,ok,2095,35111.361600000004,35111.361600000004,0,0,0,3,1,1,1
20,4,4,ok,1568,35042.918400000002,35042.918400000002,0,0,0,2,2,1,1
20,4,5,ok,1262,35248.248000000007,35248.248000000007,0,0,0,5,1,1,1
20,4,6,ok,1048,35111.361600000004,35111.361600000004,0,0,0,3,2,1,1
20,4,7,ok,896,35042.918399999995,35042.918399999995,0,0,0,1,1,1,7
20,4,8,ok,784,35042.918400000002,35042.918400000002,0,0,0,2,4,1,1
20,4,9,ok,699,35111.361600000004,35111.361600000004,0,0,0,9,1,1,1
20,4,10,ok,631,35248.248000000007,35248.248000000007,0,0,0,5,2,1,1
20,4,11,ok,576,35385.134400000003,35385.134400000003,0,0,0,11,1,1,1
20,4,12,ok,524,35111.361600000004,35111.361600000004,0,0,0,3,4,1,1
20,4,13,ok,490,35590.464,35590.464,0,0,0,13,1,1,1
20,4,14,ok,448,35042.918399999995,35042.918399999995,0,0,0,1,2,1,7
20,4,15,ok,429,35932.68,35932.68,0,0,0,15,1,1,1
20,4,16,ok,392,35042.918400000002,35042.918400000002,0,0,0,4,4,1,1
20,8,1,ok,12544,70085.836800000005,70085.836800000005,0,0,0,1,1,1,1
20,8,2,ok,6272,70085.836800000005,70085.836800000005,0,0,0,1,2,1,1
20,8,3,ok,4190,70222.723200000008,70222.723200000008,0,0,0,3,1,1,1
20,8,4,ok,3136,70085.836800000005,70085.836800000005,0,0,0,2,2,1,1
20,8,5,ok,2524,70496.496000000014,70496.496000000014,0,0,0,5,1,1,1
20,8,6,ok,2095,70222.723200000008,70222.723200000008,0,0,0,3,2,1,1
20,8,7,ok,1792,70085.83679999999,70085.83679999999,0,0,0,1,1,1,7
20,8,8,ok,1568,70085.836800000005,70085.836800000005,0,0,0,2,4,1,1
20,8,9,ok,1397,70222.723200000008,70222.723200000008,0,0,0,9,1,1,1
20,8,10,ok,1262,70496.496000000014,70496.496000000014,0,0,0,5,2,1,1
20,8,11,ok,1152,70770.268800000005,70770.268800000005,0,0,0,11,1,1,1
20,8,12,ok,1048,70222.723200000008,70222.723200000008,0,0,0,3,4,1,1
20,8,13,ok,980,71180.928,71180.928,0,0,0,13,1,1,1
20,8,14,ok,896,70085.83679999999,70085.83679999999,0,0,0,1,2,1,7
20,8,15,ok,858,71865.360000000001,71865.360000000001,0,0,0,15,1,1,1
20,8,16,ok,784,70085.836800000005,70085.836800000005,0,0,0,4,4,1,1
20,16,1,ok,25088,140171.67360000001,140171.67360000001,0,0,0,1,1,1,1
20,16,2,ok,12544,140171.67360000001,140171.67360000001,0,0,0,1,2,1,1
20,16,3,ok,8379,140445.44640000002,140445.44640000002,0,0,0,3,1,1,1
20,16,4,ok,6272,140171.67360000001,140171.67360000001,0,0,0,2,2,1,1
20,16,5,ok,5047,140992.99200000003,140992.99200000003,0,0,0,5,1,1,1
20,16,6,ok,4190,140445.44640000002,140445.44640000002,0,0,0,3,2,1,1
20,16,7,ok,3584,140171.67359999998,140171.67359999998,0,0,0,1,1,1,7
20,16,8,ok,3136,140171.67360000001,140171.67360000001,0,0,0,2,4,1,1
20,16,9,ok,2793,140445.44640000002,140445.44640000002,0,0,0,9,1,1,1
20,16,10,ok,2524,140992.99200000003,140992.99200000003,0,0,0,5,2,1,1
20,16,11,ok,2303,141540.53760000001,141540.53760000001,0,0,0,11,1,1,1
20,16,12,ok,2095,140445.44640000002,140445.44640000002,0,0,0,3,4,1,1
20,16,13,ok,1960,142361.856,142361.856,0,0,0,13,1,1,1
20,16,14,ok,1792,140171.67359999998,140171.67359999998,0,0,0,1,2,1,7
20,16,15,ok,1715,143730.72,143730.72,0,0,0,15,1,1,1
20,16,16,ok,1568,140171.67360000001,140171.67360000001,0,0,0,4,4,1,1
20,32,1,ok,50176,280343.34720000002,280343.34720000002,0,0,0,1,1,1,1
20,32,2,ok,25088,280343.34720000002,280343.34720000002,0,0,0,1,2,1,1
20,32,3,ok,16758,280890.89280000003,280890.89280000003,0,0,0,3,1,1,1
20,32,4,ok,12544,280343.34720000002,280343.34720000002,0,0,0,2,2,1,1
20,32,5,ok,10094,281985.98400000005,281985.98400000005,0,0,0,5,1,1,1
20,32,6,ok,8379,280890.89280000003,280890.89280000003,0,0,0,3,2,1,1
20,32,7,ok,7168,280343.34719999996,280343.34719999996,0,0,0,1,1,1,7
20,32,8,ok,6272,280343.34720000002,280343.34720000002,0,0,0,2,4,1,1
20,32,9,ok,5586,280890.89280000003,280890.89280000003,0,0,0,9,1,1,1
20,32,10,ok,5047,281985.98400000005,281985.98400000005,0,0,0,5,2,1,1
20,32,11,ok,4606,283081.07520000002,283081.07520000002,0,0,0,11,1,1,1
20,32,12,ok,4190,280890.89280000003,280890.89280000003,0,0,0,3,4,1,1
20,32,13,ok,3920,284723.712,284723.712,0,0,0,13,1,1,1
20,32,14,ok,3584,280343.34719999996,280343.34719999996,0,0,0,1,2,1,7
20,32,15,ok,3430,287461.44,287461.44,0,0,0,15,1,1,1
20,32,16,ok,3136,280343.34720000002,280343.34720000002,0,0,0,4,4,1,1
20,64,1,ok,100352,560686.69440000004,560686.69440000004,0,0,0,1,1,1,1
20,64,2,ok,50176,560686.69440000004,560686.69440000004,0,0,0,1,2,1,1
20,64,3,ok,33516,561781.78560000006,561781.78560000006,0,0,0,3,1,1,1
20,64,4,ok,25088,560686.69440000004,560686.69440000004,0,0,0,2,2,1,1
20,64,5,ok,20188,563971.96800000011,563971.96800000011,0,0,0,5,1,1,1
20,64,6,ok,16758,561781.78560000006,561781.78560000006,0,0,0,3,2,1,1
20,64,7,ok,14336,560686.69439999992,560686.69439999992,0,0,0,1,1,1,7
20,64,8,ok,12544,560686.69440000004,560686.69440000004,0,0,0,2,4,1,1
20,64,9,ok,11172,561781.78560000006,561781.78560000006,0,0,0,9,1,1,1
20,64,10,ok,10094,563971.96800000011,563971.96800000011,0,0,0,5,2,1,1
20,64,11,ok,9212,566162.15040000004,566162.15040000004,0,0,0,11,1,1,1
20,64,12,ok,8379,561781.78560000006,561781.78560000006,0,0,0,3,4,1,1
20,64,13,ok,7840,569447.424,569447.424,0,0,0,1,13,1,1
20,64,14,ok,7168,560686.69439999992,560686.69439999992,0,0,0,1,2,1,7
20,64,15,ok,6808,570559.62600000005,570559.62600000005,0,0,0,3,5,1,1
20,64,16,ok,6272,560686.69440000004,560686.69440000004,0,0,0,4,4,1,1
