layer_id,batch,tiles,status,cycles,energy_pj,mac_pj,buffer_pj,bus_pj,ubuf_pj,K,B,H,W
0,1,1,ok,307328,58895249.022399999,2124251.1359999999,55206008.211199999,0,1564989.6752000002,1,1,1,1
0,1,2,ok,153664,58910477.987199999,2124251.1359999999,55213094.182399996,0,1573132.6688000001,1,1,2,1
0,1,3,ok,104272,59981338.069800004,2162184.1919999998,56206568.560800008,0,1612585.317,1,1,1,3
0,1,4,ok,76832,58971880.239999995,2124251.1359999999,55254670.015999995,0,1592959.0880000002,1,1,2,2
0,1,5,ok,63112,60550213.559499986,2181150.7199999997,56730037.021999992,0,1639025.8175000001,1,1,1,5
0,1,6,ok,52136,60034920.061200008,2162184.1919999998,56232212.750400007,0,1640523.1188000001,1,1,2,3
0,1,7,ok,43904,59029056.184000008,2124251.1359999999,55287416.979200006,0,1617388.0688,1,1,1,7
0,1,8,ok,38416,59082735.409599997,2124251.1359999999,55331182.995200001,0,1627301.2784000002,1,1,1,8
0,1,9,ok,35672,61651464.153299987,2219083.7759999996,57726058.942799993,0,1706321.4345000002,1,1,1,9
0,1,10,ok,31556,60654094.543000005,2181150.7199999997,56787750.140000001,0,1685193.6830000002,2,1,1,5
0,1,11,ok,30184,63830605.276899993,2294949.8879999998,59754221.978,0,1781433.4109,1,1,1,11
0,1,12,ok,26068,60150060.448800012,2162184.1919999998,56296181.251200005,0,1691695.0055999998,2,1,2,3
0,1,13,ok,24696,61820224.857299991,2219083.7759999996,57855166.80839999,0,1745974.2729,1,1,1,13
0,1,14,ok,21952,59130227.228800006,2124251.1359999999,55343624.537600003,0,1662351.5552000003,2,1,1,7
0,1,15,ok,22344,61980985.121999994,2220099.8399999999,57972867.023999996,0,1788018.2580000001,1,1,5,3
0,1,16,ok,19208,59183906.454399996,2124251.1359999999,55387390.553599998,0,1672264.7648,2,1,1,8
0,2,1,ok,614656,117771285.96799999,4248502.2719999999,110402717.5552,0,3120066.1408000002,1,1,1,1
0,2,2,ok,307328,117782531.82080001,4248502.2719999999,110407590.6304,0,3126438.9184000003,1,1,2,1
0,2,3,ok,208544,119905039.9092,4324368.3839999996,112385240.52000001,0,3195431.0052000005,1,1,1,3
0,2,4,ok,153664,117820955.9744,4248502.2719999999,110426188.36479999,0,3146265.3376000002,1,2,2,1
0,2,5,ok,126224,121004366.735,4362301.4399999995,113413579.70799999,0,3228485.5870000003,1,1,1,5
0,2,6,ok,104272,119954567.66159999,4324368.3839999996,112408632.2976,0,3221566.9799999995,1,1,2,3
0,2,7,ok,87808,117923627.83040002,4248502.2719999999,110509741.888,0,3165383.6704000002,1,1,1,7
0,2,8,ok,76832,117943760.47999999,4248502.2719999999,110509340.03199999,0,3185918.1760000004,1,2,2,2
0,2,9,ok,71344,123130019.6154,4438167.5519999992,115368428.0808,0,3323423.9826000002,1,1,1,9
0,2,10,ok,63112,121100427.11899997,4362301.4399999995,113460074.04399998,0,3278051.6350000002,1,2,1,5
0,2,11,ok,60368,127449877.70899999,4589899.7759999996,119406156.41679999,0,3453821.5162,1,1,1,11
0,2,12,ok,52136,120069840.12240002,4324368.3839999996,112464425.50080001,0,3281046.2376000001,1,2,2,3
0,2,13,ok,49392,123390692.71620001,4438167.5519999992,115589448.3432,0,3363076.821,1,1,1,13
0,2,14,ok,43904,118058112.36800002,4248502.2719999999,110574833.95840001,0,3234776.1376,1,2,1,7
0,2,15,ok,44688,123673789.09200001,4440199.6799999997,115806251.04000001,0,3427338.3720000004,1,1,5,3
0,2,16,ok,38416,118165470.81919999,4248502.2719999999,110662365.9904,0,3254602.5568000004,1,2,1,8
0,4,1,ok,1229312,235523359.8592,8497004.5439999998,220796136.2432,0,6230219.0720000006,1,1,1,1
0,4,2,ok,614656,235526639.48800001,8497004.5439999998,220796583.5264,0,6233051.4176000003,1,1,2,1
0,4,3,ok,417088,239734519.58400005,8648736.7679999992,224732626.40640002,0,6353156.4095999999,1,1,3,1
0,4,4,ok,307328,235533198.74559999,8497004.5439999998,220797478.09279999,0,6238716.1088000005,1,1,4,1
0,4,5,ok,252448,241863595.45599997,8724602.879999999,226753399.03999999,0,6385593.5360000003,1,1,1,5
0,4,6,ok,208544,239765495.42399999,8648736.7679999992,224776347.80160004,0,6340410.8543999996,1,1,1,6
0,4,7,ok,175616,235584550.43200001,8497004.5439999998,220847413.60640001,0,6240132.2816000003,1,1,1,7
0,4,8,ok,153664,235546317.2608,8497004.5439999998,220799267.2256,0,6250045.4912,1,1,1,8
0,4,9,ok,141512,244218366.20159996,8803178.4959999993,228889633.88159999,0,6525553.824,1,1,3,3
0,4,10,ok,126224,241959655.83999997,8724602.879999999,226799893.37599999,0,6435159.5840000007,1,1,2,5
0,4,11,ok,120736,254510404.82559997,9179799.5519999992,238554957.13279995,0,6775648.1408000002,1,1,1,11
0,4,12,ok,104272,239876701.41120002,8648736.7679999992,224799245.29920003,0,6428719.3439999996,1,1,4,3
0,4,13,ok,98784,246182981.99039999,8876335.1039999984,230731555.89119998,0,6575090.9951999998,1,1,1,13
0,4,14,ok,87808,235799458.3168,8497004.5439999998,220992929.02399999,0,6309524.7488000002,1,1,2,7
0,4,15,ok,85652,246471471.204,8880399.3599999994,230993202.86399999,0,6597868.9800000004,1,1,3,5
0,4,16,ok,76832,235791926.27200001,8497004.5439999998,220965570.56,0,6329351.1680000005,1,1,2,8
0,8,1,ok,2458624,471027507.64160001,16994009.088,441582973.61919999,0,12450524.934400002,1,1,1,1
0,8,2,ok,1229312,471014854.82239997,16994009.088,441574569.31839997,0,12446276.416000001,1,1,2,1
0,8,3,ok,834176,479411402.93760014,17297473.535999998,449437356.21120012,0,12676573.190400001,1,1,3,1
0,8,4,ok,614656,470989549.18400002,16994009.088,441557760.71680003,0,12437779.3792,1,1,4,1
0,8,5,ok,504896,483631130.52799994,17449205.759999998,453460303.74399996,0,12721621.024000002,1,1,1,5
0,8,6,ok,417088,479415718.38720006,17297473.535999998,449496902.40000004,0,12621342.451199999,1,1,1,6
0,8,7,ok,351232,471034616.32639998,16994009.088,441629735.14239997,0,12410872.096000001,1,1,1,7
0,8,8,ok,307328,470938937.90719998,16994009.088,441524143.51359999,0,12420785.305600001,1,1,1,8
0,8,9,ok,283024,488263823.71199995,17606356.991999999,457695577.95839995,0,12961888.761599999,1,1,3,3
0,8,10,ok,252448,483727190.91199994,17449205.759999998,453506798.07999998,0,12771187.072000001,1,2,1,5
0,8,11,ok,241472,508809476.8064,18359599.103999998,477007626.72640002,0,13442250.976000002,1,1,1,11
0,8,12,ok,208544,479522857.90079999,17297473.535999998,449486904.19200003,0,12738480.172800001,1,1,4,3
0,8,13,ok,197568,492116206.98239994,17752670.207999997,461342226.50879991,0,13021310.2656,1,1,1,13
0,8,14,ok,175616,471169100.86400002,16994009.088,441694827.21280003,0,12480264.563200001,1,2,1,7
0,8,15,ok,171304,492654761.25599998,17760798.719999999,461846922.72000003,0,13047039.816000002,1,1,3,5
0,8,16,ok,153664,471092634.52160001,16994009.088,441598534.45120001,0,12500090.9824,1,2,1,8
0,16,1,ok,4917248,942035803.20639992,33988018.175999999,883156648.37119997,0,24891136.659200002,1,1,1,1
0,16,2,ok,2458624,941991285.49119997,33988018.175999999,883130540.90240002,0,24872726.412800003,1,1,2,1
0,16,3,ok,1668352,958765169.64480007,34594947.071999997,898846815.82080007,0,25323406.752000004,1,1,3,1
0,16,4,ok,1229312,941902250.06079996,33988018.175999999,883078325.9648,0,24835905.920000002,1,1,4,1
0,16,5,ok,1009792,967166200.67199993,34898411.519999996,906874113.15199995,0,25393676.000000007,1,1,1,5
0,16,6,ok,834176,958716164.31360018,34594947.071999997,898938011.59680009,0,25183205.6448,1,1,1,6
0,16,7,ok,702464,941934748.11520004,33988018.175999999,883194378.21440005,0,24752351.724800006,1,1,1,7
0,16,8,ok,614656,941724179.19999993,33988018.175999999,882973896.08959997,0,24762264.934400003,1,1,1,8
0,16,9,ok,566048,976354738.73280001,35212713.983999997,915307466.11199999,0,25834558.636799999,1,1,3,3
0,16,10,ok,504896,967262261.05599988,34898411.519999996,906920607.48799992,0,25443242.048000004,1,2,1,5
0,16,11,ok,482944,1017407620.768,36719198.207999997,953912965.91359997,0,26775456.646400001,1,1,1,11
0,16,12,ok,417088,958815170.87999988,34594947.071999997,898862221.9776001,0,25358001.830399998,1,1,4,3
0,16,13,ok,395136,983982656.96639979,35505340.415999994,922563567.74399984,0,25913748.806400001,1,1,1,13
0,16,14,ok,351232,942069232.65279996,33988018.175999999,883259470.28479993,0,24821744.192000002,1,2,1,7
0,16,15,ok,342608,985021341.36000001,35521597.439999998,923554362.43200004,0,25945381.488000002,1,1,3,5
0,16,16,ok,307328,941877875.81439996,33988018.175999999,883048287.02719998,0,24841570.611200001,1,2,1,8
0,32,1,ok,9834496,1884052394.336,67976036.351999998,1766303997.8752,0,49772360.108800001,1,1,1,1
0,32,2,ok,4917248,1883944146.8288,67976036.351999998,1766242484.0704,0,49725626.406400003,1,1,2,1
0,32,3,ok,3336704,1917472703.0592003,69189894.143999994,1797665735.0400002,0,50617073.875200003,1,1,3,1
0,32,4,ok,2458624,1883727651.8144,67976036.351999998,1766119456.4607999,0,49632159.001600005,1,1,4,1
0,32,5,ok,2019584,1934236340.9599998,69796823.039999992,1813701731.9679999,0,50737785.952000007,1,1,1,5
0,32,6,ok,1668352,1917317056.1664,69189894.143999994,1797820229.9904003,0,50306932.032000005,1,1,1,6
0,32,7,ok,1404928,1883735011.6928,67976036.351999998,1766323664.3584001,0,49435310.9824,1,1,1,7
0,32,8,ok,1229312,1883294661.7855999,67976036.351999998,1765873401.2416,0,49445224.192000002,1,1,1,8
0,32,9,ok,1132096,1952536568.7743998,70425427.967999995,1830531242.4191999,0,51579898.387199998,1,1,3,3
0,32,10,ok,1009792,1934332401.3439999,69796823.039999992,1813748226.3039999,0,50787352.000000015,1,2,1,5
0,32,11,ok,921984,1943120552.0495999,70100287.488000005,1821593695.8911998,0,51426568.670400009,1,11,1,1
0,32,12,ok,834176,1917399796.8383999,69189894.143999994,1797612857.5488002,0,50597045.145599999,1,1,4,3
0,32,13,ok,790272,1967715556.9343998,71010680.831999987,1845006250.2143998,0,51698625.888000004,1,1,1,13
0,32,14,ok,702464,1883869496.2304001,67976036.351999998,1766388756.4288001,0,49504703.449600011,1,2,1,7
0,32,15,ok,685216,1969754501.5680001,71043194.879999995,1846969241.8559999,0,51742064.832000002,1,1,3,5
0,32,16,ok,614656,1883448358.3999999,67976036.351999998,1765947792.1791999,0,49524529.868800007,1,2,1,8
0,64,1,ok,19668992,3768085576.5952001,135952072.704,3532598696.8832002,0,99534807.008000001,1,1,1,1
0,64,2,ok,9834496,3767849869.5040002,135952072.704,3532466370.4064002,0,99431426.393600002,1,1,2,1
0,64,3,ok,6673408,3834887769.8880005,138379788.28799999,3595303573.4784007,0,101204408.1216,1,1,3,1
0,64,4,ok,4917248,3767378455.3216004,135952072.704,3532201717.4528003,0,99224665.164800003,1,1,4,1
0,64,5,ok,3995264,3827038461.8480005,138076323.84,3587832601.6960001,0,101129536.31200001,1,5,1,1
0,64,6,ok,3336704,3834518839.8720002,138379788.28799999,3595584666.7776003,0,100554384.8064,1,1,1,6
0,64,7,ok,2809856,3767335538.8480005,135952072.704,3532582236.6464,0,98801229.497600004,1,1,1,7
0,64,8,ok,2458624,3766435626.9568,135952072.704,3531672411.5455999,0,98811142.707200006,1,1,1,8
0,64,9,ok,2264192,3904900228.8575993,140850855.93599999,3660978795.0335999,0,103070577.888,1,1,3,3
0,64,10,ok,1997632,3826875619.9520006,138076323.84,3587735257.7920003,0,101064038.32000001,1,5,2,1
0,64,11,ok,1843968,3886029771.2543993,140200574.97600001,3643085104.2431998,0,102744092.03520003,1,11,1,1
0,64,12,ok,1668352,3834569048.7552004,138379788.28799999,3595114128.6912003,0,101075131.77599999,1,1,4,3
0,64,13,ok,1536640,3827192158.4623995,138076323.84,3587906992.6335998,0,101208841.9888,1,13,1,1
0,64,14,ok,1404928,3767470023.3856001,135952072.704,3532647328.7168002,0,98870621.9648,1,2,1,7
0,64,15,ok,1355536,3895328800.7129998,140541972.47999999,3651753160.3559999,0,103033667.877,1,5,1,3
0,64,16,ok,1229312,3766589323.5711999,135952072.704,3531746802.4832001,0,98890448.384000003,1,2,1,8
1,1,1,ok,28224,157693.13279999999,157693.13279999999,0,0,0,1,1,1,1
1,1,2,ok,14112,157693.13279999999,157693.13279999999,0,0,0,1,1,1,2
1,1,3,ok,9576,160509.0816,160509.0816,0,0,0,1,1,1,3
1,1,4,ok,7056,157693.13279999999,157693.13279999999,0,0,0,2,1,1,2
1,1,5,ok,5733,160157.08799999999,160157.08799999999,0,0,0,5,1,1,1
1,1,6,ok,4788,160509.0816,160509.0816,0,0,0,2,1,1,3
1,1,7,ok,4032,157693.13280000002,157693.13280000002,0,0,0,1,1,1,7
1,1,8,ok,3528,157693.13279999999,157693.13279999999,0,0,0,2,1,2,2
1,1,9,ok,3249,163375.31520000001,163375.31520000001,0,0,0,1,1,3,3
1,1,10,ok,2867,160157.08799999999,160157.08799999999,0,0,0,5,1,1,2
1,1,11,ok,2646,162621.04320000001,162621.04320000001,0,0,0,11,1,1,1
1,1,12,ok,2394,160509.0816,160509.0816,0,0,0,4,1,1,3
1,1,13,ok,2205,160157.08799999999,160157.08799999999,0,0,0,13,1,1,1
1,1,14,ok,2016,157693.13280000002,157693.13280000002,0,0,0,2,1,1,7
1,1,15,ok,1946,163017.03600000002,163017.03600000002,0,0,0,5,1,1,3
1,1,16,ok,1764,157693.13279999999,157693.13279999999,0,0,0,4,1,2,2
1,2,1,ok,56448,315386.26559999998,315386.26559999998,0,0,0,1,1,1,1
1,2,2,ok,28224,315386.26559999998,315386.26559999998,0,0,0,1,1,1,2
1,2,3,ok,19152,321018.16320000001,321018.16320000001,0,0,0,1,1,1,3
1,2,4,ok,14112,315386.26559999998,315386.26559999998,0,0,0,1,2,1,2
1,2,5,ok,11466,320314.17599999998,320314.17599999998,0,0,0,5,1,1,1
1,2,6,ok,9576,321018.16320000001,321018.16320000001,0,0,0,1,2,1,3
1,2,7,ok,8064,315386.26560000004,315386.26560000004,0,0,0,1,1,1,7
1,2,8,ok,7056,315386.26559999998,315386.26559999998,0,0,0,1,2,2,2
1,2,9,ok,6498,326750.63040000002,326750.63040000002,0,0,0,1,1,3,3
1,2,10,ok,5733,320314.17599999998,320314.17599999998,0,0,0,5,1,1,2
1,2,11,ok,5292,325242.08640000003,325242.08640000003,0,0,0,11,1,1,1
1,2,12,ok,4788,321018.16320000001,321018.16320000001,0,0,0,2,2,1,3
1,2,13,ok,4410,320314.17599999998,320314.17599999998,0,0,0,13,1,1,1
1,2,14,ok,4032,315386.26560000004,315386.26560000004,0,0,0,1,2,1,7
1,2,15,ok,3891,326034.07200000004,326034.07200000004,0,0,0,5,1,1,3
1,2,16,ok,3528,315386.26559999998,315386.26559999998,0,0,0,2,2,2,2
1,4,1,ok,112896,630772.53119999997,630772.53119999997,0,0,0,1,1,1,1
1,4,2,ok,56448,630772.53119999997,630772.53119999997,0,0,0,1,1,1,2
1,4,3,ok,38304,642036.32640000002,642036.32640000002,0,0,0,1,1,1,3
1,4,4,ok,28224,630772.53119999997,630772.53119999997,0,0,0,1,2,1,2
1,4,5,ok,22932,640628.35199999996,640628.35199999996,0,0,0,5,1,1,1
1,4,6,ok,19152,642036.32640000002,642036.32640000002,0,0,0,1,2,1,3
1,4,7,ok,16128,630772.53120000008,630772.53120000008,0,0,0,1,1,1,7
1,4,8,ok,14112,630772.53119999997,630772.53119999997,0,0,0,1,2,2,2
1,4,9,ok,12996,653501.26080000005,653501.26080000005,0,0,0,1,1,3,3
1,4,10,ok,11466,640628.35199999996,640628.35199999996,0,0,0,5,1,1,2
1,4,11,ok,10584,650484.17280000006,650484.17280000006,0,0,0,11,1,1,1
1,4,12,ok,9576,642036.32640000002,642036.32640000002,0,0,0,2,2,1,3
1,4,13,ok,8820,640628.35199999996,640628.35199999996,0,0,0,13,1,1,1
1,4,14,ok,8064,630772.53120000008,630772.53120000008,0,0,0,1,2,1,7
1,4,15,ok,7781,652068.14400000009,652068.14400000009,0,0,0,5,1,1,3
1,4,16,ok,7056,630772.53119999997,630772.53119999997,0,0,0,2,2,2,2
1,8,1,ok,225792,1261545.0623999999,1261545.0623999999,0,0,0,1,1,1,1
1,8,2,ok,112896,1261545.0623999999,1261545.0623999999,0,0,0,1,1,1,2
1,8,3,ok,76608,1284072.6528,1284072.6528,0,0,0,1,1,1,3
1,8,4,ok,56448,1261545.0623999999,1261545.0623999999,0,0,0,1,2,1,2
1,8,5,ok,45864,1281256.7039999999,1281256.7039999999,0,0,0,5,1,1,1
1,8,6,ok,38304,1284072.6528,1284072.6528,0,0,0,1,2,1,3
1,8,7,ok,32256,1261545.0624000002,1261545.0624000002,0,0,0,1,1,1,7
1,8,8,ok,28224,1261545.0623999999,1261545.0623999999,0,0,0,1,2,2,2
1,8,9,ok,25992,1307002.5216000001,1307002.5216000001,0,0,0,1,1,3,3
1,8,10,ok,22932,1281256.7039999999,1281256.7039999999,0,0,0,5,1,1,2
1,8,11,ok,21168,1300968.3456000001,1300968.3456000001,0,0,0,11,1,1,1
1,8,12,ok,19152,1284072.6528,1284072.6528,0,0,0,2,2,1,3
1,8,13,ok,17640,1281256.7039999999,1281256.7039999999,0,0,0,13,1,1,1
1,8,14,ok,16128,1261545.0624000002,1261545.0624000002,0,0,0,1,2,1,7
1,8,15,ok,15561,1304136.2880000002,1304136.2880000002,0,0,0,5,1,1,3
1,8,16,ok,14112,1261545.0623999999,1261545.0623999999,0,0,0,2,2,2,2
1,16,1,ok,451584,2523090.1247999999,2523090.1247999999,0,0,0,1,1,1,1
1,16,2,ok,225792,2523090.1247999999,2523090.1247999999,0,0,0,1,1,1,2
1,16,3,ok,153216,2568145.3056000001,2568145.3056000001,0,0,0,1,1,1,3
1,16,4,ok,112896,2523090.1247999999,2523090.1247999999,0,0,0,1,2,1,2
1,16,5,ok,91728,2562513.4079999998,2562513.4079999998,0,0,0,5,1,1,1
1,16,6,ok,76608,2568145.3056000001,2568145.3056000001,0,0,0,1,2,1,3
1,16,7,ok,64512,2523090.1248000003,2523090.1248000003,0,0,0,1,1,1,7
1,16,8,ok,56448,2523090.1247999999,2523090.1247999999,0,0,0,1,2,2,2
1,16,9,ok,51984,2614005.0432000002,2614005.0432000002,0,0,0,1,1,3,3
1,16,10,ok,45864,2562513.4079999998,2562513.4079999998,0,0,0,5,1,1,2
1,16,11,ok,42336,2601936.6912000002,2601936.6912000002,0,0,0,11,1,1,1
1,16,12,ok,38304,2568145.3056000001,2568145.3056000001,0,0,0,2,2,1,3
1,16,13,ok,35280,2562513.4079999998,2562513.4079999998,0,0,0,13,1,1,1
1,16,14,ok,32256,2523090.1248000003,2523090.1248000003,0,0,0,1,2,1,7
1,16,15,ok,31122,2608272.5760000004,2608272.5760000004,0,0,0,5,1,1,3
1,16,16,ok,28224,2523090.1247999999,2523090.1247999999,0,0,0,2,2,2,2
1,32,1,ok,903168,5046180.2495999997,5046180.2495999997,0,0,0,1,1,1,1
1,32,2,ok,451584,5046180.2495999997,5046180.2495999997,0,0,0,1,1,1,2
1,32,3,ok,306432,5136290.6112000002,5136290.6112000002,0,0,0,1,1,1,3
1,32,4,ok,225792,5046180.2495999997,5046180.2495999997,0,0,0,1,2,1,2
1,32,5,ok,183456,5125026.8159999996,5125026.8159999996,0,0,0,5,1,1,1
1,32,6,ok,153216,5136290.6112000002,5136290.6112000002,0,0,0,1,2,1,3
1,32,7,ok,129024,5046180.2496000007,5046180.2496000007,0,0,0,1,1,1,7
1,32,8,ok,112896,5046180.2495999997,5046180.2495999997,0,0,0,1,2,2,2
1,32,9,ok,103968,5228010.0864000004,5228010.0864000004,0,0,0,1,1,3,3
1,32,10,ok,91728,5125026.8159999996,5125026.8159999996,0,0,0,5,1,1,2
1,32,11,ok,84672,5203873.3824000005,5203873.3824000005,0,0,0,1,11,1,1
1,32,12,ok,76608,5136290.6112000002,5136290.6112000002,0,0,0,2,2,1,3
1,32,13,ok,70560,5125026.8159999996,5125026.8159999996,0,0,0,13,1,1,1
1,32,14,ok,64512,5046180.2496000007,5046180.2496000007,0,0,0,1,2,1,7
1,32,15,ok,62244,5216545.1520000007,5216545.1520000007,0,0,0,5,1,1,3
1,32,16,ok,56448,5046180.2495999997,5046180.2495999997,0,0,0,2,2,2,2
1,64,1,ok,1806336,10092360.499199999,10092360.499199999,0,0,0,1,1,1,1
1,64,2,ok,903168,10092360.499199999,10092360.499199999,0,0,0,1,1,1,2
1,64,3,ok,612864,10272581.2224,10272581.2224,0,0,0,1,1,1,3
1,64,4,ok,451584,10092360.499199999,10092360.499199999,0,0,0,1,2,1,2
1,64,5,ok,366912,10250053.631999999,10250053.631999999,0,0,0,1,5,1,1
1,64,6,ok,306432,10272581.2224,10272581.2224,0,0,0,1,2,1,3
1,64,7,ok,258048,10092360.499200001,10092360.499200001,0,0,0,1,1,1,7
1,64,8,ok,225792,10092360.499199999,10092360.499199999,0,0,0,1,2,2,2
1,64,9,ok,207936,10456020.172800001,10456020.172800001,0,0,0,1,1,3,3
1,64,10,ok,183456,10250053.631999999,10250053.631999999,0,0,0,1,5,1,2
1,64,11,ok,169344,10407746.764800001,10407746.764800001,0,0,0,1,11,1,1
1,64,12,ok,153216,10272581.2224,10272581.2224,0,0,0,2,2,1,3
1,64,13,ok,141120,10250053.631999999,10250053.631999999,0,0,0,1,13,1,1
1,64,14,ok,129024,10092360.499200001,10092360.499200001,0,0,0,1,2,1,7
1,64,15,ok,124488,10433090.304000001,10433090.304000001,0,0,0,1,5,1,3
1,64,16,ok,112896,10092360.499199999,10092360.499199999,0,0,0,2,2,2,2
2,1,1,ok,12544,3920254.7711999998,231211.00799999997,3097487.9743999997,0,591555.78879999998,1,1,1,1
2,1,2,ok,6272,3940764.6719999993,231211.00799999997,3113681.9199999995,0,595871.74400000006,1,1,1,2
2,1,3,ok,4256,4200580.0703999996,235339.77599999995,3354566.1696000006,0,610674.12479999999,1,1,1,3
2,1,4,ok,3136,4021800.7552,231211.00799999997,3186086.0927999998,0,604503.65440000012,1,1,2,2
2,1,5,ok,2688,4338013.6960000005,247726.07999999996,3439522.3040000005,0,650765.31200000003,1,1,1,5
2,1,6,ok,2128,4240679.5008000005,235339.77599999995,3381717.7344,0,623621.99040000001,1,1,2,3
2,1,7,ok,1792,4143354.8799999999,231211.008,3294692.352,0,617451.52000000014,1,1,1,7
2,1,8,ok,1568,4164935.8847999997,231211.00799999997,3311957.4015999995,0,621767.47519999999,1,1,2,4
2,1,9,ok,1520,4324525.0848000003,239542.27199999997,3437739.2736,0,647243.5392,1,1,3,3
2,1,10,ok,1344,4481526.2720000008,247726.07999999996,3561455.1040000003,0,672345.08800000011,1,1,2,5
2,1,11,ok,1344,4929678.8992000008,272498.68799999997,3917600.6144000003,0,739579.59680000017,1,1,1,11
2,1,12,ok,1120,4290866.1503999997,235339.77599999995,3406008.6528000003,0,649517.72160000005,1,1,3,4
2,1,13,ok,1120,4883947.4944000002,268369.91999999998,3877852.4928000001,0,737725.08160000003,1,1,1,13
2,1,14,ok,896,4245134.7456,231211.008,3366260.5311999996,0,647663.20640000002,1,1,2,7
2,1,15,ok,896,4548358.6559999995,247726.08000000002,3606707.7119999994,0,693924.86400000006,1,1,1,15
2,1,16,ok,784,4271867.6991999997,231211.00799999997,3384361.5743999998,0,656295.11680000008,1,1,2,8
2,2,1,ok,25088,7819999.6415999988,462422.01599999995,6178782.0031999992,0,1178795.6224000002,1,1,1,1
2,2,2,ok,12544,7840509.5423999997,462422.01599999995,6194975.9487999994,0,1183111.5776,1,1,1,2
2,2,3,ok,8512,8376066.8160000015,470679.55199999991,6696986.8800000008,0,1208400.3840000001,1,1,1,3
2,2,4,ok,6272,7881529.3439999986,462422.01599999995,6227363.8399999989,0,1191743.4880000001,1,2,1,2
2,2,5,ok,5376,8573477.8880000003,495452.15999999992,6798074.8799999999,0,1279950.8480000002,1,1,1,5
2,2,6,ok,4256,8401160.1407999992,470679.55199999991,6709132.3392000012,0,1221348.2496,1,2,1,3
2,2,7,ok,3584,8143140.4544000002,462422.016,6476027.0848000003,0,1204691.3536,1,1,1,7
2,2,8,ok,3136,8043601.5104,462422.01599999995,6372172.1855999995,0,1209007.3088000002,1,2,2,2
2,2,9,ok,3040,8573770.1952000018,479084.54399999994,6839042.1696000006,0,1255643.4816000001,1,1,3,3
2,2,10,ok,2688,8676027.3920000009,495452.15999999992,6879044.6080000009,0,1301530.6240000001,1,2,1,5
2,2,11,ok,2688,9767348.9408000018,544997.37599999993,7790667.8784000017,0,1431683.6864,1,1,1,11
2,2,12,ok,2128,8481359.001600001,470679.55199999991,6763435.4687999999,0,1247243.9808,1,2,2,3
2,2,13,ok,2240,9659157.2480000015,536739.83999999997,7703074.6624000007,0,1419342.7456,1,1,1,13
2,2,14,ok,1792,8286709.7599999998,462422.016,6589384.7039999999,0,1234903.0400000003,1,2,1,7
2,2,15,ok,1792,8971250.6879999992,495452.16000000003,7152688.1280000005,0,1323110.4000000001,1,1,1,15
2,2,16,ok,1568,8329871.7695999993,462422.01599999995,6623914.803199999,0,1243534.9504,1,2,2,4
2,4,1,ok,50176,15619489.382399999,924844.03199999989,12341370.060799999,0,2353275.2896000003,1,1,1,1
2,4,2,ok,25088,15639999.283199998,924844.03199999989,12357564.006399998,0,2357591.2448000005,1,1,1,2
2,4,3,ok,17024,16697028.096000001,941359.10399999982,13351816.089600001,0,2403852.9024,1,1,1,3
2,4,4,ok,12544,15681019.084799999,924844.03199999989,12389951.897599999,0,2366223.1551999999,1,2,1,2
2,4,5,ok,10752,17044406.272000004,990904.31999999983,13515180.032000002,0,2538321.9199999999,1,1,1,5
2,4,6,ok,8512,16722121.4208,941359.10399999982,13363961.548800001,0,2416800.7680000002,1,1,2,3
2,4,7,ok,7168,16142711.6032,924844.03200000001,12838696.5504,0,2379171.0208000001,1,1,1,7
2,4,8,ok,6272,15763058.687999997,924844.03199999989,12454727.679999998,0,2383486.9760000003,1,4,1,2
2,4,9,ok,5776,17072260.415999997,958169.08799999987,13641647.961599998,0,2472443.3664000002,1,1,3,3
2,4,10,ok,5376,17146955.776000001,990904.31999999983,13596149.76,0,2559901.6960000005,1,2,1,5
2,4,11,ok,5376,19387666.636800002,1089994.7519999999,15481780.019200001,0,2815891.8656000001,1,1,1,11
2,4,12,ok,4256,16802320.281599998,941359.10399999982,13418264.678400002,0,2442696.4992,1,4,1,3
2,4,13,ok,4480,19144550.297600001,1073479.6799999999,15288492.544,0,2782578.0736000002,1,1,1,13
2,4,14,ok,3584,16286280.9088,924844.03200000001,12952054.169600001,0,2409382.7072000001,1,2,1,7
2,4,15,ok,3584,17666973.695999999,990904.32000000007,14094587.903999999,0,2581481.4720000001,1,1,1,15
2,4,16,ok,3136,16087203.0208,924844.03199999989,12744344.371199999,0,2418014.6176000005,1,4,2,2
2,8,1,ok,100352,31218468.863999996,1849688.0639999998,24666546.175999999,0,4702234.6239999998,1,1,1,1
2,8,2,ok,50176,31238978.764799997,1849688.0639999998,24682740.121599998,0,4706550.5792000005,1,1,1,2
2,8,3,ok,34048,33368962.867199995,1882718.2079999996,26691486.719999999,0,4794757.9391999999,1,1,1,3
2,8,4,ok,25088,31279998.566399995,1849688.0639999998,24715128.012799997,0,4715182.4896000009,1,2,1,2
2,8,5,ok,21504,33986263.040000007,1981808.6399999997,26949390.336000003,0,5055064.0640000002,1,1,1,5
2,8,6,ok,17024,33394056.192000002,1882718.2079999996,26703632.179200001,0,4807705.8048,1,2,1,3
2,8,7,ok,14336,32141853.900800001,1849688.064,25564035.481600001,0,4728130.355200001,1,1,1,7
2,8,8,ok,12544,31362038.169599999,1849688.0639999998,24779903.795199998,0,4732446.3103999998,1,4,1,2
2,8,9,ok,11552,34069240.857600003,1916338.1759999997,27246859.545599997,0,4906043.1359999999,1,1,3,3
2,8,10,ok,10752,34088812.544000007,1981808.6399999997,27030360.064000003,0,5076643.8399999999,1,2,1,5
2,8,11,ok,10752,38683324.416000009,2179989.5039999997,30919026.688000005,0,5584308.2240000004,1,1,1,11
2,8,12,ok,8512,33444242.841600001,1882718.2079999996,26727923.097600002,0,4833601.5360000003,1,2,2,3
2,8,13,ok,8960,38180362.854400009,2146959.3599999999,30524354.764800005,0,5509048.7296000002,1,1,1,13
2,8,14,ok,7168,32285423.2064,1849688.064,25677393.1008,0,4758342.0416000001,1,2,1,7
2,8,15,ok,7168,35208480.767999999,1981808.6400000001,28128448.511999998,0,5098223.6160000004,1,1,1,15
2,8,16,ok,6272,31526117.375999995,1849688.0639999998,24909455.359999996,0,4766973.9520000005,1,8,1,2
2,16,1,ok,200704,62416427.827199996,3699376.1279999996,49316898.406399995,0,9400153.2928000018,1,1,1,1
2,16,2,ok,100352,62436937.727999993,3699376.1279999996,49333092.351999998,0,9404469.2479999997,1,1,1,2
2,16,3,ok,68096,66712832.409599997,3765436.4159999993,53370827.980800003,0,9576568.0128000006,1,1,1,3
2,16,4,ok,50176,62477957.529599994,3699376.1279999996,49365480.243199997,0,9413101.158400001,1,2,1,2
2,16,5,ok,43008,67869976.576000005,3963617.2799999993,53817810.944000006,0,10088548.352000002,1,1,1,5
2,16,6,ok,34048,66737925.734399989,3765436.4159999993,53382973.439999998,0,9589515.8783999998,1,2,1,3
2,16,7,ok,28672,64140138.495999992,3699376.128,51014713.343999997,0,9426049.0240000002,1,1,1,7
2,16,8,ok,25088,62559997.13279999,3699376.1279999996,49430256.025599994,0,9430364.9792000018,1,4,1,2
2,16,9,ok,23104,68063201.740800008,3832676.3519999995,54457282.71360001,0,9773242.6752000004,1,1,3,3
2,16,10,ok,21504,67972526.080000013,3963617.2799999993,53898780.672000006,0,10110128.128,1,2,1,5
2,16,11,ok,21504,77274639.974400014,4359979.0079999994,61793520.025600001,0,11121140.9408,1,1,1,11
2,16,12,ok,17024,66788112.384000003,3765436.4159999993,53407264.358400002,0,9615411.6096000001,1,4,1,3
2,16,13,ok,17920,76251987.96800001,4293918.7199999997,60996079.206400007,0,10961990.0416,1,1,1,13
2,16,14,ok,14336,64283707.801600002,3699376.128,51128070.963200003,0,9456260.7104000021,1,2,1,7
2,16,15,ok,14336,70291494.912,3963617.2800000003,56196169.728,0,10131707.904000001,1,1,1,15
2,16,16,ok,12544,62724076.339199997,3699376.1279999996,49559807.590399995,0,9464892.6207999997,1,8,1,2
2,32,1,ok,401408,124812345.75359999,7398752.2559999991,98617602.867199987,0,18795990.630400002,1,1,1,1
2,32,2,ok,200704,124832855.65439999,7398752.2559999991,98633796.81279999,0,18800306.585600004,1,1,1,2
2,32,3,ok,137984,128753110.42559999,7629963.2640000004,101731284.7872,0,19391862.374400001,1,3,1,1
2,32,4,ok,100352,124873875.45599999,7398752.2559999991,98666184.703999996,0,18808938.495999999,1,2,1,2
2,32,5,ok,86016,135637403.64800003,7927234.5599999987,107554652.16000003,0,20155516.927999999,1,1,1,5
2,32,6,ok,68992,128814640.12799999,7629963.2640000004,101779866.62399998,0,19404810.240000002,1,3,1,2
2,32,7,ok,57344,128136707.68639998,7398752.2560000001,101916069.0688,0,18821886.361600004,1,1,1,7
2,32,8,ok,50176,124955915.05919999,7398752.2559999991,98730960.486399993,0,18826202.316800002,1,4,1,2
2,32,9,ok,46208,136051123.5072,7665352.703999999,108878129.04960001,0,19507641.753600001,1,1,3,3
2,32,10,ok,43008,135739953.15200001,7927234.5599999987,107635621.88800001,0,20177096.704000004,1,2,1,5
2,32,11,ok,37632,128917189.63199998,7629963.2639999995,101860836.35199997,0,19426390.016000003,1,11,1,1
2,32,12,ok,34496,130258236.8256,7629963.2640000004,103197567.59040001,0,19430705.9712,1,3,2,2
2,32,13,ok,35840,152395238.19520003,8587837.4399999995,121939528.08960001,0,21867872.665600002,1,1,1,13
2,32,14,ok,28672,128280276.99199998,7398752.2560000001,102029426.68799999,0,18852098.048,1,2,1,7
2,32,15,ok,28672,140457523.19999999,7927234.5600000005,112331612.16,0,20198676.48,1,1,1,15
2,32,16,ok,25088,125119994.26559998,7398752.2559999991,98860512.051199988,0,18860729.958400004,1,8,1,2
2,64,1,ok,802816,249604181.60639998,14797504.511999998,197219011.78879997,0,37587665.305600002,1,1,1,1
2,64,2,ok,401408,249624691.50719997,14797504.511999998,197235205.73439997,0,37591981.260800004,1,1,1,2
2,64,3,ok,275968,257444691.14880002,15259926.528000001,203413987.7376,0,38770776.883200005,1,3,1,1
2,64,4,ok,200704,249665711.30879998,14797504.511999998,197267593.62559998,0,37600613.171200007,1,2,1,2
2,64,5,ok,163072,253585966.07999998,15028715.52,200365081.59999996,0,38192168.960000001,1,5,1,1
2,64,6,ok,137984,257506220.85119998,15259926.528000001,203462569.57440001,0,38783724.748800002,1,3,1,2
2,64,7,ok,114688,256129846.06720001,14797504.512,203718780.51840001,0,37613561.036800005,1,1,1,7
2,64,8,ok,100352,249747750.91199997,14797504.511999998,197332369.40799999,0,37617876.991999999,1,4,1,2
2,64,9,ok,92416,272026967.04000002,15330705.407999998,217719821.7216,0,38976439.910399996,1,1,3,3
2,64,10,ok,81536,253688515.58399999,15028715.52,200446051.32799998,0,38213748.736000001,1,5,1,2
2,64,11,ok,75264,257608770.35519996,15259926.527999999,203543539.30239996,0,38805304.524800003,1,11,1,1
2,64,12,ok,68992,257629280.25599998,15259926.528000001,203559733.24799997,0,38809620.480000004,1,6,1,2
2,64,13,ok,62720,253750045.28639999,15028715.519999998,200494633.16479999,0,38226696.601600006,1,13,1,1
2,64,14,ok,57344,256273415.37279996,14797504.512,203832138.1376,0,37643772.723200008,1,2,1,7
2,64,15,ok,55328,271532105.08799994,15297085.439999998,217318073.472,0,38916946.175999999,1,5,1,3
2,64,16,ok,50176,249911830.11839998,14797504.511999998,197461920.97279999,0,37652404.633600004,1,8,1,2
3,1,1,ok,338688,79950975.283200011,6242697.2159999991,72230332.620800003,0,1477945.4464000002,1,1,1,1
3,1,2,ok,169344,80176815.206400007,6242697.2159999991,72339641.753600001,0,1594476.2368000001,1,1,1,2
3,1,3,ok,112896,80694698.803200006,6242697.216,72505775.001600012,0,1946226.5856000003,3,1,1,1
3,1,4,ok,84672,80598199.296000004,6242697.2159999991,72550623.027199998,0,1804879.0528000002,1,1,2,2
3,1,5,ok,70560,82994376.431999996,6340239.3599999994,74220194.895999998,0,2433942.1760000004,5,1,1,1
3,1,6,ok,56448,80920538.726400003,6242697.216,72615084.13440001,0,2062757.3760000004,3,1,2,1
3,1,7,ok,48384,80962246.041599989,6242697.2159999991,72565077.401599988,0,2154471.4239999996,1,1,1,7
3,1,8,ok,42336,81064904.908800006,6242697.2159999991,72760529.305600002,0,2061678.3872000002,2,1,4,1
3,1,9,ok,38304,82808601.523200005,6354173.9519999996,74311656.422399998,0,2142771.1488000001,3,1,1,3
3,1,10,ok,35280,83223745.103999987,6340239.3599999994,74331211.983999997,0,2552293.7600000007,5,1,2,1
3,1,11,ok,36288,96001100.236799985,7357464.5759999994,85783977.52319999,0,2859658.1376,1,1,1,11
3,1,12,ok,28224,81372218.572799996,6242697.216,72833702.400000006,0,2295818.9567999998,3,1,4,1
3,1,13,ok,28224,86154647.280000001,6340239.3599999994,75507341.187199995,0,4307066.7327999994,13,1,1,1
3,1,14,ok,24192,81438095.15519999,6242697.2159999991,72829444.7104,0,2365953.2287999997,2,1,1,7
3,1,15,ok,23940,85195593.197999999,6453457.9199999999,76030140.102000013,0,2711995.176,5,1,3,1
3,1,16,ok,21168,81649480.704000011,6242697.2159999991,72924299.468800008,0,2482484.0192,2,1,2,4
3,2,1,ok,677376,159676110.64320001,12485394.431999998,144351356.10879999,0,2839360.1024000002,1,1,1,1
3,2,2,ok,338688,159901950.56640002,12485394.431999998,144460665.24160001,0,2955890.8928000005,1,1,1,2
3,2,3,ok,225792,161163557.6832,12485394.432,144902240.87040001,0,3775922.3807999999,3,1,1,1
3,2,4,ok,169344,160353630.41280001,12485394.431999998,144679283.5072,0,3188952.4736000001,1,2,1,2
3,2,5,ok,141120,165759384.192,12680478.719999999,148329372.704,0,4749532.7680000002,5,1,1,1
3,2,6,ok,112896,161389397.60640001,12485394.432,145011550.00320002,0,3892453.1712000007,3,1,2,1
3,2,7,ok,96768,160917485.56799999,12485394.431999998,144938863.82080001,0,3493227.3152000001,1,1,1,7
3,2,8,ok,84672,161196398.59200001,12485394.431999998,145101246.0544,0,3609758.1056000004,1,2,2,2
3,2,9,ok,76608,165010051.58400002,12708347.903999999,148227373.44000003,0,4074330.2399999998,3,1,3,1
3,2,10,ok,70560,165988752.86399999,12680478.719999999,148440389.792,0,4867884.3520000009,5,1,2,1
3,2,11,ok,72576,190195543.296,14714929.151999999,170989726.61759999,0,4490887.5263999999,1,1,1,11
3,2,12,ok,56448,161841077.45280001,12485394.432,145230168.26880002,0,4125514.7520000008,3,1,4,1
3,2,13,ok,56448,172079925.88799998,12680478.719999999,150903665.28639999,0,8495781.8816000018,13,1,1,1
3,2,14,ok,48384,161869183.79519999,12485394.431999998,145467598.4384,0,3916190.9248000002,2,1,1,7
3,2,15,ok,47880,169703080.38000005,12906915.84,151727228.94000003,0,5068935.6000000006,5,1,3,1
3,2,16,ok,42336,162129809.81760001,12485394.431999998,145521058.6112,0,4123356.7744000005,2,2,4,1
3,4,1,ok,1354752,319126381.36320001,24970788.863999996,288593403.0848,0,5562189.4144000001,1,1,1,1
3,4,2,ok,677376,319284242.84160006,24970788.863999996,288664945.45920002,0,5648508.5184000004,1,1,2,1
3,4,3,ok,451584,321474285.1584,24970788.864,289340087.50080001,0,7163408.7936000014,3,1,1,1
3,4,4,ok,338688,319599965.79840004,24970788.863999996,288808030.208,0,5821146.726400001,1,1,1,4
3,4,5,ok,282240,330420268.704,25360957.439999998,296131772.60799998,0,8927538.6560000014,5,1,1,1
3,4,6,ok,225792,321700125.08160001,24970788.864,289449396.6336,0,7279939.5839999998,3,1,1,2
3,4,7,ok,193536,320547595.46880001,24970788.863999996,289406067.5072,0,6170739.0976,1,1,1,7
3,4,8,ok,169344,320503325.49120003,24970788.863999996,289245266.7392,0,6287269.8880000003,1,1,2,4
3,4,9,ok,153216,327763835.59680003,25416695.807999998,294824832.30720001,0,7522307.4816000005,3,1,1,3
3,4,10,ok,141120,330649637.37600005,25360957.439999998,296242789.69600004,0,9045890.2400000002,5,1,1,2
3,4,11,ok,145152,377666495.07840002,29429858.303999998,340643520.30720001,0,7593116.4672000008,1,1,1,11
3,4,12,ok,112896,322421914.82880002,24970788.864,289938124.80000001,0,7513001.1648000013,3,1,2,2
3,4,13,ok,112896,342109671.07199997,25360957.439999998,301053757.22239995,0,15694956.409600001,13,1,1,1
3,4,14,ok,96768,321719030.16960001,24970788.863999996,289731574.98879999,0,7016666.3168000001,2,1,1,7
3,4,15,ok,95760,336878146.00800008,25813831.68,301742765.59200007,0,9321548.7359999996,5,1,1,3
3,4,16,ok,84672,322214979.99360007,24970788.863999996,290110994.02240002,0,7133197.1072000004,2,1,2,4
3,8,1,ok,2709504,638026922.80320013,49941577.727999993,577077497.03680003,0,11007848.038400002,1,1,1,1
3,8,2,ok,1354752,638116805.83679998,49941577.727999993,577111272.65279996,0,11063955.456000002,1,1,2,1
3,8,3,ok,903168,642722730.39359999,49941577.728,578570865.86880004,0,14210286.796800002,3,1,1,1
3,8,4,ok,677376,638296571.90400004,49941577.727999993,577178823.88479996,0,11176170.291200001,1,1,1,4
3,8,5,ok,564480,660611168.73599994,50721914.879999995,592152528.12800002,0,17736725.728,5,1,1,1
3,8,6,ok,451584,642948570.3168,49941577.728,578680175.00160003,0,14326817.587200003,3,1,1,2
3,8,7,ok,387072,639514311.47520006,49941577.727999993,578046971.0848,0,11525762.662400002,1,1,1,7
3,8,8,ok,338688,639199931.59680009,49941577.727999993,577616060.41600001,0,11642293.452800002,1,2,1,4
3,8,9,ok,306432,654850151.42400002,50833391.615999997,589321737.21600008,0,14695022.592000002,3,1,1,3
3,8,10,ok,282240,660840537.40799999,50721914.879999995,592263545.21599996,0,17855077.312000003,5,1,1,2
3,8,11,ok,290304,752848751.00160003,58859716.607999995,680084640.15359986,0,13904394.24,1,1,1,11
3,8,12,ok,225792,643400250.16320002,49941577.728,578898793.26719999,0,14559879.168,3,2,1,2
3,8,13,ok,225792,683989973.472,50721914.879999995,601996497.35679996,0,31271561.235200003,13,1,1,1
3,8,14,ok,193536,641095190.93760002,49941577.727999993,578812135.01440001,0,12341478.1952,1,2,1,7
3,8,15,ok,191520,673068186,51627663.359999999,603152479.92000008,0,18288042.719999999,5,1,1,3
3,8,16,ok,169344,641006650.98240006,49941577.727999993,578490533.47839999,0,12574539.776000001,1,2,2,4
3,16,1,ok,5419008,1275828005.6832001,99883155.455999985,1154045684.9408,0,21899165.286400001,1,1,1,1
3,16,2,ok,2709504,1275781931.8272002,99883155.455999985,1154003927.04,0,21894849.331200004,1,1,2,1
3,16,3,ok,1806336,1285219620.8640001,99883155.456,1157032422.6048,0,28304042.803199999,3,1,1,1
3,16,4,ok,1354752,1275689784.1152,99883155.455999985,1153920411.2384,0,21886217.420800004,1,1,1,4
3,16,5,ok,1128960,1320992968.8000002,101443829.75999999,1184194039.168,0,35355099.872000001,5,1,1,1
3,16,6,ok,903168,1285445460.7872,99883155.456,1157141731.7376001,0,28420573.593600005,3,1,1,2
3,16,7,ok,774144,1277447743.4880002,99883155.455999985,1155328778.24,0,22235809.791999999,1,1,1,7
3,16,8,ok,677376,1276593143.8080001,99883155.455999985,1154357647.7695999,0,22352340.582400002,1,2,1,4
3,16,9,ok,612864,1309022783.0784001,101666783.23199999,1178315547.0336001,0,29040452.812799998,3,1,1,3
3,16,10,ok,564480,1321222337.4719999,101443829.75999999,1184305056.256,0,35473451.456,5,1,1,2
3,16,11,ok,580608,1503213262.8479998,117719433.21599999,1358966879.8464,0,26526949.785599999,1,1,1,11
3,16,12,ok,451584,1285897140.6336,99883155.456,1157360350.0032001,0,28653635.174400005,3,2,1,2
3,16,13,ok,451584,1367750578.2719998,101443829.75999999,1203881977.6255999,0,62424770.886399999,13,1,1,1
3,16,14,ok,387072,1279028622.9504001,99883155.455999985,1156093942.1696,0,23051525.324800003,1,2,1,7
3,16,15,ok,383040,1345448265.984,103255326.72,1205971908.576,0,36221030.688000008,5,1,1,3
3,16,16,ok,338688,1278399863.1936002,99883155.455999985,1155232120.832,0,23284586.905600004,1,4,1,4
3,32,1,ok,10838016,2551430171.4432001,199766310.91199997,2307982060.7487998,0,43681799.782400005,1,1,1,1
3,32,2,ok,5419008,2551112183.8080001,199766310.91199997,2307789235.8143997,0,43556637.081600003,1,1,2,1
3,32,3,ok,3612672,2570213401.8048,199766310.912,2313955536.0768003,0,56491554.816,3,1,1,1
3,32,4,ok,2709504,2550476208.5376,199766310.91199997,2307403585.9456,0,43306311.680000007,1,1,1,4
3,32,5,ok,2257920,2641756568.928,202887659.51999998,2368277061.2480001,0,70591848.160000011,5,1,1,1
3,32,6,ok,1806336,2570439241.7280002,199766310.912,2314064845.2096,0,56608085.606399998,3,1,1,2
3,32,7,ok,1548288,2553314607.5135999,199766310.91199997,2309892392.5503998,0,43655904.051200002,1,1,1,7
3,32,8,ok,1354752,2551379568.2304001,199766310.91199997,2307840822.4768,0,43772434.841600008,1,2,1,4
3,32,9,ok,1225728,2617368046.3871999,203333566.46399999,2356303166.6687999,0,57731313.2544,3,1,1,3
3,32,10,ok,1128960,2641985937.6000004,202887659.51999998,2368388078.336,0,70710199.744000003,5,1,1,2
3,32,11,ok,1016064,2633413706.0352001,206009008.12799999,2381196175.5647998,0,46208522.342400007,1,11,1,1
3,32,12,ok,903168,2570890921.5743999,199766310.912,2314283463.4752002,0,56841147.18720001,3,2,1,2
3,32,13,ok,903168,2735271787.8719997,202887659.51999998,2407652938.1631999,0,124731190.18880002,13,1,1,1
3,32,14,ok,774144,2554895486.9760003,199766310.91199997,2310657556.48,0,44471619.583999999,1,2,1,7
3,32,15,ok,766080,2690208425.9520001,206510653.44,2411610765.8880005,0,72087006.624000013,5,1,1,3
3,32,16,ok,677376,2553186287.6160002,199766310.91199997,2308715295.5391998,0,44704681.164800003,1,4,1,4
3,64,1,ok,21676032,5102634502.9631996,399532621.82399994,4615854812.3647995,0,87247068.774400011,1,1,1,1
3,64,2,ok,10838016,5101772687.7696009,399532621.82399994,4615359853.3632002,0,86880212.582400009,1,1,2,1
3,64,3,ok,7225344,5140200963.6864014,399532621.824,4627801763.0208006,0,112866578.8416,3,1,1,1
3,64,4,ok,5419008,5100049057.3823996,399532621.82399994,4614369935.3599997,0,86146500.198400006,1,1,1,4
3,64,5,ok,4402944,5183262998.0160007,405775319.03999996,4688413072.3840008,0,89074606.592000008,1,5,1,1
3,64,6,ok,3612672,5140426803.6096001,399532621.824,4627911072.1536007,0,112983109.632,3,1,1,2
3,64,7,ok,3096576,5105048335.5648003,399532621.82399994,4619019621.1711998,0,86496092.569600016,1,1,1,7
3,64,8,ok,2709504,5100952417.0752001,399532621.82399994,4614807171.8912001,0,86612623.360000014,1,2,1,4
3,64,9,ok,2451456,5234058573.0048008,406667132.92799997,4712278405.9392004,0,115113034.1376,3,1,1,3
3,64,10,ok,2201472,5184392197.632,405775319.03999996,4688959618.0479994,0,89657260.544,1,5,1,2
3,64,11,ok,2032128,5264343172.9152002,412018016.25599998,4761189950.6688004,0,91135205.990400016,1,11,1,1
3,64,12,ok,1806336,5140878483.4560003,399532621.824,4628129690.4191999,0,113216171.2128,3,2,1,2
3,64,13,ok,1693440,5185069717.4015999,405775319.03999996,4689287545.4463997,0,90006852.915199995,1,13,1,1
3,64,14,ok,1548288,5106629215.0271997,399532621.82399994,4619784785.1007996,0,87311808.102400005,1,2,1,7
3,64,15,ok,1467648,5231605026.816,405775319.03999996,4706316827.1360006,0,119512880.64,3,5,1,1
3,64,16,ok,1354752,5102759136.4608002,399532621.82399994,4615681644.9535999,0,87544869.683200017,1,4,1,4
4,1,1,ok,21168,118269.8496,118269.8496,0,0,0,1,1,1,1
4,1,2,ok,10584,118269.8496,118269.8496,0,0,0,1,1,1,2
4,1,3,ok,7056,118269.84959999999,118269.84959999999,0,0,0,3,1,1,1
4,1,4,ok,5292,118269.8496,118269.8496,0,0,0,2,1,1,2
4,1,5,ok,4300,120117.81600000001,120117.81600000001,0,0,0,5,1,1,1
4,1,6,ok,3528,118269.84959999999,118269.84959999999,0,0,0,3,1,1,2
4,1,7,ok,3024,118269.8496,118269.8496,0,0,0,1,1,1,7
4,1,8,ok,2646,118269.8496,118269.8496,0,0,0,2,1,2,2
4,1,9,ok,2426,121965.7824,121965.7824,0,0,0,9,1,1,1
4,1,10,ok,2150,120117.81600000001,120117.81600000001,0,0,0,5,1,1,2
4,1,11,ok,1985,121965.7824,121965.7824,0,0,0,11,1,1,1
4,1,12,ok,1764,118269.84959999999,118269.84959999999,0,0,0,3,1,2,2
4,1,13,ok,1654,120117.81600000001,120117.81600000001,0,0,0,13,1,1,1
4,1,14,ok,1512,118269.8496,118269.8496,0,0,0,2,1,1,7
4,1,15,ok,1434,120117.81600000001,120117.81600000001,0,0,0,15,1,1,1
4,1,16,ok,1323,118269.8496,118269.8496,0,0,0,4,1,2,2
4,2,1,ok,42336,236539.6992,236539.6992,0,0,0,1,1,1,1
4,2,2,ok,21168,236539.6992,236539.6992,0,0,0,1,1,1,2
4,2,3,ok,14112,236539.69919999997,236539.69919999997,0,0,0,3,1,1,1
4,2,4,ok,10584,236539.6992,236539.6992,0,0,0,1,2,1,2
4,2,5,ok,8600,240235.63200000001,240235.63200000001,0,0,0,5,1,1,1
4,2,6,ok,7056,236539.69919999997,236539.69919999997,0,0,0,3,1,1,2
4,2,7,ok,6048,236539.6992,236539.6992,0,0,0,1,1,1,7
4,2,8,ok,5292,236539.6992,236539.6992,0,0,0,1,2,2,2
4,2,9,ok,4851,243931.56479999999,243931.56479999999,0,0,0,9,1,1,1
4,2,10,ok,4300,240235.63200000001,240235.63200000001,0,0,0,5,1,1,2
4,2,11,ok,3969,243931.56479999999,243931.56479999999,0,0,0,11,1,1,1
4,2,12,ok,3528,236539.69919999997,236539.69919999997,0,0,0,3,1,2,2
4,2,13,ok,3308,240235.63200000001,240235.63200000001,0,0,0,13,1,1,1
4,2,14,ok,3024,236539.6992,236539.6992,0,0,0,1,2,1,7
4,2,15,ok,2867,240235.63200000001,240235.63200000001,0,0,0,15,1,1,1
4,2,16,ok,2646,236539.6992,236539.6992,0,0,0,2,2,2,2
4,4,1,ok,84672,473079.39840000001,473079.39840000001,0,0,0,1,1,1,1
4,4,2,ok,42336,473079.39840000001,473079.39840000001,0,0,0,1,1,1,2
4,4,3,ok,28224,473079.39839999995,473079.39839999995,0,0,0,3,1,1,1
4,4,4,ok,21168,473079.39840000001,473079.39840000001,0,0,0,1,2,1,2
4,4,5,ok,17199,480471.26400000002,480471.26400000002,0,0,0,5,1,1,1
4,4,6,ok,14112,473079.39839999995,473079.39839999995,0,0,0,3,1,1,2
4,4,7,ok,12096,473079.39840000001,473079.39840000001,0,0,0,1,1,1,7
4,4,8,ok,10584,473079.39840000001,473079.39840000001,0,0,0,1,2,2,2
4,4,9,ok,9702,487863.12959999999,487863.12959999999,0,0,0,9,1,1,1
4,4,10,ok,8600,480471.26400000002,480471.26400000002,0,0,0,5,1,1,2
4,4,11,ok,7938,487863.12959999999,487863.12959999999,0,0,0,11,1,1,1
4,4,12,ok,7056,473079.39839999995,473079.39839999995,0,0,0,3,1,2,2
4,4,13,ok,6615,480471.26400000002,480471.26400000002,0,0,0,13,1,1,1
4,4,14,ok,6048,473079.39840000001,473079.39840000001,0,0,0,1,2,1,7
4,4,15,ok,5733,480471.26400000002,480471.26400000002,0,0,0,15,1,1,1
4,4,16,ok,5292,473079.39840000001,473079.39840000001,0,0,0,2,2,2,2
4,8,1,ok,169344,946158.79680000001,946158.79680000001,0,0,0,1,1,1,1
4,8,2,ok,84672,946158.79680000001,946158.79680000001,0,0,0,1,1,1,2
4,8,3,ok,56448,946158.79679999989,946158.79679999989,0,0,0,3,1,1,1
4,8,4,ok,42336,946158.79680000001,946158.79680000001,0,0,0,1,2,1,2
4,8,5,ok,34398,960942.52800000005,960942.52800000005,0,0,0,5,1,1,1
4,8,6,ok,28224,946158.79679999989,946158.79679999989,0,0,0,3,1,1,2
4,8,7,ok,24192,946158.79680000001,946158.79680000001,0,0,0,1,1,1,7
4,8,8,ok,21168,946158.79680000001,946158.79680000001,0,0,0,1,2,2,2
4,8,9,ok,19404,975726.25919999997,975726.25919999997,0,0,0,9,1,1,1
4,8,10,ok,17199,960942.52800000005,960942.52800000005,0,0,0,5,1,1,2
4,8,11,ok,15876,975726.25919999997,975726.25919999997,0,0,0,11,1,1,1
4,8,12,ok,14112,946158.79679999989,946158.79679999989,0,0,0,3,1,2,2
4,8,13,ok,13230,960942.52800000005,960942.52800000005,0,0,0,13,1,1,1
4,8,14,ok,12096,946158.79680000001,946158.79680000001,0,0,0,1,2,1,7
4,8,15,ok,11466,960942.52800000005,960942.52800000005,0,0,0,15,1,1,1
4,8,16,ok,10584,946158.79680000001,946158.79680000001,0,0,0,2,2,2,2
4,16,1,ok,338688,1892317.5936,1892317.5936,0,0,0,1,1,1,1
4,16,2,ok,169344,1892317.5936,1892317.5936,0,0,0,1,1,1,2
4,16,3,ok,112896,1892317.5935999998,1892317.5935999998,0,0,0,3,1,1,1
4,16,4,ok,84672,1892317.5936,1892317.5936,0,0,0,1,2,1,2
4,16,5,ok,68796,1921885.0560000001,1921885.0560000001,0,0,0,5,1,1,1
4,16,6,ok,56448,1892317.5935999998,1892317.5935999998,0,0,0,3,1,1,2
4,16,7,ok,48384,1892317.5936,1892317.5936,0,0,0,1,1,1,7
4,16,8,ok,42336,1892317.5936,1892317.5936,0,0,0,1,2,2,2
4,16,9,ok,38808,1951452.5183999999,1951452.5183999999,0,0,0,9,1,1,1
4,16,10,ok,34398,1921885.0560000001,1921885.0560000001,0,0,0,5,1,1,2
4,16,11,ok,31752,1951452.5183999999,1951452.5183999999,0,0,0,11,1,1,1
4,16,12,ok,28224,1892317.5935999998,1892317.5935999998,0,0,0,3,1,2,2
4,16,13,ok,26460,1921885.0560000001,1921885.0560000001,0,0,0,13,1,1,1
4,16,14,ok,24192,1892317.5936,1892317.5936,0,0,0,1,2,1,7
4,16,15,ok,22932,1921885.0560000001,1921885.0560000001,0,0,0,15,1,1,1
4,16,16,ok,21168,1892317.5936,1892317.5936,0,0,0,2,2,2,2
4,32,1,ok,677376,3784635.1872,3784635.1872,0,0,0,1,1,1,1
4,32,2,ok,338688,3784635.1872,3784635.1872,0,0,0,1,1,1,2
4,32,3,ok,225792,3784635.1871999996,3784635.1871999996,0,0,0,3,1,1,1
4,32,4,ok,169344,3784635.1872,3784635.1872,0,0,0,1,2,1,2
4,32,5,ok,137592,3843770.1120000002,3843770.1120000002,0,0,0,5,1,1,1
4,32,6,ok,112896,3784635.1871999996,3784635.1871999996,0,0,0,3,1,1,2
4,32,7,ok,96768,3784635.1872,3784635.1872,0,0,0,1,1,1,7
4,32,8,ok,84672,3784635.1872,3784635.1872,0,0,0,1,2,2,2
4,32,9,ok,77616,3902905.0367999999,3902905.0367999999,0,0,0,3,3,1,1
4,32,10,ok,68796,3843770.1120000002,3843770.1120000002,0,0,0,5,1,1,2
4,32,11,ok,63504,3902905.0367999999,3902905.0367999999,0,0,0,1,11,1,1
4,32,12,ok,56448,3784635.1871999996,3784635.1871999996,0,0,0,3,1,2,2
4,32,13,ok,52920,3843770.1120000002,3843770.1120000002,0,0,0,13,1,1,1
4,32,14,ok,48384,3784635.1872,3784635.1872,0,0,0,1,2,1,7
4,32,15,ok,45864,3843770.1120000002,3843770.1120000002,0,0,0,15,1,1,1
4,32,16,ok,42336,3784635.1872,3784635.1872,0,0,0,2,2,2,2
4,64,1,ok,1354752,7569270.3744000001,7569270.3744000001,0,0,0,1,1,1,1
4,64,2,ok,677376,7569270.3744000001,7569270.3744000001,0,0,0,1,1,1,2
4,64,3,ok,451584,7569270.3743999992,7569270.3743999992,0,0,0,3,1,1,1
4,64,4,ok,338688,7569270.3744000001,7569270.3744000001,0,0,0,1,2,1,2
4,64,5,ok,275184,7687540.2240000004,7687540.2240000004,0,0,0,1,5,1,1
4,64,6,ok,225792,7569270.3743999992,7569270.3743999992,0,0,0,3,1,1,2
4,64,7,ok,193536,7569270.3744000001,7569270.3744000001,0,0,0,1,1,1,7
4,64,8,ok,169344,7569270.3744000001,7569270.3744000001,0,0,0,1,2,2,2
4,64,9,ok,155232,7805810.0735999998,7805810.0735999998,0,0,0,3,3,1,1
4,64,10,ok,137592,7687540.2240000004,7687540.2240000004,0,0,0,1,5,1,2
4,64,11,ok,127008,7805810.0735999998,7805810.0735999998,0,0,0,1,11,1,1
4,64,12,ok,112896,7569270.3743999992,7569270.3743999992,0,0,0,3,1,2,2
4,64,13,ok,105840,7687540.2240000004,7687540.2240000004,0,0,0,1,13,1,1
4,64,14,ok,96768,7569270.3744000001,7569270.3744000001,0,0,0,1,2,1,7
4,64,15,ok,91728,7687540.2240000004,7687540.2240000004,0,0,0,3,5,1,1
4,64,16,ok,84672,7569270.3744000001,7569270.3744000001,0,0,0,2,2,2,2
5,1,1,ok,9408,2653346.7648,173408.25599999999,2214439.7823999999,0,265498.72640000004,1,1,1,1
5,1,2,ok,4704,2678440.0896000001,173408.25599999999,2226585.2415999998,0,278446.592,1,1,2,1
5,1,3,ok,3360,2904128.1792000001,185794.56,2408899.8144,0,309433.80479999998,1,1,3,1
5,1,4,ok,2352,2758638.9504,173408.25599999999,2280888.3711999999,0,304342.32320000004,1,1,4,1
5,1,5,ok,2016,2984327.04,185794.56,2463202.9440000001,0,335329.53600000002,1,1,5,1
5,1,6,ok,1680,3024426.4704,185794.56,2490354.5088,0,348277.40160000004,1,1,6,1
5,1,7,ok,1344,2878937.2415999994,173408.25599999996,2362343.0655999994,0,343185.92000000004,1,1,1,7
5,1,8,ok,1176,2904833.8944000001,173408.25599999999,2375291.8528,0,356133.7856,1,1,2,4
5,1,9,ok,1200,3331005.8112000003,199065.59999999998,2725491.3407999999,0,406448.87040000007,1,1,3,3
5,1,10,ok,1008,3140515.9679999999,185794.56,2554652.5439999998,0,400068.86400000006,1,1,2,5
5,1,11,ok,1008,3454567.5647999998,204374.01599999997,2810117.7983999997,0,440075.75040000002,1,1,1,11
5,1,12,ok,840,3179987.4815999996,185794.56,2568228.3263999997,0,425964.5952000001,1,1,3,4
5,1,13,ok,1176,5474805.8040000005,176117.75999999998,3128182.9591999999,0,2170505.0847999998,13,1,1,1
5,1,14,ok,672,3023248.4352000002,173408.25599999996,2416019.2000000002,0,433820.97920000006,1,1,2,7
5,1,15,ok,672,3239194.7520000003,185794.55999999997,2588592.0000000005,0,464808.1920000001,1,1,1,15
5,1,16,ok,588,3062719.9488000004,173408.25599999999,2429594.9824000001,0,459716.71040000004,1,1,4,4
5,2,1,ok,18816,5281600.2048000004,346816.51199999999,4416734.1056000004,0,518049.58720000007,1,1,1,1
5,2,2,ok,9408,5306693.5296,346816.51199999999,4428879.5647999998,0,530997.45280000009,1,1,2,1
5,2,3,ok,6720,5732976.3839999996,371589.12,4781363.2511999998,0,580024.01280000014,1,1,3,1
5,2,4,ok,4704,5356880.1792000001,346816.51199999999,4453170.4831999997,0,556893.18400000001,1,2,2,1
5,2,5,ok,4032,5843187.4560000002,371589.12,4865678.5919999992,0,605919.74400000006,1,1,5,1
5,2,6,ok,3360,5808256.3584000003,371589.12,4817799.6288000001,0,618867.60959999997,1,2,3,1
5,2,7,ok,2688,5582221.2095999997,346816.51199999993,4639667.9167999998,0,595736.78080000007,1,1,1,7
5,2,8,ok,2352,5517277.9007999999,346816.51199999999,4561776.7423999999,0,608684.64640000009,1,2,4,1
5,2,9,ok,2400,6518153.5488000009,398131.19999999995,5423655.3984000003,0,696366.95040000009,1,1,3,3
5,2,10,ok,2016,5968654.0800000001,371589.12,4926405.8880000003,0,670659.07200000004,1,2,5,1
5,2,11,ok,2016,6730586.6496000011,408748.03199999995,5584113.6384000005,0,737724.97920000006,1,1,11,1
5,2,12,ok,1680,6048852.9408,371589.12,4980709.0175999999,0,696554.80320000008,1,2,6,1
5,2,13,ok,2352,10924126.200000001,352235.51999999996,6244030.6863999991,0,4327859.9936000006,13,1,1,1
5,2,14,ok,1344,5757874.4831999987,346816.51199999993,4724686.1311999988,0,686371.84000000008,1,2,1,7
5,2,15,ok,1344,6238626.0479999995,371589.11999999994,5131638.527999999,0,735398.40000000002,1,1,1,15
5,2,16,ok,1176,5809667.7888000002,346816.51199999999,4750583.7056,0,712267.57120000001,1,2,2,4
5,4,1,ok,37632,10493088.768000001,693633.02399999998,8776304.4352000002,0,1023151.3088,1,1,1,1
5,4,2,ok,18816,10533188.1984,693633.02399999998,8803456,0,1036099.1744000001,1,1,1,2
5,4,3,ok,13440,11300636.16,743178.23999999999,9436253.4912,0,1121204.4288000001,1,1,1,3
5,4,4,ok,9408,10613387.0592,693633.02399999998,8857759.1295999996,0,1061994.9056000002,1,2,2,1
5,4,5,ok,8064,11335816.704,743178.23999999999,9445538.3039999977,0,1147100.1600000001,1,1,1,5
5,4,6,ok,6720,11375916.134399999,743178.23999999999,9472689.8687999994,0,1160048.0256000003,1,1,2,3
5,4,7,ok,5376,10673660.927999999,693633.02399999986,8879189.4015999995,0,1100838.5024000001,1,1,1,7
5,4,8,ok,4704,10713760.3584,693633.02399999998,8906340.9663999993,0,1113786.368,1,4,2,1
5,4,9,ok,4800,12291594.393600002,796262.39999999991,10219128.883200001,0,1276203.1104000001,1,1,3,3
5,4,10,ok,4032,11536313.856000002,743178.23999999999,9581296.1280000005,0,1211839.4880000001,1,1,2,5
5,4,11,ok,4032,12689945.241600001,817496.0639999999,10539425.740800001,0,1333023.4368000003,1,1,1,11
5,4,12,ok,3360,11616512.716800001,743178.23999999999,9635599.2576000001,0,1237735.2191999999,1,4,3,1
5,4,13,ok,4704,21777045.264000002,704471.03999999992,12430004.412799999,0,8642569.8112000003,13,1,1,1
5,4,14,ok,2688,10954356.9408,693633.02399999986,9069250.3552000001,0,1191473.5616000001,1,1,2,7
5,4,15,ok,2688,11736811.008000001,743178.23999999987,9717053.9520000014,0,1276578.8160000001,1,1,1,15
5,4,16,ok,2352,11034555.8016,693633.02399999998,9123553.4847999997,0,1217369.2928000002,1,4,4,1
5,8,1,ok,75264,20961084.211200003,1387266.048,17540463.411200002,0,2033354.7520000003,1,1,1,1
5,8,2,ok,37632,20986177.536000002,1387266.048,17552608.8704,0,2046302.6176,1,2,1,1
5,8,3,ok,26880,22525992.345600002,1486356.48,18836070.604799997,0,2203565.2608000003,1,1,1,3
5,8,4,ok,18816,21066376.3968,1387266.048,17606912,0,2072198.3488000003,1,2,1,2
5,8,5,ok,16128,22546166.784000002,1486356.48,18830349.311999999,0,2229460.9920000001,1,1,1,5
5,8,6,ok,13440,22601272.32,1486356.48,18872506.9824,0,2242408.8576000002,1,2,1,3
5,8,7,ok,10752,21171668.582400002,1387266.0479999997,17673360.588800002,0,2111041.9456000002,1,1,1,7
5,8,8,ok,9408,21226774.1184,1387266.048,17715518.259199999,0,2123989.8112000003,1,2,2,2
5,8,9,ok,9408,23880120.883200001,1560674.304,19929958.0416,0,2389488.5376000004,1,9,1,1
5,8,10,ok,8064,22671633.408,1486356.48,18891076.607999995,0,2294200.3200000003,1,2,1,5
5,8,11,ok,8064,25103863.910400003,1634992.1279999998,20945251.430399999,0,2523620.352,1,1,1,11
5,8,12,ok,6720,22751832.268799998,1486356.48,18945379.737599999,0,2320096.0512000006,1,2,2,3
5,8,13,ok,9408,43528605.120000005,1408942.0799999998,24847673.593599997,0,17271989.446400002,13,1,1,1
5,8,14,ok,5376,21347321.855999999,1387266.0479999997,17758378.803199999,0,2201677.0048000002,1,2,1,7
5,8,15,ok,5376,23097222.144000005,1486356.4799999997,19251926.016000003,0,2358939.6480000005,1,1,1,15
5,8,16,ok,4704,21427520.716800001,1387266.048,17812681.932799999,0,2227572.736,1,2,2,4
5,16,1,ok,150528,41897075.097600006,2774532.0959999999,35068781.363200001,0,4053761.6384000005,1,1,1,1
5,16,2,ok,75264,41922168.422400005,2774532.0959999999,35080926.822400004,0,4066709.5040000007,1,2,1,1
5,16,3,ok,53760,44976704.716800004,2972712.96,37635704.832000002,0,4368286.9248000011,1,1,1,3
5,16,4,ok,37632,41972355.072000004,2774532.0959999999,35105217.740800001,0,4092605.2352,1,4,1,1
5,16,5,ok,32256,44966866.943999991,2972712.96,37599971.327999994,0,4394182.6560000004,1,1,1,5
5,16,6,ok,26880,45051984.691200003,2972712.96,37672141.209599994,0,4407130.5216000006,1,2,1,3
5,16,7,ok,21504,42167683.891199999,2774532.0959999994,35261702.963200003,0,4131448.8320000004,1,1,1,7
5,16,8,ok,18816,42132752.7936,2774532.0959999999,35213824,0,4144396.6976000005,1,4,1,2
5,16,9,ok,18816,47534401.843200006,3121348.608,39750606.950400002,0,4662446.2848000005,1,9,1,1
5,16,10,ok,16128,45092333.568000004,2972712.96,37660698.623999998,0,4458921.9840000002,1,2,1,5
5,16,11,ok,16128,49931701.247999996,3269984.2559999996,41756902.809599996,0,4904814.1824000003,1,1,1,11
5,16,12,ok,13440,45202544.640000001,2972712.96,37745013.9648,0,4484817.7152000004,1,4,1,3
5,16,13,ok,18816,87031724.832000002,2817884.1599999997,49683011.955199994,0,34530828.716800004,13,1,1,1
5,16,14,ok,10752,42343337.164800003,2774532.0959999994,35346721.177600004,0,4222083.8912000004,1,2,1,7
5,16,15,ok,10752,45818044.416000001,2972712.9599999995,38321670.144000001,0,4523661.3119999999,1,1,1,15
5,16,16,ok,9408,42453548.2368,2774532.0959999999,35431036.518399999,0,4247979.6224000007,1,4,2,2
5,32,1,ok,301056,83769056.870400012,5549064.1919999998,70125417.267200008,0,8094575.4112,1,1,1,1
5,32,2,ok,150528,83794150.195200011,5549064.1919999998,70137562.726400003,0,8107523.276800001,1,2,1,1
5,32,3,ok,103488,86701062.297600001,5722472.4479999999,72605567.846400008,0,8373022.0032000002,1,3,1,1
5,32,4,ok,75264,83844336.84480001,5549064.1919999998,70161853.644800007,0,8133419.0080000013,1,4,1,1
5,32,5,ok,64512,89808267.264000013,5945425.9199999999,75139215.359999999,0,8723625.9840000011,1,1,1,5
5,32,6,ok,51744,86882923.468799993,5722472.4479999999,72748585.4208,0,8411865.6000000015,1,3,2,1
5,32,7,ok,43008,84159714.508800015,5549064.1919999989,70438387.712000012,0,8172262.6048000008,1,1,1,7
5,32,8,ok,37632,83944710.144000009,5549064.1919999998,70210435.481600001,0,8185210.4704,1,8,1,1
5,32,9,ok,36960,93577830.681600004,6131220.4799999995,78400602.547199994,0,9046007.6544000003,1,3,3,1
5,32,10,ok,32256,89933733.887999982,5945425.9199999999,75199942.655999988,0,8788365.3120000008,1,2,1,5
5,32,11,ok,28224,87008390.092800006,5722472.4479999999,72809312.716800004,0,8476604.9280000012,1,11,1,1
5,32,12,ok,25872,88023886.387199998,5722472.4479999999,73811861.145599991,0,8489552.7936000004,1,3,4,1
5,32,13,ok,28224,102828097.38240001,6762921.9840000002,86047369.574400008,0,10017805.824000001,1,13,1,1
5,32,14,ok,21504,84335367.782399997,5549064.1919999989,70523405.926400006,0,8262897.6640000008,1,2,1,7
5,32,15,ok,21504,91259688.959999993,5945425.919999999,76461158.399999991,0,8853104.6400000006,1,1,1,15
5,32,16,ok,18816,84265505.587200001,5549064.1919999998,70427648,0,8288793.3952000011,1,8,1,2
5,64,1,ok,602112,167513020.41600001,11098128.384,140238689.07519999,0,16176202.956800003,1,1,1,1
5,64,2,ok,301056,167538113.74080002,11098128.384,140250834.53440002,0,16189150.8224,1,2,1,1
5,64,3,ok,206976,173217535.48800001,11444944.896,145065390.18239999,0,16707200.409600003,1,3,1,1
5,64,4,ok,150528,167588300.39040002,11098128.384,140275125.45280001,0,16215046.553600002,1,4,1,1
5,64,5,ok,122304,170718883.58399999,11271536.639999999,142966801.66399997,0,16480545.279999999,1,5,1,1
5,64,6,ok,103488,173402124.5952,11444944.896,145211135.69280002,0,16746044.0064,1,6,1,1
5,64,7,ok,86016,168143775.74400002,11098128.383999998,140791757.2096,0,16253890.150400002,1,1,1,7
5,64,8,ok,75264,167688673.68960002,11098128.384,140323707.28960001,0,16266838.016000003,1,8,1,1
5,64,9,ok,73920,186929821.44,12262440.959999999,156691895.96160001,0,17975484.518400002,1,3,3,1
5,64,10,ok,61152,171087406.84799996,11271536.639999999,143270585.59999996,0,16545284.607999999,1,5,2,1
5,64,11,ok,56448,173709773.10720003,11444944.896,145454044.8768,0,16810783.334400002,1,11,1,1
5,64,12,ok,51744,173765846.93759999,11444944.896,145497170.8416,0,16823731.200000003,1,6,2,1
5,64,13,ok,47040,171162686.82239997,11271536.639999999,143307021.97759998,0,16584128.204800002,1,13,1,1
5,64,14,ok,43008,168319429.01760003,11098128.383999998,140876775.42400002,0,16344525.209600002,1,2,1,7
5,64,15,ok,43008,182142978.04800001,11890851.839999998,152740134.912,0,17511991.296000004,1,1,1,15
5,64,16,ok,37632,167889420.28800002,11098128.384,140420870.9632,0,16370420.9408,1,16,1,1
6,1,1,ok,14112,3875930.0352000003,260112.38399999999,3296875.2384000001,0,318942.41280000005,1,1,1,1
6,1,2,ok,7056,3913570.0224000006,260112.38399999999,3315093.4272000003,0,338364.21120000002,1,1,2,1
6,1,3,ok,4704,4292290.4831999997,260112.38399999999,3396012.9791999999,0,636165.12,3,1,1,1
6,1,4,ok,3528,4033868.3136000005,260112.38399999999,3396548.1216000002,0,377207.80800000008,1,1,4,1
6,1,5,ok,3024,4364965.4400000004,278691.83999999997,3668249.6640000003,0,418023.93600000005,1,1,5,1
6,1,6,ok,2352,4329930.4704000009,260112.38399999999,3414231.1680000005,0,655586.91840000008,3,1,2,1
6,1,7,ok,2016,4149203.7887999997,260112.38399999996,3453618.2015999998,0,435473.20320000005,1,1,1,7
6,1,8,ok,1764,4178807.4240000006,260112.38399999999,3463800.0384000004,0,454895.00160000008,1,1,2,4
6,1,9,ok,1680,4690767.628800001,278691.83999999997,3693013.9776000003,0,719061.8112,3,1,3,1
6,1,10,ok,1512,4519584.5760000004,278691.83999999997,3725759.8080000002,0,515132.92800000001,1,1,2,5
6,1,11,ok,1512,4971543.0336000007,306561.02399999998,4098335.7888000002,0,566646.22080000001,1,1,1,11
6,1,12,ok,1176,4450228.7615999999,260112.38399999999,3495685.8624,0,694430.51520000002,3,1,4,1
6,1,13,ok,1176,6679738.5408000005,281788.41599999997,4162310.5472000004,0,2235639.5776000004,13,1,1,1
6,1,14,ok,1008,4356429.2352000009,260112.38399999996,3524891.0592,0,571425.79200000002,1,1,2,7
6,1,15,ok,1008,4667602.7520000003,278691.83999999997,3776668.9920000001,0,612241.92000000004,1,1,1,15
6,1,16,ok,882,4415636.5055999998,260112.38399999999,3545254.7328000003,0,610269.38880000007,1,1,4,4
6,2,1,ok,28224,7714220.0832000012,520224.76799999998,6575532.2880000006,0,618463.02720000013,1,1,1,1
6,2,2,ok,14112,7751860.0704000005,520224.76799999998,6593750.4768000003,0,637884.8256000001,1,1,2,1
6,2,3,ok,9408,8546940.9791999999,520224.76799999998,6773807.7696000002,0,1252908.4416,3,1,1,1
6,2,4,ok,7056,7827140.0448000012,520224.76799999998,6630186.8544000005,0,676728.42240000004,1,2,2,1
6,2,5,ok,6048,8541730.9440000001,557383.67999999993,7245408.3839999996,0,738938.88000000012,1,1,5,1
6,2,6,ok,4704,8584580.9663999993,520224.76799999998,6792025.9583999999,0,1272330.24,3,1,2,1
6,2,7,ok,4032,8130573.1583999982,520224.76799999992,6875354.5727999983,0,734993.81760000018,1,1,1,7
6,2,8,ok,3528,8067736.6272000009,520224.76799999998,6793096.2432000004,0,754415.61600000015,1,2,4,1
6,2,9,ok,3360,9268615.2960000001,557383.67999999993,7331373.3887999998,0,1379858.2272000001,3,1,3,1
6,2,10,ok,3024,8729930.8800000008,557383.67999999993,7336499.3280000007,0,836047.87200000009,1,2,5,1
6,2,11,ok,3024,9679346.2655999996,613122.04799999995,8146571.5584000004,0,919652.65920000011,1,1,1,11
6,2,12,ok,2352,8659860.9408000018,520224.76799999998,6828462.3360000011,0,1311173.8368000002,3,2,2,1
6,2,13,ok,2352,13318700.4288,563576.83199999994,8304884.7231999999,0,4450238.8736000005,13,1,1,1
6,2,14,ok,2016,8298407.5775999995,520224.76799999992,6907236.4031999996,0,870946.40640000009,1,2,1,7
6,2,15,ok,2016,8975560.3200000003,557383.67999999993,7485019.7759999996,0,933156.86400000018,1,1,1,15
6,2,16,ok,1764,8357614.8480000012,520224.76799999998,6927600.0768000009,0,909790.00320000015,1,2,2,4
6,4,1,ok,56448,15323272.704000002,1040449.536,13065318.912,0,1217504.2560000001,1,1,1,1
6,4,2,ok,28224,15383421.849600002,1040449.536,13106046.259200001,0,1236926.0544000003,1,1,1,2
6,4,3,ok,18816,16988714.495999999,1040449.536,13461869.8752,0,2486395.0848000003,3,1,1,1
6,4,4,ok,14112,15503720.140800001,1040449.536,13187500.953600001,0,1275769.6512000002,1,2,2,1
6,4,5,ok,12096,16557624.576000001,1114767.3599999999,14062088.448000001,0,1380768.7679999999,1,1,1,5
6,4,6,ok,9408,17048863.641599998,1040449.536,13502597.222399998,0,2505816.8832,3,1,1,2
6,4,7,ok,8064,15594130.943999998,1040449.5359999998,13219646.361599999,0,1334035.0464000001,1,1,1,7
6,4,8,ok,7056,15654280.089600002,1040449.536,13260373.708800001,0,1353456.8448000001,1,4,2,1
6,4,9,ok,6720,18289255.68,1114767.3599999999,14473037.2608,0,2701451.0592000005,3,1,1,3
6,4,10,ok,6048,16858370.304000001,1114767.3599999999,14265725.184000002,0,1477877.7600000002,1,1,2,5
6,4,11,ok,6048,18544207.334400002,1226244.0959999999,15692297.702400003,0,1625665.5360000001,1,1,1,11
6,4,12,ok,4704,17169161.932799999,1040449.536,13584051.9168,0,2544660.48,3,1,2,2
6,4,13,ok,4704,26523469.439999998,1127153.6639999999,16516878.310399998,0,8879437.4656000007,13,1,1,1
6,4,14,ok,4032,16015174.963199999,1040449.5359999998,13504737.791999999,0,1469987.6352000004,1,1,2,7
6,4,15,ok,4032,17159116.032000002,1114767.3599999999,14469361.92,0,1574986.7520000003,1,1,1,15
6,4,16,ok,3528,16135473.254400002,1040449.536,13586192.486400001,0,1508831.2320000003,1,4,4,1
6,8,1,ok,112896,30608905.420800004,2080899.0719999999,26112419.635200001,0,2415586.7136000004,1,1,1,1
6,8,2,ok,56448,30646545.408000004,2080899.0719999999,26130637.824000001,0,2435008.5120000001,1,2,1,1
6,8,3,ok,37632,33939789.004800007,2080899.0719999999,26905521.5616,0,4953368.3711999999,3,1,1,1
6,8,4,ok,28224,30766843.699200004,2080899.0719999999,26212092.518400002,0,2473852.1088000005,1,2,1,2
6,8,5,ok,24192,32927049.215999998,2229534.7199999997,28033085.952,0,2664428.5440000002,1,1,1,5
6,8,6,ok,18816,33977428.991999999,2080899.0719999999,26923739.750399999,0,4972790.1696000006,3,2,1,1
6,8,7,ok,16128,30924781.977600001,2080899.0719999997,26311765.4016,0,2532117.5040000002,1,1,1,7
6,8,8,ok,14112,31007440.281600002,2080899.0719999999,26375001.907200001,0,2551539.3024000004,1,2,2,2
6,8,9,ok,13440,36465591.398400001,2229534.7199999997,28891419.955199998,0,5344636.7231999999,3,1,1,3
6,8,10,ok,12096,33115249.152000003,2229534.7199999997,28124176.896000002,0,2761537.5359999998,1,2,1,5
6,8,11,ok,12096,36674374.809600003,2452488.1919999998,31184195.328000002,0,3037691.2895999998,1,1,1,11
6,8,12,ok,9408,34097727.283199996,2080899.0719999999,27005194.444799997,0,5011633.7664000001,3,2,1,2
6,8,13,ok,9408,53006162.227200001,2254307.3279999997,33014020.249600001,0,17737834.649600003,13,1,1,1
6,8,14,ok,8064,31188261.887999997,2080899.0719999997,26439292.723199997,0,2668070.0928000002,1,2,1,7
6,8,15,ok,8064,33753632.256000005,2229534.7199999997,28665451.007999998,0,2858646.5279999999,1,1,1,15
6,8,16,ok,7056,31308560.179200005,2080899.0719999999,26520747.417600002,0,2706913.6896000002,1,2,2,4
6,16,1,ok,225792,61180170.854400001,4161798.1439999999,52206621.081600003,0,4811751.628800001,1,1,1,1
6,16,2,ok,112896,61217810.841600008,4161798.1439999999,52224839.270400003,0,4831173.4272000007,1,2,1,1
6,16,3,ok,75264,67841938.022400007,4161798.1439999999,53792824.9344,0,9887314.9440000001,3,1,1,1
6,16,4,ok,56448,61293090.816000007,4161798.1439999999,52261275.648000002,0,4870017.0240000002,1,4,1,1
6,16,5,ok,48384,65665898.496000007,4459069.4399999995,55975080.960000001,0,5231748.0960000008,1,1,1,5
6,16,6,ok,37632,67879578.009600013,4161798.1439999999,53811043.123199999,0,9906736.7423999999,3,2,1,1
6,16,7,ok,32256,61586084.044799998,4161798.1439999994,52496003.481600001,0,4928282.4192000013,1,1,1,7
6,16,8,ok,28224,61533687.398400009,4161798.1439999999,52424185.036800005,0,4947704.217600001,1,4,1,2
6,16,9,ok,26880,72818262.835199997,4459069.4399999995,57728185.343999997,0,10631008.051199999,3,1,1,3
6,16,10,ok,24192,65854098.431999996,4459069.4399999995,56066171.903999999,0,5328857.0880000005,1,2,1,5
6,16,11,ok,24192,72934709.760000005,4904976.3839999996,62167990.5792,0,5861742.7968000006,1,1,1,11
6,16,12,ok,18816,67954857.983999997,4161798.1439999999,53847479.500799999,0,9945580.3392000012,3,4,1,1
6,16,13,ok,18816,105971547.80159999,4508614.6559999995,66008304.127999999,0,35454629.017600007,13,1,1,1
6,16,14,ok,16128,61849563.955200002,4161798.1439999994,52623530.803199999,0,5064235.0080000004,1,2,1,7
6,16,15,ok,16128,66942664.703999996,4459069.4399999995,57057629.184,0,5425966.080000001,1,1,1,15
6,16,16,ok,14112,62014880.563200004,4161798.1439999999,52750003.814400002,0,5103078.6048000008,1,4,2,2
6,32,1,ok,451584,122322701.72160001,8323596.2879999997,104395023.97440001,0,9604081.4592000023,1,1,1,1
6,32,2,ok,225792,122360341.7088,8323596.2879999997,104413242.16320001,0,9623503.257600002,1,2,1,1
6,32,3,ok,155232,126616619.75039998,8583708.6720000003,108090465.40799998,0,9942445.6704000011,1,3,1,1
6,32,4,ok,112896,122435621.68320002,8323596.2879999997,104449678.54080001,0,9662346.8544000015,1,4,1,1
6,32,5,ok,96768,131143597.05600001,8918138.879999999,111859070.976,0,10366387.200000001,1,1,1,5
6,32,6,ok,77616,126889411.50719999,8583708.6720000003,108304991.76959999,0,10000711.0656,1,3,2,1
6,32,7,ok,64512,122908688.17920001,8323596.2879999988,104864479.64160001,0,9720612.2496000007,1,1,1,7
6,32,8,ok,56448,122586181.63200001,8323596.2879999997,104522551.296,0,9740034.0480000004,1,8,1,1
6,32,9,ok,51744,140356514.53440002,8583708.6720000003,111362010.85440001,0,20410795.008000001,3,3,1,1
6,32,10,ok,48384,131331796.99200001,8918138.879999999,111950161.92,0,10463496.192000002,1,2,1,5
6,32,11,ok,42336,127077611.44320002,8583708.6719999984,108396082.71360002,0,10097820.057600001,1,11,1,1
6,32,12,ok,38808,128600855.88479997,8583708.6720000003,109899905.35679998,0,10117241.856000002,1,3,4,1
6,32,13,ok,42336,150182631.70560002,10144382.975999998,128104461.38880002,0,11933787.3408,1,13,1,1
6,32,14,ok,32256,123172168.0896,8323596.2879999988,104992006.9632,0,9856564.8384000026,1,2,1,7
6,32,15,ok,32256,133320729.59999998,8918138.879999999,113841985.53599998,0,10560605.184000002,1,1,1,15
6,32,16,ok,28224,123067374.79680002,8323596.2879999997,104848370.07360001,0,9895408.435200002,1,8,1,2
6,64,1,ok,903168,244607763.45600003,16647192.575999999,208771829.76000002,0,19188741.120000001,1,1,1,1
6,64,2,ok,451584,244645403.44320002,16647192.575999999,208790047.94880003,0,19208162.918400005,1,2,1,1
6,64,3,ok,310464,252956355.83999997,17167417.344000001,215962312.55039996,0,19826625.945600003,1,3,1,1
6,64,4,ok,225792,244720683.41760001,16647192.575999999,208826484.32640001,0,19247006.515200004,1,4,1,1
6,64,5,ok,183456,249312468.09599999,16907304.959999997,212839214.208,0,19565948.927999999,1,5,1,1
6,64,6,ok,155232,253233239.50079995,17167417.344000001,216180930.81599995,0,19884891.340800002,1,6,1,1
6,64,7,ok,129024,245553896.44799995,16647192.575999998,209601431.96159998,0,19305271.910400003,1,1,1,7
6,64,8,ok,112896,244871243.36640003,16647192.575999999,208899357.08160001,0,19324693.708800003,1,8,1,1
6,64,9,ok,103488,280436145.40799999,17167417.344000001,222505403.44319999,0,40763324.620800003,3,3,1,1
6,64,10,ok,91728,249865252.99199998,16907304.959999997,213294890.11199999,0,19663057.920000002,1,5,2,1
6,64,11,ok,84672,253694712.26880002,17167417.343999997,216545294.59200001,0,19982000.332800001,1,11,1,1
6,64,12,ok,77616,253778823.01439998,17167417.344000001,216609983.53919998,0,20001422.131200001,1,6,2,1
6,64,13,ok,70560,249978172.95360002,16907304.960000001,213349544.67840001,0,19721323.315199997,1,13,1,1
6,64,14,ok,64512,245817376.35840002,16647192.575999998,209728959.28320003,0,19441224.499200001,1,2,1,7
6,64,15,ok,61152,276375897.21599996,16907304.959999997,219283167.35999998,0,40185424.896000005,3,5,1,1
6,64,16,ok,56448,245172363.26400003,16647192.575999999,209045102.59200001,0,19480068.096000001,1,16,1,1
7,1,1,ok,84672,19915885.209600002,1560674.3039999998,17971495.423999999,0,383715.48160000006,1,1,1,1
7,1,2,ok,42336,20059743.283199999,1560674.3039999998,17998822.707199998,0,500246.272,1,1,1,2
7,1,3,ok,30240,21673769.702399999,1672151.0399999998,19365756.979200002,0,635861.68319999997,1,1,1,3
7,1,4,ok,21168,20238186.700800002,1560674.3039999998,18097960.447999999,0,579551.94880000001,2,1,1,2
7,1,5,ok,18144,21927722.111999996,1672151.04,19386647.808000002,0,868923.26400000008,1,1,1,5
7,1,6,ok,15120,21864959.078399997,1672151.0399999998,19471975.987199999,0,720832.05119999999,2,1,1,3
7,1,7,ok,12096,20880324.864,1560674.3039999998,18236750.335999999,0,1082900.2239999999,1,1,1,7
7,1,8,ok,10584,20525902.848000001,1560674.3039999998,18152615.014399998,0,812613.52960000001,2,1,2,2
7,1,9,ok,10584,22336910.244000003,1646023.6799999999,19503131.594400004,0,1187754.9696,9,1,1,1
7,1,10,ok,9072,22118911.488000002,1672151.04,19492866.816,0,953893.6320000001,2,1,1,5
7,1,11,ok,9072,25097414.2848,1839366.1439999999,21661313.203200001,0,1596734.9376000003,1,1,1,11
7,1,12,ok,7560,22247337.830400001,1672151.0399999998,19684414.003200002,0,890772.78720000002,4,1,1,3
7,1,13,ok,10584,24338054.52,1585059.8399999999,21191931.716800001,0,1561062.9632000001,13,1,1,1
7,1,14,ok,6048,21058768.281600002,1560674.3039999998,18335888.0768,0,1162205.9007999999,2,1,1,7
7,1,15,ok,6048,23703940.223999999,1672151.0399999998,19997558.015999999,0,2034231.1680000001,1,1,1,15
7,1,16,ok,5292,20882789.683200002,1560674.3039999998,18350890.495999999,0,971224.88320000004,4,1,2,2
7,2,1,ok,169344,39665797.631999999,3121348.6079999995,35859560.703999996,0,684888.32000000007,1,1,1,1
7,2,2,ok,84672,39831770.419200003,3121348.6079999995,35942990.847999997,0,767430.96320000011,1,1,1,2
7,2,3,ok,60480,42915965.183999993,3344302.0799999996,38649532.108799994,0,922130.99520000012,1,1,1,3
7,2,4,ok,42336,40119486.566399999,3121348.6079999995,35997645.414399996,0,1000492.544,1,2,1,2
7,2,5,ok,36288,43136153.855999999,3344302.0800000001,38636659.199999996,0,1155192.5760000001,1,1,1,5
7,2,6,ok,30240,43298343.935999997,3344302.0799999996,38861970.124799997,0,1092071.7312000003,2,1,1,3
7,2,7,ok,24192,40753643.212800004,3121348.6079999995,36282209.689600006,0,1350084.9152000002,1,1,1,7
7,2,8,ok,21168,40476373.401600003,3121348.6079999995,36195920.895999998,0,1159103.8976,2,1,2,2
7,2,9,ok,21168,44435629.944000006,3292047.3599999999,38890976.212800004,0,2252606.3712000004,9,1,1,1
7,2,10,ok,18144,43518532.607999995,3344302.0800000001,38849097.215999991,0,1325133.3120000002,2,1,1,5
7,2,11,ok,18144,48612389.75999999,3678732.2879999997,43022026.291199997,0,1911631.1808000002,1,1,1,11
7,2,12,ok,15120,43729918.156799994,3344302.0799999996,38943951.974399999,0,1441664.1024,2,2,1,3
7,2,13,ok,21168,48446740.367999993,3170119.6799999997,42272846.345600002,0,3003774.3424,13,1,1,1
7,2,14,ok,12096,41110530.048,3121348.6079999995,36480485.1712,0,1508696.2688000002,2,1,1,7
7,2,15,ok,12096,45250009.344000004,3344302.0799999996,39585206.784000002,0,2320500.48,1,1,1,15
7,2,16,ok,10584,41051805.696000002,3121348.6079999995,36305230.028799996,0,1625227.0592,2,2,2,2
7,4,1,ok,338688,79016535.244800001,6242697.2159999991,71588568.4736,0,1185269.5552000001,1,1,1,1
7,4,2,ok,169344,79242375.167999983,6242697.2159999991,71697877.606399983,0,1301800.3456000001,1,1,1,2
7,4,3,ok,120960,85327644.671999991,6688604.1599999992,77144370.892800003,0,1494669.6192000001,1,1,1,3
7,4,4,ok,84672,79658735.615999997,6242697.2159999991,71797015.347199991,0,1619023.0528000002,2,1,1,2
7,4,5,ok,72576,85553017.343999982,6688604.1600000001,77136681.983999997,0,1727731.2,1,1,1,5
7,4,6,ok,60480,85773745.151999995,6688604.1599999992,77250589.900800005,0,1834551.0912000001,2,1,1,3
7,4,7,ok,48384,80500279.910400003,6242697.2159999991,72373128.396800011,0,1884454.2976000002,1,1,1,7
7,4,8,ok,42336,80110415.462399989,6242697.2159999991,72015633.612799987,0,1852084.6336000003,2,1,2,2
7,4,9,ok,42336,87830088.480000004,6584094.7199999997,77475471.235200003,0,3770522.5248000007,9,1,1,1
7,4,10,ok,36288,86090370.047999978,6688604.1600000001,77334153.215999991,0,2067612.672,2,1,1,5
7,4,11,ok,36288,95642340.7104,7357464.5759999994,85743452.467199996,0,2541423.6672,1,1,1,11
7,4,12,ok,30240,86451264.921599999,6688604.1599999992,77578517.299199998,0,2184143.4624000005,2,1,2,3
7,4,13,ok,42336,95504250.816,6340239.3599999994,84158506.182399988,0,5005505.2736,13,1,1,1
7,4,14,ok,24192,81193100.083200008,6242697.2159999991,72748725.86240001,0,2201677.0048000002,2,1,1,7
7,4,15,ok,24192,88342147.584000006,6688604.1599999992,78760504.320000008,0,2893039.1040000003,1,1,1,15
7,4,16,ok,21168,80943136.358400002,6242697.2159999991,72213909.094399989,0,2486530.0480000004,4,1,2,2
7,8,1,ok,677376,157807230.56639999,12485394.431999998,143067827.81439999,0,2254008.3200000003,1,1,1,1
7,8,2,ok,338688,158033070.4896,12485394.431999998,143177136.9472,0,2370539.1104000001,1,1,1,2
7,8,3,ok,241920,169977769.57440001,13377208.319999998,153960814.3872,0,2639746.8672000002,1,1,1,3
7,8,4,ok,169344,158484750.33599997,12485394.431999998,143395755.21279997,0,2603600.6912000002,1,2,1,2
7,8,5,ok,145152,170159339.51999998,13377208.32,153909322.752,0,2872808.4480000003,1,1,1,5
7,8,6,ok,120960,170655289.34399998,13377208.319999998,154288741.78560001,0,2989339.2384000001,1,2,1,3
7,8,7,ok,96768,159972599.80800003,12485394.431999998,144534012.3136,0,2953193.0624000002,1,1,1,7
7,8,8,ok,84672,159317471.23199999,12485394.431999998,143594030.69439998,0,3238046.1056000004,2,1,2,2
7,8,9,ok,84672,175421986.41600001,13168189.439999999,154835655.49439999,0,7418141.4816000005,9,1,1,1
7,8,10,ok,72576,171051540.47999996,13377208.32,154121760.76799998,0,3552571.3920000005,2,1,1,5
7,8,11,ok,72576,189702242.6112,14714929.151999999,171186304.81920001,0,3801008.6399999997,1,1,1,11
7,8,12,ok,60480,171547490.30399999,13377208.319999998,154501179.80160001,0,3669102.1824000003,2,2,1,3
7,8,13,ok,84672,190779132.95999998,12680478.719999999,168205995.27679998,0,9892658.9631999992,13,1,1,1
7,8,14,ok,48384,160805320.70400003,12485394.431999998,144732287.79519999,0,3587638.4768000003,2,1,1,7
7,8,15,ok,48384,174526424.06400001,13377208.319999998,157111099.39199999,0,4038116.3520000004,1,1,1,15
7,8,16,ok,42336,160220830.92479998,12485394.431999998,144031267.22559997,0,3704169.2672000006,2,2,2,2
7,16,1,ok,1354752,315388621.20959997,24970788.863999996,286026346.49599993,0,4391485.8496000003,1,1,1,1
7,16,2,ok,677376,315614461.13279998,24970788.863999996,286135655.62879997,0,4508016.6400000006,1,1,1,2
7,16,3,ok,483840,339278019.37919998,26754416.639999997,307593701.37599999,0,4929901.3632000005,1,1,1,3
7,16,4,ok,338688,316066140.97920001,24970788.863999996,286354273.8944,0,4741078.2208000002,1,2,1,2
7,16,5,ok,290304,339189479.42400002,26754416.640000001,307272099.84000003,0,5162962.9440000001,1,1,1,5
7,16,6,ok,241920,339955539.14880002,26754416.639999997,307921628.7744,0,5279493.7344000004,1,2,1,3
7,16,7,ok,193536,318364320.15360004,24970788.863999996,288302860.69760001,0,5090670.5920000002,1,1,1,7
7,16,8,ok,169344,316969500.67199993,24970788.863999996,286791510.42559993,0,5207201.3824000005,1,2,2,2
7,16,9,ok,169344,350605782.28800005,26336378.879999999,309556024.01280004,0,14713379.395200001,9,1,1,1
7,16,10,ok,145152,340318679.03999996,26754416.640000001,307818645.50400001,0,5745616.8960000006,1,2,1,5
7,16,11,ok,145152,377321755.85279995,29429858.303999998,341571718.96319997,0,6320178.5856000008,1,1,1,11
7,16,12,ok,120960,341310578.68799996,26754416.639999997,308577483.57120001,0,5978678.4768000003,1,4,1,3
7,16,13,ok,169344,381328897.24800003,25360957.439999998,336300973.46560001,0,19666966.342399999,13,1,1,1
7,16,14,ok,96768,319945199.61600006,24970788.863999996,289068024.62720001,0,5906386.1248000003,1,2,1,7
7,16,15,ok,96768,346850076.67199999,26754416.639999997,313767389.18400002,0,6328270.8480000002,1,1,1,15
7,16,16,ok,84672,318634942.46399999,24970788.863999996,287188061.38879997,0,6476092.2112000007,2,2,2,2
7,32,1,ok,2709504,630551402.49600005,49941577.727999993,571943383.8592,0,8666440.9088000003,1,1,1,1
7,32,2,ok,1354752,630777242.41919994,49941577.727999993,572052692.99199986,0,8782971.6992000006,1,1,1,2
7,32,3,ok,931392,651436821.96480012,51502252.032000005,590207078.32319999,0,9727491.6096000001,1,3,1,1
7,32,4,ok,677376,631228922.26559997,49941577.727999993,572271311.25759995,0,9016033.2800000012,1,2,1,2
7,32,5,ok,580608,677249759.23199999,53508833.280000001,613997654.01599991,0,9743271.9360000007,1,1,1,5
7,32,6,ok,465696,653340043.9296,51502252.032000005,592321512.34559989,0,9516279.5520000011,1,3,1,2
7,32,7,ok,387072,635147760.8448,49941577.727999993,575840557.46560001,0,9365625.6512000002,1,1,1,7
7,32,8,ok,338688,632132281.95840001,49941577.727999993,572708547.7888,0,9482156.4416000005,1,2,2,2
7,32,9,ok,332640,702287173.55520022,55180984.319999993,636610524.82560003,0,10495664.409600001,1,3,1,3
7,32,10,ok,290304,678378958.84800005,53508833.280000001,614544199.68000007,0,10325925.888,1,2,1,5
7,32,11,ok,254016,653243541.35039997,51502252.031999998,591081551.38559997,0,10659737.932800001,1,11,1,1
7,32,12,ok,232848,654203192.37119997,51502252.032000005,592485476.04479992,0,10215464.294399999,1,3,2,2
7,32,13,ok,254016,772015094.32319987,60866297.855999991,698550924.36479998,0,12597872.102400001,1,13,1,1
7,32,14,ok,193536,636728640.30720007,49941577.727999993,576605721.39520001,0,10181341.184,1,2,1,7
7,32,15,ok,193536,690312554.49600005,53508833.279999994,625895141.37600005,0,10908579.840000002,1,1,1,15
7,32,16,ok,169344,633939001.34399986,49941577.727999993,573583020.85119987,0,10414402.764800001,1,4,2,2
7,64,1,ok,5419008,1260876965.0688,99883155.455999985,1143777458.5855999,0,17216351.027200002,1,1,1,1
7,64,2,ok,2709504,1261102804.9920001,99883155.455999985,1143886767.7184,0,17332881.817600001,1,1,1,2
7,64,3,ok,1862784,1302196124.1600001,103004504.06400001,1180086229.2480001,0,19105390.848000001,1,3,1,1
7,64,4,ok,1354752,1261554484.8383999,99883155.455999985,1144105385.9839997,0,17565943.398400001,1,2,1,2
7,64,5,ok,1100736,1282927825.152,101443829.75999999,1162429721.7280002,0,19054273.664000001,1,5,1,1
7,64,6,ok,931392,1302873643.9296002,103004504.06400001,1180414156.6464,0,19454983.2192,1,6,1,1
7,64,7,ok,774144,1268714642.2272,99883155.455999985,1150915951.0016,0,17915535.769600004,1,1,1,7
7,64,8,ok,677376,1262457844.5311999,99883155.455999985,1144542622.5151999,0,18032066.560000002,1,2,2,2
7,64,9,ok,665280,1403279624.4480002,110361968.63999999,1272975104.1024003,0,19942551.705600001,1,3,1,3
7,64,10,ok,550368,1286620344.5759997,101443829.75999999,1166644201.984,0,18532312.831999999,1,5,1,2
7,64,11,ok,508032,1304002843.5455999,103004504.064,1180960702.3104,0,20037637.171200003,1,11,1,1
7,64,12,ok,465696,1306680087.8592,103004504.06400001,1184643024.6911998,0,19032559.104000002,1,3,2,2
7,64,13,ok,423360,1284734544.5376,101443829.75999999,1163304194.7904,0,19986519.987199999,1,13,1,1
7,64,14,ok,387072,1270295521.6896,99883155.455999985,1151681114.9312,0,18731251.3024,1,2,1,7
7,64,15,ok,387072,1377237510.1440001,107017666.55999999,1250150645.76,0,20069197.824000001,1,1,1,15
7,64,16,ok,338688,1264264563.9168,99883155.455999985,1145417095.5776,0,18964312.883200001,1,4,2,2
8,1,1,ok,2352,819471.85920000006,43352.063999999998,590786.59840000002,0,185333.19680000001,1,1,1,1
8,1,2,ok,1176,825745.19039999996,43352.063999999998,593822.9632,0,188570.16320000001,1,1,2,1
8,1,3,ok,840,893319.72479999997,46448.639999999999,642057.08159999992,0,204814.00320000004,1,1,3,1
8,1,4,ok,588,845794.90560000006,43352.063999999998,607398.74560000002,0,195044.09600000002,1,1,4,1
8,1,5,ok,504,913369.44000000006,46448.639999999999,655632.86399999994,0,211287.93600000002,1,1,5,1
8,1,6,ok,420,923394.29759999993,46448.639999999999,662420.75520000001,0,214524.90240000002,1,1,6,1
8,1,7,ok,336,875869.47839999991,43352.063999999991,627762.41919999989,0,204754.9952,1,1,1,7
8,1,8,ok,336,885894.33600000001,43352.063999999998,634550.31039999996,0,207991.96160000001,1,1,2,4
8,1,9,ok,360,1015129.2384000001,49766.399999999994,727191.10080000013,0,238171.73760000002,1,1,3,3
8,1,10,ok,252,963493.72799999989,46448.639999999999,689572.31999999983,0,227472.76799999998,1,1,10,1
8,1,11,ok,252,1059843.1007999999,51093.503999999994,758529.55199999991,0,250220.0448,1,1,11,1
8,1,12,ok,240,983543.4432000001,46448.639999999999,703148.10239999997,0,233946.70080000002,1,1,3,4
8,1,13,ok,336,1252541.8463999997,60383.231999999996,896444.01599999983,0,295714.59840000002,1,1,1,13
8,1,14,ok,168,946043.48160000006,43352.063999999991,675277.65760000004,0,227413.76000000004,1,1,2,7
8,1,15,ok,168,1013618.0160000001,46448.639999999992,723511.77599999995,0,243657.60000000003,1,1,15,1
8,1,16,ok,168,966093.19680000003,43352.063999999998,688853.44000000006,0,233887.69280000002,1,1,4,4
8,2,1,ok,4704,1632670.3872,86704.127999999997,1178536.8319999999,0,367429.42720000003,1,1,1,1
8,2,2,ok,2352,1638943.7184000001,86704.127999999997,1181573.1968,0,370666.39360000001,1,1,2,1
8,2,3,ok,1680,1767819.456,92897.279999999999,1275005.0688,0,399917.10720000003,1,1,3,1
8,2,4,ok,1176,1651490.3807999999,86704.127999999997,1187645.9264,0,377140.32640000002,1,2,2,1
8,2,5,ok,1008,1795372.2239999999,92897.279999999999,1296083.9040000001,0,406391.03999999998,1,1,5,1
8,2,6,ok,840,1786639.4495999999,92897.279999999999,1284114.1631999998,0,409628.00640000007,1,2,3,1
8,2,7,ok,672,1707825.6384000001,86704.127999999982,1234270.2848,0,386851.22560000006,1,1,1,7
8,2,8,ok,588,1691589.8112000001,86704.127999999997,1214797.4912,0,390088.19200000004,1,2,4,1
8,2,9,ok,720,1973798.4959999998,99532.799999999988,1427054.9183999998,0,447210.77760000009,1,1,3,3
8,2,10,ok,504,1826738.8800000001,92897.279999999999,1311265.7279999999,0,422575.87200000003,1,2,5,1
8,2,11,ok,504,2050679.5584,102187.00799999999,1483659.0911999999,0,464833.45920000004,1,1,11,1
8,2,12,ok,420,1846788.5951999999,92897.279999999999,1324841.5104,0,429049.80480000004,1,2,6,1
8,2,13,ok,672,2423530.3872000002,120766.46399999999,1753415.2896,0,549348.63360000006,1,1,1,13
8,2,14,ok,336,1751738.9567999998,86704.127999999982,1255524.8383999998,0,409509.99040000001,1,2,1,7
8,2,15,ok,336,1933136.0639999998,92897.279999999984,1401478.0799999998,0,438760.70400000003,1,1,15,1
8,2,16,ok,336,1771788.672,86704.127999999997,1269100.6207999999,0,415983.92320000002,1,2,2,4
8,4,1,ok,9408,3247812.8640000001,173408.25599999999,2342782.7200000002,0,731621.88800000004,1,1,1,1
8,4,2,ok,4704,3257837.7215999998,173408.25599999999,2349570.6111999997,0,734858.85440000007,1,1,1,2
8,4,3,ok,3360,3494309.7599999998,185794.56,2518391.8847999997,0,790123.31520000007,1,1,1,3
8,4,4,ok,2352,3277887.4368000003,173408.25599999999,2363146.3936000001,0,741332.78720000002,1,2,2,1
8,4,5,ok,2016,3503104.8959999997,185794.56,2520713.088,0,796597.24799999991,1,1,1,5
8,4,6,ok,1680,3513129.7536000004,185794.56,2527500.9791999999,0,799834.21440000006,1,1,2,3
8,4,7,ok,1344,3292955.9040000001,173408.25599999996,2368503.9615999996,0,751043.68640000012,1,1,1,7
8,4,8,ok,1176,3302980.7615999999,173408.25599999999,2375291.8528,0,754280.65280000004,1,4,2,1
8,4,9,ok,1200,3789845.7984000002,199065.59999999998,2725491.3407999999,0,865288.8576000001,1,1,3,3
8,4,10,ok,1008,3553229.1839999994,185794.56,2554652.5439999998,0,812782.07999999996,1,1,2,5
8,4,11,ok,1008,3908552.1023999997,204374.01599999997,2810117.7983999997,0,894060.28799999994,1,1,1,11
8,4,12,ok,840,3573278.8991999999,185794.56,2568228.3263999997,0,819256.01280000014,1,4,3,1
8,4,13,ok,1008,4619197.9391999999,241532.92799999999,3321048.3071999997,0,1056616.7039999999,1,1,1,13
8,4,14,ok,672,3363129.9072000002,173408.25599999996,2416019.2000000002,0,773702.45120000013,1,1,2,7
8,4,15,ok,672,3603353.4720000005,185794.55999999997,2588592.0000000005,0,828966.91200000013,1,1,1,15
8,4,16,ok,588,3383179.6224000002,173408.25599999999,2429594.9824000001,0,780176.38400000008,1,4,4,1
8,8,1,ok,18816,6489352.3968000002,346816.51199999999,4682529.0751999998,0,1460006.8096,1,1,1,1
8,8,2,ok,9408,6495625.7280000001,346816.51199999999,4685565.4400000004,0,1463243.7760000001,1,2,1,1
8,8,3,ok,6720,6969799.5263999999,371589.12,5027674.6752000004,0,1570535.7312,1,1,1,3
8,8,4,ok,4704,6515675.4431999996,346816.51199999999,4699141.2223999994,0,1469717.7088000001,1,2,1,2
8,8,5,ok,4032,6974843.1359999999,371589.12,5026244.352,0,1577009.6640000001,1,1,1,5
8,8,6,ok,3360,6988619.5199999996,371589.12,5036783.7695999993,0,1580246.6304000001,1,2,1,3
8,8,7,ok,2688,6541998.4896000009,346816.51199999993,4715753.3696000008,0,1479428.608,1,1,1,7
8,8,8,ok,2352,6555774.8736000005,346816.51199999999,4726292.7872000001,0,1482665.5744,1,2,2,2
8,8,9,ok,2352,7375246.7328000003,390168.576,5317079.3856000006,0,1667998.7712000001,1,9,1,1
8,8,10,ok,2016,7006209.7919999994,371589.12,5041426.176,0,1593194.4959999998,1,2,1,5
8,8,11,ok,2016,7748097.5616000006,408748.03199999995,5586835.5839999998,0,1752513.9456,1,1,1,11
8,8,12,ok,1680,7026259.5072000008,371589.12,5055001.9583999999,0,1599668.4288000001,1,2,2,3
8,8,13,ok,2016,9156842.5728000011,483065.85599999997,6602623.8719999995,0,2071152.8447999998,1,1,1,13
8,8,14,ok,1344,6585911.8080000002,346816.51199999993,4737007.9231999991,0,1502087.3728000002,1,2,1,7
8,8,15,ok,1344,7112606.9759999998,371589.11999999994,5131638.527999999,0,1609379.3280000002,1,1,1,15
8,8,16,ok,1176,6605961.5231999997,346816.51199999999,4750583.7056,0,1508561.3056000001,1,2,2,4
8,16,1,ok,37632,12972431.462400001,693633.02399999998,9362021.785600001,0,2916776.6528000003,1,1,1,1
8,16,2,ok,18816,12978704.7936,693633.02399999998,9365058.1503999997,0,2920013.6192000001,1,2,1,1
8,16,3,ok,13440,13920779.0592,743178.23999999999,10046240.255999999,0,3131360.5632000002,1,1,1,3
8,16,4,ok,9408,12991251.456,693633.02399999998,9371130.8800000008,0,2926487.5520000001,1,4,1,1
8,16,5,ok,8064,13918319.615999999,743178.23999999999,10037306.879999999,0,3137834.4959999998,1,1,1,5
8,16,6,ok,6720,13939599.0528,743178.23999999999,10055349.350400001,0,3141071.4624000001,1,2,1,3
8,16,7,ok,5376,13040083.660800001,693633.02399999986,9410252.1855999995,0,2936198.4512000005,1,1,1,7
8,16,8,ok,4704,13031350.886399999,693633.02399999998,9398282.4447999988,0,2939435.4176000003,1,4,1,2
8,16,9,ok,4704,14694033.4848,780337.152,10606831.488,0,3306864.8448000001,1,9,1,1
8,16,10,ok,4032,13949686.272,743178.23999999999,10052488.704,0,3154019.3280000002,1,2,1,5
8,16,11,ok,4032,15427188.479999999,817496.0639999999,11140271.155199999,0,3469421.2608000003,1,1,1,11
8,16,12,ok,3360,13977239.039999999,743178.23999999999,10073567.539199999,0,3160493.2608000003,1,4,1,3
8,16,13,ok,4032,18232131.84,966131.71199999994,13165775.001599997,0,4100225.1264,1,1,1,13
8,16,14,ok,2688,13083996.979200002,693633.02399999986,9431506.7392000016,0,2958857.216,1,2,1,7
8,16,15,ok,2688,14131113.984000001,743178.23999999987,10217731.584000001,0,3170204.1600000001,1,1,1,15
8,16,16,ok,2352,13111549.747200001,693633.02399999998,9452585.5744000003,0,2965331.1488000001,1,4,2,2
8,32,1,ok,75264,25938589.593600001,1387266.048,18721007.2064,0,5830316.3392000003,1,1,1,1
8,32,2,ok,37632,25944862.924800001,1387266.048,18724043.571200002,0,5833553.3056000005,1,2,1,1
8,32,3,ok,25872,26827726.1184,1430618.112,19378221.504000001,0,6018886.5023999996,1,3,1,1
8,32,4,ok,18816,25957409.587200001,1387266.048,18730116.300799999,0,5840027.2384000001,1,4,1,1
8,32,5,ok,16128,27805272.576000001,1486356.48,20059431.935999997,0,6259484.1600000001,1,1,1,5
8,32,6,ok,12936,26873191.411200002,1430618.112,19413975.897600003,0,6028597.4016000014,1,3,2,1
8,32,7,ok,10752,26036254.003199998,1387266.0479999997,18799249.817599997,0,5849738.1376000009,1,1,1,7
8,32,8,ok,9408,25982502.912,1387266.048,18742261.760000002,0,5852975.1040000003,1,8,1,1
8,32,9,ok,9240,28914951.110400002,1532805.1199999999,20914610.860799998,0,6467535.1295999996,1,3,3,1
8,32,10,ok,8064,27836639.231999997,1486356.48,20074613.759999998,0,6275668.9919999996,1,2,1,5
8,32,11,ok,7056,26904558.067200001,1430618.112,19429157.721600004,0,6044782.2335999999,1,11,1,1
8,32,12,ok,6468,27158432.140799999,1430618.112,19679794.8288,0,6048019.2000000011,1,3,4,1
8,32,13,ok,7056,31796295.897600003,1690730.496,22961731.852800004,0,7143833.5488000009,1,13,1,1
8,32,14,ok,5376,26080167.321600001,1387266.0479999997,18820504.371199999,0,5872396.902400001,1,2,1,7
8,32,15,ok,5376,28168128,1486356.4799999997,20389917.695999999,0,6291853.824000001,1,1,1,15
8,32,16,ok,4704,26062701.772799999,1387266.048,18796564.889599998,0,5878870.8352000006,1,8,1,2
8,64,1,ok,150528,51870905.856000006,2774532.0959999999,37438978.048,0,11657395.712000001,1,1,1,1
8,64,2,ok,75264,51877179.187200002,2774532.0959999999,37442014.412799999,0,11660632.678400001,1,2,1,1
8,64,3,ok,51744,53609304.960000001,2861236.2239999999,38720006.630400002,0,12028062.105600003,1,3,1,1
8,64,4,ok,37632,51889725.849600002,2774532.0959999999,37448087.142400004,0,11667106.611200001,1,4,1,1
8,64,5,ok,30576,52828506.816,2817884.1599999997,38158182.847999997,0,11852439.808,1,5,1,1
8,64,6,ok,25872,53655452.2368,2861236.2239999999,38756443.008000001,0,12037773.004799999,1,6,1,1
8,64,7,ok,21504,52028594.688000001,2774532.0959999994,37577245.081600003,0,11676817.510400001,1,1,1,7
8,64,8,ok,18816,51914819.174400002,2774532.0959999999,37460232.601599999,0,11680054.4768,1,8,1,1
8,64,9,ok,18480,57773442.240000002,3065610.2399999998,41801894.4384,0,12905937.561600002,1,3,3,1
8,64,10,ok,15288,52920637.631999999,2817884.1599999997,38234128.831999995,0,11868624.640000001,1,5,2,1
8,64,11,ok,14112,53732364.364799991,2861236.2239999999,38817170.303999998,0,12053957.8368,1,11,1,1
8,64,12,ok,12936,53746382.822400004,2861236.2239999999,38827951.795200005,0,12057194.803200003,1,6,2,1
8,64,13,ok,11760,52939457.625599995,2817884.1599999997,38243237.926399998,0,11878335.5392,1,13,1,1
8,64,14,ok,10752,52072508.006399997,2774532.0959999994,37598499.635199994,0,11699476.275200002,1,2,1,7
8,64,15,ok,10752,56242156.032000005,2972712.9599999995,40734289.920000002,0,12535153.152000001,1,1,1,15
8,64,16,ok,9408,51965005.824000001,2774532.0959999999,37484523.520000003,0,11705950.208000001,1,16,1,1
9,1,1,ok,9800,2366826.9823999996,180633.59999999998,2106853.9647999997,0,79339.417600000015,1,1,1,1
9,1,2,ok,4900,2408597.2224000008,180633.59999999998,2135136.8448000005,0,92826.777600000001,1,1,1,2
9,1,3,ok,3500,2616442.9439999997,193535.99999999997,2311889.0879999995,0,111017.85600000001,1,1,1,3
9,1,4,ok,2450,2492137.7024000003,180633.59999999998,2191702.6048000003,0,119801.4976,1,1,1,4
9,1,5,ok,2100,2699983.4240000001,193536,2368454.8480000002,0,137992.576,1,1,1,5
9,1,6,ok,1750,2741753.6639999999,193535.99999999997,2396737.7279999997,0,151479.93600000002,1,1,1,6
9,1,7,ok,1400,2617448.4224000005,180633.60000000001,2276551.2448000005,0,160263.57760000002,1,1,1,7
9,1,8,ok,1400,2671964.6208000006,180633.59999999998,2311915.3920000005,0,179415.62880000001,1,1,2,4
9,1,9,ok,1500,3071339.7119999998,207360,2655292.8959999997,0,208686.81600000002,1,1,3,3
9,1,10,ok,1050,2908834.6239999998,193536,2509869.2480000001,0,205429.37600000002,1,1,1,10
9,1,11,ok,1050,3199718.0863999994,212889.59999999998,2760856.1728000003,0,225972.31360000002,1,1,1,11
9,1,12,ok,1000,3006031.4879999994,193535.99999999997,2574022.0799999996,0,238473.408,1,1,2,6
9,1,13,ok,2450,4386359.6087999996,220147.19999999998,3741858.9415999996,0,424353.46720000007,13,1,1,1
9,1,14,ok,700,2909840.1024000002,180633.60000000001,2474531.4048000006,0,254675.09760000004,1,1,1,14
9,1,15,ok,700,3117685.8240000005,193536,2651283.6480000005,0,272866.17600000004,1,1,1,15
9,1,16,ok,700,3031618.4576000003,180633.59999999998,2552340.9664000003,0,298643.89120000001,1,1,4,4
9,2,1,ok,19600,4707515.0848000003,361267.19999999995,4201056.4095999999,0,145191.47520000002,1,1,1,1
9,2,2,ok,9800,4733653.9647999993,361267.19999999995,4213707.9295999995,0,158678.83520000003,1,2,1,1
9,2,3,ok,7000,5154469.2479999997,387071.99999999994,4585823.6160000004,0,181573.63200000001,1,1,1,3
9,2,4,ok,4900,4817194.4448000016,361267.19999999995,4270273.6896000011,0,185653.5552,1,2,1,2
9,2,5,ok,4200,5269272.4479999999,387072,4673652.0959999999,0,208548.35200000001,1,1,1,5
9,2,6,ok,3500,5232885.8879999993,387071.99999999994,4623778.175999999,0,222035.71200000003,1,2,1,3
9,2,7,ok,2800,5051924.6848000009,361267.20000000001,4464541.8496000003,0,226115.63519999999,1,1,1,7
9,2,8,ok,2450,4984275.4048000006,361267.19999999995,4383405.2096000006,0,239602.9952,1,2,1,4
9,2,9,ok,3000,5907429.5039999997,414720,5196722.1119999997,0,295987.39200000005,1,1,3,3
9,2,10,ok,2100,5399966.8480000002,387072,4736909.6960000005,0,275985.152,1,2,1,5
9,2,11,ok,2100,6111908.4928000001,425779.19999999995,5382545.6255999999,0,303583.66720000003,1,1,1,11
9,2,12,ok,1750,5483507.3279999997,387071.99999999994,4793475.4559999993,0,302959.87200000003,1,2,1,6
9,2,13,ok,4900,8694605.3376000002,440294.39999999997,7422041.7231999999,0,832269.21440000006,13,1,1,1
9,2,14,ok,1400,5234896.844800001,361267.20000000001,4553102.4896000009,0,320527.15520000004,1,2,1,7
9,2,15,ok,1400,5843288.4480000008,387072,5112794.4960000003,0,343421.95200000005,1,1,1,15
9,2,16,ok,1400,5343929.2416000012,361267.19999999995,4623830.7840000009,0,358831.25760000001,1,2,2,4
9,4,1,ok,39200,9337907.4560000002,722534.39999999991,8361136.2304000007,0,254236.82560000004,1,1,1,1
9,4,2,ok,19600,9364046.3360000011,722534.39999999991,8373787.7504000003,0,267724.18560000003,1,1,1,2
9,4,3,ok,14000,10082108.16,774143.99999999988,9009556.2239999995,0,298407.93599999999,1,1,1,3
9,4,4,ok,9800,9416324.095999999,722534.39999999991,8399090.7903999984,0,294698.90560000006,1,1,2,2
9,4,5,ok,8400,10118754.560000001,774144,9019227.9039999992,0,325382.65600000002,1,1,1,5
9,4,6,ok,7000,10160524.799999999,774143.99999999988,9047510.784,0,338870.016,1,1,2,3
9,4,7,ok,5600,9541634.8159999996,722534.40000000002,8483939.4304000009,0,335160.98560000007,1,1,1,7
9,4,8,ok,4900,9583405.0560000017,722534.39999999991,8512222.3104000017,0,348648.3456,1,1,2,4
9,4,9,ok,5000,10993685.76,829440,9766488.959999999,0,397756.79999999999,1,1,3,3
9,4,10,ok,4200,10327605.760000002,774144,9160642.3040000014,0,392819.45600000006,1,1,2,5
9,4,11,ok,4200,11360366.336000001,851558.39999999991,10076706.534400001,0,432101.4016000001,1,1,1,11
9,4,12,ok,3500,10411146.239999998,774143.99999999988,9217208.0639999993,0,419794.17599999998,1,1,3,4
9,4,13,ok,9800,17311096.795200001,880588.79999999993,14782407.286399998,0,1648100.7088000001,13,1,1,1
9,4,14,ok,2800,9834026.4960000012,722534.40000000002,8681919.590400001,0,429572.50560000003,1,1,2,7
9,4,15,ok,2800,10536456.960000001,774144,9302056.7039999999,0,460256.25600000005,1,1,1,15
9,4,16,ok,2450,9917566.9760000017,722534.39999999991,8738485.3504000008,0,456547.22560000001,1,1,4,4
9,8,1,ok,78400,18649676.032000002,1445068.7999999998,16709620.940800002,0,494986.29120000004,1,1,1,1
9,8,2,ok,39200,18675814.912,1445068.7999999998,16722272.460800001,0,508473.65120000008,1,1,1,2
9,8,3,ok,28000,20085799.68,1548287.9999999998,17981157.887999997,0,556353.79200000002,1,1,1,3
9,8,4,ok,19600,18728092.672000002,1445068.7999999998,16747575.500800001,0,535448.37120000005,1,2,1,2
9,8,5,ok,16800,20106814.719999999,1548288,17975198.208000001,0,583328.5120000001,1,1,1,5
9,8,6,ok,14000,20164216.32,1548287.9999999998,18019112.447999999,0,596815.87199999997,1,2,1,3
9,8,7,ok,11200,18900297.472000003,1445068.8,16879318.220800001,0,575910.45120000001,1,1,1,7
9,8,8,ok,9800,18832648.191999998,1445068.7999999998,16798181.580799997,0,589397.81120000011,1,2,2,2
9,8,9,ok,9800,21301442.841599997,1625702.3999999999,18961685.683199998,0,714054.75840000017,1,9,1,1
9,8,10,ok,8400,20237509.120000001,1548288,18038455.807999998,0,650765.31200000003,1,2,1,5
9,8,11,ok,8400,22433204.992000002,1703116.7999999998,20014246.348800004,0,715841.8432,1,1,1,11
9,8,12,ok,7000,20321049.599999998,1548287.9999999998,18095021.568,0,677740.03200000001,1,2,2,3
9,8,13,ok,19600,34544079.7104,1761177.5999999999,29503138.412799999,0,3279763.6976000005,13,1,1,1
9,8,14,ok,5600,19083269.631999999,1445068.8,16967878.860800002,0,670321.97120000015,1,2,1,7
9,8,15,ok,5600,20680830.719999999,1548288,18414340.608000003,0,718202.11200000008,1,1,1,15
9,8,16,ok,4900,19166810.112000003,1445068.7999999998,17024444.620800003,0,697296.6912,1,2,2,4
9,16,1,ok,156800,37273213.184,2890137.5999999996,33406590.3616,0,976485.22240000009,1,1,1,1
9,16,2,ok,78400,37299352.064000003,2890137.5999999996,33419241.881600004,0,989972.58240000007,1,1,1,2
9,16,3,ok,56000,40093182.719999999,3096575.9999999995,35924361.215999998,0,1072245.504,1,1,1,3
9,16,4,ok,39200,37351629.824000001,2890137.5999999996,33444544.921600003,0,1016947.3024000002,1,2,1,2
9,16,5,ok,33600,40082935.040000007,3096576,35887138.816000007,0,1099220.2239999999,1,1,1,5
9,16,6,ok,28000,40171599.359999999,3096575.9999999995,35962315.775999993,0,1112707.584,1,2,1,3
9,16,7,ok,22400,37617622.783999994,2890137.6000000001,33670075.801600002,0,1057409.3824,1,1,1,7
9,16,8,ok,19600,37456185.344000004,2890137.5999999996,33495151.001600001,0,1070896.7424000001,1,2,2,2
9,16,9,ok,19600,42367635.7632,3251404.7999999998,37809507.686399996,0,1306723.2768000001,1,9,1,1
9,16,10,ok,16800,40213629.439999998,3096576,35950396.416000001,0,1166657.0240000002,1,2,1,5
9,16,11,ok,16800,44578882.303999998,3406233.5999999996,39889325.977600001,0,1283322.7264,1,1,1,11
9,16,12,ok,14000,40328432.640000001,3096575.9999999995,36038224.895999998,0,1193631.7439999999,1,4,1,3
9,16,13,ok,39200,69010045.540800005,3522355.1999999997,58944600.665599994,0,6543089.6752000004,13,1,1,1
9,16,14,ok,11200,37800594.944000006,2890137.6000000001,33758636.441600002,0,1151820.9024,1,2,1,7
9,16,15,ok,11200,40969578.240000002,3096576,36638908.416000001,0,1234093.824,1,1,1,15
9,16,16,ok,9800,37665296.383999996,2890137.5999999996,33596363.161599994,0,1178795.6224000002,1,4,2,2
9,32,1,ok,313600,74520287.488000005,5780275.1999999993,66800529.203200005,0,1939483.0848000001,1,1,1,1
9,32,2,ok,156800,74546426.368000001,5780275.1999999993,66813180.723200001,0,1952970.4448000002,1,1,1,2
9,32,3,ok,107800,77321124.019199997,5960908.7999999998,69146635.238399997,0,2213579.9808,1,3,1,1
9,32,4,ok,78400,74598704.128000006,5780275.1999999993,66838483.763200007,0,1979945.1648000001,1,2,1,2
9,32,5,ok,67200,80035175.679999992,6193152,71711020.03199999,0,2131003.648,1,1,1,5
9,32,6,ok,53900,77915375.539200008,5960908.7999999998,69700424.678399995,0,2254042.0608000001,1,3,1,2
9,32,7,ok,44800,75052273.408000007,5780275.2000000002,67251590.963200003,0,2020407.2448000005,1,1,1,7
9,32,8,ok,39200,74703259.648000002,5780275.1999999993,66889089.843200006,0,2033894.6048000003,1,2,2,2
9,32,9,ok,38500,83990117.951999977,6386688,75153703.103999987,0,2449726.8480000002,1,3,1,3
9,32,10,ok,33600,80165870.080000013,6193152,71774277.632000014,0,2198440.4479999999,1,2,1,5
9,32,11,ok,29400,77530235.059199989,5960908.7999999989,69247847.398399994,0,2321478.8608000004,1,11,1,1
9,32,12,ok,26950,79103878.5792,5960908.7999999998,70808003.55839999,0,2334966.2208000002,1,3,1,4
9,32,13,ok,29400,91626641.433599994,7044710.3999999994,81838365.107199997,0,2743565.9264000007,1,13,1,1
9,32,14,ok,22400,75235245.567999989,5780275.2000000002,67340151.603200004,0,2114818.7648,1,2,1,7
9,32,15,ok,22400,81547073.280000001,6193152,73088044.032000005,0,2265877.2480000001,1,1,1,15
9,32,16,ok,19600,74912370.688000008,5780275.1999999993,66990302.003200002,0,2141793.4848000002,1,4,2,2
9,64,1,ok,627200,149014436.09600002,11560550.399999999,133588406.8864,0,3865478.8096000003,1,1,1,1
9,64,2,ok,313600,149040574.97600001,11560550.399999999,133601058.40640001,0,3878966.1696000001,1,1,1,2
9,64,3,ok,215600,154563831.39840001,11921817.6,138255315.91679999,0,4386697.8816,1,3,1,1
9,64,4,ok,156800,149092852.736,11560550.399999999,133626361.4464,0,3905940.8896000003,1,2,1,2
9,64,5,ok,127400,152275421.05599999,11741184,136186416.51199999,0,4347820.5439999998,1,5,1,1
9,64,6,ok,107800,154642248.03839999,11921817.6,138293270.47679999,0,4427159.9616,1,6,1,1
9,64,7,ok,89600,149921574.65600002,11560550.4,134414621.28640002,0,3946402.9696,1,1,1,7
9,64,8,ok,78400,149197408.25600001,11560550.399999999,133676967.52640001,0,3959890.3296000003,1,2,2,2
9,64,9,ok,77000,167744985.98399997,12773376,150193542.52799997,0,4778067.4560000002,1,3,1,3
9,64,10,ok,63700,153422153.85600001,11741184,137265712.51199999,0,4415257.3440000005,1,5,1,2
9,64,11,ok,58800,154772942.4384,11921817.599999998,138356528.07679999,0,4494596.7616000008,1,11,1,1
9,64,12,ok,53900,155830751.07840002,11921817.6,139400849.35679999,0,4508084.1216000002,1,6,1,2
9,64,13,ok,49000,152484532.09600002,11741183.999999998,136287628.67200002,0,4455719.4240000006,1,13,1,1
9,64,14,ok,44800,150104546.81600001,11560550.4,134503181.92640001,0,4040814.4896000009,1,2,1,7
9,64,15,ok,44800,162702063.35999998,12386304,145986315.264,0,4329444.0960000008,1,1,1,15
9,64,16,ok,39200,149406519.296,11560550.399999999,133778179.68640001,0,4067789.2096000006,1,4,2,2
10,1,1,ok,21168,118269.8496,118269.8496,0,0,0,1,1,1,1
10,1,2,ok,10584,118269.8496,118269.8496,0,0,0,1,1,1,2
10,1,3,ok,7056,118269.84959999999,118269.84959999999,0,0,0,3,1,1,1
10,1,4,ok,5292,118269.8496,118269.8496,0,0,0,2,1,1,2
10,1,5,ok,4300,120117.81600000001,120117.81600000001,0,0,0,5,1,1,1
10,1,6,ok,3528,118269.84959999999,118269.84959999999,0,0,0,3,1,1,2
10,1,7,ok,3024,118269.8496,118269.8496,0,0,0,1,1,1,7
10,1,8,ok,2646,118269.8496,118269.8496,0,0,0,2,1,2,2
10,1,9,ok,2426,121965.7824,121965.7824,0,0,0,9,1,1,1
10,1,10,ok,2150,120117.81600000001,120117.81600000001,0,0,0,5,1,1,2
10,1,11,ok,1985,121965.7824,121965.7824,0,0,0,11,1,1,1
10,1,12,ok,1764,118269.84959999999,118269.84959999999,0,0,0,3,1,2,2
10,1,13,ok,1654,120117.81600000001,120117.81600000001,0,0,0,13,1,1,1
10,1,14,ok,1512,118269.8496,118269.8496,0,0,0,2,1,1,7
10,1,15,ok,1434,120117.81600000001,120117.81600000001,0,0,0,15,1,1,1
10,1,16,ok,1323,118269.8496,118269.8496,0,0,0,4,1,2,2
10,2,1,ok,42336,236539.6992,236539.6992,0,0,0,1,1,1,1
10,2,2,ok,21168,236539.6992,236539.6992,0,0,0,1,1,1,2
10,2,3,ok,14112,236539.69919999997,236539.69919999997,0,0,0,3,1,1,1
10,2,4,ok,10584,236539.6992,236539.6992,0,0,0,1,2,1,2
10,2,5,ok,8600,240235.63200000001,240235.63200000001,0,0,0,5,1,1,1
10,2,6,ok,7056,236539.69919999997,236539.69919999997,0,0,0,3,1,1,2
10,2,7,ok,6048,236539.6992,236539.6992,0,0,0,1,1,1,7
10,2,8,ok,5292,236539.6992,236539.6992,0,0,0,1,2,2,2
10,2,9,ok,4851,243931.56479999999,243931.56479999999,0,0,0,9,1,1,1
10,2,10,ok,4300,240235.63200000001,240235.63200000001,0,0,0,5,1,1,2
10,2,11,ok,3969,243931.56479999999,243931.56479999999,0,0,0,11,1,1,1
10,2,12,ok,3528,236539.69919999997,236539.69919999997,0,0,0,3,1,2,2
10,2,13,ok,3308,240235.63200000001,240235.63200000001,0,0,0,13,1,1,1
10,2,14,ok,3024,236539.6992,236539.6992,0,0,0,1,2,1,7
10,2,15,ok,2867,240235.63200000001,240235.63200000001,0,0,0,15,1,1,1
10,2,16,ok,2646,236539.6992,236539.6992,0,0,0,2,2,2,2
10,4,1,ok,84672,473079.39840000001,473079.39840000001,0,0,0,1,1,1,1
10,4,2,ok,42336,473079.39840000001,473079.39840000001,0,0,0,1,1,1,2
10,4,3,ok,28224,473079.39839999995,473079.39839999995,0,0,0,3,1,1,1
10,4,4,ok,21168,473079.39840000001,473079.39840000001,0,0,0,1,2,1,2
10,4,5,ok,17199,480471.26400000002,480471.26400000002,0,0,0,5,1,1,1
10,4,6,ok,14112,473079.39839999995,473079.39839999995,0,0,0,3,1,1,2
10,4,7,ok,12096,473079.39840000001,473079.39840000001,0,0,0,1,1,1,7
10,4,8,ok,10584,473079.39840000001,473079.39840000001,0,0,0,1,2,2,2
10,4,9,ok,9702,487863.12959999999,487863.12959999999,0,0,0,9,1,1,1
10,4,10,ok,8600,480471.26400000002,480471.26400000002,0,0,0,5,1,1,2
10,4,11,ok,7938,487863.12959999999,487863.12959999999,0,0,0,11,1,1,1
10,4,12,ok,7056,473079.39839999995,473079.39839999995,0,0,0,3,1,2,2
10,4,13,ok,6615,480471.26400000002,480471.26400000002,0,0,0,13,1,1,1
10,4,14,ok,6048,473079.39840000001,473079.39840000001,0,0,0,1,2,1,7
10,4,15,ok,5733,480471.26400000002,480471.26400000002,0,0,0,15,1,1,1
10,4,16,ok,5292,473079.39840000001,473079.39840000001,0,0,0,2,2,2,2
10,8,1,ok,169344,946158.79680000001,946158.79680000001,0,0,0,1,1,1,1
10,8,2,ok,84672,946158.79680000001,946158.79680000001,0,0,0,1,1,1,2
10,8,3,ok,56448,946158.79679999989,946158.79679999989,0,0,0,3,1,1,1
10,8,4,ok,42336,946158.79680000001,946158.79680000001,0,0,0,1,2,1,2
10,8,5,ok,34398,960942.52800000005,960942.52800000005,0,0,0,5,1,1,1
10,8,6,ok,28224,946158.79679999989,946158.79679999989,0,0,0,3,1,1,2
10,8,7,ok,24192,946158.79680000001,946158.79680000001,0,0,0,1,1,1,7
10,8,8,ok,21168,946158.79680000001,946158.79680000001,0,0,0,1,2,2,2
10,8,9,ok,19404,975726.25919999997,975726.25919999997,0,0,0,9,1,1,1
10,8,10,ok,17199,960942.52800000005,960942.52800000005,0,0,0,5,1,1,2
10,8,11,ok,15876,975726.25919999997,975726.25919999997,0,0,0,11,1,1,1
10,8,12,ok,14112,946158.79679999989,946158.79679999989,0,0,0,3,1,2,2
10,8,13,ok,13230,960942.52800000005,960942.52800000005,0,0,0,13,1,1,1
10,8,14,ok,12096,946158.79680000001,946158.79680000001,0,0,0,1,2,1,7
10,8,15,ok,11466,960942.52800000005,960942.52800000005,0,0,0,15,1,1,1
10,8,16,ok,10584,946158.79680000001,946158.79680000001,0,0,0,2,2,2,2
10,16,1,ok,338688,1892317.5936,1892317.5936,0,0,0,1,1,1,1
10,16,2,ok,169344,1892317.5936,1892317.5936,0,0,0,1,1,1,2
10,16,3,ok,112896,1892317.5935999998,1892317.5935999998,0,0,0,3,1,1,1
10,16,4,ok,84672,1892317.5936,1892317.5936,0,0,0,1,2,1,2
10,16,5,ok,68796,1921885.0560000001,1921885.0560000001,0,0,0,5,1,1,1
10,16,6,ok,56448,1892317.5935999998,1892317.5935999998,0,0,0,3,1,1,2
10,16,7,ok,48384,1892317.5936,1892317.5936,0,0,0,1,1,1,7
10,16,8,ok,42336,1892317.5936,1892317.5936,0,0,0,1,2,2,2
10,16,9,ok,38808,1951452.5183999999,1951452.5183999999,0,0,0,9,1,1,1
10,16,10,ok,34398,1921885.0560000001,1921885.0560000001,0,0,0,5,1,1,2
10,16,11,ok,31752,1951452.5183999999,1951452.5183999999,0,0,0,11,1,1,1
10,16,12,ok,28224,1892317.5935999998,1892317.5935999998,0,0,0,3,1,2,2
10,16,13,ok,26460,1921885.0560000001,1921885.0560000001,0,0,0,13,1,1,1
10,16,14,ok,24192,1892317.5936,1892317.5936,0,0,0,1,2,1,7
10,16,15,ok,22932,1921885.0560000001,1921885.0560000001,0,0,0,15,1,1,1
10,16,16,ok,21168,1892317.5936,1892317.5936,0,0,0,2,2,2,2
10,32,1,ok,677376,3784635.1872,3784635.1872,0,0,0,1,1,1,1
10,32,2,ok,338688,3784635.1872,3784635.1872,0,0,0,1,1,1,2
10,32,3,ok,225792,3784635.1871999996,3784635.1871999996,0,0,0,3,1,1,1
10,32,4,ok,169344,3784635.1872,3784635.1872,0,0,0,1,2,1,2
10,32,5,ok,137592,3843770.1120000002,3843770.1120000002,0,0,0,5,1,1,1
10,32,6,ok,112896,3784635.1871999996,3784635.1871999996,0,0,0,3,1,1,2
10,32,7,ok,96768,3784635.1872,3784635.1872,0,0,0,1,1,1,7
10,32,8,ok,84672,3784635.1872,3784635.1872,0,0,0,1,2,2,2
10,32,9,ok,77616,3902905.0367999999,3902905.0367999999,0,0,0,3,3,1,1
10,32,10,ok,68796,3843770.1120000002,3843770.1120000002,0,0,0,5,1,1,2
10,32,11,ok,63504,3902905.0367999999,3902905.0367999999,0,0,0,1,11,1,1
10,32,12,ok,56448,3784635.1871999996,3784635.1871999996,0,0,0,3,1,2,2
10,32,13,ok,52920,3843770.1120000002,3843770.1120000002,0,0,0,13,1,1,1
10,32,14,ok,48384,3784635.1872,3784635.1872,0,0,0,1,2,1,7
10,32,15,ok,45864,3843770.1120000002,3843770.1120000002,0,0,0,15,1,1,1
10,32,16,ok,42336,3784635.1872,3784635.1872,0,0,0,2,2,2,2
10,64,1,ok,1354752,7569270.3744000001,7569270.3744000001,0,0,0,1,1,1,1
10,64,2,ok,677376,7569270.3744000001,7569270.3744000001,0,0,0,1,1,1,2
10,64,3,ok,451584,7569270.3743999992,7569270.3743999992,0,0,0,3,1,1,1
10,64,4,ok,338688,7569270.3744000001,7569270.3744000001,0,0,0,1,2,1,2
10,64,5,ok,275184,7687540.2240000004,7687540.2240000004,0,0,0,1,5,1,1
10,64,6,ok,225792,7569270.3743999992,7569270.3743999992,0,0,0,3,1,1,2
10,64,7,ok,193536,7569270.3744000001,7569270.3744000001,0,0,0,1,1,1,7
10,64,8,ok,169344,7569270.3744000001,7569270.3744000001,0,0,0,1,2,2,2
10,64,9,ok,155232,7805810.0735999998,7805810.0735999998,0,0,0,3,3,1,1
10,64,10,ok,137592,7687540.2240000004,7687540.2240000004,0,0,0,1,5,1,2
10,64,11,ok,127008,7805810.0735999998,7805810.0735999998,0,0,0,1,11,1,1
10,64,12,ok,112896,7569270.3743999992,7569270.3743999992,0,0,0,3,1,2,2
10,64,13,ok,105840,7687540.2240000004,7687540.2240000004,0,0,0,1,13,1,1
10,64,14,ok,96768,7569270.3744000001,7569270.3744000001,0,0,0,1,2,1,7
10,64,15,ok,91728,7687540.2240000004,7687540.2240000004,0,0,0,3,5,1,1
10,64,16,ok,84672,7569270.3744000001,7569270.3744000001,0,0,0,2,2,2,2
11,1,1,ok,4704,1430763.4944,86704.127999999997,1132004.3263999999,0,212055.04000000001,1,1,1,1
11,1,2,ok,2352,1443310.1568000002,86704.127999999997,1138077.0560000001,0,218528.97280000002,1,1,2,1
11,1,3,ok,1680,1563589.2096000002,92897.279999999999,1231004.6592000001,0,239687.27040000001,1,1,3,1
11,1,4,ok,1176,1483409.5872,86704.127999999997,1165228.6207999999,0,231476.83840000001,1,1,4,1
11,1,5,ok,1008,1603688.6400000001,92897.279999999999,1258156.2239999999,0,252635.13600000003,1,1,5,1
11,1,6,ok,840,1623738.3551999996,92897.279999999999,1271732.0063999998,0,259109.06880000001,1,1,6,1
11,1,7,ok,672,1543558.7327999999,86704.127999999982,1205955.9679999999,0,250898.63680000001,1,1,1,7
11,1,8,ok,588,1630860.3648000001,86704.127999999997,1286783.6672,0,257372.56960000002,1,1,2,4
11,1,9,ok,600,1870348.6655999999,99532.799999999988,1476551.7504,0,294264.11520000006,1,1,3,3
11,1,10,ok,504,1703937.216,92897.279999999999,1326035.1359999997,0,285004.80000000005,1,1,10,1
11,1,11,ok,504,1874330.9375999998,102187.00799999999,1458638.6495999997,0,313505.28000000003,1,1,11,1
11,1,12,ok,420,1781183.1168,92897.279999999999,1390333.1712,0,297952.66560000001,1,1,3,4
11,1,13,ok,1176,4671517.3128000004,105670.656,2438764.5671999999,0,2127082.0896000005,13,1,1,1
11,1,14,ok,336,1683906.7392000002,86704.127999999982,1300986.4447999999,0,296216.16640000005,1,1,2,7
11,1,15,ok,336,1804185.7920000001,92897.279999999984,1393914.048,0,317374.46400000004,1,1,15,1
11,1,16,ok,294,1709803.392,86704.127999999997,1313935.2320000001,0,309164.03200000001,1,1,4,4
11,2,1,ok,9408,2848980.3264000001,173408.25599999999,2257935.9232000001,0,417636.14720000001,1,1,1,1
11,2,2,ok,4704,2861526.9887999999,173408.25599999999,2264008.6527999998,0,424110.08000000002,1,1,2,1
11,2,3,ok,3360,3089538.432,185794.56,2443791.1295999996,0,459952.74239999999,1,1,3,1
11,2,4,ok,2352,2886620.3136000005,173408.25599999999,2276154.1120000002,0,437057.94560000004,1,2,2,1
11,2,5,ok,2016,3144643.9679999999,185794.56,2485948.7999999998,0,472900.60800000007,1,1,5,1
11,2,6,ok,1680,3127178.4192000004,185794.56,2462009.3184000002,0,479374.54080000002,1,2,3,1
11,2,7,ok,1344,2999290.8287999998,173408.25599999996,2369402.8287999998,0,456479.74400000006,1,1,1,7
11,2,8,ok,1176,2966819.1743999999,173408.25599999999,2330457.2415999998,0,462953.67680000002,1,2,4,1
11,2,9,ok,1200,3668768.2944,199065.59999999998,2939439.8591999998,0,530262.83520000009,1,1,3,3
11,2,10,ok,1008,3207377.2800000003,185794.56,2516312.4479999999,0,505270.27200000006,1,2,5,1
11,2,11,ok,1008,3610648.5888,204374.01599999997,2850477.2736,0,555797.29920000001,1,1,11,1
11,2,12,ok,840,3247476.7103999993,185794.56,2543464.0127999997,0,518218.13760000002,1,2,6,1
11,2,13,ok,2352,9327743.3808000013,211341.31200000001,4870127.9951999998,0,4246274.0735999998,13,1,1,1
11,2,14,ok,672,3087117.4655999998,173408.25599999996,2411911.9359999998,0,501797.27360000001,1,2,1,7
11,2,15,ok,672,3420171.6479999996,185794.55999999997,2696737.1519999998,0,537639.93599999999,1,1,15,1
11,2,16,ok,588,3261720.7296000002,173408.25599999999,2573567.3344000001,0,514745.13920000003,1,2,2,4
11,4,1,ok,18816,5662904.8320000004,346816.51199999999,4487289.9583999999,0,828798.36160000006,1,1,1,1
11,4,2,ok,9408,5682954.5471999999,346816.51199999999,4500865.7407999998,0,835272.29440000001,1,1,1,2
11,4,3,ok,6720,6096418.5600000005,371589.12,4824345.7536000004,0,900483.68640000012,1,1,1,3
11,4,4,ok,4704,5723053.9775999999,346816.51199999999,4528017.3055999996,0,848220.16000000003,1,2,2,1
11,4,5,ok,4032,6114008.8320000004,371589.12,4828988.1600000001,0,913431.55200000014,1,1,1,5
11,4,6,ok,3360,6134058.5471999999,371589.12,4842563.9424000001,0,919905.48479999998,1,1,2,3
11,4,7,ok,2688,5753190.9119999995,346816.51199999993,4538732.4415999996,0,867641.95840000012,1,1,1,7
11,4,8,ok,2352,5773240.6272000009,346816.51199999999,4552308.2240000004,0,874115.89120000007,1,4,2,1
11,4,9,ok,2400,6623761.9968000008,398131.19999999995,5223370.5215999996,0,1002260.2752000001,1,1,3,3
11,4,10,ok,2016,6214257.4079999998,371589.12,4896867.0719999997,0,945801.21600000013,1,1,2,5
11,4,11,ok,2016,6835683.1488000005,408748.03199999995,5386553.7791999998,0,1040381.3376000002,1,1,1,11
11,4,12,ok,1680,6254356.8384000007,371589.12,4924018.6368000004,0,958749.08160000003,1,4,3,1
11,4,13,ok,4704,18612762.48,422682.62400000001,9705421.8144000005,0,8484658.0416000001,13,1,1,1
11,4,14,ok,1344,5893538.9184000008,346816.51199999993,4633762.9184000008,0,912959.48800000013,1,1,2,7
11,4,15,ok,1344,6314505.9840000002,371589.11999999994,4964745.9840000002,0,978170.88000000012,1,1,1,15
11,4,16,ok,1176,5933638.3487999998,346816.51199999999,4660914.4831999997,0,925907.35360000003,1,4,4,1
11,8,1,ok,37632,11313263.001600001,693633.02399999998,8968507.1872000005,0,1651122.7904000001,1,1,1,1
11,8,2,ok,18816,11325809.664000001,693633.02399999998,8974579.9167999998,0,1657596.7232000001,1,2,1,1
11,8,3,ok,13440,12155197.132800002,743178.23999999999,9630473.3183999993,0,1781545.5744,1,1,1,3
11,8,4,ok,9408,11365909.0944,693633.02399999998,9001731.4815999996,0,1670544.5888,1,2,1,2
11,8,5,ok,8064,12165284.352,743178.23999999999,9627612.6719999984,0,1794493.4400000002,1,1,1,5
11,8,6,ok,6720,12192837.120000001,743178.23999999999,9648691.5072000008,0,1800967.3728000002,1,2,1,3
11,8,7,ok,5376,11418555.187200001,693633.02399999986,9034955.7760000005,0,1689966.3872000002,1,1,1,7
11,8,8,ok,4704,11446107.9552,693633.02399999998,9056034.6111999992,0,1696440.3200000001,1,2,2,2
11,8,9,ok,4704,12876871.4496,780337.152,10188038.9376,0,1908495.3600000001,1,9,1,1
11,8,10,ok,4032,12228017.664000001,743178.23999999999,9657976.3200000003,0,1826863.1040000003,1,2,1,5
11,8,11,ok,4032,13533353.0112,817496.0639999999,10706307.5328,0,2009549.4144000001,1,1,1,11
11,8,12,ok,3360,12268117.0944,743178.23999999999,9685127.8848000001,0,1839810.9696,1,2,2,3
11,8,13,ok,9408,37210233.7152,845365.24800000002,19403442.489599999,0,16961425.977600001,13,1,1,1
11,8,14,ok,2688,11506381.823999999,693633.02399999986,9077464.8831999991,0,1735283.9168000002,1,2,1,7
11,8,15,ok,2688,12440812.032000002,743178.23999999987,9838401.0240000021,0,1859232.7680000004,1,1,1,15
11,8,16,ok,2352,11546481.254400002,693633.02399999998,9104616.4480000008,0,1748231.7824000001,1,2,2,4
11,16,1,ok,75264,22613979.340800002,1387266.048,17930941.6448,0,3295771.648,1,1,1,1
11,16,2,ok,37632,22626526.003200002,1387266.048,17937014.374400001,0,3302245.5808000001,1,2,1,1
11,16,3,ok,26880,24272754.2784,1486356.48,19242728.447999999,0,3543669.3503999999,1,1,1,3
11,16,4,ok,18816,22651619.328000002,1387266.048,17949159.8336,0,3315193.4464000002,1,4,1,1
11,16,5,ok,16128,24267835.391999997,1486356.48,19224861.695999995,0,3556617.2160000005,1,1,1,5
11,16,6,ok,13440,24310394.265600003,1486356.48,19260946.636799999,0,3563091.1488000001,1,2,1,3
11,16,7,ok,10752,22749283.737599999,1387266.0479999997,18027402.444800001,0,3334615.2448000005,1,1,1,7
11,16,8,ok,9408,22731818.1888,1387266.048,18003462.963199999,0,3341089.1776000001,1,4,1,2
11,16,9,ok,9408,25640822.937600002,1560674.304,20321423.308800001,0,3758725.3248000001,1,9,1,1
11,16,10,ok,8064,24330568.704,1486356.48,19255225.343999997,0,3588986.8800000004,1,2,1,5
11,16,11,ok,8064,26928692.736000001,1634992.1279999998,21345815.040000003,0,3947885.5680000004,1,1,1,11
11,16,12,ok,6720,24385674.240000002,1486356.48,19297383.014400002,0,3601934.7456000005,1,4,1,3
11,16,13,ok,18816,74405176.185599998,1690730.496,38799483.839999996,0,33914961.849600002,13,1,1,1
11,16,14,ok,5376,22837110.374400001,1387266.0479999997,18069911.552000001,0,3379932.7744000005,1,2,1,7
11,16,15,ok,5376,24693424.127999999,1486356.4799999997,19585711.103999998,0,3621356.5440000002,1,1,1,15
11,16,16,ok,4704,22892215.910399999,1387266.048,18112069.222399998,0,3392880.6400000001,1,4,2,2
11,32,1,ok,150528,45215412.019199997,2774532.0959999999,35855810.559999995,0,6585069.3632000005,1,1,1,1
11,32,2,ok,75264,45227958.681600004,2774532.0959999999,35861883.2896,0,6591543.2960000001,1,2,1,1
11,32,3,ok,51744,46785504.844800003,2861236.2239999999,37120670.2848,0,6803598.3360000011,1,3,1,1
11,32,4,ok,37632,45253052.006400004,2774532.0959999999,35874028.748800002,0,6604491.1616000002,1,4,1,1
11,32,5,ok,32256,48472937.472000003,2972712.96,38419359.743999995,0,7080864.7680000011,1,1,1,5
11,32,6,ok,25872,46876435.430399999,2861236.2239999999,37192179.071999997,0,6823020.1344000008,1,3,2,1
11,32,7,ok,21504,45410740.838400006,2774532.0959999994,36012295.782400005,0,6623912.9600000009,1,1,1,7
11,32,8,ok,18816,45303238.656000003,2774532.0959999999,35898319.667199999,0,6630386.8928000005,1,8,1,1
11,32,9,ok,18480,50469244.300800003,3065610.2399999998,40076608.089600004,0,7327025.9712000005,1,3,3,1
11,32,10,ok,16128,48535670.783999994,2972712.96,38449723.39199999,0,7113234.432000001,1,2,1,5
11,32,11,ok,14112,46939168.742399998,2861236.2239999999,37222542.720000006,0,6855389.7984000007,1,11,1,1
11,32,12,ok,12936,47446916.889599994,2861236.2239999999,37723816.9344,0,6861863.7312000012,1,3,4,1
11,32,13,ok,14112,55473563.059200004,3381460.9920000001,43990277.760000005,0,8101824.3072000016,1,13,1,1
11,32,14,ok,10752,45498567.475199997,2774532.0959999994,36054804.889600001,0,6669230.4896000009,1,2,1,7
11,32,15,ok,10752,49198648.32,2972712.9599999995,39080331.263999999,0,7145604.0960000008,1,1,1,15
11,32,16,ok,9408,45463636.377599999,2774532.0959999999,36006925.926399998,0,6682178.3552000001,1,8,1,2
11,64,1,ok,301056,90418277.376000017,5549064.1919999998,71705548.390400007,0,13163664.7936,1,1,1,1
11,64,2,ok,150528,90430824.038399994,5549064.1919999998,71711621.11999999,0,13170138.726400001,1,2,1,1
11,64,3,ok,103488,93478715.136000007,5722472.4479999999,74168467.814400002,0,13587774.873600002,1,3,1,1
11,64,4,ok,75264,90455917.363200009,5549064.1919999998,71723766.5792,0,13183086.592,1,4,1,1
11,64,5,ok,61152,92125299.071999997,5635768.3199999994,73094389.11999999,0,13395141.632000001,1,5,1,1
11,64,6,ok,51744,93571009.689600006,5722472.4479999999,74241340.569600001,0,13607196.672000002,1,6,1,1
11,64,7,ok,43008,90733655.040000007,5549064.1919999989,71982082.457599998,0,13202508.390400002,1,1,1,7
11,64,8,ok,37632,90506104.012800008,5549064.1919999998,71748057.497600004,0,13208982.3232,1,8,1,1
11,64,9,ok,36960,100825568.63999999,6131220.4799999995,80098561.612799987,0,14595786.547200002,1,3,3,1
11,64,10,ok,30576,92309560.703999996,5635768.3199999994,73246281.087999985,0,13427511.296,1,5,2,1
11,64,11,ok,28224,93724833.945600018,5722472.4479999999,74362795.161600009,0,13639566.336000001,1,11,1,1
11,64,12,ok,25872,93752870.860799998,5722472.4479999999,74384358.143999994,0,13646040.268800002,1,6,2,1
11,64,13,ok,23520,92347200.691199988,5635768.3199999994,73264499.276799992,0,13446933.094400002,1,13,1,1
11,64,14,ok,21504,90821481.676800013,5549064.1919999989,72024591.564800009,0,13247825.920000002,1,2,1,7
11,64,15,ok,21504,98209096.704000011,5945425.919999999,78069571.584000006,0,14194099.200000003,1,1,1,15
11,64,16,ok,18816,90606477.312000006,5549064.1919999998,71796639.334399998,0,13260773.785600001,1,16,1,1
12,1,1,ok,25088,6602587.2384000001,462422.01599999995,5706276.7615999999,0,433888.4608,1,1,1,1
12,1,2,ok,12544,6669502.7711999994,462422.01599999995,5738664.6527999993,0,468416.10240000009,1,1,2,1
12,1,3,ok,8960,7237551.6671999991,495452.16000000003,6210629.9903999995,0,531469.51679999998,1,1,3,1
12,1,4,ok,6272,6883366.3999999994,462422.01599999995,5883472.9983999999,0,537471.38560000004,1,1,4,1
12,1,5,ok,5376,7442358.0159999998,495452.15999999992,6346381.0559999999,0,600524.80000000005,1,1,1,5
12,1,6,ok,4480,7504990.7712000003,495452.16000000003,6374486.1695999997,0,635052.44160000002,1,1,2,3
12,1,7,ok,3584,7022315.4176000003,462422.016,5918839.0911999997,0,641054.31040000007,1,1,1,7
12,1,8,ok,3136,7074944.1024000002,462422.01599999995,5936940.1343999999,0,675581.95200000005,1,1,2,4
12,1,9,ok,3200,8112080.5632000007,530841.59999999998,6812040.2687999997,0,769198.69440000004,1,1,3,3
12,1,10,ok,2688,7655481.0879999995,495452.15999999992,6386865.9199999999,0,773163.00800000015,1,1,2,5
12,1,11,ok,2688,8421029.1967999991,544997.37599999993,7025552.5119999992,0,850479.30880000012,1,1,1,11
12,1,12,ok,2240,7760738.4575999994,495452.16000000003,6423068.0063999984,0,842218.29120000009,1,1,3,4
12,1,13,ok,3136,10792540.823999999,469647.35999999993,7347748.2415999994,0,2975145.2224000003,13,1,1,1
12,1,14,ok,1792,7390716.2111999998,462422.016,6045546.3935999991,0,882747.80160000012,1,1,2,7
12,1,15,ok,1792,7918624.5119999992,495452.16000000003,6477371.135999999,0,945801.21600000013,1,1,1,15
12,1,16,ok,1568,7495973.5807999996,462422.01599999995,6081748.4799999995,0,951803.08480000007,1,1,4,4
12,2,1,ok,50176,13138258.943999998,924844.03199999989,11380165.631999999,0,833249.28000000003,1,1,1,1
12,2,2,ok,25088,13205174.4768,924844.03199999989,11412553.5232,0,867776.9216,1,1,2,1
12,2,3,ok,17920,14274356.736000001,990904.32000000007,12324096.3072,0,959356.10879999993,1,1,3,1
12,2,4,ok,12544,13339005.542399999,924844.03199999989,11477329.305599999,0,936832.20480000018,1,2,2,1
12,2,5,ok,10752,14568252.928000001,990904.31999999983,12548937.216,0,1028411.392,1,1,5,1
12,2,6,ok,8960,14475103.334399998,990904.32000000007,12421259.980799999,0,1062939.0336,1,2,3,1
12,2,7,ok,7168,13746258.534399997,924844.03200000001,11780999.372799998,0,1040415.1296000002,1,1,1,7
12,2,8,ok,6272,13766732.799999999,924844.03199999989,11766945.9968,0,1074942.7712000001,1,2,4,1
12,2,9,ok,6400,15840539.596799999,1061683.2,13551207.782399999,0,1227648.6144000001,1,1,3,3
12,2,10,ok,5376,14884716.032,990904.31999999983,12692762.112,0,1201049.6000000001,1,2,1,5
12,2,11,ok,5376,16373187.635199999,1089994.7519999999,13962038.3232,0,1321154.5600000003,1,1,1,11
12,2,12,ok,4480,15009981.542400001,990904.32000000007,12748972.339199999,0,1270104.8832,1,2,2,3
12,2,13,ok,6272,21517120.559999999,939294.71999999986,14662602.531199999,0,5915223.3088000007,13,1,1,1
12,2,14,ok,3584,14044630.835200001,924844.03200000001,11837678.182399999,0,1282108.6208000001,1,2,1,7
12,2,15,ok,3584,15197879.808000002,990904.32000000007,12833287.68,0,1373687.8080000002,1,1,1,15
12,2,16,ok,3136,14149888.2048,924844.03199999989,11873880.2688,0,1351163.9040000001,1,2,2,4
12,4,1,ok,100352,26169586.073600002,1849688.0639999998,22687927.091200002,0,1631970.9184000001,1,1,1,1
12,4,2,ok,50176,26276517.887999997,1849688.0639999998,22760331.263999999,0,1666498.5600000001,1,1,1,2
12,4,3,ok,35840,28227918.028800003,1981808.6400000001,24430980.096000001,0,1815129.2927999999,1,1,1,3
12,4,4,ok,25088,26410348.953600001,1849688.0639999998,22825107.046399999,0,1735553.8432,1,2,2,1
12,4,5,ok,21504,28401765.375999998,1981808.6399999997,24535772.16,0,1884184.5760000004,1,1,1,5
12,4,6,ok,17920,28548713.472000003,1981808.6400000001,24648192.614399999,0,1918712.2175999999,1,2,3,1
12,4,7,ok,14336,26571079.270399999,1849688.064,22882254.438399997,0,1839136.7680000002,1,1,1,7
12,4,8,ok,12544,26678011.084799998,1849688.0639999998,22954658.611199997,0,1873664.4096000004,1,4,2,1
12,4,9,ok,12800,30605627.289599996,2123366.3999999999,26337712.435199998,0,2144548.4544000002,1,1,3,3
12,4,10,ok,10752,28736343.039999999,1981808.6399999997,24697711.615999997,0,2056822.784,1,1,2,5
12,4,11,ok,10752,31609977.344000001,2179989.5039999997,27167482.777599998,0,2262505.0624000002,1,1,1,11
12,4,12,ok,8960,28950206.668799996,1981808.6400000001,24842519.961599998,0,2125878.0671999999,1,4,3,1
12,4,13,ok,12544,42925638.496000007,1878589.4399999997,29251669.574400004,0,11795379.481600001,13,1,1,1
12,4,14,ok,7168,27319601.971199997,1849688.064,23389083.647999994,0,2080830.2592000004,1,1,2,7
12,4,15,ok,7168,29271002.111999996,1981808.6400000001,25059732.479999997,0,2229460.9920000006,1,1,1,15
12,4,16,ok,6272,27533465.599999998,1849688.0639999998,23533891.9936,0,2149885.5424000002,1,4,4,1
12,8,1,ok,200704,52272256.614399992,3699376.1279999996,45343466.291199997,0,3229414.1952,1,1,1,1
12,8,2,ok,100352,52339172.147200003,3699376.1279999996,45375854.182400003,0,3263941.8368000002,1,2,1,1
12,8,3,ok,71680,56255089.45920001,3963617.2800000003,48764796.518399999,0,3526675.6608000007,1,1,1,3
12,8,4,ok,50176,52553035.775999993,3699376.1279999996,45520662.527999997,0,3332997.1200000001,1,2,1,2
12,8,5,ok,43008,56468953.088,3963617.2799999993,48909604.864,0,3595730.9440000006,1,1,1,5
12,8,6,ok,35840,56455836.057600006,3963617.2800000003,48861960.192000002,0,3630258.5855999999,1,2,1,3
12,8,7,ok,28672,52673749.811199993,3699376.128,45537793.638399988,0,3436580.0448000003,1,1,1,7
12,8,8,ok,25088,52820697.907200001,3699376.1279999996,45650214.092799999,0,3471107.6864,1,2,2,2
12,8,9,ok,25088,59423285.145599999,4161798.1439999994,51356490.854400001,0,3904996.1472,1,9,1,1
12,8,10,ok,21504,56803530.751999997,3963617.2799999993,49071544.32,0,3768369.1520000007,1,2,1,5
12,8,11,ok,21504,62483883.827199996,4359979.0079999994,53978698.752000004,0,4145206.0672000004,1,1,1,11
12,8,12,ok,17920,57097426.944000006,3963617.2800000003,49296385.228799999,0,3837424.4351999997,1,4,3,1
12,8,13,ok,25088,85783315.903999984,3757178.8799999994,58470445.196799994,0,23555691.827200003,13,1,1,1
12,8,14,ok,14336,53142158.540799998,3699376.128,45764508.876799993,0,3678273.5360000003,1,2,1,7
12,8,15,ok,14336,57538271.232000001,3963617.2800000003,49633646.592,0,3941007.3600000003,1,1,1,15
12,8,16,ok,12544,53356022.169599995,3699376.1279999996,45909317.222399995,0,3747328.8192000007,1,2,2,4
12,16,1,ok,401408,104477597.69599999,7398752.2559999991,90654544.691200003,0,6424300.7488000002,1,1,1,1
12,16,2,ok,200704,104544513.22879998,7398752.2559999991,90686932.582399994,0,6458828.3903999999,1,2,1,1
12,16,3,ok,143360,112309432.31999999,7927234.5600000005,97432429.363199979,0,6949768.3967999993,1,1,1,3
12,16,4,ok,100352,104678344.29440001,7398752.2559999991,90751708.364800006,0,6527883.6736000003,1,4,1,1
12,16,5,ok,86016,112603328.51200001,7927234.5599999987,97657270.272,0,7018823.6799999997,1,1,1,5
12,16,6,ok,71680,112510178.91840002,7927234.5600000005,97529593.036799997,0,7053351.3216000013,1,2,1,3
12,16,7,ok,57344,104879090.89279999,7398752.2560000001,90848872.038399994,0,6631466.5984000014,1,1,1,7
12,16,8,ok,50176,105106071.55199999,7398752.2559999991,91041325.055999994,0,6665994.2400000002,1,2,2,2
12,16,9,ok,50176,118244330.49599999,8323596.2879999988,102421490.68799999,0,7499243.5200000005,1,9,1,1
12,16,10,ok,43008,112937906.176,7927234.5599999987,97819209.728,0,7191461.8880000012,1,2,1,5
12,16,11,ok,43008,124231696.79359999,8719958.0159999989,107601130.7008,0,7910608.0768000018,1,1,1,11
12,16,12,ok,35840,112911672.11520001,7927234.5600000005,97723920.384000003,0,7260517.1711999997,1,4,1,3
12,16,13,ok,50176,171498670.72000003,7514357.7599999988,116907996.44160001,0,47076316.518400006,13,1,1,1
12,16,14,ok,28672,105347499.62239999,7398752.2560000001,91075587.276799977,0,6873160.0896000005,1,2,1,7
12,16,15,ok,28672,114072809.472,7927234.5600000005,98781474.815999985,0,7364100.0960000008,1,1,1,15
12,16,16,ok,25088,105641395.8144,7398752.2559999991,91300428.185599998,0,6942215.3728,1,4,2,2
12,32,1,ok,802816,208888279.8592,14797504.511999998,181276701.4912,0,12814073.856000001,1,1,1,1
12,32,2,ok,401408,208955195.39199999,14797504.511999998,181309089.38240001,0,12848601.4976,1,2,1,1
12,32,3,ok,275968,215877912.88319999,15259926.528000001,187335496.39679998,0,13282489.9584,1,3,1,1
12,32,4,ok,200704,209089026.45759997,14797504.511999998,181373865.16479999,0,12917656.7808,1,4,1,1
12,32,5,ok,172032,224872079.35999995,15854469.119999997,195152601.08799997,0,13865009.152000003,1,1,1,5
12,32,6,ok,137984,216078659.48159999,15259926.528000001,187432660.0704,0,13386072.883200003,1,3,2,1
12,32,7,ok,114688,209289773.05599999,14797504.512,181471028.83840001,0,13021239.705600001,1,1,1,7
12,32,8,ok,100352,209356688.58880001,14797504.511999998,181503416.72960001,0,13055767.347200001,1,8,1,1
12,32,9,ok,98560,232816807.06560001,16349921.279999999,202035879.4752,0,14431006.3104,1,3,3,1
12,32,10,ok,86016,225206657.02400002,15854469.119999997,195314540.544,0,14037647.359999999,1,2,1,5
12,32,11,ok,75264,216413237.14559999,15259926.527999999,187594599.5264,0,13558711.091200002,1,11,1,1
12,32,12,ok,68992,219121227.26399994,15259926.528000001,190268062.00319996,0,13593238.732800001,1,3,4,1
12,32,13,ok,75264,255761098.44479999,18034458.623999998,221702708.53119999,0,16023931.2896,1,13,1,1
12,32,14,ok,57344,209758181.78559998,14797504.512,181697744.07679999,0,13262933.196800003,1,2,1,7
12,32,15,ok,57344,227141885.95199999,15854469.120000001,197077131.264,0,14210285.568000002,1,1,1,15
12,32,16,ok,50176,210212143.10399997,14797504.511999998,182082650.11199999,0,13331988.48,1,4,2,2
12,64,1,ok,1605632,417709644.18559998,29595009.023999996,362521015.09119999,0,25593620.0704,1,1,1,1
12,64,2,ok,802816,417776559.7184,29595009.023999996,362553402.9824,0,25628147.712000001,1,2,1,1
12,64,3,ok,551936,431555079.1680001,30519853.056000002,374573829.12,0,26461396.992000002,1,3,1,1
12,64,4,ok,401408,417910390.78399998,29595009.023999996,362618178.76480001,0,25697202.995200001,1,4,1,1
12,64,5,ok,326144,425153238.528,30057431.039999999,368964716.03199995,0,26131091.456000004,1,5,1,1
12,64,6,ok,275968,431755825.76639998,30519853.056000002,374670992.79359996,0,26564979.9168,1,3,2,1
12,64,7,ok,229376,418111137.38239998,29595009.024,362715342.43839997,0,25800785.920000002,1,1,1,7
12,64,8,ok,200704,418178052.91519994,29595009.023999996,362747730.32959998,0,25835313.5616,1,8,1,1
12,64,9,ok,197120,465031374.33599997,32699842.559999999,403780267.92959994,0,28551263.8464,1,3,3,1
12,64,10,ok,163072,425487816.19199997,30057431.039999999,369126655.48799998,0,26303729.664000005,1,5,2,1
12,64,11,ok,150528,432090403.43040001,30519853.055999998,374832932.24959999,0,26737618.124800004,1,11,1,1
12,64,12,ok,137984,432157318.96319997,30519853.056000002,374865320.1408,0,26772145.766400006,1,6,2,1
12,64,13,ok,125440,425688562.79039991,30057431.039999995,369223819.16159993,0,26407312.588800002,1,13,1,1
12,64,14,ok,114688,418579546.11199999,29595009.024,362942057.67680001,0,26042479.411200002,1,2,1,7
12,64,15,ok,114688,453280038.91200006,31708938.240000002,393668444.16000003,0,27902656.512000002,1,1,1,15
12,64,16,ok,100352,418713377.17760003,29595009.023999996,363006833.45920002,0,26111534.694400001,1,16,1,1
13,1,1,ok,25088,6602587.2384000001,462422.01599999995,5706276.7615999999,0,433888.4608,1,1,1,1
13,1,2,ok,12544,6669502.7711999994,462422.01599999995,5738664.6527999993,0,468416.10240000009,1,1,2,1
13,1,3,ok,8960,7237551.6671999991,495452.16000000003,6210629.9903999995,0,531469.51679999998,1,1,3,1
13,1,4,ok,6272,6883366.3999999994,462422.01599999995,5883472.9983999999,0,537471.38560000004,1,1,4,1
13,1,5,ok,5376,7442358.0159999998,495452.15999999992,6346381.0559999999,0,600524.80000000005,1,1,1,5
13,1,6,ok,4480,7504990.7712000003,495452.16000000003,6374486.1695999997,0,635052.44160000002,1,1,2,3
13,1,7,ok,3584,7022315.4176000003,462422.016,5918839.0911999997,0,641054.31040000007,1,1,1,7
13,1,8,ok,3136,7074944.1024000002,462422.01599999995,5936940.1343999999,0,675581.95200000005,1,1,2,4
13,1,9,ok,3200,8112080.5632000007,530841.59999999998,6812040.2687999997,0,769198.69440000004,1,1,3,3
13,1,10,ok,2688,7655481.0879999995,495452.15999999992,6386865.9199999999,0,773163.00800000015,1,1,2,5
13,1,11,ok,2688,8421029.1967999991,544997.37599999993,7025552.5119999992,0,850479.30880000012,1,1,1,11
13,1,12,ok,2240,7760738.4575999994,495452.16000000003,6423068.0063999984,0,842218.29120000009,1,1,3,4
13,1,13,ok,3136,10792540.823999999,469647.35999999993,7347748.2415999994,0,2975145.2224000003,13,1,1,1
13,1,14,ok,1792,7390716.2111999998,462422.016,6045546.3935999991,0,882747.80160000012,1,1,2,7
13,1,15,ok,1792,7918624.5119999992,495452.16000000003,6477371.135999999,0,945801.21600000013,1,1,1,15
13,1,16,ok,1568,7495973.5807999996,462422.01599999995,6081748.4799999995,0,951803.08480000007,1,1,4,4
13,2,1,ok,50176,13138258.943999998,924844.03199999989,11380165.631999999,0,833249.28000000003,1,1,1,1
13,2,2,ok,25088,13205174.4768,924844.03199999989,11412553.5232,0,867776.9216,1,1,2,1
13,2,3,ok,17920,14274356.736000001,990904.32000000007,12324096.3072,0,959356.10879999993,1,1,3,1
13,2,4,ok,12544,13339005.542399999,924844.03199999989,11477329.305599999,0,936832.20480000018,1,2,2,1
13,2,5,ok,10752,14568252.928000001,990904.31999999983,12548937.216,0,1028411.392,1,1,5,1
13,2,6,ok,8960,14475103.334399998,990904.32000000007,12421259.980799999,0,1062939.0336,1,2,3,1
13,2,7,ok,7168,13746258.534399997,924844.03200000001,11780999.372799998,0,1040415.1296000002,1,1,1,7
13,2,8,ok,6272,13766732.799999999,924844.03199999989,11766945.9968,0,1074942.7712000001,1,2,4,1
13,2,9,ok,6400,15840539.596799999,1061683.2,13551207.782399999,0,1227648.6144000001,1,1,3,3
13,2,10,ok,5376,14884716.032,990904.31999999983,12692762.112,0,1201049.6000000001,1,2,1,5
13,2,11,ok,5376,16373187.635199999,1089994.7519999999,13962038.3232,0,1321154.5600000003,1,1,1,11
13,2,12,ok,4480,15009981.542400001,990904.32000000007,12748972.339199999,0,1270104.8832,1,2,2,3
13,2,13,ok,6272,21517120.559999999,939294.71999999986,14662602.531199999,0,5915223.3088000007,13,1,1,1
13,2,14,ok,3584,14044630.835200001,924844.03200000001,11837678.182399999,0,1282108.6208000001,1,2,1,7
13,2,15,ok,3584,15197879.808000002,990904.32000000007,12833287.68,0,1373687.8080000002,1,1,1,15
13,2,16,ok,3136,14149888.2048,924844.03199999989,11873880.2688,0,1351163.9040000001,1,2,2,4
13,4,1,ok,100352,26169586.073600002,1849688.0639999998,22687927.091200002,0,1631970.9184000001,1,1,1,1
13,4,2,ok,50176,26276517.887999997,1849688.0639999998,22760331.263999999,0,1666498.5600000001,1,1,1,2
13,4,3,ok,35840,28227918.028800003,1981808.6400000001,24430980.096000001,0,1815129.2927999999,1,1,1,3
13,4,4,ok,25088,26410348.953600001,1849688.0639999998,22825107.046399999,0,1735553.8432,1,2,2,1
13,4,5,ok,21504,28401765.375999998,1981808.6399999997,24535772.16,0,1884184.5760000004,1,1,1,5
13,4,6,ok,17920,28548713.472000003,1981808.6400000001,24648192.614399999,0,1918712.2175999999,1,2,3,1
13,4,7,ok,14336,26571079.270399999,1849688.064,22882254.438399997,0,1839136.7680000002,1,1,1,7
13,4,8,ok,12544,26678011.084799998,1849688.0639999998,22954658.611199997,0,1873664.4096000004,1,4,2,1
13,4,9,ok,12800,30605627.289599996,2123366.3999999999,26337712.435199998,0,2144548.4544000002,1,1,3,3
13,4,10,ok,10752,28736343.039999999,1981808.6399999997,24697711.615999997,0,2056822.784,1,1,2,5
13,4,11,ok,10752,31609977.344000001,2179989.5039999997,27167482.777599998,0,2262505.0624000002,1,1,1,11
13,4,12,ok,8960,28950206.668799996,1981808.6400000001,24842519.961599998,0,2125878.0671999999,1,4,3,1
13,4,13,ok,12544,42925638.496000007,1878589.4399999997,29251669.574400004,0,11795379.481600001,13,1,1,1
13,4,14,ok,7168,27319601.971199997,1849688.064,23389083.647999994,0,2080830.2592000004,1,1,2,7
13,4,15,ok,7168,29271002.111999996,1981808.6400000001,25059732.479999997,0,2229460.9920000006,1,1,1,15
13,4,16,ok,6272,27533465.599999998,1849688.0639999998,23533891.9936,0,2149885.5424000002,1,4,4,1
13,8,1,ok,200704,52272256.614399992,3699376.1279999996,45343466.291199997,0,3229414.1952,1,1,1,1
13,8,2,ok,100352,52339172.147200003,3699376.1279999996,45375854.182400003,0,3263941.8368000002,1,2,1,1
13,8,3,ok,71680,56255089.45920001,3963617.2800000003,48764796.518399999,0,3526675.6608000007,1,1,1,3
13,8,4,ok,50176,52553035.775999993,3699376.1279999996,45520662.527999997,0,3332997.1200000001,1,2,1,2
13,8,5,ok,43008,56468953.088,3963617.2799999993,48909604.864,0,3595730.9440000006,1,1,1,5
13,8,6,ok,35840,56455836.057600006,3963617.2800000003,48861960.192000002,0,3630258.5855999999,1,2,1,3
13,8,7,ok,28672,52673749.811199993,3699376.128,45537793.638399988,0,3436580.0448000003,1,1,1,7
13,8,8,ok,25088,52820697.907200001,3699376.1279999996,45650214.092799999,0,3471107.6864,1,2,2,2
13,8,9,ok,25088,59423285.145599999,4161798.1439999994,51356490.854400001,0,3904996.1472,1,9,1,1
13,8,10,ok,21504,56803530.751999997,3963617.2799999993,49071544.32,0,3768369.1520000007,1,2,1,5
13,8,11,ok,21504,62483883.827199996,4359979.0079999994,53978698.752000004,0,4145206.0672000004,1,1,1,11
13,8,12,ok,17920,57097426.944000006,3963617.2800000003,49296385.228799999,0,3837424.4351999997,1,4,3,1
13,8,13,ok,25088,85783315.903999984,3757178.8799999994,58470445.196799994,0,23555691.827200003,13,1,1,1
13,8,14,ok,14336,53142158.540799998,3699376.128,45764508.876799993,0,3678273.5360000003,1,2,1,7
13,8,15,ok,14336,57538271.232000001,3963617.2800000003,49633646.592,0,3941007.3600000003,1,1,1,15
13,8,16,ok,12544,53356022.169599995,3699376.1279999996,45909317.222399995,0,3747328.8192000007,1,2,2,4
13,16,1,ok,401408,104477597.69599999,7398752.2559999991,90654544.691200003,0,6424300.7488000002,1,1,1,1
13,16,2,ok,200704,104544513.22879998,7398752.2559999991,90686932.582399994,0,6458828.3903999999,1,2,1,1
13,16,3,ok,143360,112309432.31999999,7927234.5600000005,97432429.363199979,0,6949768.3967999993,1,1,1,3
13,16,4,ok,100352,104678344.29440001,7398752.2559999991,90751708.364800006,0,6527883.6736000003,1,4,1,1
13,16,5,ok,86016,112603328.51200001,7927234.5599999987,97657270.272,0,7018823.6799999997,1,1,1,5
13,16,6,ok,71680,112510178.91840002,7927234.5600000005,97529593.036799997,0,7053351.3216000013,1,2,1,3
13,16,7,ok,57344,104879090.89279999,7398752.2560000001,90848872.038399994,0,6631466.5984000014,1,1,1,7
13,16,8,ok,50176,105106071.55199999,7398752.2559999991,91041325.055999994,0,6665994.2400000002,1,2,2,2
13,16,9,ok,50176,118244330.49599999,8323596.2879999988,102421490.68799999,0,7499243.5200000005,1,9,1,1
13,16,10,ok,43008,112937906.176,7927234.5599999987,97819209.728,0,7191461.8880000012,1,2,1,5
13,16,11,ok,43008,124231696.79359999,8719958.0159999989,107601130.7008,0,7910608.0768000018,1,1,1,11
13,16,12,ok,35840,112911672.11520001,7927234.5600000005,97723920.384000003,0,7260517.1711999997,1,4,1,3
13,16,13,ok,50176,171498670.72000003,7514357.7599999988,116907996.44160001,0,47076316.518400006,13,1,1,1
13,16,14,ok,28672,105347499.62239999,7398752.2560000001,91075587.276799977,0,6873160.0896000005,1,2,1,7
13,16,15,ok,28672,114072809.472,7927234.5600000005,98781474.815999985,0,7364100.0960000008,1,1,1,15
13,16,16,ok,25088,105641395.8144,7398752.2559999991,91300428.185599998,0,6942215.3728,1,4,2,2
13,32,1,ok,802816,208888279.8592,14797504.511999998,181276701.4912,0,12814073.856000001,1,1,1,1
13,32,2,ok,401408,208955195.39199999,14797504.511999998,181309089.38240001,0,12848601.4976,1,2,1,1
13,32,3,ok,275968,215877912.88319999,15259926.528000001,187335496.39679998,0,13282489.9584,1,3,1,1
13,32,4,ok,200704,209089026.45759997,14797504.511999998,181373865.16479999,0,12917656.7808,1,4,1,1
13,32,5,ok,172032,224872079.35999995,15854469.119999997,195152601.08799997,0,13865009.152000003,1,1,1,5
13,32,6,ok,137984,216078659.48159999,15259926.528000001,187432660.0704,0,13386072.883200003,1,3,2,1
13,32,7,ok,114688,209289773.05599999,14797504.512,181471028.83840001,0,13021239.705600001,1,1,1,7
13,32,8,ok,100352,209356688.58880001,14797504.511999998,181503416.72960001,0,13055767.347200001,1,8,1,1
13,32,9,ok,98560,232816807.06560001,16349921.279999999,202035879.4752,0,14431006.3104,1,3,3,1
13,32,10,ok,86016,225206657.02400002,15854469.119999997,195314540.544,0,14037647.359999999,1,2,1,5
13,32,11,ok,75264,216413237.14559999,15259926.527999999,187594599.5264,0,13558711.091200002,1,11,1,1
13,32,12,ok,68992,219121227.26399994,15259926.528000001,190268062.00319996,0,13593238.732800001,1,3,4,1
13,32,13,ok,75264,255761098.44479999,18034458.623999998,221702708.53119999,0,16023931.2896,1,13,1,1
13,32,14,ok,57344,209758181.78559998,14797504.512,181697744.07679999,0,13262933.196800003,1,2,1,7
13,32,15,ok,57344,227141885.95199999,15854469.120000001,197077131.264,0,14210285.568000002,1,1,1,15
13,32,16,ok,50176,210212143.10399997,14797504.511999998,182082650.11199999,0,13331988.48,1,4,2,2
13,64,1,ok,1605632,417709644.18559998,29595009.023999996,362521015.09119999,0,25593620.0704,1,1,1,1
13,64,2,ok,802816,417776559.7184,29595009.023999996,362553402.9824,0,25628147.712000001,1,2,1,1
13,64,3,ok,551936,431555079.1680001,30519853.056000002,374573829.12,0,26461396.992000002,1,3,1,1
13,64,4,ok,401408,417910390.78399998,29595009.023999996,362618178.76480001,0,25697202.995200001,1,4,1,1
13,64,5,ok,326144,425153238.528,30057431.039999999,368964716.03199995,0,26131091.456000004,1,5,1,1
13,64,6,ok,275968,431755825.76639998,30519853.056000002,374670992.79359996,0,26564979.9168,1,3,2,1
13,64,7,ok,229376,418111137.38239998,29595009.024,362715342.43839997,0,25800785.920000002,1,1,1,7
13,64,8,ok,200704,418178052.91519994,29595009.023999996,362747730.32959998,0,25835313.5616,1,8,1,1
13,64,9,ok,197120,465031374.33599997,32699842.559999999,403780267.92959994,0,28551263.8464,1,3,3,1
13,64,10,ok,163072,425487816.19199997,30057431.039999999,369126655.48799998,0,26303729.664000005,1,5,2,1
13,64,11,ok,150528,432090403.43040001,30519853.055999998,374832932.24959999,0,26737618.124800004,1,11,1,1
13,64,12,ok,137984,432157318.96319997,30519853.056000002,374865320.1408,0,26772145.766400006,1,6,2,1
13,64,13,ok,125440,425688562.79039991,30057431.039999995,369223819.16159993,0,26407312.588800002,1,13,1,1
13,64,14,ok,114688,418579546.11199999,29595009.024,362942057.67680001,0,26042479.411200002,1,2,1,7
13,64,15,ok,114688,453280038.91200006,31708938.240000002,393668444.16000003,0,27902656.512000002,1,1,1,15
13,64,16,ok,100352,418713377.17760003,29595009.023999996,363006833.45920002,0,26111534.694400001,1,16,1,1
14,1,1,ok,169344,39436656.998400003,3121348.6079999995,35687134.464000002,0,628173.9264,1,1,1,1
14,1,2,ok,84672,39691576.1664,3121348.6079999995,35828759.807999998,0,741467.75040000002,2,1,1,1
14,1,3,ok,56448,39946495.334399998,3121348.608,35970385.151999995,0,854761.57440000004,3,1,1,1
14,1,4,ok,42336,39945303.091200002,3121348.6079999995,35864530.995200001,0,959423.48800000013,2,1,1,2
14,1,5,ok,35280,41296743.204000004,3170119.6799999997,36961700.083999999,0,1164923.4400000002,5,1,1,1
14,1,6,ok,28224,40183227.647999994,3121348.608,35996714.649599992,0,1065164.3903999999,3,1,1,2
14,1,7,ok,24192,41348541.696000002,3121348.6079999995,36208202.598399997,0,2018990.4896000002,1,1,1,7
14,1,8,ok,21168,40520735.385600001,3121348.6079999995,35973840.127999999,0,1425546.6496000001,2,1,2,2
14,1,9,ok,20160,43415833.4208,3344302.0800000001,38730516.7104,0,1341014.6303999999,3,1,1,3
14,1,10,ok,17640,41755480.547999993,3170119.6799999997,37183734.259999998,0,1401626.608,5,1,2,1
14,1,11,ok,18144,49709129.817599989,3678732.2879999997,43009953.67679999,0,3020443.8528000005,1,1,1,11
14,1,12,ok,14112,40758659.942399994,3121348.608,36106023.782399997,0,1531287.5520000001,3,1,2,2
14,1,13,ok,14112,42995838.755999997,3170119.6799999997,37633598.2984,0,2192120.7776000001,13,1,1,1
14,1,14,ok,12096,41586466.252800003,3121348.6079999995,36340386.252800003,0,2124731.392,2,1,1,7
14,1,15,ok,12096,43923738.240000002,3344302.0799999996,38772298.368000001,0,1807137.7920000001,3,1,1,5
14,1,16,ok,10584,41415706.060800001,3121348.6079999995,36519218.431999996,0,1775139.0208000003,8,1,2,1
14,2,1,ok,338688,78585597.849600002,6242697.2159999991,71319614.361599997,0,1023286.2720000001,1,1,1,1
14,2,2,ok,169344,78839324.774400011,6242697.2159999991,71355385.548800007,0,1241242.0096,1,1,1,2
14,2,3,ok,112896,79605274.521599978,6242697.216,71886115.737599984,0,1476461.568,3,1,1,1
14,2,4,ok,84672,79315173.888000011,6242697.2159999991,71619752.857600003,0,1452723.8144,2,1,1,2
14,2,5,ok,70560,82134749.063999996,6340239.3599999994,73701365.991999999,0,2093143.7120000003,5,1,1,1
14,2,6,ok,56448,79791023.001599982,6242697.216,71884120.166399986,0,1664205.6192000001,3,1,1,2
14,2,7,ok,48384,80683070.361599997,6242697.2159999991,72033823.232000008,0,2406549.9136000001,1,1,1,7
14,2,8,ok,42336,79890606.182400003,6242697.2159999991,71729061.990400001,0,1918846.9760000003,2,1,2,2
14,2,9,ok,40320,85968518.400000006,6688604.1600000001,77297069.721599996,0,1982844.5183999999,3,1,1,3
14,2,10,ok,35280,82593486.408000007,6340239.3599999994,73923400.167999998,0,2329846.8800000004,5,1,2,1
14,2,11,ok,36288,96253382.016000003,7357464.5759999994,85418707.123199999,0,3477210.3168000001,1,1,1,11
14,2,12,ok,28224,80366455.295999989,6242697.216,71993429.299199983,0,2130328.7807999998,3,1,2,2
14,2,13,ok,28224,85532940.167999998,6340239.3599999994,75045162.4208,0,4147538.3872000002,13,1,1,1
14,2,14,ok,24192,81158919.475199997,6242697.2159999991,72298190.540800005,0,2618031.7184000001,2,1,1,7
14,2,15,ok,24192,86408895.744000003,6688604.1599999992,77271323.903999999,0,2448967.6800000002,3,1,1,5
14,2,16,ok,21168,81041470.771200001,6242697.2159999991,71947680.255999997,0,2851093.2992000002,2,2,2,2
14,4,1,ok,677376,156883479.55200002,12485394.431999998,142584574.1568,0,1813510.9632000001,1,1,1,1
14,4,2,ok,338688,157103217.25440001,12485394.431999998,142601461.9648,0,2016360.8576000002,1,1,1,2
14,4,3,ok,225792,157812168.49919999,12485394.432,142606912.51199996,0,2719861.5552000003,3,1,1,1
14,4,4,ok,169344,157589740.95360002,12485394.431999998,142665022.0544,0,2439324.4672000003,2,1,1,2
14,4,5,ok,141120,162316905.55199999,12680478.719999999,145988959.44,0,3647467.392,5,1,1,1
14,4,6,ok,112896,158144888.21759999,12485394.432,142797205.70879999,0,2862288.0767999999,3,1,1,2
14,4,7,ok,96768,159352127.69280005,12485394.431999998,143685064.49920002,0,3181668.7616000003,1,1,1,7
14,4,8,ok,84672,158493100.6464,12485394.431999998,143102258.58559999,0,2905447.6288000001,2,1,2,2
14,4,9,ok,80640,170291151.35999998,13377208.32,153647438.74559999,0,3266504.2944,3,1,1,3
14,4,10,ok,70560,162577376.01599997,12680478.719999999,146163785.16799998,0,3733112.1280000005,5,1,1,2
14,4,11,ok,72576,189341886.41280001,14714929.151999999,170236214.016,0,4390743.2448000005,1,1,1,11
14,4,12,ok,56448,159048247.91039997,12485394.432,143234442.23999998,0,3328411.2384000001,3,1,2,2
14,4,13,ok,56448,168237670.22400001,12680478.719999999,148677073.6672,0,6880117.8367999997,13,1,1,1
14,4,14,ok,48384,160303825.92000002,12485394.431999998,144213799.11680001,0,3604632.3712000004,2,1,1,7
14,4,15,ok,48384,170924401.15200001,13377208.319999998,153814565.37600002,0,3732627.4560000007,3,1,1,5
14,4,16,ok,42336,159603395.1744,12485394.431999998,143366625.8944,0,3751374.8480000002,4,1,2,2
14,8,1,ok,1354752,313479242.95680004,24970788.863999996,285114493.74720001,0,3393960.3456000006,1,1,1,1
14,8,2,ok,677376,313631002.21440005,24970788.863999996,285093614.79680002,0,3566598.5536000002,1,1,1,2
14,8,3,ok,451584,315172657.15199995,24970788.864,284995206.75839996,0,5206661.5296,3,1,1,1
14,8,4,ok,338688,314206434.50880003,24970788.863999996,285202923.9296,0,4032721.7152000004,1,2,1,2
14,8,5,ok,282240,324175073.75999999,25360957.439999998,291755884.704,0,7058231.6160000013,5,1,1,1
14,8,6,ok,225792,315386416.74239999,24970788.864,285157174.88639998,0,5258452.9920000006,3,1,1,2
14,8,7,ok,193536,316690242.35520005,24970788.863999996,286987547.03360003,0,4731906.4575999994,1,1,1,7
14,8,8,ok,169344,315179481.90720004,24970788.863999996,285330044.10879999,0,4878648.9344000006,2,1,2,2
14,8,9,ok,161280,339227263.18080002,26754416.640000001,306639022.69440001,0,5833823.8464000011,3,1,1,3
14,8,10,ok,141120,324237277.34399998,25360957.439999998,291883501.98400003,0,6992817.9199999999,5,1,1,2
14,8,11,ok,145152,375518895.20639992,29429858.303999998,339871227.80159992,0,6217809.1008000001,1,1,1,11
14,8,12,ok,112896,316289776.43519998,24970788.864,285594411.41759998,0,5724576.1535999998,3,1,2,2
14,8,13,ok,112896,336016603.10399997,25360957.439999998,297132113.1584,0,13523532.5056,13,1,1,1
14,8,14,ok,96768,318155180.85119998,24970788.863999996,287606558.31040001,0,5577833.6767999995,2,1,1,7
14,8,15,ok,96768,339590403.07200003,26754416.639999997,306536039.42400002,0,6299947.0080000013,3,1,1,5
14,8,16,ok,84672,316986201.29280001,24970788.863999996,286204517.17119998,0,5810895.2576000001,2,2,2,2
14,16,1,ok,2709504,626670769.76639998,49941577.727999993,570174332.92799997,0,6554859.1104000006,1,1,1,1
14,16,2,ok,1354752,626686572.13440013,49941577.727999993,570077920.46080005,0,6667073.9456000011,1,1,1,2
14,16,3,ok,903168,629893634.45759988,49941577.728,569771795.25119996,0,10180261.478399999,3,1,1,1
14,16,4,ok,677376,627262004.42880011,49941577.727999993,570187229.59360003,0,7133197.1072000004,1,2,1,2
14,16,5,ok,564480,647891410.17599988,50721914.879999995,583289735.23199999,0,13879760.064000001,5,1,1,1
14,16,6,ok,451584,629869473.79200006,49941577.728,569877113.24159992,0,10050782.8224,3,1,1,2
14,16,7,ok,387072,631366471.68000007,49941577.727999993,573592512.10240006,0,7832381.8496000003,1,1,1,7
14,16,8,ok,338688,628412869.01760006,49941577.727999993,570405847.8592,0,8065443.4304000009,1,2,2,2
14,16,9,ok,322560,677099486.82240009,53508833.280000001,612622190.59200001,0,10968462.950399999,3,1,1,3
14,16,10,ok,282240,647557079.99999988,50721914.879999995,583322935.61599994,0,13512229.504000003,5,1,1,2
14,16,11,ok,290304,747872912.79359996,58859716.607999995,679141255.37279999,0,9871940.8127999995,1,1,1,11
14,16,12,ok,225792,630772833.48479998,49941577.728,570314349.77279997,0,10516905.984000001,3,1,2,2
14,16,13,ok,225792,671574468.86399996,50721914.879999995,594042192.1408,0,26810361.843200002,13,1,1,1
14,16,14,ok,193536,633148602.77760005,49941577.727999993,573682788.76160002,0,9524236.2880000006,2,1,1,7
14,16,15,ok,193536,676922406.91200006,53508833.279999994,611978987.5200001,0,11434586.112,3,1,1,5
14,16,16,ok,169344,630358963.81440008,49941577.727999993,570660088.21759999,0,9757297.8688000012,2,2,2,2
14,32,1,ok,5419008,1253053823.3856003,99883155.455999985,1140294011.2896001,0,12876656.640000001,1,1,1,1
14,32,2,ok,2709504,1252797711.9744,99883155.455999985,1140046531.7888,0,12868024.729600001,1,1,1,2
14,32,3,ok,1806336,1259335589.0687997,99883155.456,1139324972.2367997,0,20127461.376000002,3,1,1,1
14,32,4,ok,1354752,1253373144.2688003,99883155.455999985,1140155840.9216001,0,13334147.891200002,1,2,1,2
14,32,5,ok,1128960,1295324083.0079999,101443829.75999999,1166357436.2879999,0,27522816.960000001,5,1,1,1
14,32,6,ok,903168,1258835587.8912001,99883155.456,1139316989.9519999,0,19635442.483199999,3,1,1,2
14,32,7,ok,774144,1260718930.3296003,99883155.455999985,1146802442.2400002,0,14033332.6336,1,1,1,7
14,32,8,ok,677376,1254524008.8576002,99883155.455999985,1140374459.1872001,0,14266394.214400001,1,2,2,2
14,32,9,ok,620928,1309602861.6192,103004504.064,1185383073.0239999,0,21215284.531200003,3,3,1,1
14,32,10,ok,564480,1294196685.3119998,101443829.75999999,1166201802.8800001,0,26551052.672000002,5,1,1,2
14,32,11,ok,508032,1295079925.7087998,103004504.064,1176473036.8511999,0,15602384.7936,1,11,1,1
14,32,12,ok,451584,1259738947.5840001,99883155.456,1139754226.4831998,0,20101565.6448,3,1,2,2
14,32,13,ok,451584,1342690200.3839998,101443829.75999999,1187862350.1055999,0,53384020.518400006,13,1,1,1
14,32,14,ok,387072,1262732943.3600001,99883155.455999985,1147185024.2048001,0,15664763.699200001,1,2,1,7
14,32,15,ok,387072,1351586414.592,107017666.55999999,1222864883.7119999,0,21703864.320000004,3,1,1,5
14,32,16,ok,338688,1256825738.0352001,99883155.455999985,1140811695.7184,0,16130886.860800002,1,4,2,2
14,64,1,ok,10838016,2505819930.6240005,199766310.91199997,2280533368.0128002,0,25520251.699200004,1,1,1,1
14,64,2,ok,5419008,2505019991.6543999,199766310.91199997,2279983754.4447999,0,25269926.297600001,1,1,1,2
14,64,3,ok,3612672,2518219498.2912002,199766310.912,2278431326.2079997,0,40021861.1712,3,1,1,1
14,64,4,ok,2709504,2505595423.9488001,199766310.91199997,2280093063.5776,0,25736049.459200002,1,2,1,2
14,64,5,ok,2201472,2546119736.0639997,202887659.51999998,2316384466.1760001,0,26847610.368000004,1,5,1,1
14,64,6,ok,1806336,2516767816.0895996,199766310.912,2278196743.3727999,0,38804761.804800004,3,1,1,2
14,64,7,ok,1548288,2519423847.6288004,199766310.91199997,2293222302.5152006,0,26435234.201600004,1,1,1,7
14,64,8,ok,1354752,2506746288.5376005,199766310.91199997,2280311681.8432002,0,26668295.782400005,1,2,2,2
14,64,9,ok,1241856,2618342574.7968001,206009008.12799999,2370602182.3488002,0,41731384.320000008,3,3,1,1
14,64,10,ok,1100736,2546453667.0719995,202887659.51999998,2316044029.1839995,0,27521978.368000001,1,5,1,2
14,64,11,ok,1016064,2586994973.7983999,206009008.12799999,2352344873.4720001,0,28641092.198400006,1,11,1,1
14,64,12,ok,903168,2517671175.7824001,199766310.912,2278633979.9039998,0,39270884.966399997,3,1,2,2
14,64,13,ok,846720,2548421465.2416,202887659.51999998,2316821702.7072001,0,28712103.014400002,1,13,1,1
14,64,14,ok,774144,2521437860.6592007,199766310.91199997,2293604884.4800005,0,28066665.267200001,1,2,1,7
14,64,15,ok,733824,2579259227.9039998,202887659.51999998,2334795760.8960004,0,41575807.488000005,3,5,1,1
14,64,16,ok,677376,2509048017.7152004,199766310.91199997,2280748918.3744001,0,28532788.428800002,1,4,2,2
15,1,1,ok,6272,1858827.0336,115605.50399999999,1476138.0607999999,0,267083.46880000003,1,1,1,1
15,1,2,ok,3136,1875555.9168,115605.50399999999,1484235.0336,0,275715.37920000002,1,1,2,1
15,1,3,ok,2240,2032438.1567999998,123863.04000000001,1605767.0015999996,0,302808.1152,1,1,3,1
15,1,4,ok,1568,1929021.8239999998,115605.50399999999,1520437.1199999999,0,292979.20000000001,1,1,4,1
15,1,5,ok,1344,2085904.064,123863.03999999998,1641969.088,0,320071.93600000005,1,1,5,1
15,1,6,ok,1120,2112637.0175999999,123863.04000000001,1660070.1311999999,0,328703.84639999998,1,1,6,1
15,1,7,ok,896,2009220.6847999999,115605.504,1574740.2496,0,318874.93119999999,1,1,1,7
15,1,8,ok,784,2125622.8608000004,115605.50399999999,1682510.5152,0,327506.84160000004,1,1,2,4
15,1,9,ok,800,2437711.6607999997,132710.39999999999,1930622.2272000001,0,374379.03360000002,1,1,3,3
15,1,10,ok,672,2219568.8319999999,123863.03999999998,1732474.3039999998,0,363231.48800000001,1,1,10,1
15,1,11,ok,672,2441525.7152,136249.34399999998,1905721.7343999997,0,399554.63680000004,1,1,11,1
15,1,12,ok,560,2322563.3663999997,123863.04000000001,1818205.0175999999,0,380495.3088,1,1,3,4
15,1,13,ok,1568,6169144.5192000009,140894.20799999998,3211222.3207999999,0,2817027.9904000005,13,1,1,1
15,1,14,ok,448,2196351.3600000003,115605.504,1701447.5520000001,0,379298.30400000006,1,1,2,7
15,1,15,ok,448,2353233.6000000001,123863.04000000001,1822979.52,0,406391.04000000004,1,1,15,1
15,1,16,ok,392,2230880.2304000002,115605.50399999999,1718712.6015999999,0,396562.12480000005,1,1,4,4
15,2,1,ok,12544,3700925.1839999999,231211.00799999997,2944179.1488000001,0,525535.02720000001,1,1,1,1
15,2,2,ok,6272,3717654.0671999999,231211.00799999997,2952276.1215999997,0,534166.93760000006,1,1,2,1
15,2,3,ok,4480,4014689.6639999999,247726.08000000002,3187243.0847999998,0,579720.49920000008,1,1,3,1
15,2,4,ok,3136,3751111.8336,231211.00799999997,2968470.0671999999,0,551430.75840000005,1,2,2,1
15,2,5,ok,2688,4088163.7119999998,247726.07999999996,3243453.3119999995,0,596984.32000000007,1,1,5,1
15,2,6,ok,2240,4064876.3135999995,247726.08000000002,3211534.0031999992,0,605616.2304,1,2,3,1
15,2,7,ok,1792,3901339.1871999996,231211.008,3092801.6895999992,0,577326.48960000009,1,1,1,7
15,2,8,ok,1568,3858043.6479999996,231211.00799999997,3040874.2399999998,0,585958.40000000002,1,2,4,1
15,2,9,ok,1600,4779517.9391999999,265420.79999999999,3843026.2656,0,671070.87359999993,1,1,3,3
15,2,10,ok,1344,4171808.128,247726.07999999996,3283938.176,0,640143.87200000009,1,2,5,1
15,2,11,ok,1344,4699033.7151999995,272498.68799999997,3722376.7679999997,0,704158.25920000009,1,1,11,1
15,2,12,ok,1120,4225274.0351999998,247726.08000000002,3320140.2623999999,0,657407.69279999996,1,2,6,1
15,2,13,ok,3136,12317900.712000001,281788.41599999997,6412576.4560000002,0,5623535.8400000008,13,1,1,1
15,2,14,ok,896,4018441.3695999999,231211.008,3149480.4992,0,637749.86239999998,1,2,1,7
15,2,15,ok,896,4455533.9519999996,247726.08000000002,3524504.4479999994,0,683303.424,1,1,15,1
15,2,16,ok,784,4251245.7216000007,231211.00799999997,3365021.0304,0,655013.68320000009,1,2,2,4
15,4,1,ok,25088,7375117.4144000001,462422.01599999995,5870257.2544,0,1042438.1440000001,1,1,1,1
15,4,2,ok,12544,7401850.3679999998,462422.01599999995,5888358.2976000002,0,1051070.0544,1,1,1,2
15,4,3,ok,8960,7949180.4671999998,495452.16000000003,6320183.0399999991,0,1133545.2671999999,1,1,1,3
15,4,4,ok,6272,7435308.1343999999,462422.01599999995,5904552.2431999994,0,1068333.8752000001,1,2,2,1
15,4,5,ok,5376,7992642.3039999995,495452.15999999992,6346381.0559999999,0,1150809.0880000002,1,1,1,5
15,4,6,ok,4480,8029379.3279999997,495452.16000000003,6374486.1695999997,0,1159440.9984000002,1,2,3,1
15,4,7,ok,3584,7475490.7136000004,462422.016,5918839.0911999997,0,1094229.6064000002,1,1,1,7
15,4,8,ok,3136,7502223.6672,462422.01599999995,5936940.1343999999,0,1102861.5168000001,1,4,2,1
15,4,9,ok,3200,8607336.4223999996,530841.59999999998,6812040.2687999997,0,1264454.5536,1,1,3,3
15,4,10,ok,2688,8076286.7200000007,495452.15999999992,6386865.9199999999,0,1193968.6400000001,1,1,2,5
15,4,11,ok,2688,8883915.3920000009,544997.37599999993,7025552.5119999992,0,1313365.5040000002,1,1,1,11
15,4,12,ok,2240,8129752.6271999991,495452.16000000003,6423068.0063999984,0,1211232.4608,1,4,3,1
15,4,13,ok,6272,24603220.636800006,563576.83199999994,12803092.265600001,0,11236551.539200002,13,1,1,1
15,4,14,ok,1792,7662621.3887999989,462422.016,6045546.3935999991,0,1154652.9792000002,1,1,2,7
15,4,15,ok,1792,8209951.487999999,495452.16000000003,6477371.135999999,0,1237128.192,1,1,1,15
15,4,16,ok,1568,7716087.2959999992,462422.01599999995,6081748.4799999995,0,1171916.8,1,4,4,1
15,8,1,ok,50176,14733505.945599999,924844.03199999989,11732417.536,0,2076244.3776,1,1,1,1
15,8,2,ok,25088,14750234.8288,924844.03199999989,11740514.5088,0,2084876.2880000002,1,2,1,1
15,8,3,ok,17920,15848174.2848,990904.32000000007,12616075.161599999,0,2241194.8032,1,1,1,3
15,8,4,ok,12544,14803700.736,924844.03199999989,11776716.5952,0,2102140.1088,1,2,1,2
15,8,5,ok,10752,15901640.192,990904.31999999983,12652277.248,0,2258458.6240000003,1,1,1,5
15,8,6,ok,8960,15898360.9344,990904.32000000007,12640366.079999998,0,2267090.5343999998,1,2,1,3
15,8,7,ok,7168,14833879.244799996,924844.03200000001,11780999.372799998,0,2128035.8399999999,1,1,1,7
15,8,8,ok,6272,14870616.2688,924844.03199999989,11809104.486399999,0,2136667.7504000003,1,2,2,2
15,8,9,ok,6272,16729443.3024,1040449.5359999998,13285242.547199998,0,2403751.2192000002,1,9,1,1
15,8,10,ok,5376,15985284.607999999,990904.31999999983,12692762.112,0,2301618.1760000004,1,2,1,5
15,8,11,ok,5376,17583813.068799999,1089994.7519999999,13962038.3232,0,2531779.9936000006,1,1,1,11
15,8,12,ok,4480,16058758.655999999,990904.32000000007,12748972.339199999,0,2318881.9968000003,1,4,3,1
15,8,13,ok,12544,49186052.9472,1127153.6639999999,25596316.345600002,0,22462582.937600002,13,1,1,1
15,8,14,ok,3584,14950981.427200001,924844.03200000001,11837678.182399999,0,2188459.2128000003,1,2,1,7
15,8,15,ok,3584,16168969.728,990904.32000000007,12833287.68,0,2344777.7280000001,1,1,1,15
15,8,16,ok,3136,15004447.3344,924844.03199999989,11873880.2688,0,2205723.0336000002,1,2,2,4
15,16,1,ok,100352,29450283.007999998,1849688.0639999998,23456738.099199999,0,4143856.8448000001,1,1,1,1
15,16,2,ok,50176,29467011.891199999,1849688.0639999998,23464835.072000001,0,4152488.7552,1,2,1,1
15,16,3,ok,35840,31646161.920000002,1981808.6400000001,25207859.404799998,0,4456493.8752000006,1,1,1,3
15,16,4,ok,25088,29500469.657600001,1849688.0639999998,23481029.0176,0,4169752.5760000004,1,4,1,1
15,16,5,ok,21504,31719635.968000002,1981808.6399999997,25264069.631999999,0,4473757.6960000005,1,1,1,5
15,16,6,ok,17920,31696348.569600001,1981808.6400000001,25232150.323199999,0,4482389.6063999999,1,2,1,3
15,16,7,ok,14336,29550656.3072,1849688.064,23505319.935999997,0,4195648.3072000006,1,1,1,7
15,16,8,ok,12544,29607401.471999999,1849688.0639999998,23553433.190400001,0,4204280.2176000001,1,2,2,2
15,16,9,ok,12544,33308326.655999999,2080899.0719999997,26497612.339200001,0,4729815.2448000005,1,9,1,1
15,16,10,ok,10752,31803280.384,1981808.6399999997,25304554.495999999,0,4516917.2480000006,1,2,1,5
15,16,11,ok,10752,34983608.422399998,2179989.5039999997,27835009.945599999,0,4968608.9728000006,1,1,1,11
15,16,12,ok,8960,31796721.868799999,1981808.6400000001,25280732.159999996,0,4534181.0687999995,1,4,1,3
15,16,13,ok,25088,98351717.568000004,2254307.3279999997,51182764.505600005,0,44914645.734400004,13,1,1,1
15,16,14,ok,7168,29667758.489599992,1849688.064,23561998.745599996,0,4256071.6799999997,1,2,1,7
15,16,15,ok,7168,32087006.207999993,1981808.6400000001,25545120.767999999,0,4560076.7999999998,1,1,1,15
15,16,16,ok,6272,29741232.537599999,1849688.0639999998,23618208.972799998,0,4273335.5008000005,1,4,2,2
15,32,1,ok,200704,58883837.132799998,3699376.1279999996,46905379.225599997,0,8279081.7792000007,1,1,1,1
15,32,2,ok,100352,58900566.015999995,3699376.1279999996,46913476.198399998,0,8287713.6896000002,1,2,1,1
15,32,3,ok,68992,60839425.612800002,3814981.6320000002,48469646.822399996,0,8554797.1584000029,1,3,1,1
15,32,4,ok,50176,58934023.782399997,3699376.1279999996,46929670.144000001,0,8304977.5104,1,4,1,1
15,32,5,ok,43008,63355627.520000003,3963617.2799999993,50487654.400000006,0,8904355.8400000017,1,1,1,5
15,32,6,ok,34496,60889612.262400001,3814981.6320000002,48493937.740800001,0,8580692.8896000013,1,3,2,1
15,32,7,ok,28672,58984210.432000004,3699376.128,46953961.062399998,0,8330873.2416000012,1,1,1,7
15,32,8,ok,25088,59000939.315200001,3699376.1279999996,46962058.0352,0,8339505.1520000007,1,8,1,1
15,32,9,ok,24640,65564859.686399989,4087480.3199999998,52261583.500799991,0,9215795.8656000011,1,3,3,1
15,32,10,ok,21504,63439271.936000004,3963617.2799999993,50528139.263999999,0,8947515.3920000009,1,2,1,5
15,32,11,ok,18816,60973256.678400002,3814981.6319999998,48534422.604800001,0,8623852.4416000005,1,11,1,1
15,32,12,ok,17248,61650254.208000004,3814981.6320000002,49202788.224000007,0,8632484.352,1,3,4,1
15,32,13,ok,18816,72059303.347200006,4508614.6559999995,57358863.078400001,0,10191825.612800002,1,13,1,1
15,32,14,ok,14336,59101312.614399999,3699376.128,47010639.871999994,0,8391296.6144000012,1,2,1,7
15,32,15,ok,14336,63923079.168000005,3963617.2800000003,50968786.943999998,0,8990674.9440000001,1,1,1,15
15,32,16,ok,12544,59214802.943999998,3699376.1279999996,47106866.380800001,0,8408560.4352000002,1,4,2,2
15,64,1,ok,401408,117750945.38240001,7398752.2559999991,93802661.478400007,0,16549531.648,1,1,1,1
15,64,2,ok,200704,117767674.2656,7398752.2559999991,93810758.451199993,0,16558163.558400001,1,2,1,1
15,64,3,ok,137984,121628664.57600001,7629963.2640000004,96915002.726400003,0,17083698.5856,1,3,1,1
15,64,4,ok,100352,117801132.03199999,7398752.2559999991,93826952.396799996,0,16575427.3792,1,4,1,1
15,64,5,ok,81536,119820024.192,7514357.7599999998,95463155.583999991,0,16842510.848000001,1,5,1,1
15,64,6,ok,68992,121678851.2256,7629963.2640000004,96939293.644799992,0,17109594.316800006,1,3,2,1
15,64,7,ok,57344,117851318.68159997,7398752.2560000001,93851243.315199986,0,16601323.110399999,1,1,1,7
15,64,8,ok,50176,117868047.56479999,7398752.2559999991,93859340.288000003,0,16609955.0208,1,8,1,1
15,64,9,ok,49280,130979159.42400001,8174960.6399999997,104450294.24639998,0,18353904.537599999,1,3,3,1
15,64,10,ok,40768,119903668.60800001,7514357.7599999998,95503640.447999999,0,16885670.400000002,1,5,2,1
15,64,11,ok,37632,121762495.64159998,7629963.2639999995,96979778.508799985,0,17152753.868800003,1,11,1,1
15,64,12,ok,34496,121779224.5248,7629963.2640000004,96987875.481600001,0,17161385.779200003,1,6,2,1
15,64,13,ok,31360,119953855.25759999,7514357.7599999988,95527931.366399989,0,16911566.131200001,1,13,1,1
15,64,14,ok,28672,117968420.86400001,7398752.2560000001,93907922.124799997,0,16661746.483200002,1,2,1,7
15,64,15,ok,28672,127595225.08799998,7927234.5600000005,101816119.29599997,0,17851871.232000001,1,1,1,15
15,64,16,ok,25088,118001878.6304,7398752.2559999991,93924116.0704,0,16679010.304000001,1,16,1,1
16,1,1,ok,58800,13798609.6896,1083801.5999999999,12466539.4432,0,248268.64640000003,1,1,1,1
16,1,2,ok,29400,13895193.830399999,1083801.5999999999,12514029.593599999,0,297362.63680000004,2,1,1,1
16,1,3,ok,19600,13917571.968000002,1083801.5999999999,12532631.270400003,0,301139.09759999998,3,1,1,1
16,1,4,ok,14700,13994327.270399999,1083801.5999999999,12537633.817599999,0,372891.85279999999,4,1,1,1
16,1,5,ok,12600,15193442.495999999,1161216,13448308.032,0,583918.46400000004,1,1,1,5
16,1,6,ok,9800,14017473.408000004,1083801.5999999999,12551608.5504,0,382063.25760000001,3,1,1,2
16,1,7,ok,8400,14468359.4496,1083801.5999999999,12650744.243199999,0,733813.60640000005,1,1,1,7
16,1,8,ok,7350,14244948.710399998,1083801.5999999999,12707331.097599998,0,453816.01280000003,4,1,2,1
16,1,9,ok,7000,15144546.24,1161215.9999999998,13504613.184,0,478717.05599999998,3,1,1,3
16,1,10,ok,6300,15810184.896,1161216,13660429.631999999,0,988539.26399999997,1,1,2,5
16,1,11,ok,6300,17391203.385600001,1277337.5999999999,15026472.595199998,0,1087393.1904,1,1,1,11
16,1,12,ok,4900,14217276.287999999,1083801.5999999999,12589563.110399999,0,543911.57759999996,3,1,2,2
16,1,13,ok,4900,15590099.449600002,1174118.3999999999,13684721.6064,0,731259.44319999998,13,1,1,1
16,1,14,ok,4200,15331798.809599997,1083801.5999999999,12947714.483199997,0,1300282.7264,1,1,2,7
16,1,15,ok,4200,15320902.080000002,1161216,13519120.704,0,640565.37600000005,3,1,1,5
16,1,16,ok,3675,14746191.590399999,1083801.5999999999,13046725.657599999,0,615664.33280000009,4,1,4,1
16,2,1,ok,117600,27497317.939199999,2167603.1999999997,24914101.606399998,0,415613.13280000002,1,1,1,1
16,2,2,ok,58800,27597219.3792,2167603.1999999997,24933078.886399999,0,496537.29280000005,1,1,1,2
16,2,3,ok,39200,27732687.820800003,2167603.1999999997,24975754.291200005,0,589330.32960000006,3,1,1,1
16,2,4,ok,29400,27790387.660799999,2167603.1999999997,25028059.187199999,0,594725.27360000007,2,2,1,1
16,2,5,ok,25200,29887377.791999996,2322432,26801729.663999997,0,763216.12800000003,1,1,1,5
16,2,6,ok,19600,27835143.936000004,2167603.1999999997,25065262.540800005,0,602278.19519999996,3,1,1,2
16,2,7,ok,16800,28237408.819199994,2167603.1999999997,25168647.526399996,0,901158.0928000001,1,1,1,7
16,2,8,ok,14700,27988654.540799998,2167603.1999999997,25075267.635199998,0,745783.70559999999,4,2,1,1
16,2,9,ok,14000,29989388.160000004,2322431.9999999995,26952294.528000001,0,714661.63199999998,3,1,1,3
16,2,10,ok,12600,30386884.991999999,2322432,26896616.063999999,0,1167836.9280000001,1,2,1,5
16,2,11,ok,12600,33683490.931199998,2554675.1999999997,29844195.110399995,0,1284620.6208000001,1,1,1,11
16,2,12,ok,9800,28034946.816000007,2167603.1999999997,25103217.1008,0,764126.51520000002,3,1,2,2
16,2,13,ok,9800,31010296.179200005,2348236.7999999998,27287208.332800005,0,1374851.0464000001,13,1,1,1
16,2,14,ok,8400,28936718.8992,2167603.1999999997,25301488.486399997,0,1467627.2128000001,1,2,1,7
16,2,15,ok,8400,30142296.959999997,2322432,26943355.007999998,0,876509.95200000016,3,1,1,5
16,2,16,ok,7350,28489897.420799997,2167603.1999999997,25414662.195199996,0,907632.02560000005,4,2,2,1
16,4,1,ok,235200,54593759.231999993,4335206.3999999994,49493144.883199997,0,765407.94880000013,1,1,1,1
16,4,2,ok,117600,54716603.2896,4335206.3999999994,49550170.623999998,0,831226.26560000004,1,1,1,2
16,4,3,ok,78400,55129407.283199996,4335206.3999999994,49832416.972800002,0,961783.91040000017,3,1,1,1
16,4,4,ok,58800,55148148.633599989,4335206.3999999994,49875975.065599993,0,936967.16800000006,2,1,1,2
16,4,5,ok,50400,59275248.383999996,4644864,53508572.927999988,0,1121811.456,1,1,1,5
16,4,6,ok,39200,55192452.403200008,4335206.3999999994,49814537.932800002,0,1042708.0704000002,3,1,1,2
16,4,7,ok,33600,55594557.849599995,4335206.3999999994,50023504.383999996,0,1235847.0655999999,1,1,1,7
16,4,8,ok,29400,55425722.265599996,4335206.3999999994,49942066.892799996,0,1148448.9728000001,4,1,1,2
16,4,9,ok,28000,59229004.031999998,4644863.9999999991,53397589.248000003,0,1186550.7840000002,3,1,1,3
16,4,10,ok,25200,59602388.735999994,4644864,53722419.455999993,0,1235105.28,2,1,1,5
16,4,11,ok,25200,66211366.425599992,5109350.3999999994,59422940.544,0,1679075.4816000001,1,1,1,11
16,4,12,ok,19600,55600602.009600006,4335206.3999999994,50060839.219200008,0,1204556.3903999999,3,1,2,2
16,4,13,ok,19600,61077448.806400008,4696473.5999999996,54308068.838400006,0,2072906.3680000002,13,1,1,1
16,4,14,ok,16800,56213679.513599992,4335206.3999999994,50536885.145599991,0,1341587.9679999999,2,1,1,7
16,4,15,ok,16800,59751088.89599999,4644864,53757825.791999988,0,1348399.1040000003,3,1,1,5
16,4,16,ok,14700,55739388.825599998,4335206.3999999994,50093885.132799998,0,1310297.2928000002,4,1,2,2
16,8,1,ok,470400,109030685.184,8670412.7999999989,98910380.646400005,0,1449891.7376000001,1,1,1,1
16,8,2,ok,235200,109119540.0192,8670412.7999999989,98948523.008000001,0,1500604.2112000003,1,1,1,2
16,8,3,ok,156800,110101981.28640001,8670412.7999999989,99588924.825599998,0,1842643.6608,3,1,1,1
16,8,4,ok,117600,109433206.5792,8670412.7999999989,99100341.247999996,0,1662452.5312000001,1,2,1,2
16,8,5,ok,100800,118031803.39200002,9289728,106903073.28,0,1839002.1120000002,1,1,1,5
16,8,6,ok,78400,110071238.2464,8670412.7999999989,99477257.62560001,0,1923567.8208000003,3,1,1,2
16,8,7,ok,67200,110091282.73919998,8670412.7999999989,99515644.927999988,0,1905225.0112000001,1,1,1,7
16,8,8,ok,58800,110296297.26719998,8670412.7999999989,99751950.131199986,0,1873934.3360000001,2,1,2,2
16,8,9,ok,56000,117987508.22400002,9289727.9999999981,106567451.13600001,0,2130329.088,3,1,1,3
16,8,10,ok,50400,118420611.07199998,9289728,107065293.31199998,0,2065589.7600000002,2,1,1,5
16,8,11,ok,50400,130697566.7712,10218700.799999999,118010880.76799998,0,2467985.2031999999,1,1,1,11
16,8,12,ok,39200,110384904.80640002,8670412.7999999989,99629075.865600005,0,2085416.1408000004,3,2,1,2
16,8,13,ok,39200,121984994.89280003,9392947.1999999993,108533902.79680002,0,4058144.8960000002,13,1,1,1
16,8,14,ok,33600,111189115.69919999,8670412.7999999989,100047008.76799999,0,2471694.1311999997,1,2,1,7
16,8,15,ok,33600,118718011.39199999,9289728,107136105.984,0,2292177.4079999998,3,1,1,5
16,8,16,ok,29400,110851444.53119999,8670412.7999999989,99884133.785599992,0,2296897.9456000002,4,1,2,2
16,16,1,ok,940800,217904537.088,17340825.599999998,197744852.1728,0,2818859.3152000001,1,1,1,1
16,16,2,ok,470400,217925413.47839999,17340825.599999998,197745227.77599999,0,2839360.1024000002,1,1,1,2
16,16,3,ok,313600,220047129.29280001,17340825.599999998,199101940.53119999,0,3604363.1616000007,3,1,1,1
16,16,4,ok,235200,218239080.03839999,17340825.599999998,197897046.016,0,3001208.4224000005,1,2,1,2
16,16,5,ok,201600,235279440.38399997,18579456,213426600.95999998,0,3273383.4240000001,1,1,1,5
16,16,6,ok,156800,219828809.93280002,17340825.599999998,198802697.01120001,0,3685287.3215999999,3,1,1,2
16,16,7,ok,134400,219084732.51840001,17340825.599999998,198499926.016,0,3243980.9024,1,1,1,7
16,16,8,ok,117600,218866413.1584,17340825.599999998,198200682.49599999,0,3324905.0624000002,1,4,1,2
16,16,9,ok,112000,235504516.60800001,18579455.999999996,212907174.91200003,0,4017885.696,3,1,1,3
16,16,10,ok,100800,236057055.74400002,18579456,213751041.02399999,0,3726558.7199999997,2,1,1,5
16,16,11,ok,100800,259669967.46240002,20437401.599999998,235186761.21599999,0,4045804.6464000004,1,1,1,11
16,16,12,ok,78400,220142476.4928,17340825.599999998,198954515.25120002,0,3847135.6416000007,3,2,1,2
16,16,13,ok,78400,243800087.06560004,18785894.399999999,216985570.71360001,0,8028621.9519999996,13,1,1,1
16,16,14,ok,67200,220182565.47839996,17340825.599999998,199031289.85599998,0,3810450.0224000001,1,2,1,7
16,16,15,ok,67200,236651856.384,18579456,213892666.368,0,4179734.0160000003,3,1,1,5
16,16,16,ok,58800,220592594.53439996,17340825.599999998,199503900.26239997,0,3747868.6720000003,2,2,2,2
16,32,1,ok,1881600,435652240.89599997,34681651.199999996,395413795.2256,0,5556794.4704000009,1,1,1,1
16,32,2,ok,940800,435537160.39679998,34681651.199999996,395338637.31199998,0,5516871.884800001,1,1,1,2
16,32,3,ok,627200,439937425.30560005,34681651.199999996,398127971.94239998,0,7127802.1632000003,3,1,1,1
16,32,4,ok,470400,435850826.95679998,34681651.199999996,395490455.55199999,0,5678720.2048000004,1,2,1,2
16,32,5,ok,403200,469774714.36800003,37158912,426473656.31999999,0,6142146.0479999995,1,1,1,5
16,32,6,ok,313600,439343953.30560005,34681651.199999996,397453575.78240001,0,7208726.3232000014,3,1,1,2
16,32,7,ok,268800,437071632.07679999,34681651.199999996,396468488.19199997,0,5921492.6848000009,1,1,1,7
16,32,8,ok,235200,436478160.07679999,34681651.199999996,395794092.03200001,0,6002416.844800001,1,4,1,2
16,32,9,ok,215600,455472099.76319999,35765452.799999997,411075172.68479997,0,8631474.2784000002,3,3,1,1
16,32,10,ok,201600,470558880.76799995,37158912,426853201.91999996,0,6546766.8480000002,1,2,1,5
16,32,11,ok,176400,452938131.99359995,35765452.799999997,410386275.76319999,0,6786403.4304000009,1,11,1,1
16,32,12,ok,156800,439657619.86560005,34681651.199999996,397605394.02240002,0,7370574.6431999998,3,2,1,2
16,32,13,ok,156800,487430271.41120011,37571788.799999997,433888906.54720008,0,15969576.064000001,13,1,1,1
16,32,14,ok,134400,438169465.03680003,34681651.199999996,396999852.03200001,0,6487961.8048,1,2,1,7
16,32,15,ok,134400,472519546.36800003,37158912,427405787.13599998,0,7954847.2320000008,3,1,1,5
16,32,16,ok,117600,437732826.3168,34681651.199999996,396401364.99199998,0,6649810.1248000003,1,8,1,2
16,64,1,ok,3763200,871147648.51199996,69363302.399999991,790751681.3312,0,11032664.780800002,1,1,1,1
16,64,2,ok,1881600,870760654.23360002,69363302.399999991,790525456.38400006,0,10871895.449600002,1,1,1,2
16,64,3,ok,1254400,879718017.33120024,69363302.399999991,796180034.76480007,0,14174680.166400002,3,1,1,1
16,64,4,ok,940800,871074320.79359996,69363302.399999991,790677274.62399995,0,11033743.769600002,1,2,1,2
16,64,5,ok,764400,889536978.04799986,70447104,807071451.77599978,0,12018422.272,1,5,1,1
16,64,6,ok,627200,878374240.05120015,69363302.399999991,794755333.32480001,0,14255604.326400001,3,1,1,2
16,64,7,ok,537600,873045431.19359994,69363302.399999991,792405612.54399991,0,11276516.249600001,1,1,1,7
16,64,8,ok,470400,871701653.91359997,69363302.399999991,790980911.10399997,0,11357440.409600001,1,4,1,2
16,64,9,ok,431200,910473699.68640006,71530905.599999994,821922618.00959992,0,17020176.0768,3,3,1,1
16,64,10,ok,382200,890321144.44799995,70447104,807450997.37599981,0,12423043.072000001,1,5,1,2
16,64,11,ok,352800,904151097.90719986,71530905.599999994,819937551.20639992,0,12682641.1008,1,11,1,1
16,64,12,ok,313600,878687906.61120009,69363302.399999991,794907151.56480002,0,14417452.646400003,3,2,1,2
16,64,13,ok,294000,890791644.28799999,70447104,807678724.73599994,0,12665815.551999999,1,13,1,1
16,64,14,ok,268800,874143264.15359998,69363302.399999991,792936976.38399994,0,11842985.369600002,1,2,1,7
16,64,15,ok,254800,896999438.97599995,70447104,809624513.66399992,0,16927821.311999999,3,5,1,1
16,64,16,ok,235200,872956320.15359998,69363302.399999991,791588184.06400001,0,12004833.689600002,1,8,1,2
17,1,1,ok,28224,157693.13279999999,157693.13279999999,0,0,0,1,1,1,1
17,1,2,ok,14112,157693.13279999999,157693.13279999999,0,0,0,1,1,1,2
17,1,3,ok,9482,158925.11040000001,158925.11040000001,0,0,0,3,1,1,1
17,1,4,ok,7056,157693.13279999999,157693.13279999999,0,0,0,2,1,1,2
17,1,5,ok,5733,160157.08799999999,160157.08799999999,0,0,0,5,1,1,1
17,1,6,ok,4741,158925.11040000001,158925.11040000001,0,0,0,3,1,1,2
17,1,7,ok,4032,157693.13280000002,157693.13280000002,0,0,0,1,1,1,7
17,1,8,ok,3528,157693.13279999999,157693.13279999999,0,0,0,2,1,2,2
17,1,9,ok,3198,160773.07680000001,160773.07680000001,0,0,0,9,1,1,1
17,1,10,ok,2867,160157.08799999999,160157.08799999999,0,0,0,5,1,1,2
17,1,11,ok,2646,162621.04320000001,162621.04320000001,0,0,0,11,1,1,1
17,1,12,ok,2371,158925.11040000001,158925.11040000001,0,0,0,3,1,2,2
17,1,13,ok,2205,160157.08799999999,160157.08799999999,0,0,0,13,1,1,1
17,1,14,ok,2016,157693.13280000002,157693.13280000002,0,0,0,2,1,1,7
17,1,15,ok,1985,166316.976,166316.976,0,0,0,15,1,1,1
17,1,16,ok,1764,157693.13279999999,157693.13279999999,0,0,0,4,1,2,2
17,2,1,ok,56448,315386.26559999998,315386.26559999998,0,0,0,1,1,1,1
17,2,2,ok,28224,315386.26559999998,315386.26559999998,0,0,0,1,1,1,2
17,2,3,ok,18963,317850.22080000001,317850.22080000001,0,0,0,3,1,1,1
17,2,4,ok,14112,315386.26559999998,315386.26559999998,0,0,0,1,2,1,2
17,2,5,ok,11466,320314.17599999998,320314.17599999998,0,0,0,5,1,1,1
17,2,6,ok,9482,317850.22080000001,317850.22080000001,0,0,0,3,1,1,2
17,2,7,ok,8064,315386.26560000004,315386.26560000004,0,0,0,1,1,1,7
17,2,8,ok,7056,315386.26559999998,315386.26559999998,0,0,0,1,2,2,2
17,2,9,ok,6395,321546.15360000002,321546.15360000002,0,0,0,9,1,1,1
17,2,10,ok,5733,320314.17599999998,320314.17599999998,0,0,0,5,1,1,2
17,2,11,ok,5292,325242.08640000003,325242.08640000003,0,0,0,11,1,1,1
17,2,12,ok,4741,317850.22080000001,317850.22080000001,0,0,0,3,1,2,2
17,2,13,ok,4410,320314.17599999998,320314.17599999998,0,0,0,13,1,1,1
17,2,14,ok,4032,315386.26560000004,315386.26560000004,0,0,0,1,2,1,7
17,2,15,ok,3969,332633.95199999999,332633.95199999999,0,0,0,15,1,1,1
17,2,16,ok,3528,315386.26559999998,315386.26559999998,0,0,0,2,2,2,2
17,4,1,ok,112896,630772.53119999997,630772.53119999997,0,0,0,1,1,1,1
17,4,2,ok,56448,630772.53119999997,630772.53119999997,0,0,0,1,1,1,2
17,4,3,ok,37926,635700.44160000002,635700.44160000002,0,0,0,3,1,1,1
17,4,4,ok,28224,630772.53119999997,630772.53119999997,0,0,0,1,2,1,2
17,4,5,ok,22932,640628.35199999996,640628.35199999996,0,0,0,5,1,1,1
17,4,6,ok,18963,635700.44160000002,635700.44160000002,0,0,0,3,1,1,2
17,4,7,ok,16128,630772.53120000008,630772.53120000008,0,0,0,1,1,1,7
17,4,8,ok,14112,630772.53119999997,630772.53119999997,0,0,0,1,2,2,2
17,4,9,ok,12789,643092.30720000004,643092.30720000004,0,0,0,9,1,1,1
17,4,10,ok,11466,640628.35199999996,640628.35199999996,0,0,0,5,1,1,2
17,4,11,ok,10584,650484.17280000006,650484.17280000006,0,0,0,11,1,1,1
17,4,12,ok,9482,635700.44160000002,635700.44160000002,0,0,0,3,1,2,2
17,4,13,ok,8820,640628.35199999996,640628.35199999996,0,0,0,13,1,1,1
17,4,14,ok,8064,630772.53120000008,630772.53120000008,0,0,0,1,2,1,7
17,4,15,ok,7938,665267.90399999998,665267.90399999998,0,0,0,15,1,1,1
17,4,16,ok,7056,630772.53119999997,630772.53119999997,0,0,0,2,2,2,2
17,8,1,ok,225792,1261545.0623999999,1261545.0623999999,0,0,0,1,1,1,1
17,8,2,ok,112896,1261545.0623999999,1261545.0623999999,0,0,0,1,1,1,2
17,8,3,ok,75852,1271400.8832,1271400.8832,0,0,0,3,1,1,1
17,8,4,ok,56448,1261545.0623999999,1261545.0623999999,0,0,0,1,2,1,2
17,8,5,ok,45864,1281256.7039999999,1281256.7039999999,0,0,0,5,1,1,1
17,8,6,ok,37926,1271400.8832,1271400.8832,0,0,0,3,1,1,2
17,8,7,ok,32256,1261545.0624000002,1261545.0624000002,0,0,0,1,1,1,7
17,8,8,ok,28224,1261545.0623999999,1261545.0623999999,0,0,0,1,2,2,2
17,8,9,ok,25578,1286184.6144000001,1286184.6144000001,0,0,0,9,1,1,1
17,8,10,ok,22932,1281256.7039999999,1281256.7039999999,0,0,0,5,1,1,2
17,8,11,ok,21168,1300968.3456000001,1300968.3456000001,0,0,0,11,1,1,1
17,8,12,ok,18963,1271400.8832,1271400.8832,0,0,0,3,1,2,2
17,8,13,ok,17640,1281256.7039999999,1281256.7039999999,0,0,0,13,1,1,1
17,8,14,ok,16128,1261545.0624000002,1261545.0624000002,0,0,0,1,2,1,7
17,8,15,ok,15876,1330535.808,1330535.808,0,0,0,15,1,1,1
17,8,16,ok,14112,1261545.0623999999,1261545.0623999999,0,0,0,2,2,2,2
17,16,1,ok,451584,2523090.1247999999,2523090.1247999999,0,0,0,1,1,1,1
17,16,2,ok,225792,2523090.1247999999,2523090.1247999999,0,0,0,1,1,1,2
17,16,3,ok,151704,2542801.7664000001,2542801.7664000001,0,0,0,3,1,1,1
17,16,4,ok,112896,2523090.1247999999,2523090.1247999999,0,0,0,1,2,1,2
17,16,5,ok,91728,2562513.4079999998,2562513.4079999998,0,0,0,5,1,1,1
17,16,6,ok,75852,2542801.7664000001,2542801.7664000001,0,0,0,3,1,1,2
17,16,7,ok,64512,2523090.1248000003,2523090.1248000003,0,0,0,1,1,1,7
17,16,8,ok,56448,2523090.1247999999,2523090.1247999999,0,0,0,1,2,2,2
17,16,9,ok,51156,2572369.2288000002,2572369.2288000002,0,0,0,9,1,1,1
17,16,10,ok,45864,2562513.4079999998,2562513.4079999998,0,0,0,5,1,1,2
17,16,11,ok,42336,2601936.6912000002,2601936.6912000002,0,0,0,11,1,1,1
17,16,12,ok,37926,2542801.7664000001,2542801.7664000001,0,0,0,3,1,2,2
17,16,13,ok,35280,2562513.4079999998,2562513.4079999998,0,0,0,13,1,1,1
17,16,14,ok,32256,2523090.1248000003,2523090.1248000003,0,0,0,1,2,1,7
17,16,15,ok,31752,2661071.6159999999,2661071.6159999999,0,0,0,15,1,1,1
17,16,16,ok,28224,2523090.1247999999,2523090.1247999999,0,0,0,2,2,2,2
17,32,1,ok,903168,5046180.2495999997,5046180.2495999997,0,0,0,1,1,1,1
17,32,2,ok,451584,5046180.2495999997,5046180.2495999997,0,0,0,1,1,1,2
17,32,3,ok,303408,5085603.5328000002,5085603.5328000002,0,0,0,3,1,1,1
17,32,4,ok,225792,5046180.2495999997,5046180.2495999997,0,0,0,1,2,1,2
17,32,5,ok,183456,5125026.8159999996,5125026.8159999996,0,0,0,5,1,1,1
17,32,6,ok,151704,5085603.5328000002,5085603.5328000002,0,0,0,3,1,1,2
17,32,7,ok,129024,5046180.2496000007,5046180.2496000007,0,0,0,1,1,1,7
17,32,8,ok,112896,5046180.2495999997,5046180.2495999997,0,0,0,1,2,2,2
17,32,9,ok,102312,5144738.4576000003,5144738.4576000003,0,0,0,9,1,1,1
17,32,10,ok,91728,5125026.8159999996,5125026.8159999996,0,0,0,5,1,1,2
17,32,11,ok,84672,5203873.3824000005,5203873.3824000005,0,0,0,1,11,1,1
17,32,12,ok,75852,5085603.5328000002,5085603.5328000002,0,0,0,3,1,2,2
17,32,13,ok,70560,5125026.8159999996,5125026.8159999996,0,0,0,13,1,1,1
17,32,14,ok,64512,5046180.2496000007,5046180.2496000007,0,0,0,1,2,1,7
17,32,15,ok,63063,5285183.9040000001,5285183.9040000001,0,0,0,5,3,1,1
17,32,16,ok,56448,5046180.2495999997,5046180.2495999997,0,0,0,2,2,2,2
17,64,1,ok,1806336,10092360.499199999,10092360.499199999,0,0,0,1,1,1,1
17,64,2,ok,903168,10092360.499199999,10092360.499199999,0,0,0,1,1,1,2
17,64,3,ok,606816,10171207.0656,10171207.0656,0,0,0,3,1,1,1
17,64,4,ok,451584,10092360.499199999,10092360.499199999,0,0,0,1,2,1,2
17,64,5,ok,366912,10250053.631999999,10250053.631999999,0,0,0,1,5,1,1
17,64,6,ok,303408,10171207.0656,10171207.0656,0,0,0,3,1,1,2
17,64,7,ok,258048,10092360.499200001,10092360.499200001,0,0,0,1,1,1,7
17,64,8,ok,225792,10092360.499199999,10092360.499199999,0,0,0,1,2,2,2
17,64,9,ok,204624,10289476.915200001,10289476.915200001,0,0,0,9,1,1,1
17,64,10,ok,183456,10250053.631999999,10250053.631999999,0,0,0,1,5,1,2
17,64,11,ok,169344,10407746.764800001,10407746.764800001,0,0,0,1,11,1,1
17,64,12,ok,151704,10171207.0656,10171207.0656,0,0,0,3,1,2,2
17,64,13,ok,141120,10250053.631999999,10250053.631999999,0,0,0,1,13,1,1
17,64,14,ok,129024,10092360.499200001,10092360.499200001,0,0,0,1,2,1,7
17,64,15,ok,123260,10330132.176000001,10330132.176000001,0,0,0,3,5,1,1
17,64,16,ok,112896,10092360.499199999,10092360.499199999,0,0,0,2,2,2,2
18,1,1,ok,12544,3440080.4351999997,231211.00799999997,2886184.2944,0,322685.13280000002,1,1,1,1
18,1,2,ok,6272,3473538.2015999998,231211.00799999997,2902378.2399999998,0,339948.95360000001,1,1,2,1
18,1,3,ok,4480,3767475.9935999997,247726.08000000002,3140721.3311999999,0,379028.58239999996,1,1,3,1
18,1,4,ok,3136,3580470.0159999998,231211.00799999997,2974782.4128,0,374476.59520000004,1,1,4,1
18,1,5,ok,2688,3874407.8080000002,247726.07999999996,3213125.5040000002,0,413556.22399999999,1,1,5,1
18,1,6,ok,2240,3927873.7152000004,247726.08000000002,3249327.5904000001,0,430820.04480000003,1,1,6,1
18,1,7,ok,1792,3740867.7376000001,231211.008,3083388.6719999998,0,426268.05760000006,1,1,1,7
18,1,8,ok,1568,3775396.6079999995,231211.00799999997,3100653.7215999998,0,443531.87840000005,1,1,2,4
18,1,9,ok,1600,4329167.9616,265420.79999999999,3557761.5743999998,0,505985.58720000007,1,1,3,3
18,1,10,ok,1344,4082659.7119999998,247726.07999999996,3335058.3039999995,0,499875.3280000001,1,1,2,5
18,1,11,ok,1344,4490925.6831999999,272498.68799999997,3668564.1343999999,0,549862.86080000014,1,1,1,11
18,1,12,ok,1120,4135288.3968000002,247726.08000000002,3353159.3471999997,0,534402.96960000007,1,1,3,4
18,1,13,ok,1568,7200499.0200000005,234823.67999999996,4103470.9976000008,0,2862204.3424000004,13,1,1,1
18,1,14,ok,896,3933282.6623999989,231211.008,3154956.8511999995,0,547114.80320000008,1,1,2,7
18,1,15,ok,896,4214231.4239999987,247726.08000000002,3380310.9119999991,0,586194.43200000003,1,1,1,15
18,1,16,ok,784,3985911.3472000002,231211.00799999997,3173057.8944000001,0,581642.44480000006,1,1,4,4
18,2,1,ok,25088,6846703.1039999994,462422.01599999995,5756174.6431999998,0,628106.44480000006,1,1,1,1
18,2,2,ok,12544,6880160.8703999994,462422.01599999995,5772368.5888,0,645370.26560000004,1,1,2,1
18,2,3,ok,8960,7434578.688000001,495452.16000000003,6232860.8256000001,0,706265.70240000007,1,1,3,1
18,2,4,ok,6272,6947076.4031999996,462422.01599999995,5804756.4799999995,0,679897.90720000002,1,2,2,1
18,2,5,ok,5376,7581526.784,495452.15999999992,6345281.2799999993,0,740793.34400000004,1,1,5,1
18,2,6,ok,4480,7534951.9871999994,495452.16000000003,6281442.6623999998,0,758057.16479999991,1,2,3,1
18,2,7,ok,3584,7247531.1103999997,462422.016,6053419.7248,0,731689.36960000009,1,1,1,7
18,2,8,ok,3136,7160940.0319999997,462422.01599999995,5949564.8256000001,0,748953.19040000008,1,2,4,1
18,2,9,ok,3200,8466525.1583999991,530841.59999999998,7079086.7711999994,0,856596.78720000002,1,1,3,3
18,2,10,ok,2688,7748815.6160000004,495452.15999999992,6426251.0080000004,0,827112.44799999997,1,2,5,1
18,2,11,ok,2688,8743786.7263999991,544997.37599999993,7288965.6575999996,0,909823.69279999996,1,1,11,1
18,2,12,ok,2240,7855747.4304000009,495452.16000000003,6498655.1808000002,0,861640.08960000006,1,2,6,1
18,2,13,ok,3136,14367017.496000001,469647.35999999993,8190495.0192000018,0,5706875.1168000009,13,1,1,1
18,2,14,ok,1792,7481735.4752000002,462422.016,6166777.3439999996,0,852536.11520000012,1,2,1,7
18,2,15,ok,1792,8108778.2400000002,495452.16000000003,6699894.527999999,0,913431.55200000014,1,1,1,15
18,2,16,ok,1568,7550793.2159999991,462422.01599999995,6201307.4431999996,0,887063.75680000009,1,2,2,4
18,4,1,ok,50176,13639940.300800001,924844.03199999989,11476147.200000001,0,1238949.0688,1,1,1,1
18,4,2,ok,25088,13693406.207999999,924844.03199999989,11512349.2864,0,1256212.8896000001,1,1,1,2
18,4,3,ok,17920,14708759.6544,990904.32000000007,12357115.391999999,0,1360739.9424000001,1,1,1,3
18,4,4,ok,12544,13760321.740799999,924844.03199999989,11544737.1776,0,1290740.5312000001,1,2,2,1
18,4,5,ok,10752,14795683.328,990904.31999999983,12409511.424000001,0,1395267.5840000003,1,1,1,5
18,4,6,ok,8960,14869157.376000002,990904.32000000007,12465721.6512,0,1412531.4048000001,1,2,3,1
18,4,7,ok,7168,13840686.899199998,924844.03200000001,11573310.873599997,0,1342531.9936000002,1,1,1,7
18,4,8,ok,6272,13894152.806399999,924844.03199999989,11609512.959999999,0,1359795.8144,1,4,2,1
18,4,9,ok,6400,15940100.0448,1061683.2,13320597.657600001,0,1557819.1872,1,1,3,3
18,4,10,ok,5376,14962972.16,990904.31999999983,12490481.151999999,0,1481586.6880000001,1,1,2,5
18,4,11,ok,5376,16459269.376,1089994.7519999999,13739529.267199999,0,1629745.3568000002,1,1,1,11
18,4,12,ok,4480,15069903.974399999,990904.32000000007,12562885.3248,0,1516114.3295999998,1,4,3,1
18,4,13,ok,6272,28679733.68,939294.71999999986,16344222.294400001,0,11396216.665600002,13,1,1,1
18,4,14,ok,3584,14214948.249600001,924844.03200000001,11826725.478399999,0,1463378.7392000002,1,1,2,7
18,4,15,ok,3584,15230301.696,990904.32000000007,12671491.584000001,0,1567905.7920000001,1,1,1,15
18,4,16,ok,3136,14321880.063999999,924844.03199999989,11899129.6512,0,1497906.3808000002,1,4,4,1
18,8,1,ok,100352,27246422.835200001,1849688.0639999998,22936100.454399999,0,2460634.3168000001,1,1,1,1
18,8,2,ok,50176,27279880.601600002,1849688.0639999998,22952294.400000002,0,2477898.1376,1,2,1,1
18,8,3,ok,35840,29317146.009599999,1981808.6400000001,24665648.9472,0,2669688.4223999996,1,1,1,3
18,8,4,ok,25088,27386812.415999997,1849688.0639999998,23024698.572799999,0,2512425.7792000002,1,2,1,2
18,8,5,ok,21504,29424077.824000001,1981808.6399999997,24738053.119999997,0,2704216.0640000002,1,1,1,5
18,8,6,ok,17920,29417519.308800001,1981808.6400000001,24714230.783999998,0,2721479.8848000001,1,2,1,3
18,8,7,ok,14336,27447169.433600001,1849688.064,23033264.127999999,0,2564217.2416000003,1,1,1,7
18,8,8,ok,12544,27520643.481599998,1849688.0639999998,23089474.3552,0,2581481.0624000002,1,2,2,2
18,8,9,ok,12544,30960723.916799996,2080899.0719999997,25975658.649599999,0,2904166.1952,1,9,1,1
18,8,10,ok,10752,29591366.655999999,1981808.6399999997,24819022.848000001,0,2790535.1680000005,1,2,1,5
18,8,11,ok,10752,32550503.321599998,2179989.5039999997,27300925.132800002,0,3069588.6848000004,1,1,1,11
18,8,12,ok,8960,29738314.752000004,1981808.6400000001,24931443.3024,0,2825062.8096000003,1,4,3,1
18,8,13,ok,12544,57325486.816000007,1878589.4399999997,32671997.612800006,0,22774899.763200004,13,1,1,1
18,8,14,ok,7168,27681373.798399996,1849688.064,23146621.747199994,0,2685063.9872000003,1,2,1,7
18,8,15,ok,7168,29958736.895999998,1981808.6400000001,25100073.983999997,0,2876854.2720000003,1,1,1,15
18,8,16,ok,6272,27788305.612799998,1849688.0639999998,23219025.919999998,0,2719591.6288000001,1,2,2,4
18,16,1,ok,200704,54459387.903999999,3699376.1279999996,45856006.963200003,0,4904004.8128000004,1,1,1,1
18,16,2,ok,100352,54492845.670400001,3699376.1279999996,45872200.908799998,0,4921268.6336000003,1,2,1,1
18,16,3,ok,71680,58533918.720000006,3963617.2800000003,49282716.057600006,0,5287585.3824000005,1,1,1,3
18,16,4,ok,50176,54559761.203200005,3699376.1279999996,45904588.800000004,0,4955796.2752,1,4,1,1
18,16,5,ok,43008,58680866.816000007,3963617.2799999993,49395136.512000002,0,5322113.0240000002,1,1,1,5
18,16,6,ok,35840,58634292.019199997,3963617.2800000003,49331297.894400001,0,5339376.8447999991,1,2,1,3
18,16,7,ok,28672,54660134.502399996,3699376.128,45953170.636799991,0,5007587.7376000006,1,1,1,7
18,16,8,ok,25088,54773624.831999995,3699376.1279999996,46049397.145599999,0,5024851.5584000004,1,2,2,2
18,16,9,ok,25088,61620327.935999997,4161798.1439999994,51805571.788800001,0,5652958.0032000002,1,9,1,1
18,16,10,ok,21504,58848155.648000002,3963617.2799999993,49476106.239999995,0,5408432.1280000005,1,2,1,5
18,16,11,ok,21504,64732971.212799996,4359979.0079999994,54423716.864,0,5949275.3408000013,1,1,1,11
18,16,12,ok,17920,58835038.617600001,3963617.2800000003,49428461.567999996,0,5442959.7696000002,1,4,1,3
18,16,13,ok,25088,114616993.088,3757178.8799999994,65327548.249600001,0,45532265.958400004,13,1,1,1
18,16,14,ok,14336,54894338.867200002,3699376.128,46066528.255999997,0,5128434.4832000006,1,2,1,7
18,16,15,ok,14336,59415607.295999996,3963617.2800000003,49957238.783999994,0,5494751.2320000008,1,1,1,15
18,16,16,ok,12544,55041286.963199995,3699376.1279999996,46178948.7104,0,5162962.1248000003,1,4,2,2
18,32,1,ok,401408,108885318.0416,7398752.2559999991,91695819.980800003,0,9790745.8048,1,1,1,1
18,32,2,ok,200704,108918775.808,7398752.2559999991,91712013.926400006,0,9808009.6256000008,1,2,1,1
18,32,3,ok,137984,112518921.3696,7629963.2640000004,94758263.347200006,0,10130694.758400001,1,3,1,1
18,32,4,ok,100352,108985691.3408,7398752.2559999991,91744401.817599997,0,9842537.2672000006,1,4,1,1
18,32,5,ok,86016,117194444.80000001,7927234.5599999987,98709303.296000004,0,10557906.944000002,1,1,1,5
18,32,6,ok,68992,112619294.66879998,7629963.2640000004,94806845.183999985,0,10182486.220800001,1,3,2,1
18,32,7,ok,57344,109086064.64,7398752.2560000001,91792983.654399991,0,9894328.7296000011,1,1,1,7
18,32,8,ok,50176,109119522.40640001,7398752.2559999991,91809177.600000009,0,9911592.5504000001,1,8,1,1
18,32,9,ok,49280,121315508.81280002,8174960.6399999997,102186348.8256,0,10954199.347200001,1,3,3,1
18,32,10,ok,43008,117361733.63200001,7927234.5599999987,98790273.024000004,0,10644226.048,1,2,1,5
18,32,11,ok,37632,112786583.50079998,7629963.2639999995,94887814.911999986,0,10268805.324800001,1,11,1,1
18,32,12,ok,34496,114140578.56,7629963.2640000004,96224546.150399998,0,10286069.145600002,1,3,4,1
18,32,13,ok,37632,133293235.04639998,9017229.311999999,112140144.89599998,0,12135860.838400001,1,13,1,1
18,32,14,ok,28672,109320269.00479999,7398752.2560000001,91906341.273599982,0,10015175.475200001,1,2,1,7
18,32,15,ok,28672,118329348.09599999,7927234.5600000005,99671568.383999988,0,10730545.152000001,1,1,1,15
18,32,16,ok,25088,109547249.66399999,7398752.2559999991,92098794.291199997,0,10049703.116800001,1,4,2,2
18,64,1,ok,802816,217737178.3168,14797504.511999998,183375446.016,0,19564227.788800001,1,1,1,1
18,64,2,ok,401408,217770636.08320001,14797504.511999998,183391639.96160001,0,19581491.6096,1,2,1,1
18,64,3,ok,275968,224937469.44,15259926.528000001,189467944.8576,0,20209598.054400004,1,3,1,1
18,64,4,ok,200704,217837551.616,14797504.511999998,183424027.85280001,0,19616019.251200002,1,4,1,1
18,64,5,ok,163072,221597762.30399999,15028715.52,186630342.39999998,0,19938704.384000003,1,5,1,1
18,64,6,ok,137984,225037842.7392,15259926.528000001,189516526.69440001,0,20261389.516800001,1,3,2,1
18,64,7,ok,114688,217937924.91520002,14797504.512,183472609.68960002,0,19667810.713600002,1,1,1,7
18,64,8,ok,100352,217971382.6816,14797504.511999998,183488803.63519999,0,19685074.534400001,1,8,1,1
18,64,9,ok,98560,242329897.72800002,16349921.279999999,204226952.1408,0,21753024.307200003,1,3,3,1
18,64,10,ok,81536,221765051.13600001,15028715.52,186711312.12799999,0,20025023.488000002,1,5,2,1
18,64,11,ok,75264,225205131.57119998,15259926.527999999,189597496.42239997,0,20347708.620800003,1,11,1,1
18,64,12,ok,68992,225238589.33759996,15259926.528000001,189613690.36799997,0,20364972.441600002,1,6,2,1
18,64,13,ok,62720,221865424.43519998,15028715.519999998,186759893.96479997,0,20076814.950400002,1,13,1,1
18,64,14,ok,57344,218172129.28,14797504.512,183585967.30879998,0,19788657.459200002,1,2,1,7
18,64,15,ok,57344,236156829.69600001,15854469.120000001,199100227.58399999,0,21202132.992000002,1,1,1,15
18,64,16,ok,50176,218239044.81280002,14797504.511999998,183618355.20000002,0,19823185.1008,1,16,1,1
19,1,1,ok,13230,73918.656000000003,73918.656000000003,0,0,0,1,1,1,1
19,1,2,ok,6615,73918.656000000003,73918.656000000003,0,0,0,1,1,1,2
19,1,3,ok,4410,73918.656000000003,73918.656000000003,0,0,0,3,1,1,1
19,1,4,ok,3308,73918.656000000003,73918.656000000003,0,0,0,2,1,1,2
19,1,5,ok,2646,73918.656000000003,73918.656000000003,0,0,0,5,1,1,1
19,1,6,ok,2205,73918.656000000003,73918.656000000003,0,0,0,3,1,1,2
19,1,7,ok,1890,73918.656000000003,73918.656000000003,0,0,0,1,1,1,7
19,1,8,ok,1654,73918.656000000003,73918.656000000003,0,0,0,2,1,2,2
19,1,9,ok,1489,74842.639200000005,74842.639200000005,0,0,0,9,1,1,1
19,1,10,ok,1323,73918.656000000003,73918.656000000003,0,0,0,5,1,1,2
19,1,11,ok,1213,74534.644799999995,74534.644799999995,0,0,0,11,1,1,1
19,1,12,ok,1103,73918.656000000003,73918.656000000003,0,0,0,3,1,2,2
19,1,13,ok,1020,74072.653200000001,74072.653200000001,0,0,0,13,1,1,1
19,1,14,ok,945,73918.656000000003,73918.656000000003,0,0,0,2,1,1,7
19,1,15,ok,882,73918.656000000003,73918.656000000003,0,0,0,15,1,1,1
19,1,16,ok,827,73918.656000000003,73918.656000000003,0,0,0,4,1,2,2
19,2,1,ok,26460,147837.31200000001,147837.31200000001,0,0,0,1,1,1,1
19,2,2,ok,13230,147837.31200000001,147837.31200000001,0,0,0,1,1,1,2
19,2,3,ok,8820,147837.31200000001,147837.31200000001,0,0,0,3,1,1,1
19,2,4,ok,6615,147837.31200000001,147837.31200000001,0,0,0,1,2,1,2
19,2,5,ok,5292,147837.31200000001,147837.31200000001,0,0,0,5,1,1,1
19,2,6,ok,4410,147837.31200000001,147837.31200000001,0,0,0,3,1,1,2
19,2,7,ok,3780,147837.31200000001,147837.31200000001,0,0,0,1,1,1,7
19,2,8,ok,3308,147837.31200000001,147837.31200000001,0,0,0,1,2,2,2
19,2,9,ok,2977,149685.27840000001,149685.27840000001,0,0,0,9,1,1,1
19,2,10,ok,2646,147837.31200000001,147837.31200000001,0,0,0,5,1,1,2
19,2,11,ok,2426,149069.28959999999,149069.28959999999,0,0,0,11,1,1,1
19,2,12,ok,2205,147837.31200000001,147837.31200000001,0,0,0,3,1,2,2
19,2,13,ok,2040,148145.3064,148145.3064,0,0,0,13,1,1,1
19,2,14,ok,1890,147837.31200000001,147837.31200000001,0,0,0,1,2,1,7
19,2,15,ok,1764,147837.31200000001,147837.31200000001,0,0,0,15,1,1,1
19,2,16,ok,1654,147837.31200000001,147837.31200000001,0,0,0,2,2,2,2
19,4,1,ok,52920,295674.62400000001,295674.62400000001,0,0,0,1,1,1,1
19,4,2,ok,26460,295674.62400000001,295674.62400000001,0,0,0,1,1,1,2
19,4,3,ok,17640,295674.62400000001,295674.62400000001,0,0,0,3,1,1,1
19,4,4,ok,13230,295674.62400000001,295674.62400000001,0,0,0,1,2,1,2
19,4,5,ok,10584,295674.62400000001,295674.62400000001,0,0,0,5,1,1,1
19,4,6,ok,8820,295674.62400000001,295674.62400000001,0,0,0,3,1,1,2
19,4,7,ok,7560,295674.62400000001,295674.62400000001,0,0,0,1,1,1,7
19,4,8,ok,6615,295674.62400000001,295674.62400000001,0,0,0,1,2,2,2
19,4,9,ok,5954,299370.55680000002,299370.55680000002,0,0,0,9,1,1,1
19,4,10,ok,5292,295674.62400000001,295674.62400000001,0,0,0,5,1,1,2
19,4,11,ok,4851,298138.57919999998,298138.57919999998,0,0,0,11,1,1,1
19,4,12,ok,4410,295674.62400000001,295674.62400000001,0,0,0,3,1,2,2
19,4,13,ok,4080,296290.6128,296290.6128,0,0,0,13,1,1,1
19,4,14,ok,3780,295674.62400000001,295674.62400000001,0,0,0,1,2,1,7
19,4,15,ok,3528,295674.62400000001,295674.62400000001,0,0,0,15,1,1,1
19,4,16,ok,3308,295674.62400000001,295674.62400000001,0,0,0,2,2,2,2
19,8,1,ok,105840,591349.24800000002,591349.24800000002,0,0,0,1,1,1,1
19,8,2,ok,52920,591349.24800000002,591349.24800000002,0,0,0,1,1,1,2
19,8,3,ok,35280,591349.24800000002,591349.24800000002,0,0,0,3,1,1,1
19,8,4,ok,26460,591349.24800000002,591349.24800000002,0,0,0,1,2,1,2
19,8,5,ok,21168,591349.24800000002,591349.24800000002,0,0,0,5,1,1,1
19,8,6,ok,17640,591349.24800000002,591349.24800000002,0,0,0,3,1,1,2
19,8,7,ok,15120,591349.24800000002,591349.24800000002,0,0,0,1,1,1,7
19,8,8,ok,13230,591349.24800000002,591349.24800000002,0,0,0,1,2,2,2
19,8,9,ok,11907,598741.11360000004,598741.11360000004,0,0,0,9,1,1,1
19,8,10,ok,10584,591349.24800000002,591349.24800000002,0,0,0,5,1,1,2
19,8,11,ok,9702,596277.15839999996,596277.15839999996,0,0,0,11,1,1,1
19,8,12,ok,8820,591349.24800000002,591349.24800000002,0,0,0,3,1,2,2
19,8,13,ok,8159,592581.22560000001,592581.22560000001,0,0,0,13,1,1,1
19,8,14,ok,7560,591349.24800000002,591349.24800000002,0,0,0,1,2,1,7
19,8,15,ok,7056,591349.24800000002,591349.24800000002,0,0,0,15,1,1,1
19,8,16,ok,6615,591349.24800000002,591349.24800000002,0,0,0,2,2,2,2
19,16,1,ok,211680,1182698.496,1182698.496,0,0,0,1,1,1,1
19,16,2,ok,105840,1182698.496,1182698.496,0,0,0,1,1,1,2
19,16,3,ok,70560,1182698.496,1182698.496,0,0,0,3,1,1,1
19,16,4,ok,52920,1182698.496,1182698.496,0,0,0,1,2,1,2
19,16,5,ok,42336,1182698.496,1182698.496,0,0,0,5,1,1,1
19,16,6,ok,35280,1182698.496,1182698.496,0,0,0,3,1,1,2
19,16,7,ok,30240,1182698.496,1182698.496,0,0,0,1,1,1,7
19,16,8,ok,26460,1182698.496,1182698.496,0,0,0,1,2,2,2
19,16,9,ok,23814,1197482.2272000001,1197482.2272000001,0,0,0,9,1,1,1
19,16,10,ok,21168,1182698.496,1182698.496,0,0,0,5,1,1,2
19,16,11,ok,19404,1192554.3167999999,1192554.3167999999,0,0,0,11,1,1,1
19,16,12,ok,17640,1182698.496,1182698.496,0,0,0,3,1,2,2
19,16,13,ok,16317,1185162.4512,1185162.4512,0,0,0,13,1,1,1
19,16,14,ok,15120,1182698.496,1182698.496,0,0,0,1,2,1,7
19,16,15,ok,14112,1182698.496,1182698.496,0,0,0,15,1,1,1
19,16,16,ok,13230,1182698.496,1182698.496,0,0,0,2,2,2,2
19,32,1,ok,423360,2365396.9920000001,2365396.9920000001,0,0,0,1,1,1,1
19,32,2,ok,211680,2365396.9920000001,2365396.9920000001,0,0,0,1,1,1,2
19,32,3,ok,141120,2365396.9920000001,2365396.9920000001,0,0,0,3,1,1,1
19,32,4,ok,105840,2365396.9920000001,2365396.9920000001,0,0,0,1,2,1,2
19,32,5,ok,84672,2365396.9920000001,2365396.9920000001,0,0,0,5,1,1,1
19,32,6,ok,70560,2365396.9920000001,2365396.9920000001,0,0,0,3,1,1,2
19,32,7,ok,60480,2365396.9920000001,2365396.9920000001,0,0,0,1,1,1,7
19,32,8,ok,52920,2365396.9920000001,2365396.9920000001,0,0,0,1,2,2,2
19,32,9,ok,47628,2394964.4544000002,2394964.4544000002,0,0,0,9,1,1,1
19,32,10,ok,42336,2365396.9920000001,2365396.9920000001,0,0,0,5,1,1,2
19,32,11,ok,38808,2385108.6335999998,2385108.6335999998,0,0,0,11,1,1,1
19,32,12,ok,35280,2365396.9920000001,2365396.9920000001,0,0,0,3,1,2,2
19,32,13,ok,32634,2370324.9024,2370324.9024,0,0,0,13,1,1,1
19,32,14,ok,30240,2365396.9920000001,2365396.9920000001,0,0,0,1,2,1,7
19,32,15,ok,28224,2365396.9920000001,2365396.9920000001,0,0,0,15,1,1,1
19,32,16,ok,26460,2365396.9920000001,2365396.9920000001,0,0,0,2,2,2,2
19,64,1,ok,846720,4730793.9840000002,4730793.9840000002,0,0,0,1,1,1,1
19,64,2,ok,423360,4730793.9840000002,4730793.9840000002,0,0,0,1,1,1,2
19,64,3,ok,282240,4730793.9840000002,4730793.9840000002,0,0,0,3,1,1,1
19,64,4,ok,211680,4730793.9840000002,4730793.9840000002,0,0,0,1,2,1,2
19,64,5,ok,169344,4730793.9840000002,4730793.9840000002,0,0,0,5,1,1,1
19,64,6,ok,141120,4730793.9840000002,4730793.9840000002,0,0,0,3,1,1,2
19,64,7,ok,120960,4730793.9840000002,4730793.9840000002,0,0,0,1,1,1,7
19,64,8,ok,105840,4730793.9840000002,4730793.9840000002,0,0,0,1,2,2,2
19,64,9,ok,95256,4789928.9088000003,4789928.9088000003,0,0,0,9,1,1,1
19,64,10,ok,84672,4730793.9840000002,4730793.9840000002,0,0,0,5,1,1,2
19,64,11,ok,77616,4770217.2671999997,4770217.2671999997,0,0,0,11,1,1,1
19,64,12,ok,70560,4730793.9840000002,4730793.9840000002,0,0,0,3,1,2,2
19,64,13,ok,65268,4740649.8048,4740649.8048,0,0,0,13,1,1,1
19,64,14,ok,60480,4730793.9840000002,4730793.9840000002,0,0,0,1,2,1,7
19,64,15,ok,56448,4730793.9840000002,4730793.9840000002,0,0,0,15,1,1,1
19,64,16,ok,52920,4730793.9840000002,4730793.9840000002,0,0,0,2,2,2,2
20,1,1,ok,17640,4607057.2031999994,325140.47999999998,4015221.0048000002,0,266695.71840000001,1,1,1,1
20,1,2,ok,8820,4726938.9311999995,325140.47999999998,4037993.7407999998,0,363804.71040000004,1,1,1,2
20,1,3,ok,5880,5053165.7472000001,325140.47999999998,4263065.3568000002,0,464959.91040000005,3,1,1,1
20,1,4,ok,4410,4949993.2031999994,325140.47999999998,4161915.9167999998,0,462936.80640000006,2,1,1,2
20,1,5,ok,3780,5427194.1119999997,348364.79999999993,4411584.2879999997,0,667245.02399999998,1,1,1,5
20,1,6,ok,2940,5173047.4752000002,325140.47999999998,4285838.0928000007,0,562068.90240000002,3,1,1,2
20,1,7,ok,2520,5410756.9151999997,325140.47999999998,4236266.7647999991,0,849349.67040000006,1,1,1,7
20,1,8,ok,2205,5189756.6591999996,325140.47999999998,4207461.3887999998,0,657154.79040000006,2,1,2,2
20,1,9,ok,2100,5693540.5439999998,348364.79999999999,4659722.784,0,685452.9600000002,3,1,1,3
20,1,10,ok,1890,5666180.8320000004,348364.79999999993,4544358.0479999995,0,773457.98399999994,2,1,1,5
20,1,11,ok,2520,6324233.3748000003,335301.12,4725679.2132000001,0,1263253.0416000001,11,1,1,1
20,1,12,ok,1470,5412810.9312000005,325140.47999999998,4331383.5647999998,0,756286.88639999996,3,1,2,2
20,1,13,ok,1680,6272746.8569999989,330220.79999999999,4483627.004999999,0,1458899.0519999999,13,1,1,1
20,1,14,ok,1260,5633811.1872000005,325140.47999999998,4360188.9408,0,948481.76639999996,2,1,1,7
20,1,15,ok,1260,5905167.5520000001,348364.79999999999,4677131.8079999993,0,879670.94400000002,3,1,1,5
20,1,16,ok,1260,5793967.9872000013,325140.47999999998,4411098.1248000003,0,1057729.3824,8,1,1,2
20,2,1,ok,35280,9094232.6784000024,650280.95999999996,8007669.2736000009,0,436282.44480000006,1,1,1,1
20,2,2,ok,17640,9214114.4063999988,650280.95999999996,8030442.0096000005,0,533391.43680000002,1,1,1,2
20,2,3,ok,11760,9986449.7664000019,650280.95999999996,8503357.9776000008,0,832810.82880000002,3,1,1,1
20,2,4,ok,8820,9453877.8623999991,650280.95999999996,8075987.4815999996,0,727609.42080000008,1,2,1,2
20,2,5,ok,7560,10254979.583999999,696729.59999999986,8709304.8959999979,0,848945.08800000011,1,1,1,5
20,2,6,ok,5880,10106331.4944,650280.95999999996,8526130.7136000004,0,929919.8208000001,3,1,1,2
20,2,7,ok,5040,9982341.7343999986,650280.95999999996,8313124.3775999984,0,1018936.3968,1,1,1,7
20,2,8,ok,4410,9899986.4063999988,650280.95999999996,8323831.8335999995,0,925873.61280000012,2,1,2,2
20,2,9,ok,4200,11027435.903999997,696729.59999999998,9251127.3599999994,0,1079578.9439999999,3,1,1,3
20,2,10,ok,3780,10732953.024,696729.59999999986,8974852.4159999993,0,1061371.0080000001,2,1,1,5
20,2,11,ok,5040,12454385.5656,670602.23999999999,9357420.8903999999,0,2426362.4352000002,11,1,1,1
20,2,12,ok,2940,10346094.9504,650280.95999999996,8571676.1856000014,0,1124137.8048,3,1,2,2
20,2,13,ok,3360,12354353.153999999,660441.59999999998,8874739.7699999996,0,2819171.784,13,1,1,1
20,2,14,ok,2520,10428450.2784,650280.95999999996,8560968.7295999993,0,1217200.5888,2,1,1,7
20,2,15,ok,2520,11210926.464,696729.59999999998,9240399.9359999988,0,1273796.9280000001,3,1,1,5
20,2,16,ok,2205,10379513.318399999,650280.95999999996,8414922.7775999997,0,1314309.5808000001,2,2,2,2
20,4,1,ok,70560,17765135.308800001,1300561.9199999999,15689117.4912,0,775455.89760000003,1,1,1,1
20,4,2,ok,35280,17953335.244800001,1300561.9199999999,15780208.435200002,0,872564.88960000011,1,1,1,2
20,4,3,ok,23520,18806036.428800002,1300561.9199999999,15936961.843200004,0,1568512.6655999999,3,1,1,1
20,4,4,ok,17640,18329735.116799995,1300561.9199999999,15962390.323199999,0,1066782.8736,1,1,2,2
20,4,5,ok,14700,20207760.947999999,1320883.1999999997,16519387.571999999,0,2367490.176,5,1,1,1
20,4,6,ok,11760,18994236.364800002,1300561.9199999999,16028052.787200004,0,1665621.6576,3,1,1,2
20,4,7,ok,10080,19125511.3728,1300561.9199999999,16466839.6032,0,1358109.8496000001,1,1,1,7
20,4,8,ok,8820,18850185.676800005,1300561.9199999999,16086312.499200001,0,1463311.2576000001,2,1,2,2
20,4,9,ok,8400,20705217.408,1393459.2,17443927.296,0,1867830.912,3,1,1,3
20,4,10,ok,7350,20398901.508000001,1320883.1999999997,16611901.811999999,0,2466116.4960000003,5,1,1,2
20,4,11,ok,8820,24714689.947200004,1341204.48,18620904.244799998,0,4752581.2224000003,11,1,1,1
20,4,12,ok,5880,19370636.2368,1300561.9199999999,16210234.6752,0,1859839.6416000002,3,1,2,2
20,4,13,ok,5880,24517565.748,1320883.2,17656965.299999997,0,5539717.2480000006,13,1,1,1
20,4,14,ok,5040,19752422.860799998,1300561.9199999999,16697222.707199996,0,1754638.2336000002,2,1,1,7
20,4,15,ok,5040,20969071.487999998,1393459.2,17513563.391999997,0,2062048.8959999999,3,1,1,5
20,4,16,ok,4410,19799972.812799998,1300561.9199999999,16647663.667199999,0,1851747.2256000002,2,2,2,2
20,8,1,ok,141120,35342070.681600004,2601123.8399999999,31287144.038400002,0,1453802.8032000002,1,1,1,1
20,8,2,ok,70560,35530270.617600001,2601123.8399999999,31378234.9824,0,1550911.7952000001,1,1,1,2
20,8,3,ok,47040,37423872.921599999,2601123.8399999999,31782832.742400002,0,3039916.3392000003,3,1,1,1
20,8,4,ok,35280,35906670.489600003,2601123.8399999999,31560416.870400004,0,1745129.7792000002,1,2,1,2
20,8,5,ok,30240,38766640.89599999,2786918.3999999994,34040577.023999996,0,1939145.4720000001,1,1,1,5
20,8,6,ok,23520,37612072.857600003,2601123.8399999999,31873923.686400007,0,3137025.3311999999,3,1,1,2
20,8,7,ok,20160,37146545.049599998,2601123.8399999999,32508964.454399999,0,2036456.7552,1,1,1,7
20,8,8,ok,17640,36659470.233599991,2601123.8399999999,31924780.646399997,0,2133565.7472000001,1,2,2,2
20,8,9,ok,16800,40845835.008000001,2786918.3999999999,34614581.759999998,0,3444334.8480000002,3,1,1,3
20,8,10,ok,14700,40415521.895999998,2641766.3999999994,33038775.143999998,0,4734980.352,5,1,1,2
20,8,11,ok,17640,49235298.710400008,2682408.96,37147870.953600004,0,9405018.7968000006,11,1,1,1
20,8,12,ok,11760,37988472.729600005,2601123.8399999999,32056105.574400008,0,3331243.3152000001,3,1,2,2
20,8,13,ok,11760,48843990.935999997,2641766.3999999999,35221416.359999999,0,10980808.176000001,13,1,1,1
20,8,14,ok,10080,38187446.169599995,2601123.8399999999,32756808.806399994,0,2829513.5232000002,2,1,1,7
20,8,15,ok,10080,40997143.295999996,2786918.3999999999,34571672.063999996,0,3638552.8320000004,3,1,1,5
20,8,16,ok,8820,37700371.35360001,2601123.8399999999,32172624.998400003,0,2926622.5152000003,2,2,2,2
20,16,1,ok,282240,70495941.42719999,5202247.6799999997,62483197.132799998,0,2810496.6144000003,1,1,1,1
20,16,2,ok,141120,70684141.363200009,5202247.6799999997,62574288.076800004,0,2907605.6064000004,1,1,1,2
20,16,3,ok,94080,74659545.907200009,5202247.6799999997,63474574.540800005,0,5982723.6864,3,1,1,1
20,16,4,ok,70560,71060541.235200003,5202247.6799999997,62756469.9648,0,3101823.5904000001,1,2,1,2
20,16,5,ok,60480,76592282.111999989,5573836.7999999989,67625699.327999994,0,3392745.9840000002,1,1,1,5
20,16,6,ok,47040,74847745.843199998,5202247.6799999997,63565665.484800003,0,6079832.6784000006,3,1,1,2
20,16,7,ok,40320,72975690.547199994,5202247.6799999997,64380292.300799996,0,3393150.5664000004,1,1,1,7
20,16,8,ok,35280,71813340.979200006,5202247.6799999997,63120833.740800008,0,3490259.5584000004,1,2,2,2
20,16,9,ok,33600,81127070.208000004,5573836.7999999998,68955890.688000008,0,6597342.7200000007,3,1,1,3
20,16,10,ok,30240,77533281.791999981,5573836.7999999989,68081154.047999993,0,3878290.9440000001,1,2,1,5
20,16,11,ok,35280,98276516.2368,5364817.9199999999,74201804.371199995,0,18709893.945600003,11,1,1,1
20,16,12,ok,23520,75224145.715200007,5202247.6799999997,63747847.372800015,0,6274050.6623999998,3,1,2,2
20,16,13,ok,23520,97496841.311999977,5283532.7999999998,70350318.479999989,0,21862990.032000002,13,1,1,1
20,16,14,ok,20160,74293090.099199995,5202247.6799999997,65017928.908799998,0,4072913.5104,1,2,1,7
20,16,15,ok,20160,81053286.912,5573836.7999999998,68687889.407999992,0,6791560.7040000008,3,1,1,5
20,16,16,ok,17640,73318940.467199981,5202247.6799999997,63849561.292799994,0,4267131.4944000002,1,4,2,2
20,32,1,ok,564480,140803682.91839999,10404495.359999999,124875303.32159999,0,5523884.2368000001,1,1,1,1
20,32,2,ok,282240,140991882.85439998,10404495.359999999,124966394.2656,0,5620993.2288000006,1,1,1,2
20,32,3,ok,188160,149130891.8784,10404495.359999999,126858058.1376,0,11868338.380799999,3,1,1,1
20,32,4,ok,141120,141368282.72640002,10404495.359999999,125148576.15360001,0,5815211.2128000008,1,2,1,2
20,32,5,ok,120960,152243564.544,11147673.599999998,134795943.93599999,0,6299947.0079999994,1,1,1,5
20,32,6,ok,94080,149319091.81440002,10404495.359999999,126949149.08160001,0,11965447.3728,3,1,1,2
20,32,7,ok,80640,144633981.54239997,10404495.359999999,128122947.99359998,0,6106538.1887999997,1,1,1,7
20,32,8,ok,70560,142121082.47040001,10404495.359999999,125512939.9296,0,6203647.1808000002,1,2,2,2
20,32,9,ok,64680,163158017.81760001,10729635.84,139997974.69439998,0,12430407.283200001,3,3,1,1
20,32,10,ok,60480,153184564.22399998,11147673.599999998,135251398.65599999,0,6785491.9680000003,1,2,1,5
20,32,11,ok,52920,149395489.68959999,10729635.84,132001292.96640001,0,6664560.8832,1,11,1,1
20,32,12,ok,47040,149695491.6864,10404495.359999999,127131330.96960001,0,12159665.356800001,3,1,2,2
20,32,13,ok,47040,194802542.06399998,10567065.6,140608122.72,0,43627353.744000003,13,1,1,1
20,32,14,ok,40320,145951381.09439999,10404495.359999999,128760584.60159999,0,6786301.1328000007,1,2,1,7
20,32,15,ok,40320,161165574.14399999,11147673.6,136920324.09599999,0,13097576.448000001,3,1,1,5
20,32,16,ok,35280,143626681.95840001,10404495.359999999,126241667.48160002,0,6980519.1168000009,1,4,2,2
20,64,1,ok,1128960,281419165.90079999,20808990.719999999,249659515.69919997,0,10950659.481600001,1,1,1,1
20,64,2,ok,564480,281607365.83679998,20808990.719999999,249750606.64319998,0,11047768.4736,1,1,1,2
20,64,3,ok,376320,298073583.82080001,20808990.719999999,253625025.3312,0,23639567.7696,3,1,1,1
20,64,4,ok,282240,281983765.70879996,20808990.719999999,249932788.53119999,0,11241986.457600001,1,2,1,2
20,64,5,ok,229320,292265814.528,21134131.199999996,259623001.15200001,0,11508682.176000001,1,5,1,1
20,64,6,ok,188160,298261783.7568,20808990.719999999,253716116.27520001,0,23736676.761599999,3,1,1,2
20,64,7,ok,161280,287950563.53279996,20808990.719999999,255608259.37919998,0,11533313.433599999,1,1,1,7
20,64,8,ok,141120,282736565.45280004,20808990.719999999,250297152.30720001,0,11630422.425600002,1,2,2,2
20,64,9,ok,129360,325956390.45119995,21459271.68,279927631.18079996,0,24569487.590400003,3,3,1,1
20,64,10,ok,114660,292865223.16799998,21134131.199999996,259736864.83199999,0,11994227.136000002,1,5,1,2
20,64,11,ok,105840,297472280.37119997,21459271.68,263752085.83680001,0,12260922.854400001,1,11,1,1
20,64,12,ok,94080,298638183.62880003,20808990.719999999,253898298.16320002,0,23930894.7456,3,1,2,2
20,64,13,ok,88200,293224868.352,21134131.199999999,259805183.03999996,0,12285554.112000002,1,13,1,1
20,64,14,ok,80640,289267963.08479995,20808990.719999999,256245895.98719996,0,12213076.377599999,1,2,1,7
20,64,15,ok,76440,321262869.88800001,21134131.199999999,275732884.03200001,0,24395854.655999999,3,5,1,1
20,64,16,ok,70560,284242164.94080001,20808990.719999999,251025879.8592,0,12407294.3616,1,4,2,2
21,1,1,ok,8820,2415055.7376000006,162570.23999999999,2069571.5904000001,0,182913.90720000002,1,1,1,1
21,1,2,ok,4410,2474996.6015999997,162570.23999999999,2080957.9583999999,0,231468.40320000003,1,1,1,2
21,1,3,ok,2940,2861164.2816000003,162570.23999999999,2317415.9424000001,0,381178.09920000006,3,1,1,1
21,1,4,ok,2205,2594878.3295999998,162570.23999999999,2103730.6943999999,0,328577.39520000003,1,1,2,2
21,1,5,ok,1890,2833090.4160000002,174182.39999999997,2272179.0239999997,0,386728.99199999997,1,1,1,5
21,1,6,ok,1470,2921105.1455999999,162570.23999999999,2328802.3103999998,0,429732.5952000001,3,1,1,2
21,1,7,ok,1260,2816905.5936000003,162570.23999999999,2180094.4704,0,474240.88319999998,1,1,1,7
21,1,8,ok,1260,2896983.9936000006,162570.23999999999,2205549.0624000002,0,528864.6912,4,1,1,2
21,1,9,ok,1050,3205250.352,174182.39999999999,2529022.0320000001,0,502045.92000000004,3,1,1,3
21,1,10,ok,945,3203135.8559999992,174182.39999999997,2399451.9839999997,0,629501.47199999995,1,1,2,5
21,1,11,ok,1680,4078761.6474000001,167650.56,2734258.0385999996,0,1176853.0488,11,1,1,1
21,1,12,ok,735,3040986.8736,162570.23999999999,2351575.0464000003,0,526841.58720000007,3,1,2,2
21,1,13,ok,840,4103138.2704000007,176117.75999999998,2547539.6336000003,0,1379480.8768,13,1,1,1
21,1,14,ok,630,3334969.2096000002,162570.23999999999,2358276.6143999998,0,814122.35520000011,1,1,2,7
21,1,15,ok,630,3311063.8559999997,174182.39999999999,2537726.5439999998,0,599154.91200000013,3,1,1,5
21,1,16,ok,630,3197729.7215999998,162570.23999999999,2409185.7984000002,0,625973.68319999997,4,1,2,2
21,2,1,ok,17640,4770170.6112000011,325140.47999999998,4127756.8128000004,0,317273.31840000005,1,1,1,1
21,2,2,ok,8820,4830111.4752000012,325140.47999999998,4139143.1808000002,0,365827.81440000003,1,1,1,2
21,2,3,ok,6300,5274731.2319999998,348364.79999999999,4492789.9199999999,0,433576.51200000005,1,1,1,3
21,2,4,ok,4410,4949993.2031999994,325140.47999999998,4161915.9167999998,0,462936.80640000006,1,2,1,2
21,2,5,ok,3780,5366476.5120000001,348364.79999999993,4487426.2079999996,0,530685.50400000007,1,1,1,5
21,2,6,ok,2940,5722328.5632000007,325140.47999999998,4634831.8848000001,0,762356.19840000011,3,1,1,2
21,2,7,ok,2520,5214225.1392000001,325140.47999999998,4280484.3647999996,0,608600.29440000001,1,1,1,7
21,2,8,ok,2205,5189756.6591999996,325140.47999999998,4207461.3887999998,0,657154.79040000006,1,2,2,2
21,2,9,ok,2100,6230678.1119999997,348364.79999999999,5023884.9600000009,0,858428.35200000019,3,1,1,3
21,2,10,ok,1890,5666180.8320000004,348364.79999999993,4544358.0479999995,0,773457.98399999994,1,2,1,5
21,2,11,ok,3360,8060482.7028000001,335301.12,5421547.3092,0,2303634.2736000004,11,1,1,1
21,2,12,ok,1470,5842210.2911999999,325140.47999999998,4657604.6207999997,0,859465.1904000002,3,1,2,2
21,2,13,ok,1680,8104334.9088000003,352235.51999999996,5045738.3392000003,0,2706361.0496,13,1,1,1
21,2,14,ok,1260,5633811.1872000005,325140.47999999998,4360188.9408,0,948481.76639999996,1,2,1,7
21,2,15,ok,1260,6247249.6320000002,348364.79999999999,4882654.3679999998,0,1016230.464,1,1,1,15
21,2,16,ok,1260,5793967.9872000013,325140.47999999998,4411098.1248000003,0,1057729.3824,4,2,1,2
21,4,1,ok,35280,9142792.9343999997,650280.95999999996,7906519.8335999995,0,585992.14080000005,1,1,1,1
21,4,2,ok,17640,9236892.9024000019,650280.95999999996,7952065.3056000005,0,634546.63680000009,1,1,1,2
21,4,3,ok,11760,10183694.054400001,650280.95999999996,8154364.1856000004,0,1379048.9088000001,3,1,1,1
21,4,4,ok,8820,9425092.8384000026,650280.95999999996,8043156.2496000007,0,731655.62880000006,1,1,2,2
21,4,5,ok,7560,10205722.943999998,696729.59999999986,8690394.8159999996,0,818598.52799999993,1,1,1,5
21,4,6,ok,5880,10277794.022399999,650280.95999999996,8199909.6576000005,0,1427603.4048000001,3,1,1,2
21,4,7,ok,5040,9876211.430399999,650280.95999999996,8348611.3535999982,0,877319.11680000008,1,1,1,7
21,4,8,ok,4410,9899986.4063999988,650280.95999999996,8323831.8335999995,0,925873.61280000012,1,2,2,2
21,4,9,ok,4200,11189047.104,696729.59999999998,8921124.2880000006,0,1571193.2160000002,3,1,1,3
21,4,10,ok,3780,10732953.024,696729.59999999986,8974852.4159999993,0,1061371.0080000001,1,2,1,5
21,4,11,ok,5880,16023924.8136,670602.23999999999,10796125.850399999,0,4557196.7232000008,11,1,1,1
21,4,12,ok,2940,10465993.9584,650280.95999999996,8291000.6016000006,0,1524712.3968000002,3,1,2,2
21,4,13,ok,2940,16106728.185600001,704471.03999999992,10042135.750399999,0,5360121.3952000001,13,1,1,1
21,4,14,ok,2520,10396661.990399998,650280.95999999996,8472533.5295999981,0,1273847.5008,2,1,1,7
21,4,15,ok,2520,11320974.143999999,696729.59999999998,8955942.3359999992,0,1668302.2080000001,3,1,1,5
21,4,16,ok,2205,10379513.318399999,650280.95999999996,8414922.7775999997,0,1314309.5808000001,1,4,2,2
21,8,1,ok,70560,18191485.900799997,1300561.9199999999,15767494.1952,0,1123429.7856000001,1,1,1,1
21,8,2,ok,35280,18285585.868799999,1300561.9199999999,15813039.667199999,0,1171984.2816000001,1,1,1,2
21,8,3,ok,23520,20273288.140800003,1300561.9199999999,16263182.899200004,0,2709543.3216000004,3,1,1,1
21,8,4,ok,17640,18473785.804800004,1300561.9199999999,15904130.611200001,0,1269093.2736000002,1,2,1,2
21,8,5,ok,15120,19940946.048,1393459.1999999997,17153062.272,0,1394424.5760000004,1,1,1,5
21,8,6,ok,11760,20367388.108800001,1300561.9199999999,16308728.371200001,0,2758097.8176000002,3,1,1,2
21,8,7,ok,10080,19093723.084799998,1300561.9199999999,16378404.403199997,0,1414756.7616000001,1,1,1,7
21,8,8,ok,8820,18850185.676800005,1300561.9199999999,16086312.499200001,0,1463311.2576000001,1,2,2,2
21,8,9,ok,8400,22095794.304000001,1393459.2,17705612.16,0,2996722.9440000006,3,1,1,3
21,8,10,ok,7560,20411445.887999997,1393459.1999999997,17380789.631999999,0,1637197.0559999999,1,2,1,5
21,8,11,ok,11760,31950809.0352,1341204.48,21545282.932799999,0,9064321.6224000007,11,1,1,1
21,8,12,ok,5880,20555588.044799998,1300561.9199999999,16399819.315200001,0,2855206.8096000003,3,1,2,2
21,8,13,ok,5880,32111514.739200003,1408942.0799999998,20034930.572799999,0,10667642.0864,13,1,1,1
21,8,14,ok,5040,19752422.860799998,1300561.9199999999,16697222.707199996,0,1754638.2336000002,1,2,1,7
21,8,15,ok,5040,22007403.647999998,1393459.2,18733974.912,0,1879969.5360000003,1,1,1,15
21,8,16,ok,4410,19799972.812799998,1300561.9199999999,16647663.667199999,0,1851747.2256000002,1,4,2,2
21,16,1,ok,141120,36288871.8336,2601123.8399999999,31489442.918399997,0,2198305.0752000003,1,1,1,1
21,16,2,ok,70560,36382971.801599994,2601123.8399999999,31534988.3904,0,2246859.5712000001,1,1,1,2
21,16,3,ok,47040,40452476.313600004,2601123.8399999999,32480820.326400004,0,5370532.1471999995,3,1,1,1
21,16,4,ok,35280,36571171.737599999,2601123.8399999999,31626079.334399998,0,2343968.5632000002,1,2,1,2
21,16,5,ok,30240,39411392.255999997,2786918.3999999994,34078397.184,0,2546076.6720000003,1,1,1,5
21,16,6,ok,23520,40546576.281600006,2601123.8399999999,32526365.798400007,0,5419086.6432000007,3,1,1,2
21,16,7,ok,20160,37528746.393600002,2601123.8399999999,32437990.5024,0,2489632.0512000006,1,1,1,7
21,16,8,ok,17640,36947571.609600008,2601123.8399999999,31808261.222400002,0,2538186.5472000004,1,2,2,2
21,16,9,ok,16800,43909288.703999996,2786918.3999999999,35274587.903999999,0,5847782.4000000004,3,1,1,3
21,16,10,ok,15120,39881892.096000001,2786918.3999999994,34306124.544,0,2788849.1520000007,1,2,1,5
21,16,11,ok,23520,63804577.478399999,2682408.96,43043597.097599998,0,18078571.4208,11,1,1,1
21,16,12,ok,11760,40734776.217600003,2601123.8399999999,32617456.742400002,0,5516195.6352000004,3,1,2,2
21,16,13,ok,11760,64121087.846400015,2817884.1599999997,40020520.217600003,0,21282683.468800001,13,1,1,1
21,16,14,ok,10080,38187446.169599995,2601123.8399999999,32756808.806399994,0,2829513.5232000002,1,2,1,7
21,16,15,ok,10080,42603307.776000001,2786918.3999999999,36784767.743999995,0,3031621.6320000002,1,1,1,15
21,16,16,ok,8820,37700371.35360001,2601123.8399999999,32172624.998400003,0,2926622.5152000003,1,4,2,2
21,32,1,ok,282240,72483643.699200004,5202247.6799999997,62933340.364800006,0,4348055.6544000003,1,1,1,1
21,32,2,ok,141120,72577743.667199999,5202247.6799999997,62978885.836799994,0,4396610.1504000006,1,1,1,2
21,32,3,ok,97020,77898613.4208,5364817.9199999999,67954271.443199992,0,4579524.0576000009,1,3,1,1
21,32,4,ok,70560,72765943.603199989,5202247.6799999997,63069976.7808,0,4493719.1424000002,1,2,1,2
21,32,5,ok,60480,78352284.671999991,5573836.7999999989,67929067.007999986,0,4849380.8640000001,1,1,1,5
21,32,6,ok,48510,78078436.012800008,5364817.9199999999,67988430.547199994,0,4725187.5456000008,1,3,1,2
21,32,7,ok,40320,74398793.011199996,5202247.6799999997,64557162.700799987,0,4639382.6304000001,1,1,1,7
21,32,8,ok,35280,73142343.475199997,5202247.6799999997,63252158.668799996,0,4687937.1264000004,1,2,2,2
21,32,9,ok,35280,82285136.40959999,5852528.6399999997,71158678.502399996,0,5273929.2672000006,1,9,1,1
21,32,10,ok,30240,78822784.511999995,5573836.7999999989,68156794.368000001,0,5092153.3440000005,1,2,1,5
21,32,11,ok,26460,78378140.332800001,5364817.9199999999,68045362.387199998,0,4967960.0256000012,1,11,1,1
21,32,12,ok,24255,78438081.196799994,5364817.9199999999,68056748.755199999,0,5016514.5216000006,1,3,2,2
21,32,13,ok,26460,92628711.302399993,6340239.3599999994,80417246.457599998,0,5871225.4848000007,1,13,1,1
21,32,14,ok,20160,75057492.787200004,5202247.6799999997,64875981.004799999,0,4979264.1024000011,1,2,1,7
21,32,15,ok,20160,83795116.03199999,5573836.7999999998,72886353.407999992,0,5334925.824000001,1,1,1,15
21,32,16,ok,17640,73895143.219200015,5202247.6799999997,63616522.444800004,0,5076373.0944000008,1,4,2,2
21,64,1,ok,564480,144873187.43040001,10404495.359999999,125821135.25760001,0,8647556.8128000014,1,1,1,1
21,64,2,ok,282240,144967287.39840001,10404495.359999999,125866680.72960001,0,8696111.3088000007,1,1,1,2
21,64,3,ok,194040,155617404.24959999,10729635.84,135874383.78239998,0,9013384.6272,1,3,1,1
21,64,4,ok,141120,145155487.3344,10404495.359999999,125957771.67359999,0,8793220.3008000012,1,2,1,2
21,64,5,ok,114660,153382171.104,10567065.599999998,133838971.296,0,8976134.2080000006,1,5,1,1
21,64,6,ok,97020,155797226.8416,10729635.84,135908542.88639998,0,9159048.1152000017,1,3,1,2
21,64,7,ok,80640,148138886.2464,10404495.359999999,128795507.09759998,0,8938883.7888000011,1,1,1,7
21,64,8,ok,70560,145531887.20639998,10404495.359999999,126139953.5616,0,8987438.2848000005,1,2,2,2
21,64,9,ok,70560,163723373.10719997,11705057.279999999,141907447.7568,0,10110868.0704,1,9,1,1
21,64,10,ok,57330,153681875.42399999,10567065.599999998,133895903.13600001,0,9218906.6879999992,1,5,1,2
21,64,11,ok,52920,156096931.16159996,10729635.84,135965474.72639999,0,9401820.5952000022,1,11,1,1
21,64,12,ok,48510,156156872.02560002,10729635.84,135976861.09439999,0,9450375.0912000015,1,3,2,2
21,64,13,ok,44100,153861698.01599997,10567065.6,133930062.23999998,0,9364570.1760000009,1,13,1,1
21,64,14,ok,40320,148797586.02239999,10404495.359999999,129114325.40159997,0,9278765.2608000003,1,2,1,7
21,64,15,ok,40320,166178732.54399997,11147673.6,145089524.73599997,0,9941534.2080000006,1,1,1,15
21,64,16,ok,35280,146284686.95039999,10404495.359999999,126504317.33759999,0,9375874.2528000008,1,4,2,2
22,1,1,ok,37044,8369853.8975999989,634023.93599999999,7450315.1583999991,0,285514.80320000002,1,1,1,1
22,1,2,ok,18522,8658489.3408000004,634023.93599999999,7549588.0671999995,0,474877.33760000003,1,1,1,2
22,1,3,ok,13608,8733998.0700000003,640120.31999999995,7740664.3019999992,0,353213.44800000003,3,1,1,1
22,1,4,ok,9261,9235760.2272000015,634023.93599999999,7748133.8848000001,0,853602.40639999998,1,1,2,2
22,1,5,ok,7938,10101625.559999999,679311.35999999999,8372481.2399999993,0,1049832.96,1,1,1,5
22,1,6,ok,6804,9326091.2219999991,640120.31999999995,8141574.1260000002,0,544396.77600000007,3,1,2,1
22,1,7,ok,5292,8699856.7068000007,640120.31999999995,7652708.3723999998,0,407028.01440000004,7,1,1,1
22,1,8,ok,5292,8945290.4543999992,634023.93599999999,7886966.7807999998,0,424299.73760000005,8,1,1,1
22,1,9,ok,4536,9152652.2831999995,658409.47199999995,7963424.5391999986,0,530818.272,9,1,1,1
22,1,10,ok,4536,9191593.7819999997,640120.31999999995,7999995.8219999997,0,551477.64000000001,10,1,1,1
22,1,11,ok,4536,9393538.5918000005,637072.12799999991,8177942.7157999994,0,578523.74800000002,11,1,1,1
22,1,12,ok,3402,10543735.061999997,640120.31999999995,8951360.1995999981,0,952254.54239999992,3,1,2,2
22,1,13,ok,3024,8974757.0015999991,634023.93599999987,7706839.7535999995,0,633893.31200000003,13,1,1,1
22,1,14,ok,2646,8991267.4908000007,640120.31999999995,7752935.8284000009,0,598211.34240000008,7,1,1,2
22,1,15,ok,3024,9377468.9820000008,640120.31999999995,8044253.7420000015,0,693094.92000000004,15,1,1,1
22,1,16,ok,2646,9233925.8976000007,634023.93599999999,7986239.6896000002,0,613662.272,8,1,1,2
22,2,1,ok,74088,16505938.425600002,1268047.872,14856223.481600001,0,381667.07200000004,1,1,1,1
22,2,2,ok,37044,16739707.795199998,1268047.872,14900630.316799998,0,571029.60640000005,1,2,1,1
22,2,3,ok,27216,17097477.515999999,1280240.6399999999,15301993.307999998,0,515243.56800000009,3,1,1,1
22,2,4,ok,18522,17316978.681600001,1268047.872,15099176.134399999,0,949754.67520000006,1,2,1,2
22,2,5,ok,15876,19034404.272,1358622.72,16522928.303999998,0,1152853.2480000001,1,1,1,5
22,2,6,ok,13608,17467996.140000001,1280240.6399999999,15481328.603999998,0,706426.89600000007,3,2,1,1
22,2,7,ok,10584,17163696.261599999,1280240.6399999999,15260582.9208,0,622872.70079999999,7,1,1,1
22,2,8,ok,9261,18471520.454400003,1268047.872,15496267.7696,0,1707204.8128,1,2,2,2
22,2,9,ok,9072,17924199.695999999,1316818.9439999999,15742389.9168,0,864990.83520000009,9,1,1,1
22,2,10,ok,7938,20203251.119999997,1358622.72,16744962.479999999,0,2099665.9199999999,1,2,1,5
22,2,11,ok,9072,18418322.934,1274144.2559999998,16177404.1132,0,966774.56480000017,11,1,1,1
22,2,12,ok,6804,18652182.443999998,1280240.6399999999,16283148.252,0,1088793.5520000001,3,2,2,1
22,2,13,ok,6048,17582524.127999995,1268047.8719999997,15236052.166399997,0,1078424.0896000001,13,1,1,1
22,2,14,ok,5292,17399713.413600001,1280240.6399999999,15305416.7448,0,814056.02880000009,7,2,1,1
22,2,15,ok,6048,18384419.34,1280240.6399999999,15909172.188000003,0,1195006.5120000001,15,1,1,1
22,2,16,ok,5292,17890580.908799998,1268047.872,15773933.5616,0,848599.4752000001,8,2,1,1
22,4,1,ok,137592,32414743.641599998,2536095.7439999999,29225370.611199997,0,653277.2864000001,1,1,1,1
22,4,2,ok,68796,32414743.641599998,2536095.7439999999,29225370.611199997,0,653277.2864000001,2,1,1,1
22,4,3,ok,47628,33025882.679999992,2560481.2799999998,29728062.033599995,0,737339.36640000006,3,1,1,1
22,4,4,ok,34398,33001197.811199997,2536095.7439999999,29622462.246399999,0,842639.8208000001,2,1,1,2
22,4,5,ok,31752,34023544.631999999,2560481.2799999998,30567112.631999996,0,895950.7200000002,5,1,1,1
22,4,6,ok,23814,33617975.832000002,2560481.2799999998,30128971.857600003,0,928522.69440000015,3,1,1,2
22,4,7,ok,19656,35933468.65919999,2536095.7439999999,31607920.422399998,0,1789452.4928000001,1,1,1,7
22,4,8,ok,17199,34174106.150400005,2536095.7439999999,30416645.516800001,0,1221364.8896000001,2,1,2,2
22,4,9,ok,15876,34382088.403200001,2633637.8879999998,30521007.878399998,0,1227442.6368000002,9,1,1,1
22,4,10,ok,14742,37034009.567999996,2717245.4399999999,32872899.935999997,0,1443864.192,2,1,1,5
22,4,11,ok,15876,35315622.856799997,2548288.5119999996,31397927.765599996,0,1369406.5792,11,1,1,1
22,4,12,ok,11907,34802162.136,2560481.2799999998,30930791.505599998,0,1310889.3504000001,3,1,2,2
22,4,13,ok,10584,33559734.873599999,2536095.7439999995,29497999.398399998,0,1525639.7312,13,1,1,1
22,4,14,ok,9828,35933468.65919999,2536095.7439999999,31607920.422399998,0,1789452.4928000001,2,1,1,7
22,4,15,ok,10584,35064445.752000004,2560481.2799999998,30814956.984000001,0,1689007.4880000001,15,1,1,1
22,4,16,ok,9261,34908607.5264,2536095.7439999999,30992535.5392,0,1379976.2432000001,4,1,2,2
22,8,1,ok,275184,64462497.407999992,5072191.4879999999,58273113.881599993,0,1117192.0384,1,1,1,1
22,8,2,ok,137592,64462497.407999992,5072191.4879999999,58273113.881599993,0,1117192.0384,2,1,1,1
22,8,3,ok,95256,65681246.736000001,5120962.5599999996,59276788.771200001,0,1283495.4048000001,3,1,1,1
22,8,4,ok,68796,64829487.283199996,5072191.4879999999,58450741.222399995,0,1306554.5728000002,2,2,1,1
22,8,5,ok,58968,72233069.75999999,5434490.8799999999,64857663.16799999,0,1940915.7120000001,1,1,1,5
22,8,6,ok,47628,66051765.359999985,5120962.5599999996,59456124.06719999,0,1474678.7328000001,3,2,1,1
22,8,7,ok,39312,69298008.192000002,5072191.4879999999,61972449.459200002,0,2253367.2448000005,1,1,1,7
22,8,8,ok,34398,66002395.622399993,5072191.4879999999,59244924.492799997,0,1685279.6416000002,2,2,1,2
22,8,9,ok,31752,68383071.93599999,5267275.7759999996,60857556.595199995,0,2258239.5648000003,9,1,1,1
22,8,10,ok,29484,72233069.75999999,5434490.8799999999,64857663.16799999,0,1940915.7120000001,2,1,1,5
22,8,11,ok,31752,70262491.464000002,5096577.0239999993,62617374.212799996,0,2548540.2271999996,11,1,1,1
22,8,12,ok,23814,67235951.664000005,5120962.5599999996,60257943.715200007,0,1857045.3888000003,3,2,1,2
22,8,13,ok,21168,66752479.872000001,5072191.487999999,58818371.456,0,2861916.9280000003,13,1,1,1
22,8,14,ok,19656,69298008.192000002,5072191.4879999999,61972449.459200002,0,2253367.2448000005,2,1,1,7
22,8,15,ok,21168,69758372.879999995,5120962.5599999996,61450578.671999998,0,3186831.648,15,1,1,1
22,8,16,ok,17199,68348212.300800011,5072191.4879999999,60833291.033600003,0,2442729.7792000002,2,2,2,2
22,16,1,ok,550368,128558004.9408,10144382.976,116368600.4224,0,2045021.5424000002,1,1,1,1
22,16,2,ok,275184,128558004.9408,10144382.976,116368600.4224,0,2045021.5424000002,2,1,1,1
22,16,3,ok,190512,130991974.84800002,10241925.119999999,118374242.2464,0,2375807.4816000001,3,1,1,1
22,16,4,ok,137592,128924994.81599998,10144382.976,116546227.76319999,0,2234384.0767999999,2,2,1,1
22,16,5,ok,117936,142631190.14399999,10868981.76,128827189.632,0,2935018.7520000003,1,1,1,5
22,16,6,ok,95256,131362493.472,10241925.119999999,118553577.5424,0,2566990.8096000003,3,2,1,1
22,16,7,ok,78624,136027087.25759998,10144382.976,122701507.53279999,0,3181196.7488000002,1,1,1,7
22,16,8,ok,68796,129658974.56639999,10144382.976,116901482.44479999,0,2613109.1456000004,2,4,1,1
22,16,9,ok,63504,136385039.0016,10534551.551999999,121530654.02879998,0,4319833.4208000004,9,1,1,1
22,16,10,ok,58968,142631190.14399999,10868981.76,128827189.632,0,2935018.7520000003,2,1,1,5
22,16,11,ok,63504,140156228.67840001,10193154.047999999,125056267.1072,0,4906807.5231999997,11,1,1,1
22,16,12,ok,47628,132103530.71999997,10241925.119999999,118912248.13439998,0,2949357.4656000002,3,4,1,1
22,16,13,ok,42336,133137969.86879998,10144382.975999998,117459115.57119997,0,5534471.3216000004,13,1,1,1
22,16,14,ok,39312,136027087.25759998,10144382.976,122701507.53279999,0,3181196.7488000002,2,1,1,7
22,16,15,ok,42336,139146227.13600001,10241925.119999999,122721822.04799999,0,6182479.9680000003,15,1,1,1
22,16,16,ok,34398,132004791.24479999,10144382.976,118489848.98559999,0,3370559.2832000004,2,4,1,2
22,32,1,ok,1100736,256749020.00639999,20288765.952,232559573.50400001,0,3900680.5504000001,1,1,1,1
22,32,2,ok,550368,256749020.00639999,20288765.952,232559573.50400001,0,3900680.5504000001,2,1,1,1
22,32,3,ok,381024,261613431.07199997,20483850.239999998,236569149.19679999,0,4560431.6352000013,3,1,1,1
22,32,4,ok,275184,257116009.88159999,20288765.952,232737200.8448,0,4090043.0848000003,2,2,1,1
22,32,5,ok,235872,283427430.91199994,21737963.52,256766242.55999997,0,4923224.8320000004,1,1,1,5
22,32,6,ok,190512,261983949.69600004,20483850.239999998,236748484.4928,0,4751614.9632000001,3,2,1,1
22,32,7,ok,157248,269485245.38879997,20288765.952,244159623.67999995,0,5036855.7568000006,1,1,1,7
22,32,8,ok,137592,257849989.63199997,20288765.952,233092455.52639997,0,4468768.1535999998,2,4,1,1
22,32,9,ok,127008,272388973.13279998,21069103.103999998,242876848.896,0,8443021.1328000017,9,1,1,1
22,32,10,ok,117936,283427430.91199994,21737963.52,256766242.55999997,0,4923224.8320000004,2,1,1,5
22,32,11,ok,111132,271062252.48959994,20922789.888,244883449.85280001,0,5256012.7488000002,1,11,1,1
22,32,12,ok,95256,262724986.94400001,20483850.239999998,237107155.0848,0,5133981.6192000005,3,4,1,1
22,32,13,ok,84672,265908949.8624,20288765.951999996,234740603.80159998,0,10879580.1088,13,1,1,1
22,32,14,ok,78624,269485245.38879997,20288765.952,244159623.67999995,0,5036855.7568000006,2,1,1,7
22,32,15,ok,84672,277921935.64799994,20483850.239999998,245264308.80000001,0,12173776.608000001,15,1,1,1
22,32,16,ok,68796,259317949.13279998,20288765.952,233802964.88959998,0,5226218.2912000008,2,8,1,1
22,64,1,ok,2201472,513131050.13759995,40577531.903999999,464941519.66719997,0,7611998.5664000008,1,1,1,1
22,64,2,ok,1100736,513131050.13759995,40577531.903999999,464941519.66719997,0,7611998.5664000008,2,1,1,1
22,64,3,ok,762048,522856343.51999998,40967700.479999997,472958963.09759998,0,8929679.942400001,3,1,1,1
22,64,4,ok,550368,513498040.01279998,40577531.903999999,465119147.00800002,0,7801361.1008000001,2,2,1,1
22,64,5,ok,481572,530014341.16799998,41211555.839999996,481606075.18400002,0,7196710.1439999994,1,5,1,1
22,64,6,ok,381024,523226862.14399993,40967700.479999997,473138298.39359999,0,9120863.2704000026,3,2,1,1
22,64,7,ok,314496,536401561.65120006,40577531.903999999,487075855.97440004,0,8748173.7728000004,1,1,1,7
22,64,8,ok,275184,514232019.76319999,40577531.903999999,465474401.68959999,0,8180086.1696000006,2,4,1,1
22,64,9,ok,254016,544396841.39520001,42138206.207999997,485569238.63039994,0,16689396.5568,9,1,1,1
22,64,10,ok,240786,534749482.80000001,41211555.839999996,485394404.14400005,0,8143522.8160000015,1,5,1,2
22,64,11,ok,222264,539553041.91359997,41845579.776000001,489278424.51839995,0,8429037.6192000005,1,11,1,1
22,64,12,ok,190512,523967899.39200008,40967700.479999997,473496968.98559999,0,9503229.9264000002,3,4,1,1
22,64,13,ok,169344,531450909.84960002,40577531.903999992,469303580.26239997,0,21569797.683200002,13,1,1,1
22,64,14,ok,157248,536401561.65120006,40577531.903999999,487075855.97440004,0,8748173.7728000004,2,1,1,7
22,64,15,ok,163296,575586375.84000003,43893964.799999997,521373819.45600003,0,10318591.584000001,3,1,1,5
22,64,16,ok,137592,515699979.26399994,40577531.903999999,466184911.05279994,0,8937536.3071999997,2,8,1,1
23,1,1,ok,1680,501139.40160000004,27095.039999999997,360948.63040000002,0,113095.73120000001,1,1,1,1
23,1,2,ok,840,526201.54560000007,27095.039999999997,377918.35840000003,0,121188.14720000002,1,1,1,2
23,1,3,ok,600,585269.20799999998,29030.399999999998,419458.00800000003,0,136780.80000000002,1,1,3,1
23,1,4,ok,420,576325.83360000001,27095.039999999997,411857.81440000003,0,137372.9792,1,1,2,2
23,1,5,ok,360,635393.49599999993,29030.400000000001,453397.46399999998,0,152965.63200000001,1,1,5,1
23,1,6,ok,300,660455.64000000001,29030.399999999998,470367.19200000004,0,161058.04800000001,1,1,3,2
23,1,7,ok,240,651512.26560000004,27095.039999999997,462766.99840000004,0,161650.22719999999,1,1,7,1
23,1,8,ok,210,706438.47360000014,27095.039999999997,442838.35840000003,0,236505.07520000002,2,1,2,2
23,1,9,ok,240,837658.62719999999,34836.479999999996,594986.14080000005,0,207836.00639999998,1,1,9,1
23,1,10,ok,180,760704.2159999999,29030.400000000001,538246.10399999993,0,193427.71200000003,1,1,5,2
23,1,11,ok,840,2242938.9972000001,37255.679999999993,1096030.2627999997,0,1109653.0544,11,1,1,1
23,1,12,ok,150,799862.04000000004,29030.399999999998,503560.63199999998,0,267271.00800000003,2,1,3,2
23,1,13,ok,840,2650746.0875999997,44029.439999999995,1295308.4923999999,0,1311408.1552000002,13,1,1,1
23,1,14,ok,120,781624.90559999994,27095.039999999997,493747.54239999992,0,260782.32320000004,2,1,7,1
23,1,15,ok,120,886014.93599999999,29030.399999999998,623094.74399999995,0,233889.79199999999,1,1,15,1
23,1,16,ok,105,893285.60639999993,30965.759999999998,564282.90559999994,0,298036.94080000004,2,1,2,4
23,2,1,ok,3360,986595.47519999999,54190.079999999994,714306.34880000004,0,218099.04640000002,1,1,1,1
23,2,2,ok,1680,1002278.8032000001,54190.079999999994,721897.26080000005,0,226191.46240000002,1,2,1,1
23,2,3,ok,1200,1123488.432,58060.799999999996,816143.28000000003,0,249284.35200000004,1,1,3,1
23,2,4,ok,840,1052403.0912000001,54190.079999999994,755836.71680000005,0,242376.29440000004,1,2,1,2
23,2,5,ok,720,1192370.352,58060.800000000003,868840.3679999999,0,265469.18400000001,1,1,5,1
23,2,6,ok,600,1170538.416,58060.799999999996,838916.01600000006,0,273561.60000000003,1,2,3,1
23,2,7,ok,480,1193241.2352000002,54190.079999999994,872397.61280000012,0,266653.54239999998,1,1,7,1
23,2,8,ok,420,1152651.6672,54190.079999999994,823715.62880000006,0,274745.9584,1,2,2,2
23,2,9,ok,480,1534167.3024000002,69672.959999999992,1121654.0736000002,0,342840.26880000002,1,1,9,1
23,2,10,ok,360,1270786.9919999999,58060.800000000003,906794.92799999996,0,305931.26400000002,1,2,5,1
23,2,11,ok,1680,4464313.4183999998,74511.359999999986,2181623.0215999996,0,2208179.0368000004,11,1,1,1
23,2,12,ok,300,1320911.28,58060.799999999996,940734.38400000008,0,322116.09600000002,1,2,3,2
23,2,13,ok,1680,5276006.7672000006,88058.87999999999,2578281.7527999994,0,2609666.1344000003,13,1,1,1
23,2,14,ok,240,1303024.5312000001,54190.079999999994,925533.99680000008,0,323300.45439999999,1,2,7,1
23,2,15,ok,240,1536779.9519999998,58060.799999999996,1132325.808,0,346393.34399999998,1,1,15,1
23,2,16,ok,210,1412876.9472000003,54190.079999999994,885676.71680000005,0,473010.15040000004,2,2,2,2
23,4,1,ok,5880,1957507.6224,108380.15999999999,1421021.7856000001,0,428105.67680000007,1,1,1,1
23,4,2,ok,2940,1973190.9504,108380.15999999999,1428612.6976000001,0,436198.09280000004,1,1,1,2
23,4,3,ok,2100,2143653.9840000002,116121.59999999999,1553240.9279999998,0,474291.45600000012,1,1,1,3
23,4,4,ok,1470,2004557.6064000002,108380.15999999999,1443794.5216000001,0,452382.92480000004,1,1,2,2
23,4,5,ok,1260,2165641.824,116121.60000000001,1559043.9359999998,0,490476.28800000006,1,1,1,5
23,4,6,ok,1050,2190703.9679999999,116121.59999999999,1576013.6640000001,0,498568.70400000009,1,1,2,3
23,4,7,ok,840,2079744.0384000002,108380.15999999999,1494703.7056,0,476660.1728,1,1,1,7
23,4,8,ok,840,2104806.1824000003,108380.15999999999,1511673.4336000001,0,484752.58880000009,1,4,1,2
23,4,9,ok,750,2411628.3359999997,124415.99999999999,1732222.5120000001,0,554989.82400000002,1,1,3,3
23,4,10,ok,630,2290952.5440000002,116121.60000000001,1643892.5759999999,0,530938.36800000002,1,1,2,5
23,4,11,ok,2940,8907062.2608000003,149022.71999999997,4352808.5391999995,0,4405231.001600001,11,1,1,1
23,4,12,ok,600,2341076.8319999999,116121.59999999999,1677832.0320000001,0,547123.20000000007,1,4,3,1
23,4,13,ok,2940,10526528.126400001,176117.75999999998,5144228.2736,0,5206182.0928000007,13,1,1,1
23,4,14,ok,420,2255179.0463999999,108380.15999999999,1613491.8016000001,0,533307.08479999995,1,1,2,7
23,4,15,ok,420,2416263.264,116121.59999999999,1728741.216,0,571400.44799999997,1,1,1,15
23,4,16,ok,420,2305303.3344000001,108380.15999999999,1647431.2576000001,0,549491.91680000001,1,4,2,2
23,8,1,ok,11760,3899331.9168000002,216760.31999999998,2834452.6592000006,0,848118.93760000006,1,1,1,1
23,8,2,ok,5880,3915015.2448,216760.31999999998,2842043.5712000001,0,856211.35360000015,1,1,1,2
23,8,3,ok,4200,4240257.9839999992,232243.19999999998,3083709.1199999996,0,924305.66400000011,1,1,1,3
23,8,4,ok,2940,3946381.9007999999,216760.31999999998,2857225.3952000001,0,872396.18560000008,1,2,1,2
23,8,5,ok,2520,4252867.0079999994,232243.20000000001,3080133.3119999995,0,940490.49600000004,1,1,1,5
23,8,6,ok,2100,4287307.9680000003,232243.19999999998,3106481.8559999997,0,948582.91200000024,1,2,1,3
23,8,7,ok,1680,4049704.7808000008,216760.31999999998,2936271.0272000004,0,896673.43360000011,1,1,1,7
23,8,8,ok,1470,4009115.2128000003,216760.31999999998,2887589.0432000002,0,904765.84960000007,1,2,2,2
23,8,9,ok,1500,4682106.7199999997,248831.99999999997,3396126.8160000001,0,1037147.904,1,1,3,3
23,8,10,ok,1260,4331283.648,232243.20000000001,3118087.8719999995,0,980952.57600000012,1,2,1,5
23,8,11,ok,1680,5512533.4176000003,298045.43999999994,3970434.9344000001,0,1244053.0432000002,1,11,1,1
23,8,12,ok,1050,4381407.9359999998,232243.19999999998,3152027.3280000002,0,997137.40800000017,1,2,2,3
23,8,13,ok,1680,6514812.2208000002,352235.51999999996,4692332.1952,0,1470244.5056,1,13,1,1
23,8,14,ok,840,4159488.0768000004,216760.31999999998,2989407.4112,0,953320.3456,1,2,1,7
23,8,15,ok,840,4597276.608,232243.19999999998,3343618.7520000003,0,1021414.6560000001,1,1,1,15
23,8,16,ok,840,4209612.3648000006,216760.31999999998,3023346.8672000002,0,969505.17760000017,1,8,1,2
23,16,1,ok,23520,7782980.5056000007,433520.63999999996,5661314.4064000007,0,1688145.4592000002,1,1,1,1
23,16,2,ok,11760,7798663.8336000005,433520.63999999996,5668905.3184000012,0,1696237.8752000001,1,1,1,2
23,16,3,ok,8400,8433465.9839999992,464486.39999999997,6144645.5039999997,0,1824334.0800000003,1,1,1,3
23,16,4,ok,5880,7830030.4896,433520.63999999996,5684087.1424000002,0,1712422.7072000003,1,2,1,2
23,16,5,ok,5040,8427317.3760000002,464486.40000000002,6122312.0639999993,0,1840518.912,1,1,1,5
23,16,6,ok,4200,8480515.9679999985,464486.39999999997,6167418.2399999993,0,1848611.3280000002,1,2,1,3
23,16,7,ok,3360,7989626.2656000014,433520.63999999996,5819405.6704000011,0,1736699.9552000002,1,1,1,7
23,16,8,ok,2940,7892763.8015999999,433520.63999999996,5714450.7904000003,0,1744792.3712000002,1,2,2,2
23,16,9,ok,3000,9223063.4879999999,497663.99999999994,6723935.4239999996,0,2001464.064,1,1,3,3
23,16,10,ok,2520,8505734.0159999989,464486.40000000002,6160266.6239999989,0,1880980.9920000001,1,2,1,5
23,16,11,ok,3360,10852550.2272,596090.87999999989,7857369.8368000006,0,2399089.5104,1,11,1,1
23,16,12,ok,2100,8574615.9360000007,464486.39999999997,6212963.7119999994,0,1897165.8240000005,1,4,1,3
23,16,13,ok,3360,12825741.1776,704471.03999999992,9285982.5344000012,0,2835287.6032000002,1,13,1,1
23,16,14,ok,1680,8099409.5616000015,433520.63999999996,5872542.0544000007,0,1793346.8672000002,1,2,1,7
23,16,15,ok,1680,8959303.296000002,464486.39999999997,6573373.824000001,0,1921443.0720000002,1,1,1,15
23,16,16,ok,1470,8018230.4256000007,433520.63999999996,5775178.0864000004,0,1809531.6992000001,1,4,2,2
23,32,1,ok,47040,15550277.6832,867041.27999999991,11315037.900800001,0,3368198.5024000006,1,1,1,1
23,32,2,ok,23520,15565961.011200001,867041.27999999991,11322628.812800001,0,3376290.9184000003,1,1,1,2
23,32,3,ok,16800,16819881.983999997,928972.79999999993,12266518.272,0,3624390.9120000005,1,1,1,3
23,32,4,ok,11760,15597327.667200001,867041.27999999991,11337810.636800002,0,3392475.7504000003,1,2,1,2
23,32,5,ok,10080,16776218.112,928972.80000000005,12206669.567999998,0,3640575.7440000004,1,1,1,5
23,32,6,ok,8400,16866931.967999998,928972.79999999993,12289291.007999999,0,3648668.1600000006,1,2,1,3
23,32,7,ok,6720,15869469.235200001,867041.27999999991,11585674.956800003,0,3416752.9984000004,1,1,1,7
23,32,8,ok,5880,15660060.9792,867041.27999999991,11368174.2848,0,3424845.4144000006,1,2,2,2
23,32,9,ok,5880,17617568.601599999,975421.43999999994,12789196.0704,0,3852951.0912000006,1,9,1,1
23,32,10,ok,5040,16854634.752,928972.80000000005,12244624.127999999,0,3681037.824,1,2,1,5
23,32,11,ok,5040,16192567.036800001,894136.31999999995,11744304.7392,0,3554125.9775999999,1,11,1,1
23,32,12,ok,4200,16961031.935999997,928972.79999999993,12334836.479999999,0,3697222.6560000004,1,4,1,3
23,32,13,ok,5040,19136670.134399999,1056706.5600000001,13879632.873599999,0,4200330.7007999998,1,13,1,1
23,32,14,ok,3360,15979252.531200003,867041.27999999991,11638811.340800002,0,3473399.9104000004,1,2,1,7
23,32,15,ok,3360,17683356.672000002,928972.79999999993,13032883.968000002,0,3721499.9040000001,1,1,1,15
23,32,16,ok,2940,15785527.6032,867041.27999999991,11428901.580800001,0,3489584.7424000003,1,4,2,2
23,64,1,ok,94080,31084872.038400002,1734082.5599999998,22622484.889600001,0,6728304.588800001,1,1,1,1
23,64,2,ok,47040,31100555.3664,1734082.5599999998,22630075.801600002,0,6736397.0048000012,1,1,1,2
23,64,3,ok,33600,33592713.983999997,1857945.5999999999,24510263.807999998,0,7224504.5760000013,1,1,1,3
23,64,4,ok,23520,31131922.022400003,1734082.5599999998,22645257.625600003,0,6752581.8368000006,1,2,1,2
23,64,5,ok,20160,33474019.583999999,1857945.6000000001,24375384.575999998,0,7240689.4079999998,1,1,1,5
23,64,6,ok,16800,33639763.967999995,1857945.5999999999,24533036.544,0,7248781.824000001,1,2,1,3
23,64,7,ok,13440,31629155.174399998,1734082.5599999998,23118213.529600002,0,6776859.0848000003,1,1,1,7
23,64,8,ok,11760,31194655.334400002,1734082.5599999998,22675621.273600005,0,6784951.5008000005,1,2,2,2
23,64,9,ok,11760,35093987.251200005,1950842.8799999999,25510073.932800006,0,7633070.4384000003,1,9,1,1
23,64,10,ok,10080,33552436.223999999,1857945.6000000001,24413339.135999996,0,7281151.4880000008,1,2,1,5
23,64,11,ok,10080,32212617.465600003,1788272.6399999999,23405109.446399998,0,7019235.3792000003,1,11,1,1
23,64,12,ok,8400,33733863.935999997,1857945.5999999999,24578582.015999999,0,7297336.3200000012,1,4,1,3
23,64,13,ok,8400,31758528.048000008,1761177.5999999999,23066933.552000001,0,6930416.8960000016,1,13,1,1
23,64,14,ok,6720,31738938.470400002,1734082.5599999998,23171349.913600005,0,6833505.9968000008,1,2,1,7
23,64,15,ok,6720,35131463.424000002,1857945.5999999999,25951904.256000005,0,7321613.5680000009,1,1,1,15
23,64,16,ok,5880,31320121.9584,1734082.5599999998,22736348.569600001,0,6849690.8288000012,1,4,2,2
24,1,1,ok,4800,1060850.6783999999,67737.599999999991,943871.5615999999,0,49241.516800000005,1,1,1,1
24,1,2,ok,2400,1075809.2064,67737.599999999991,947433.27039999992,0,60638.33600000001,2,1,1,1
24,1,3,ok,1600,1090767.7344000002,67737.599999999991,950994.97920000006,0,72035.155200000008,3,1,1,1
24,1,4,ok,1400,1069807.5936,67737.599999999991,931720.75839999993,0,70349.23520000001,2,1,1,2
24,1,5,ok,1200,1310443.3199999998,72576,1111265.2560000001,0,126602.06399999998,1,1,1,5
24,1,6,ok,800,1135643.3184000002,67737.599999999991,961680.10560000013,0,106225.6128,6,1,1,1
24,1,7,ok,800,1199042.3662,69148.800000000003,1011482.7030000001,0,118410.86319999999,7,1,1,1
24,1,8,ok,700,1207864.2720000001,67737.599999999991,1023650.6655999999,0,116476.00640000001,2,1,2,2
24,1,9,ok,800,1379786.8212000001,76204.799999999988,1158435.3636,0,145146.65760000001,9,1,1,1
24,1,10,ok,600,1325237.736,72576,1119484.584,0,133177.15200000003,2,1,1,5
24,1,11,ok,800,1488602.797,77615.999999999985,1242258.0697999999,0,168728.72720000002,11,1,1,1
24,1,12,ok,400,1366995.2544000002,67737.599999999991,1141240.5792,0,158017.07520000002,6,1,1,2
24,1,13,ok,800,1525490.2936000004,73382.399999999994,1262950.8216000001,0,189157.07200000001,13,1,1,1
24,1,14,ok,400,1383084.3935999998,67737.599999999991,1143842.3583999998,0,171504.43520000001,2,1,1,7
24,1,15,ok,400,1936996.9199999997,72576,1535508.4559999998,0,328912.46400000004,1,1,1,15
24,1,16,ok,350,1617084.9023999998,77414.399999999994,1327480.6015999999,0,212189.9008,2,1,4,2
24,2,1,ok,9600,2025561.1967999998,135475.19999999998,1811834.0031999999,0,78251.993600000016,1,1,1,1
24,2,2,ok,4800,2055478.2527999997,135475.19999999998,1818957.4207999997,0,101045.63200000001,2,1,1,1
24,2,3,ok,3200,2085395.3088000002,135475.19999999998,1826080.8384000002,0,123839.27040000001,3,1,1,1
24,2,4,ok,2400,2151618.4128,135475.19999999998,1894866.5407999998,0,121276.67200000002,2,2,1,1
24,2,5,ok,2400,2424845.04,145152,2127644.1120000002,0,152048.92800000001,1,1,1,5
24,2,6,ok,1600,2175146.4768000003,135475.19999999998,1847451.0912000001,0,192220.18560000003,6,1,1,1
24,2,7,ok,1600,2299941.6524000005,138297.60000000001,1945474.8460000004,0,216169.2064,7,1,1,1
24,2,8,ok,1400,2139615.1872,135475.19999999998,1863441.5167999999,0,140698.47040000002,2,2,1,2
24,2,9,ok,1600,2651415.9624000001,152409.59999999998,2231472.9672000003,0,267533.39520000003,9,1,1,1
24,2,10,ok,1200,2454433.8720000004,145152,2144082.7680000002,0,165199.10399999999,2,1,1,5
24,2,11,ok,1600,2867044.9940000004,155231.99999999997,2397536.9396000002,0,314276.05440000002,11,1,1,1
24,2,12,ok,800,2271286.6368000004,135475.19999999998,1923360.2112000003,0,212451.22560000001,6,2,1,1
24,2,13,ok,1600,2946828.7472000006,146764.79999999999,2443666.7632000004,0,356397.18400000001,13,1,1,1
24,2,14,ok,800,2398084.7324000001,138297.60000000001,2022965.4060000002,0,236821.72639999999,7,2,1,1
24,2,15,ok,800,3285869.0399999996,145152,2786357.7119999994,0,354359.32799999998,1,1,1,15
24,2,16,ok,700,2415728.5440000002,135475.19999999998,2047301.3311999999,0,232952.01280000003,2,2,2,2
24,4,1,ok,19600,3759918.4511999995,270950.39999999997,3385064.7679999997,0,103903.28320000001,1,1,1,1
24,4,2,ok,9800,3789659.0207999996,270950.39999999997,3401587.7247999995,0,117120.89600000001,2,1,1,1
24,4,3,ok,6400,4074650.4576000008,270950.39999999997,3576252.5568000004,0,227447.50080000004,3,1,1,1
24,4,4,ok,4900,3852314.3807999999,270950.39999999997,3444012.0447999998,0,137351.93600000002,2,1,1,2
24,4,5,ok,4200,4274630.1119999997,290304,3793522.0800000001,0,190804.03200000001,1,1,1,5
24,4,6,ok,3200,4170790.6176000005,270950.39999999997,3652161.6768000005,0,247678.54080000002,3,2,1,1
24,4,7,ok,2800,4135850.6112000002,270950.39999999997,3639610.6880000001,0,225289.52320000003,1,1,1,7
24,4,8,ok,2450,3977625.1007999997,270950.39999999997,3528860.6847999999,0,177814.016,2,1,2,2
24,4,9,ok,2500,4808205.3600000003,311040,4219033.6799999997,0,278131.68000000005,1,1,3,3
24,4,10,ok,2100,4306495.0080000004,290304,3811225.2480000001,0,204965.76000000001,2,1,1,5
24,4,11,ok,3200,5623929.3880000003,310463.99999999994,4708094.6792000001,0,605370.70880000002,11,1,1,1
24,4,12,ok,1600,4350292.9536000006,270950.39999999997,3694902.1824000003,0,384440.37120000005,6,2,1,1
24,4,13,ok,3200,5789505.6544000013,293529.59999999998,4805098.6464000009,0,690877.40800000005,13,1,1,1
24,4,14,ok,1400,4165591.1807999993,270950.39999999997,3656133.6447999994,0,238507.13600000003,2,1,1,7
24,4,15,ok,1400,4901183.7119999994,290304,4217765.2799999993,0,393114.43200000003,1,1,1,15
24,4,16,ok,1400,4279230.3744000001,270950.39999999997,3726883.0335999997,0,281396.94080000004,2,4,1,2
24,8,1,ok,39200,7480628.5823999997,541900.79999999993,6751152.2560000001,0,187575.52640000003,1,1,1,1
24,8,2,ok,19600,7519836.9023999991,541900.79999999993,6770129.5359999994,0,207806.56640000001,1,2,1,1
24,8,3,ok,12800,8053160.7552000005,541900.79999999993,7076595.9936000016,0,434663.96160000004,3,1,1,1
24,8,4,ok,9800,7579318.0415999992,541900.79999999993,6803175.449599999,0,234241.79200000002,2,2,1,1
24,8,5,ok,8400,8353218.6239999998,580608,7492157.7599999998,0,280452.864,1,1,1,5
24,8,6,ok,6400,8149300.9152000016,541900.79999999993,7152505.1136000007,0,454895.00160000008,3,2,1,1
24,8,7,ok,5600,7997242.9824000001,541900.79999999993,7146380.4160000002,0,308961.76639999996,1,1,1,7
24,8,8,ok,4900,7704628.7615999999,541900.79999999993,6888024.0895999996,0,274703.87200000003,2,2,1,2
24,8,9,ok,4800,9240068.6495999992,609638.39999999991,8103500.0927999998,0,526930.15680000011,3,3,1,1
24,8,10,ok,4200,8416948.4160000011,580608,7527564.0959999999,0,308776.32000000001,2,1,1,5
24,8,11,ok,6400,11137698.175999999,620927.99999999988,9329210.1583999991,0,1187560.0176000001,11,1,1,1
24,8,12,ok,3200,8341581.2352000009,541900.79999999993,7304323.353600001,0,495357.08160000003,3,4,1,1
24,8,13,ok,6400,11474859.468800001,587059.19999999995,9527962.412800001,0,1359837.8560000001,13,1,1,1
24,8,14,ok,2800,8056724.1215999983,541900.79999999993,7179426.3295999989,0,335396.99199999997,2,1,1,7
24,8,15,ok,2800,9214242.623999998,580608,8150871.3600000003,0,482763.26400000008,1,1,1,15
24,8,16,ok,2450,7955250.2015999993,541900.79999999993,7057721.3695999999,0,355628.03200000001,2,2,2,2
24,16,1,ok,78400,14922048.844799999,1083801.5999999999,13483327.231999999,0,354920.01280000003,1,1,1,1
24,16,2,ok,39200,14961257.164799999,1083801.5999999999,13502304.512,0,375151.05280000006,1,2,1,1
24,16,3,ok,25600,16010181.350400003,1083801.5999999999,14077282.867200002,0,849096.88320000004,3,1,1,1
24,16,4,ok,19600,15039673.804799998,1083801.5999999999,13540259.071999999,0,415613.13280000002,1,4,1,1
24,16,5,ok,16800,16510395.648,1161216,14889429.120000001,0,459750.52800000005,1,1,1,5
24,16,6,ok,12800,16106321.510400001,1083801.5999999999,14153191.987200003,0,869327.92320000008,3,2,1,1
24,16,7,ok,11200,15720027.7248,1083801.5999999999,14159919.872000001,0,476306.25280000002,1,1,1,7
24,16,8,ok,9800,15158636.083199998,1083801.5999999999,13606350.899199998,0,468483.58400000003,2,4,1,1
24,16,9,ok,9600,18191716.819199998,1219276.7999999998,15979272.8256,0,993167.19360000023,3,3,1,1
24,16,10,ok,8400,16637855.231999999,1161216,14960241.791999999,0,516397.44000000006,2,1,1,5
24,16,11,ok,12800,22165235.752,1241855.9999999998,18571441.116799999,0,2351938.6352000004,11,1,1,1
24,16,12,ok,6400,16298601.830400003,1083801.5999999999,14305010.227200001,0,909790.00320000015,3,4,1,1
24,16,13,ok,12800,22845567.097600006,1174118.3999999999,18973689.945600003,0,2697758.7520000003,13,1,1,1
24,16,14,ok,5600,15838990.003199998,1083801.5999999999,14226011.699199999,0,529176.70400000003,2,1,1,7
24,16,15,ok,5600,17840360.447999995,1161216,16017083.52,0,662060.92799999996,1,1,1,15
24,16,16,ok,4900,15409257.5232,1083801.5999999999,13776048.179199999,0,549407.74400000006,2,4,1,2
24,32,1,ok,156800,29804889.369599998,2167603.1999999997,26947677.184,0,689608.98560000013,1,1,1,1
24,32,2,ok,78400,29844097.689599998,2167603.1999999997,26966654.463999998,0,709840.02560000005,1,2,1,1
24,32,3,ok,51200,31924222.540800009,2167603.1999999997,28078656.614400007,0,1677962.7264000003,3,1,1,1
24,32,4,ok,39200,29922514.329599999,2167603.1999999997,27004609.024,0,750302.10560000013,1,4,1,1
24,32,5,ok,33600,32824749.695999999,2322432,29683971.84,0,818345.85600000003,1,1,1,5
24,32,6,ok,25600,32020362.700800005,2167603.1999999997,28154565.734400004,0,1698193.7664000001,3,2,1,1
24,32,7,ok,22400,31165597.209599998,2167603.1999999997,28186998.784000002,0,810995.22560000001,1,1,1,7
24,32,8,ok,19600,30079347.609599996,2167603.1999999997,27080518.143999998,0,831226.26560000004,1,8,1,1
24,32,9,ok,17600,33111130.435200006,2235340.7999999998,29105560.713600002,0,1770228.9216,3,3,1,1
24,32,10,ok,16800,33020791.296,2322432,29778858.240000002,0,919501.0560000001,1,2,1,5
24,32,11,ok,14400,32892988.867199998,2235340.7999999998,29477760.892800003,0,1179887.1744000001,1,11,1,1
24,32,12,ok,12800,32212643.020800002,2167603.1999999997,28306383.974400006,0,1738655.8464000002,3,4,1,1
24,32,13,ok,14400,38873532.297600001,2641766.3999999999,34837353.782400005,0,1394412.1152000001,1,13,1,1
24,32,14,ok,11200,31403521.766399994,2167603.1999999997,28319182.438399997,0,916736.12800000003,2,1,1,7
24,32,15,ok,11200,35092596.095999986,2322432,31749507.839999996,0,1020656.2560000001,1,1,1,15
24,32,16,ok,9800,30317272.166399997,2167603.1999999997,27212701.798399996,0,936967.16800000006,2,8,1,1
24,64,1,ok,313600,59570570.419199996,4335206.3999999994,53876377.088,0,1358986.9312000002,1,1,1,1
24,64,2,ok,156800,59609778.739199996,4335206.3999999994,53895354.368000001,0,1379217.9712000003,1,2,1,1
24,64,3,ok,102400,63752304.921600014,4335206.3999999994,56081404.108800009,0,3335694.4128,3,1,1,1
24,64,4,ok,78400,59688195.379199997,4335206.3999999994,53933308.927999996,0,1419680.0512000001,1,4,1,1
24,64,5,ok,62400,63186884.495999999,4402944,56797104.303999998,0,1986836.1920000003,1,5,1,1
24,64,6,ok,51200,63848445.081600018,4335206.3999999994,56157313.228800014,0,3355925.4528000006,3,2,1,1
24,64,7,ok,44800,62056736.179199994,4335206.3999999994,56241156.607999995,0,1480373.1712000002,1,1,1,7
24,64,8,ok,39200,59845028.659199998,4335206.3999999994,54009218.048,0,1500604.2112000003,1,8,1,1
24,64,9,ok,35200,65933840.390399992,4470681.5999999996,57983394.067199998,0,3479764.7231999999,3,3,1,1
24,64,10,ok,31200,64159188.816000007,4402944,57028615.376000002,0,2727629.4400000004,2,5,1,1
24,64,11,ok,28800,64728435.974399999,4470681.5999999996,58120521.465599999,0,2137232.9087999999,1,11,1,1
24,64,12,ok,25600,64040725.401600011,4335206.3999999994,56309131.468800008,0,3396387.5328000002,3,4,1,1
24,64,13,ok,24000,63956005.775999993,4402944,57404377.263999999,0,2148684.5120000001,1,13,1,1
24,64,14,ok,22400,62331194.419199996,4335206.3999999994,56373997.568000004,0,1621990.4512,1,2,1,7
24,64,15,ok,20800,65131493.136000007,4402944,57260126.448000006,0,3468422.6880000001,3,5,1,1
24,64,16,ok,19600,60158695.219199993,4335206.3999999994,54161036.287999995,0,1662452.5312000001,1,16,1,1
25,1,1,ok,13230,73918.656000000003,73918.656000000003,0,0,0,1,1,1,1
25,1,2,ok,6615,73918.656000000003,73918.656000000003,0,0,0,1,1,1,2
25,1,3,ok,4410,73918.656000000003,73918.656000000003,0,0,0,3,1,1,1
25,1,4,ok,3308,73918.656000000003,73918.656000000003,0,0,0,2,1,1,2
25,1,5,ok,2646,73918.656000000003,73918.656000000003,0,0,0,5,1,1,1
25,1,6,ok,2205,73918.656000000003,73918.656000000003,0,0,0,3,1,1,2
25,1,7,ok,1890,73918.656000000003,73918.656000000003,0,0,0,1,1,1,7
25,1,8,ok,1654,73918.656000000003,73918.656000000003,0,0,0,2,1,2,2
25,1,9,ok,1489,74842.639200000005,74842.639200000005,0,0,0,9,1,1,1
25,1,10,ok,1323,73918.656000000003,73918.656000000003,0,0,0,5,1,1,2
25,1,11,ok,1213,74534.644799999995,74534.644799999995,0,0,0,11,1,1,1
25,1,12,ok,1103,73918.656000000003,73918.656000000003,0,0,0,3,1,2,2
25,1,13,ok,1020,74072.653200000001,74072.653200000001,0,0,0,13,1,1,1
25,1,14,ok,945,73918.656000000003,73918.656000000003,0,0,0,2,1,1,7
25,1,15,ok,882,73918.656000000003,73918.656000000003,0,0,0,15,1,1,1
25,1,16,ok,827,73918.656000000003,73918.656000000003,0,0,0,4,1,2,2
25,2,1,ok,26460,147837.31200000001,147837.31200000001,0,0,0,1,1,1,1
25,2,2,ok,13230,147837.31200000001,147837.31200000001,0,0,0,1,1,1,2
25,2,3,ok,8820,147837.31200000001,147837.31200000001,0,0,0,3,1,1,1
25,2,4,ok,6615,147837.31200000001,147837.31200000001,0,0,0,1,2,1,2
25,2,5,ok,5292,147837.31200000001,147837.31200000001,0,0,0,5,1,1,1
25,2,6,ok,4410,147837.31200000001,147837.31200000001,0,0,0,3,1,1,2
25,2,7,ok,3780,147837.31200000001,147837.31200000001,0,0,0,1,1,1,7
25,2,8,ok,3308,147837.31200000001,147837.31200000001,0,0,0,1,2,2,2
25,2,9,ok,2977,149685.27840000001,149685.27840000001,0,0,0,9,1,1,1
25,2,10,ok,2646,147837.31200000001,147837.31200000001,0,0,0,5,1,1,2
25,2,11,ok,2426,149069.28959999999,149069.28959999999,0,0,0,11,1,1,1
25,2,12,ok,2205,147837.31200000001,147837.31200000001,0,0,0,3,1,2,2
25,2,13,ok,2040,148145.3064,148145.3064,0,0,0,13,1,1,1
25,2,14,ok,1890,147837.31200000001,147837.31200000001,0,0,0,1,2,1,7
25,2,15,ok,1764,147837.31200000001,147837.31200000001,0,0,0,15,1,1,1
25,2,16,ok,1654,147837.31200000001,147837.31200000001,0,0,0,2,2,2,2
25,4,1,ok,52920,295674.62400000001,295674.62400000001,0,0,0,1,1,1,1
25,4,2,ok,26460,295674.62400000001,295674.62400000001,0,0,0,1,1,1,2
25,4,3,ok,17640,295674.62400000001,295674.62400000001,0,0,0,3,1,1,1
25,4,4,ok,13230,295674.62400000001,295674.62400000001,0,0,0,1,2,1,2
25,4,5,ok,10584,295674.62400000001,295674.62400000001,0,0,0,5,1,1,1
25,4,6,ok,8820,295674.62400000001,295674.62400000001,0,0,0,3,1,1,2
25,4,7,ok,7560,295674.62400000001,295674.62400000001,0,0,0,1,1,1,7
25,4,8,ok,6615,295674.62400000001,295674.62400000001,0,0,0,1,2,2,2
25,4,9,ok,5954,299370.55680000002,299370.55680000002,0,0,0,9,1,1,1
25,4,10,ok,5292,295674.62400000001,295674.62400000001,0,0,0,5,1,1,2
25,4,11,ok,4851,298138.57919999998,298138.57919999998,0,0,0,11,1,1,1
25,4,12,ok,4410,295674.62400000001,295674.62400000001,0,0,0,3,1,2,2
25,4,13,ok,4080,296290.6128,296290.6128,0,0,0,13,1,1,1
25,4,14,ok,3780,295674.62400000001,295674.62400000001,0,0,0,1,2,1,7
25,4,15,ok,3528,295674.62400000001,295674.62400000001,0,0,0,15,1,1,1
25,4,16,ok,3308,295674.62400000001,295674.62400000001,0,0,0,2,2,2,2
25,8,1,ok,105840,591349.24800000002,591349.24800000002,0,0,0,1,1,1,1
25,8,2,ok,52920,591349.24800000002,591349.24800000002,0,0,0,1,1,1,2
25,8,3,ok,35280,591349.24800000002,591349.24800000002,0,0,0,3,1,1,1
25,8,4,ok,26460,591349.24800000002,591349.24800000002,0,0,0,1,2,1,2
25,8,5,ok,21168,591349.24800000002,591349.24800000002,0,0,0,5,1,1,1
25,8,6,ok,17640,591349.24800000002,591349.24800000002,0,0,0,3,1,1,2
25,8,7,ok,15120,591349.24800000002,591349.24800000002,0,0,0,1,1,1,7
25,8,8,ok,13230,591349.24800000002,591349.24800000002,0,0,0,1,2,2,2
25,8,9,ok,11907,598741.11360000004,598741.11360000004,0,0,0,9,1,1,1
25,8,10,ok,10584,591349.24800000002,591349.24800000002,0,0,0,5,1,1,2
25,8,11,ok,9702,596277.15839999996,596277.15839999996,0,0,0,11,1,1,1
25,8,12,ok,8820,591349.24800000002,591349.24800000002,0,0,0,3,1,2,2
25,8,13,ok,8159,592581.22560000001,592581.22560000001,0,0,0,13,1,1,1
25,8,14,ok,7560,591349.24800000002,591349.24800000002,0,0,0,1,2,1,7
25,8,15,ok,7056,591349.24800000002,591349.24800000002,0,0,0,15,1,1,1
25,8,16,ok,6615,591349.24800000002,591349.24800000002,0,0,0,2,2,2,2
25,16,1,ok,211680,1182698.496,1182698.496,0,0,0,1,1,1,1
25,16,2,ok,105840,1182698.496,1182698.496,0,0,0,1,1,1,2
25,16,3,ok,70560,1182698.496,1182698.496,0,0,0,3,1,1,1
25,16,4,ok,52920,1182698.496,1182698.496,0,0,0,1,2,1,2
25,16,5,ok,42336,1182698.496,1182698.496,0,0,0,5,1,1,1
25,16,6,ok,35280,1182698.496,1182698.496,0,0,0,3,1,1,2
25,16,7,ok,30240,1182698.496,1182698.496,0,0,0,1,1,1,7
25,16,8,ok,26460,1182698.496,1182698.496,0,0,0,1,2,2,2
25,16,9,ok,23814,1197482.2272000001,1197482.2272000001,0,0,0,9,1,1,1
25,16,10,ok,21168,1182698.496,1182698.496,0,0,0,5,1,1,2
25,16,11,ok,19404,1192554.3167999999,1192554.3167999999,0,0,0,11,1,1,1
25,16,12,ok,17640,1182698.496,1182698.496,0,0,0,3,1,2,2
25,16,13,ok,16317,1185162.4512,1185162.4512,0,0,0,13,1,1,1
25,16,14,ok,15120,1182698.496,1182698.496,0,0,0,1,2,1,7
25,16,15,ok,14112,1182698.496,1182698.496,0,0,0,15,1,1,1
25,16,16,ok,13230,1182698.496,1182698.496,0,0,0,2,2,2,2
25,32,1,ok,423360,2365396.9920000001,2365396.9920000001,0,0,0,1,1,1,1
25,32,2,ok,211680,2365396.9920000001,2365396.9920000001,0,0,0,1,1,1,2
25,32,3,ok,141120,2365396.9920000001,2365396.9920000001,0,0,0,3,1,1,1
25,32,4,ok,105840,2365396.9920000001,2365396.9920000001,0,0,0,1,2,1,2
25,32,5,ok,84672,2365396.9920000001,2365396.9920000001,0,0,0,5,1,1,1
25,32,6,ok,70560,2365396.9920000001,2365396.9920000001,0,0,0,3,1,1,2
25,32,7,ok,60480,2365396.9920000001,2365396.9920000001,0,0,0,1,1,1,7
25,32,8,ok,52920,2365396.9920000001,2365396.9920000001,0,0,0,1,2,2,2
25,32,9,ok,47628,2394964.4544000002,2394964.4544000002,0,0,0,9,1,1,1
25,32,10,ok,42336,2365396.9920000001,2365396.9920000001,0,0,0,5,1,1,2
25,32,11,ok,38808,2385108.6335999998,2385108.6335999998,0,0,0,11,1,1,1
25,32,12,ok,35280,2365396.9920000001,2365396.9920000001,0,0,0,3,1,2,2
25,32,13,ok,32634,2370324.9024,2370324.9024,0,0,0,13,1,1,1
25,32,14,ok,30240,2365396.9920000001,2365396.9920000001,0,0,0,1,2,1,7
25,32,15,ok,28224,2365396.9920000001,2365396.9920000001,0,0,0,15,1,1,1
25,32,16,ok,26460,2365396.9920000001,2365396.9920000001,0,0,0,2,2,2,2
25,64,1,ok,846720,4730793.9840000002,4730793.9840000002,0,0,0,1,1,1,1
25,64,2,ok,423360,4730793.9840000002,4730793.9840000002,0,0,0,1,1,1,2
25,64,3,ok,282240,4730793.9840000002,4730793.9840000002,0,0,0,3,1,1,1
25,64,4,ok,211680,4730793.9840000002,4730793.9840000002,0,0,0,1,2,1,2
25,64,5,ok,169344,4730793.9840000002,4730793.9840000002,0,0,0,5,1,1,1
25,64,6,ok,141120,4730793.9840000002,4730793.9840000002,0,0,0,3,1,1,2
25,64,7,ok,120960,4730793.9840000002,4730793.9840000002,0,0,0,1,1,1,7
25,64,8,ok,105840,4730793.9840000002,4730793.9840000002,0,0,0,1,2,2,2
25,64,9,ok,95256,4789928.9088000003,4789928.9088000003,0,0,0,9,1,1,1
25,64,10,ok,84672,4730793.9840000002,4730793.9840000002,0,0,0,5,1,1,2
25,64,11,ok,77616,4770217.2671999997,4770217.2671999997,0,0,0,11,1,1,1
25,64,12,ok,70560,4730793.9840000002,4730793.9840000002,0,0,0,3,1,2,2
25,64,13,ok,65268,4740649.8048,4740649.8048,0,0,0,13,1,1,1
25,64,14,ok,60480,4730793.9840000002,4730793.9840000002,0,0,0,1,2,1,7
25,64,15,ok,56448,4730793.9840000002,4730793.9840000002,0,0,0,15,1,1,1
25,64,16,ok,52920,4730793.9840000002,4730793.9840000002,0,0,0,2,2,2,2
26,1,1,ok,5880,1684388.5824,108380.15999999999,1421021.7856000001,0,154986.63680000001,1,1,1,1
26,1,2,ok,2940,1724349.1584000001,108380.15999999999,1428612.6976000001,0,187356.3008,1,1,1,2
26,1,3,ok,2100,1897846.8479999998,116121.59999999999,1553240.9279999998,0,228484.32000000007,1,1,1,3
26,1,4,ok,1470,1804270.3104000001,108380.15999999999,1443794.5216000001,0,252095.62880000001,1,1,2,2
26,1,5,ok,1260,1968389.1839999999,116121.60000000001,1559043.9359999998,0,293223.64799999999,1,1,1,5
26,1,6,ok,1050,2017728.5760000001,116121.59999999999,1576013.6640000001,0,325593.31200000003,1,1,2,3
26,1,7,ok,840,1952288.4864000003,108380.15999999999,1494703.7056,0,349204.62080000003,1,1,1,7
26,1,8,ok,735,2027324.5824,108380.15999999999,1567716.6976000001,0,351227.72480000003,2,1,2,2
26,1,9,ok,750,2288724.7680000002,124415.99999999999,1732222.5120000001,0,432086.25600000005,1,1,3,3
26,1,10,ok,630,2207375.9040000001,116121.60000000001,1691817.6959999998,0,399436.60800000007,2,1,1,5
26,1,11,ok,840,3062237.1516000004,111767.03999999999,1802417.0604000001,0,1148053.0512000001,11,1,1,1
26,1,12,ok,525,2256715.2960000001,116121.59999999999,1708787.4240000001,0,431806.27200000011,2,1,2,3
26,1,13,ok,840,3376942.179,110073.59999999999,1921424.0629999998,0,1345444.5160000001,13,1,1,1
26,1,14,ok,420,2175342.7584000006,108380.15999999999,1618625.8816000002,0,448336.71680000005,2,1,1,7
26,1,15,ok,420,2461783.1040000003,116121.59999999999,1728741.216,0,616920.28800000006,1,1,1,15
26,1,16,ok,420,2305303.3344000001,108380.15999999999,1647431.2576000001,0,549491.91680000001,4,1,2,2
26,2,1,ok,11760,3328816.5888000005,216760.31999999998,2834452.6592000006,0,277603.60960000003,1,1,1,1
26,2,2,ok,5880,3368777.1647999999,216760.31999999998,2842043.5712000001,0,309973.27360000001,1,1,1,2
26,2,3,ok,4200,3675811.9679999994,232243.19999999998,3083709.1199999996,0,359859.64799999999,1,1,1,3
26,2,4,ok,2940,3448698.3168000001,216760.31999999998,2857225.3952000001,0,374712.60159999999,1,2,1,2
26,2,5,ok,2520,3736975.4879999999,232243.20000000001,3080133.3119999995,0,424598.97600000002,1,1,1,5
26,2,6,ok,2100,3795693.6959999995,232243.19999999998,3106481.8559999997,0,456968.64000000013,1,2,1,3
26,2,7,ok,1680,3624852.9408000009,216760.31999999998,2936271.0272000004,0,471821.59359999996,1,1,1,7
26,2,8,ok,1470,3608540.6208000001,216760.31999999998,2887589.0432000002,0,504191.25760000001,1,2,2,2
26,2,9,ok,1500,4217804.352,248831.99999999997,3396126.8160000001,0,572845.53600000008,1,1,3,3
26,2,10,ok,1260,3936778.3679999998,232243.20000000001,3118087.8719999995,0,586447.29599999997,1,2,1,5
26,2,11,ok,1680,6059780.5752000008,223534.07999999999,3573521.6088,0,2262724.8864000002,11,1,1,1
26,2,12,ok,1050,4035457.1520000002,232243.19999999998,3152027.3280000002,0,651186.62400000007,1,2,2,3
26,2,13,ok,1680,6690170.8380000014,220147.19999999998,3812010.046000001,0,2658013.5920000002,13,1,1,1
26,2,14,ok,840,3904576.9728000006,216760.31999999998,2989407.4112,0,698409.24160000007,1,2,1,7
26,2,15,ok,840,4324157.5680000009,232243.19999999998,3343618.7520000003,0,748295.61600000015,1,1,1,15
26,2,16,ok,735,4054649.1647999999,216760.31999999998,3135433.3952000001,0,702455.44960000005,2,2,2,2
26,4,1,ok,23520,6268678.8096000012,433520.63999999996,5312320.6144000012,0,522837.5552,1,1,1,1
26,4,2,ok,11760,6331412.1216000011,433520.63999999996,5342684.2624000013,0,555207.21920000005,1,1,1,2
26,4,3,ok,8400,6901739.1359999999,464486.39999999997,5814642.432,0,622610.304,1,1,1,3
26,4,4,ok,5880,6456878.7456,433520.63999999996,5403411.5584000004,0,619946.54720000003,1,1,2,2
26,4,5,ok,5040,6989690.4959999993,464486.40000000002,5837854.4639999988,0,687349.63199999998,1,1,1,5
26,4,6,ok,4200,7089939.0719999988,464486.39999999997,5905733.3760000002,0,719719.29599999997,1,1,2,3
26,4,7,ok,3360,6757624.4736000011,433520.63999999996,5607048.2944000009,0,717055.5392,1,1,1,7
26,4,8,ok,2940,6897396.6336000003,433520.63999999996,5714450.7904000003,0,749425.20319999999,1,2,2,2
26,4,9,ok,3000,7854145.3439999996,497663.99999999994,6502117.2479999997,0,854364.09600000014,1,1,3,3
26,4,10,ok,2520,7473950.9759999998,464486.40000000002,6160266.6239999989,0,849197.95200000005,1,2,1,5
26,4,11,ok,2940,12054867.4224,447068.15999999997,7115730.7056,0,4492068.5568000004,11,1,1,1
26,4,12,ok,2100,7591387.3919999991,464486.39999999997,6212963.7119999994,0,913937.28000000026,1,4,1,3
26,4,13,ok,2940,13316628.156000001,440294.39999999997,7593182.0120000001,0,5283151.7439999999,13,1,1,1
26,4,14,ok,1680,7249705.8816000018,433520.63999999996,5872542.0544000007,0,943643.18719999993,1,2,1,7
26,4,15,ok,1680,7992176.2560000001,464486.39999999997,6516643.5839999998,0,1011046.272,1,1,1,15
26,4,16,ok,1470,7217081.2416000003,433520.63999999996,5775178.0864000004,0,1008382.5152,1,4,2,2
26,8,1,ok,47040,12474624.3072,867041.27999999991,10594277.580800001,0,1013305.4464,1,1,1,1
26,8,2,ok,23520,12537357.619200002,867041.27999999991,10624641.228800002,0,1045675.1104,1,1,1,2
26,8,3,ok,16800,13615278.335999999,928972.79999999993,11538193.92,0,1148111.6160000002,1,1,1,3
26,8,4,ok,11760,12662824.243200002,867041.27999999991,10685368.524800003,0,1110414.4384000001,1,2,1,2
26,8,5,ok,10080,13665714.431999998,928972.80000000005,11523890.687999997,0,1212850.9440000001,1,1,1,5
26,8,6,ok,8400,13803478.272,928972.79999999993,11629284.864,0,1245220.608,1,2,1,3
26,8,7,ok,6720,13076115.763200002,867041.27999999991,11001551.052800002,0,1207523.4304000002,1,1,1,7
26,8,8,ok,5880,12913757.4912,867041.27999999991,10806823.116800001,0,1239893.0944000001,1,2,2,2
26,8,9,ok,5880,15159497.241599999,975421.43999999994,12789196.0704,0,1394879.7312,1,9,1,1
26,8,10,ok,5040,13979380.991999999,928972.80000000005,11675708.927999998,0,1374699.264,1,2,1,5
26,8,11,ok,5880,24045041.116800003,894136.31999999995,14200148.8992,0,8950755.8976000026,11,1,1,1
26,8,12,ok,4200,14179878.143999998,928972.79999999993,11811466.752,0,1439438.5919999999,1,2,2,3
26,8,13,ok,5880,26569542.792000007,880588.79999999993,15155525.944000004,0,10533428.048,13,1,1,1
26,8,14,ok,3360,13515248.947200002,867041.27999999991,11214096.588800002,0,1434111.0784,1,2,1,7
26,8,15,ok,3360,15043352.832000002,928972.79999999993,12577832.448000001,0,1536547.584,1,1,1,15
26,8,16,ok,2940,13794793.267200001,867041.27999999991,11428901.580800001,0,1498850.4064,1,4,2,2
26,16,1,ok,94080,24886515.3024,1734082.5599999998,21158191.513600003,0,1994241.2288000002,1,1,1,1
26,16,2,ok,47040,24949248.614399999,1734082.5599999998,21188555.161600001,0,2026610.8928,1,1,1,2
26,16,3,ok,33600,27042356.736000001,1857945.5999999999,22985296.896000002,0,2199114.2400000002,1,1,1,3
26,16,4,ok,23520,25074715.238400005,1734082.5599999998,21249282.457600005,0,2091350.2208,1,2,1,2
26,16,5,ok,20160,27017762.303999998,1857945.6000000001,22895963.135999996,0,2263853.5680000004,1,1,1,5
26,16,6,ok,16800,27230556.671999998,1857945.5999999999,23076387.84,0,2296223.2320000003,1,2,1,3
26,16,7,ok,13440,25713098.342400003,1734082.5599999998,21790556.569600001,0,2188459.2128000003,1,1,1,7
26,16,8,ok,11760,25325648.486400004,1734082.5599999998,21370737.049600005,0,2220828.8768000002,1,2,2,2
26,16,9,ok,11760,29959349.299200006,1950842.8799999999,25510073.932800006,0,2498432.4864000003,1,9,1,1
26,16,10,ok,10080,27331428.863999996,1857945.6000000001,23047781.375999995,0,2425701.8880000003,1,2,1,5
26,16,11,ok,11760,48025388.505599998,1788272.6399999999,28368985.286399998,0,17868130.5792,11,1,1,1
26,16,12,ok,8400,27606956.544,1857945.5999999999,23258569.728,0,2490441.216,1,4,1,3
26,16,13,ok,11760,53075372.06400001,1761177.5999999999,30280213.808000006,0,21033980.656000003,13,1,1,1
26,16,14,ok,6720,26152231.526400004,1734082.5599999998,22003102.105600003,0,2415046.8608000004,1,2,1,7
26,16,15,ok,6720,29145705.984000005,1857945.5999999999,24700210.176000006,0,2587550.2080000001,1,1,1,15
26,16,16,ok,5880,25827514.9824,1734082.5599999998,21613646.233600002,0,2479786.1888000001,1,4,2,2
26,32,1,ok,188160,49710297.292800002,3468165.1199999996,42286019.379200004,0,3956112.7936,1,1,1,1
26,32,2,ok,94080,49773030.604800001,3468165.1199999996,42316383.027200006,0,3988482.4576000003,1,1,1,2
26,32,3,ok,64680,54386005.939199999,3576545.2800000003,46665991.564799994,0,4143469.0944000003,1,3,1,1
26,32,4,ok,47040,49898497.228799999,3468165.1199999996,42377110.323200002,0,4053221.7856000001,1,2,1,2
26,32,5,ok,40320,53721858.048,3715891.2000000002,45640108.031999998,0,4365858.8160000006,1,1,1,5
26,32,6,ok,32340,54505887.667200007,3576545.2800000003,46688764.300799996,0,4240578.0864000004,1,3,1,2
26,32,7,ok,26880,50987063.500800006,3468165.1199999996,43368567.603200004,0,4150330.7775999997,1,1,1,7
26,32,8,ok,23520,50149430.47680001,3468165.1199999996,42498564.91520001,0,4182700.4416,1,2,2,2
26,32,9,ok,23520,56418109.286400013,3901685.7599999998,47810885.529600009,0,4705537.9967999998,1,9,1,1
26,32,10,ok,20160,54035524.607999995,3715891.2000000002,45791926.271999992,0,4527707.1360000009,1,2,1,5
26,32,11,ok,17640,54705690.547200002,3576545.2799999998,46726718.860799998,0,4402426.4064000007,1,11,1,1
26,32,12,ok,16170,54745651.123199999,3576545.2800000003,46734309.772799999,0,4434796.0704000005,1,3,2,2
26,32,13,ok,17640,64652179.737600006,4226826.2400000002,55222485.926400006,0,5202867.5712000011,1,13,1,1
26,32,14,ok,13440,51426196.684800006,3468165.1199999996,43581113.139200002,0,4376918.4256000007,1,2,1,7
26,32,15,ok,13440,57350412.28800001,3715891.1999999997,48944965.632000007,0,4689555.4560000002,1,1,1,15
26,32,16,ok,11760,50651296.972800009,3468165.1199999996,42741474.09920001,0,4441657.7536000004,1,4,2,2
26,64,1,ok,376320,99357861.273599997,6936330.2399999993,84541675.110400006,0,7879855.9232000001,1,1,1,1
26,64,2,ok,188160,99420594.585600004,6936330.2399999993,84572038.758400008,0,7912225.5872,1,1,1,2
26,64,3,ok,129360,108652130.15039998,7153090.5600000005,93309210.393599987,0,8189829.196800001,1,3,1,1
26,64,4,ok,94080,99546061.209600002,6936330.2399999993,84632766.054400012,0,7976964.9152000006,1,2,1,2
26,64,5,ok,76440,107087623.296,7044710.3999999994,91910961.344000012,0,8131951.5520000001,1,5,1,1
26,64,6,ok,64680,108772011.8784,7153090.5600000005,93331983.129599988,0,8286938.1888000006,1,3,1,2
26,64,7,ok,53760,101534993.81760001,6936330.2399999993,86524589.670400009,0,8074073.9072000012,1,1,1,7
26,64,8,ok,47040,99796994.457599998,6936330.2399999993,84754220.646400005,0,8106443.5712000001,1,2,2,2
26,64,9,ok,47040,112271618.7648,7803371.5199999996,95348498.227200001,0,9119749.0175999999,1,9,1,1
26,64,10,ok,38220,107287426.176,7044710.3999999994,91948915.904000014,0,8293799.8720000014,1,5,1,2
26,64,11,ok,35280,108971814.75839999,7153090.5599999996,93369937.689599991,0,8448786.5088,1,11,1,1
26,64,12,ok,32340,109011775.33440001,7153090.5600000005,93377528.601599991,0,8481156.1728000008,1,3,2,2
26,64,13,ok,29400,107407307.90399998,7044710.3999999994,91971688.639999986,0,8390908.8640000001,1,13,1,1
26,64,14,ok,26880,101974127.00160001,6936330.2399999993,86737135.206400007,0,8300661.5551999994,1,2,1,7
26,64,15,ok,26880,113759824.89600003,7431782.3999999994,97434476.544000015,0,8893565.9519999996,1,1,1,15
26,64,16,ok,23520,100298860.95360002,6936330.2399999993,84997129.83040002,0,8365400.8832,1,4,2,2
27,1,1,ok,15680,4122601.6447999999,289013.75999999995,3582815.6864,0,250772.19840000002,1,1,1,1
27,1,2,ok,7840,4229163.1808000002,289013.75999999995,3603058.1184,0,337091.30239999999,1,1,1,2
27,1,3,ok,5600,4665459.311999999,309657.59999999998,3920644.6559999995,0,435157.05600000004,1,1,1,3
27,1,4,ok,3920,4442286.2527999999,289013.75999999995,3643542.9824000001,0,509729.51040000003,1,1,2,2
27,1,5,ok,3136,5074299.8720000004,289013.75999999995,4111550.3040000005,0,673735.80800000008,5,1,1,1
27,1,6,ok,2800,4985143.9199999999,309657.59999999998,3981371.9519999996,0,694114.36800000002,1,1,2,3
27,1,7,ok,2240,4837001.3888000008,289013.76000000001,3779300.8064000001,0,768686.82240000006,1,1,1,7
27,1,8,ok,2240,4767881.1840000004,289013.75999999995,3824553.4144000001,0,654314.00960000011,4,1,1,2
27,1,9,ok,2000,5679552.8880000003,331776,4382119.5120000001,0,965657.37600000005,1,1,3,3
27,1,10,ok,1568,5180861.4079999998,289013.75999999995,4131792.736,0,760054.91200000024,5,1,1,2
27,1,11,ok,1792,5648960.0309999995,298045.43999999994,4038201.1406,0,1312713.4504,11,1,1,1
27,1,12,ok,1568,5116890.2076000003,292626.43199999997,4098002.6028,0,726261.17280000006,3,1,2,2
27,1,13,ok,1792,6161622.4046,305270.78399999999,4328530.5829999996,0,1527821.0376000002,13,1,1,1
27,1,14,ok,1120,5758003.3728,289013.76000000001,4096069.0624000002,0,1372920.5504000001,1,1,2,7
27,1,15,ok,1120,5685135.9840000002,309657.59999999998,4487146.0319999997,0,888332.35200000007,5,1,1,3
27,1,16,ok,1120,5302540.2560000001,289013.75999999995,4186574.2784000002,0,826952.21760000009,4,1,2,2
27,2,1,ok,31360,8138641.7535999995,578027.5199999999,7145388.9408,0,415225.29280000005,1,1,1,1
27,2,2,ok,15680,8245203.2895999998,578027.5199999999,7165631.3728,0,501544.39680000005,1,1,1,2
27,2,3,ok,11200,9011234.0159999989,619315.19999999995,7780562.0159999989,0,611356.80000000005,1,1,1,3
27,2,4,ok,7840,8458326.3616000004,578027.5199999999,7206116.2368000001,0,674182.60479999997,1,2,1,2
27,2,5,ok,6720,9174336.7359999996,619315.19999999995,7771026.527999999,0,783995.00800000015,1,1,1,5
27,2,6,ok,5600,9330918.623999998,619315.19999999995,7841289.311999999,0,870314.11200000008,1,2,1,3
27,2,7,ok,4480,8928072.0256000012,578027.52000000002,7416904.5888,0,933139.91680000001,1,1,1,7
27,2,8,ok,3920,8884572.5055999998,578027.5199999999,7287085.9648000002,0,1019459.0208000001,1,2,2,2
27,2,9,ok,4000,10400051.952,663552,8582057.1359999999,0,1154442.8160000001,1,1,3,3
27,2,10,ok,3136,10148599.744000001,578027.5199999999,8223100.6080000009,0,1347471.6160000002,5,1,1,2
27,2,11,ok,3584,11125403.453999998,596090.87999999989,7992902.2491999995,0,2536410.3248000001,11,1,1,1
27,2,12,ok,2800,9970287.8399999999,619315.19999999995,7962743.9039999992,0,1388228.736,1,2,2,3
27,2,13,ok,3584,12146545.9804,610541.56799999997,8571536.8907999992,0,2964467.5216000006,13,1,1,1
27,2,14,ok,2240,9674002.7776000015,578027.52000000002,7558601.6128000002,0,1537373.6448000001,1,2,1,7
27,2,15,ok,2240,10740155.616000002,619315.19999999995,8473654.3680000007,0,1647186.0480000002,1,1,1,15
27,2,16,ok,2240,9535762.3680000007,578027.5199999999,7649106.8288000003,0,1308628.0192000002,4,2,1,2
27,4,1,ok,62720,15834898.304,1156055.0399999998,13934711.782400001,0,744131.48160000006,1,1,1,1
27,4,2,ok,31360,16002187.136,1156055.0399999998,14015681.510400001,0,830450.58560000011,1,1,1,2
27,4,3,ok,21952,17253149.976000004,1170505.7279999999,14488570.948800001,0,1594073.2992000002,3,1,1,1
27,4,4,ok,15680,16336764.799999999,1156055.0399999998,14177620.966399999,0,1003088.7936000001,1,1,2,2
27,4,5,ok,12544,18055487.359999999,1156055.0399999998,14463446.400000002,0,2435985.9199999999,5,1,1,1
27,4,6,ok,10976,17422529.918400001,1170505.7279999999,14570552.798400002,0,1681471.392,3,1,1,2
27,4,7,ok,8960,17110213.299200002,1156055.04,14692112.153600004,0,1262046.1055999999,1,1,1,7
27,4,8,ok,7840,16891912.063999999,1156055.0399999998,14309804.6208,0,1426052.4032000001,2,1,2,2
27,4,9,ok,7840,18985821.228,1254113.2799999998,15855218.805599997,0,1876489.1424,3,1,1,3
27,4,10,ok,6272,18222776.192000002,1156055.0399999998,14544416.128,0,2522305.0240000002,5,1,1,2
27,4,11,ok,6272,22078290.299999997,1192181.7599999998,15902304.466399999,0,4983804.0736000007,11,1,1,1
27,4,12,ok,5488,17761289.803200003,1170505.7279999999,14734516.4976,0,1856267.5776000002,3,1,2,2
27,4,13,ok,6272,24116393.131999999,1221083.1359999999,17057549.506399997,0,5837760.4896000009,13,1,1,1
27,4,14,ok,4480,17693900.672000002,1156055.04,14852835.916800002,0,1685009.7152,2,1,1,7
27,4,15,ok,4480,19839291.84,1238630.3999999999,15824203.968,0,2776457.4720000005,5,1,1,3
27,4,16,ok,3920,17769145.0112,1156055.0399999998,14574171.9296,0,2038918.0416000001,1,4,2,2
27,8,1,ok,125440,31502507.776000001,2312110.0799999996,27788453.836800002,0,1401943.8592000001,1,1,1,1
27,8,2,ok,62720,31669796.607999999,2312110.0799999996,27869423.564800002,0,1488262.9632000001,1,1,1,2
27,8,3,ok,43904,34336920.009600006,2341011.4559999998,28895160.048,0,3100748.5056000003,3,1,1,1
27,8,4,ok,31360,32004374.272,2312110.0799999996,28031363.020800002,0,1660901.1712000002,1,2,1,2
27,8,5,ok,25088,35943685.887999997,2312110.0799999996,28845923.072000001,0,4785652.7360000005,5,1,1,1
27,8,6,ok,21952,34506299.952000007,2341011.4559999998,28977141.897600003,0,3188146.5984000005,3,1,1,2
27,8,7,ok,17920,33106484.991999999,2312110.0800000001,28874516.428799994,0,1919858.4832000001,1,1,1,7
27,8,8,ok,15680,32673529.599999998,2312110.0799999996,28355241.932799999,0,2006177.5872000002,1,2,2,2
27,8,9,ok,15680,37103414.803199999,2601123.8399999994,32245341.1776,0,2256949.7856000001,1,9,1,1
27,8,10,ok,12544,36110974.719999999,2312110.0799999996,28926892.800000004,0,4871971.8399999999,5,1,1,2
27,8,11,ok,12544,43984063.991999991,2384363.5199999996,31721108.900799997,0,9878591.5712000001,11,1,1,1
27,8,12,ok,10976,34845059.836800002,2341011.4559999998,29141105.596800003,0,3362942.784,3,1,2,2
27,8,13,ok,12544,48056087.435199998,2442166.2719999999,34029574.737599999,0,11584346.425600002,13,1,1,1
27,8,14,ok,8960,34216779.520000003,2312110.0800000001,29138883.737599999,0,2765785.7024000003,2,1,1,7
27,8,15,ok,8960,38165353.344000004,2477260.7999999998,32983708.032000005,0,2704384.5120000001,1,1,1,15
27,8,16,ok,7840,33783824.127999999,2312110.0799999996,28619609.241599999,0,2852104.8064000001,2,2,2,2
27,16,1,ok,250880,62837726.719999999,4624220.1599999992,55495937.945600003,0,2717568.6144000003,1,1,1,1
27,16,2,ok,125440,63005015.552000001,4624220.1599999992,55576907.673600003,0,2803887.7184000001,1,1,1,2
27,16,3,ok,87808,68504460.076800019,4682022.9119999995,57708338.246400006,0,6114098.9184000008,3,1,1,1
27,16,4,ok,62720,63339593.215999998,4624220.1599999992,55738847.129600003,0,2976525.9264000002,1,2,1,2
27,16,5,ok,50176,71720082.944000006,4624220.1599999992,57610876.416000009,0,9484986.3680000007,5,1,1,1
27,16,6,ok,43904,68673840.019200012,4682022.9119999995,57790320.096000001,0,6201497.0112000005,3,1,1,2
27,16,7,ok,35840,65041948.160000004,4624220.1600000001,57182244.761600003,0,3235483.2384000006,1,1,1,7
27,16,8,ok,31360,64008748.544,4624220.1599999992,56062726.041600004,0,3321802.3424000004,1,2,2,2
27,16,9,ok,31360,73247775.782399997,5202247.6799999988,64308500.467199996,0,3737027.6352000004,1,9,1,1
27,16,10,ok,25088,71887371.775999993,4624220.1599999992,57691846.144000001,0,9571305.472000001,5,1,1,2
27,16,11,ok,25088,87795611.376000002,4768727.0399999991,63358717.769600004,0,19668166.566399999,11,1,1,1
27,16,12,ok,21952,69012599.904000014,4682022.9119999995,57954283.795200005,0,6376293.196800001,3,1,2,2
27,16,13,ok,25088,95935476.041600004,4884332.5439999998,67973625.199999988,0,23077518.297600001,13,1,1,1
27,16,14,ok,17920,66212969.983999997,4624220.1600000001,57749032.857599989,0,3839716.9664000003,1,2,1,7
27,16,15,ok,17920,73943688.960000023,4954521.5999999996,64875184.896000013,0,4113982.4640000002,1,1,1,15
27,16,16,ok,15680,65347059.199999996,4624220.1599999992,56710483.865599997,0,4012355.1744000004,1,4,2,2
27,32,1,ok,501760,125508164.60799998,9248440.3199999984,110910906.16319999,0,5348818.1248000003,1,1,1,1
27,32,2,ok,250880,125675453.44,9248440.3199999984,110991875.89120001,0,5435137.2288000006,1,1,1,2
27,32,3,ok,172480,132849008.19840002,9537454.0800000001,117625644.69120002,0,5685909.4272000007,1,3,1,1
27,32,4,ok,125440,126010031.104,9248440.3199999984,111153815.34720001,0,5607775.4368000003,1,2,1,2
27,32,5,ok,100352,143272877.05599999,9248440.3199999984,115140783.104,0,18883653.631999999,5,1,1,1
27,32,6,ok,86240,133168692.8064,9537454.0800000001,117686371.98719999,0,5944866.7391999997,1,3,1,2
27,32,7,ok,71680,128912874.49600002,9248440.3200000003,113797701.4272,0,5866732.7488000002,1,1,1,7
27,32,8,ok,62720,126679186.432,9248440.3199999984,111477694.25920001,0,5953051.8528000005,1,2,2,2
27,32,9,ok,61600,144369619.05599999,10218700.799999999,127559454.76800001,0,6591463.4880000008,1,3,1,3
27,32,10,ok,50176,143440165.88800001,9248440.3199999984,115221752.83200002,0,18969972.736000001,5,1,1,2
27,32,11,ok,47040,133701500.48639999,9537454.0799999982,117787584.1472,0,6376462.2592000002,1,11,1,1
27,32,12,ok,43120,133808062.02240001,9537454.0800000001,117807826.5792,0,6462781.3632000005,1,3,2,2
27,32,13,ok,47040,158010864.2112,11271536.639999999,139203508.53760001,0,7535819.0335999997,1,13,1,1
27,32,14,ok,35840,130083896.32000001,9248440.3200000003,114364489.52320001,0,6470966.4768000012,1,2,1,7
27,32,15,ok,35840,145378045.44000003,9909043.1999999993,128535823.87200001,0,6933178.3680000007,1,1,1,15
27,32,16,ok,31360,128017497.088,9248440.3199999984,112125452.08320001,0,6643604.6848000009,1,4,2,2
27,64,1,ok,1003520,250849040.38399997,18496880.639999997,221740842.5984,0,10611317.1456,1,1,1,1
27,64,2,ok,501760,251016329.21599996,18496880.639999997,221821812.32639998,0,10697636.249600001,1,1,1,2
27,64,3,ok,344960,265378331.7888,19074908.16,235190562.08639997,0,11112861.542400001,1,3,1,1
27,64,4,ok,250880,251350906.88,18496880.639999997,221983751.78240001,0,10870274.457600001,1,2,1,2
27,64,5,ok,203840,261575414.752,18785894.399999999,231668473.69600001,0,11121046.655999999,1,5,1,1
27,64,6,ok,172480,265698016.39680004,19074908.16,235251289.38240004,0,11371818.854400001,1,3,1,2
27,64,7,ok,143360,256654727.16800004,18496880.640000001,227028614.75840002,0,11129231.7696,1,1,1,7
27,64,8,ok,125440,252020062.208,18496880.639999997,222307630.69440001,0,11215550.873600001,1,2,2,2
27,64,9,ok,123200,287780184.28799999,20437401.599999998,254936727.648,0,12406055.040000001,1,3,1,3
27,64,10,ok,101920,262108222.43200004,18785894.399999999,231769685.85600004,0,11552642.176000001,1,5,1,2
27,64,11,ok,94080,266230824.07679999,19074908.159999996,235352501.5424,0,11803414.374400001,1,11,1,1
27,64,12,ok,86240,266337385.6128,19074908.16,235372743.97439998,0,11889733.478399999,1,3,2,2
27,64,13,ok,78400,262427907.04000002,18785894.399999999,231830413.15200001,0,11811599.488000002,1,13,1,1
27,64,14,ok,71680,257825748.99200004,18496880.640000001,227595402.85440001,0,11733465.4976,1,2,1,7
27,64,15,ok,71680,288246758.40000004,19818086.399999999,255857101.82400003,0,12571570.176000001,1,1,1,15
27,64,16,ok,62720,253358372.86399999,18496880.639999997,222955388.51840001,0,11906103.705600001,1,4,2,2
28,1,1,ok,12544,2900569.8848000001,202309.63199999998,2490997.4432000001,0,207262.80960000001,1,1,1,1
28,1,2,ok,6272,3039356.7007999998,202309.63199999998,2524043.3568000002,0,313003.712,2,1,1,1
28,1,3,ok,4480,3256701.1356000002,205922.304,2630221.3260000004,0,420557.50560000003,3,1,1,1
28,1,4,ok,3136,3226487.3760000002,202309.63199999998,2650750.6592000001,0,373427.08480000001,2,1,1,2
28,1,5,ok,2688,3554060.2010000004,207728.63999999998,2713385.8050000006,0,632945.75600000005,5,1,1,1
28,1,6,ok,2240,3447173.4299999997,205922.304,2759191.2588,0,482059.86719999998,3,1,1,2
28,1,7,ok,1792,3535251.8432,202309.63199999998,2763139.1647999999,0,569803.04640000011,1,1,1,7
28,1,8,ok,1568,3496875.8048,202309.63199999998,2800292.3424000004,0,494273.83040000004,2,1,2,2
28,1,9,ok,1600,3856662.0702,220631.03999999998,3066822.0054000001,0,569209.02480000013,3,1,3,1
28,1,10,ok,1344,3746203.3050000006,207728.63999999998,2843487.0530000003,0,694987.61200000008,5,1,1,2
28,1,11,ok,1792,4778400.9613999994,218566.65599999999,3287004.4613999994,0,1272829.844,11,1,1,1
28,1,12,ok,1120,3828118.0187999997,205922.304,3017131.1244000001,0,605064.59039999999,3,1,2,2
28,1,13,ok,1792,5132779.8678000001,211341.31200000001,3440752.6893999996,0,1480685.8664000002,13,1,1,1
28,1,14,ok,896,3773176.4000000004,202309.63199999998,2895322.8192000003,0,675543.94880000013,2,1,1,7
28,1,15,ok,960,4178483.3445000001,222566.39999999997,3158108.6264999998,0,797808.31799999997,5,1,3,1
28,1,16,ok,784,3972724.9184000008,202309.63199999998,3064659.6512000007,0,705755.63520000002,4,1,2,2
28,2,1,ok,25088,5684037.5872000009,404619.26399999997,4925316.0768000009,0,354102.2464,1,1,1,1
28,2,2,ok,12544,5801139.7696000002,404619.26399999997,4981994.8864000002,0,414525.61920000002,1,2,1,1
28,2,3,ok,8960,6394208.9784000004,411844.60800000001,5202751.7208000002,0,779612.6496,3,1,1,1
28,2,4,ok,6272,6078713.4015999995,404619.26399999997,5048086.7136000004,0,626007.424,2,2,1,1
28,2,5,ok,5376,6742073.2960000001,433520.64000000001,5691779.8560000006,0,616772.80000000005,1,1,1,5
28,2,6,ok,4480,6513402.2712000003,411844.60800000001,5260442.6520000007,0,841115.01120000007,3,2,1,1
28,2,7,ok,3584,6548352.1600000001,404619.26399999997,5427090.4128,0,716642.48320000002,1,1,1,7
28,2,8,ok,3136,6452974.7520000003,404619.26399999997,5301501.3184000002,0,746854.16960000002,2,2,1,2
28,2,9,ok,3200,7355744.2620000001,441262.07999999996,5960571.2172000008,0,953910.96480000007,3,1,3,1
28,2,10,ok,2688,7108120.4020000007,415457.27999999997,5426771.6100000013,0,1265891.5120000001,5,2,1,1
28,2,11,ok,3584,9430289.7436000016,437133.31199999998,6512775.5660000006,0,2480380.8656000001,11,1,1,1
28,2,12,ok,2240,6894346.8599999994,411844.60800000001,5518382.5175999999,0,964119.73439999996,3,2,1,2
28,2,13,ok,3584,10143229.7772,422682.62400000001,6822296.2652000003,0,2898250.8880000003,13,1,1,1
28,2,14,ok,1792,7024201.2736000009,404619.26399999997,5691457.7216000007,0,928124.28800000006,2,1,1,7
28,2,15,ok,1792,7838146.5120000001,433520.63999999996,6183619.3440000005,0,1221006.5280000002,1,1,1,15
28,2,16,ok,1568,6993751.6096000001,404619.26399999997,5600584.6848000009,0,988547.66080000007,2,2,2,2
28,4,1,ok,43904,11250972.992000002,809238.52799999993,9793953.3440000005,0,647781.12000000011,1,1,1,1
28,4,2,ok,21952,11368075.174400002,809238.52799999993,9850632.1536000017,0,708204.49280000001,1,1,1,2
28,4,3,ok,15680,12400502.687999999,867041.2799999998,10722879.4176,0,810581.99040000001,1,1,1,3
28,4,4,ok,10976,11602279.5392,809238.52799999993,9963989.7728000004,0,829051.23840000003,1,1,2,2
28,4,5,ok,9408,12564678.560000002,867041.28000000003,10766208.544,0,931428.73600000003,1,1,1,5
28,4,6,ok,7840,12751809.235199999,867041.2799999998,10892915.8464,0,991852.10879999993,1,1,2,3
28,4,7,ok,6272,12163671.5648,809238.52799999993,10344111.68,0,1010321.3568000002,1,1,1,7
28,4,8,ok,5488,12157426.803199999,809238.52799999993,10096173.427200001,0,1252014.848,2,1,2,2
28,4,9,ok,5600,13926234.636,882524.15999999992,11320395.631200001,0,1723314.8448000003,3,1,1,3
28,4,10,ok,4704,13159479.199999999,867041.28000000003,10907833.887999998,0,1384604.0320000001,2,1,1,5
28,4,11,ok,6272,18734067.307999998,874266.62399999995,12964317.7752,0,4895482.9088000003,11,1,1,1
28,4,12,ok,3920,13026804.542400001,823689.21600000001,10520885.304000001,0,1682230.0224000001,3,1,2,2
28,4,13,ok,6272,20164129.596000001,845365.24800000002,13585383.4168,0,5733380.9312000005,13,1,1,1
28,4,14,ok,3136,12718818.8288,809238.52799999993,10476295.3344,0,1433284.9664,2,1,1,7
28,4,15,ok,3136,14435985.312000001,867041.27999999991,12033281.568000002,0,1535662.4640000002,1,1,1,15
28,4,16,ok,3136,12905949.504000001,809238.52799999993,10603002.6368,0,1493708.3392,2,4,1,2
28,8,1,ok,87808,22384843.801600002,1618477.0559999999,19531227.878400002,0,1235138.8672000002,1,1,1,1
28,8,2,ok,43904,22501945.984000005,1618477.0559999999,19587906.688000001,0,1295562.2400000002,1,1,1,2
28,8,3,ok,31360,24449698.828799997,1734082.5599999996,21275722.406399999,0,1439893.8624,1,1,1,3
28,8,4,ok,21952,22736150.348800004,1618477.0559999999,19701264.307200003,0,1416408.9856,1,2,1,2
28,8,5,ok,18816,24543846.208000001,1734082.5600000001,21249023.039999999,0,1560740.608,1,1,1,5
28,8,6,ok,15680,24801005.375999998,1734082.5599999996,21445758.835200001,0,1621163.9808,1,2,1,3
28,8,7,ok,12544,23507627.8528,1618477.0559999999,20291471.6928,0,1597679.1040000001,1,1,1,7
28,8,8,ok,10976,23204559.078400001,1618477.0559999999,19927979.545600001,0,1658102.4768000001,1,2,2,2
28,8,9,ok,11200,27233772.192000002,1857945.5999999999,23483490.796799999,0,1892335.7952000001,1,1,3,3
28,8,10,ok,9408,25129357.120000005,1734082.5600000001,21532417.088,0,1862857.4720000001,1,2,1,5
28,8,11,ok,12544,37341622.436799996,1748533.2479999999,25867402.193599999,0,9725686.9952000007,11,1,1,1
28,8,12,ok,7840,25503618.470399998,1734082.5599999996,21785831.6928,0,1983704.2175999999,1,2,2,3
28,8,13,ok,12544,40205929.233600006,1690730.496,27111557.719999999,0,11403641.017600002,13,1,1,1
28,8,14,ok,6272,24327343.1296,1618477.0559999999,20688223.359999999,0,2020642.7136000004,1,2,1,7
28,8,15,ok,6272,27115437.888,1734082.5599999998,23216380.992000002,0,2164974.3360000001,1,1,1,15
28,8,16,ok,5488,24314853.606399998,1618477.0559999999,20192346.854400001,0,2504029.696,2,2,2,2
28,16,1,ok,175616,44652585.4208,3236954.1119999997,39005776.9472,0,2409854.3616000004,1,1,1,1
28,16,2,ok,87808,44769687.603200004,3236954.1119999997,39062455.756800003,0,2470277.7344000004,1,1,1,2
28,16,3,ok,62720,48548091.110399991,3468165.1199999992,42381408.383999996,0,2698517.6063999999,1,1,1,3
28,16,4,ok,43904,45003891.96800001,3236954.1119999997,39175813.376000002,0,2591124.4800000004,1,2,1,2
28,16,5,ok,37632,48502181.504000008,3468165.1200000001,42214652.032000005,0,2819364.352,1,1,1,5
28,16,6,ok,31360,48899397.657599993,3468165.1199999992,42551444.812799998,0,2879787.7248,1,2,1,3
28,16,7,ok,25088,46195540.428800002,3236954.1119999997,40186191.718400002,0,2772394.5984,1,1,1,7
28,16,8,ok,21952,45472300.697600007,3236954.1119999997,39402528.614400007,0,2832817.9712,1,2,2,2
28,16,9,ok,22400,53413624.742399998,3715891.1999999997,46456872.3072,0,3240861.2352,1,1,3,3
28,16,10,ok,18816,49087692.416000001,3468165.1200000001,42498046.079999998,0,3121481.216,1,2,1,5
28,16,11,ok,25088,74556732.694399998,3497066.4959999998,51673571.030399993,0,19386095.168000001,11,1,1,1
28,16,12,ok,15680,49602010.751999997,3468165.1199999992,42891517.670400001,0,3242327.9616,1,4,1,3
28,16,13,ok,25088,80289528.5088,3381460.9920000001,54163906.326399997,0,22744161.190400001,13,1,1,1
28,16,14,ok,12544,47015255.705600001,3236954.1119999997,40582943.385600001,0,3195358.2080000001,1,2,1,7
28,16,15,ok,12544,52474343.040000007,3468165.1199999996,45582579.840000004,0,3423598.0800000001,1,1,1,15
28,16,16,ok,10976,46409118.156800002,3236954.1119999997,39855959.091200002,0,3316204.9536000001,1,4,2,2
28,32,1,ok,351232,89188068.659200013,6473908.2239999995,77954875.084800005,0,4759285.3504000008,1,1,1,1
28,32,2,ok,175616,89305170.841600001,6473908.2239999995,78011553.894400001,0,4819708.7232000008,1,1,1,2
28,32,3,ok,125440,96744875.673599988,6936330.2399999984,84592780.339200005,0,5215765.0943999998,1,1,1,3
28,32,4,ok,87808,89539375.206400007,6473908.2239999995,78124911.513600007,0,4940555.4688000008,1,2,1,2
28,32,5,ok,75264,96418852.096000016,6936330.2400000002,84145910.016000003,0,5336611.8399999999,1,1,1,5
28,32,6,ok,62720,97096182.220799983,6936330.2399999984,84762816.767999992,0,5397035.2127999999,1,2,1,3
28,32,7,ok,50176,91571365.580799997,6473908.2239999995,79975631.769600004,0,5121825.5872,1,1,1,7
28,32,8,ok,43904,90007783.936000019,6473908.2239999995,78351626.752000004,0,5182248.9600000009,1,2,2,2
28,32,9,ok,43904,101258756.92800002,7283146.7519999994,88145580.096000001,0,5830030.080000001,1,9,1,1
28,32,10,ok,37632,97004363.008000016,6936330.2400000002,84429304.06400001,0,5638728.7039999999,1,2,1,5
28,32,11,ok,37632,93142558.185599998,6676217.8559999997,80955981.814400002,0,5510358.5152000003,1,11,1,1
28,32,12,ok,31360,97798795.315199986,6936330.2399999984,85102889.625599995,0,5759575.4495999999,1,4,1,3
28,32,13,ok,37632,110077568.7648,7890075.6479999991,95675251.235200003,0,6512241.8816,1,13,1,1
28,32,14,ok,25088,92391080.857600003,6473908.2239999995,80372383.436800003,0,5544789.1968,1,2,1,7
28,32,15,ok,25088,103192153.34400001,6936330.2399999993,90314977.536000013,0,5940845.568,1,1,1,15
28,32,16,ok,21952,90944601.395200014,6473908.2239999995,78805057.228800014,0,5665635.9424000001,1,4,2,2
28,64,1,ok,702464,178259035.13600004,12947816.447999999,155853071.36000001,0,9458147.3280000016,1,1,1,1
28,64,2,ok,351232,178376137.31840003,12947816.447999999,155909750.16960001,0,9518570.7008000016,1,1,1,2
28,64,3,ok,250880,193138444.79999998,13872660.479999997,169015524.24959999,0,10250260.0704,1,1,1,3
28,64,4,ok,175616,178610341.6832,12947816.447999999,156023107.7888,0,9639417.4464000016,1,2,1,2
28,64,5,ok,150528,192252193.28000003,13872660.48,168008425.984,0,10371106.816,1,1,1,5
28,64,6,ok,125440,193489751.34719998,13872660.479999997,169185560.67840001,0,10431530.1888,1,2,1,3
28,64,7,ok,100352,182323015.88480002,12947816.447999999,159554511.87200001,0,9820687.5648000017,1,1,1,7
28,64,8,ok,87808,179078750.41280001,12947816.447999999,156249823.02720001,0,9881110.9376000017,1,2,2,2
28,64,9,ok,87808,201463594.21440002,14566293.503999999,175781050.90560001,0,11116249.804800002,1,9,1,1
28,64,10,ok,75264,192837704.19200003,13872660.48,168291820.03200001,0,10673223.68,1,2,1,5
28,64,11,ok,75264,184996992.36479998,13352435.711999999,161288496.72319996,0,10356059.9296,1,11,1,1
28,64,12,ok,62720,194192364.44159997,13872660.479999997,169525633.53599998,0,10794070.4256,1,4,1,3
28,64,13,ok,62720,182447729.02719998,13150126.079999998,158967535.70879999,0,10330067.238400001,1,13,1,1
28,64,14,ok,50176,183142731.16159999,12947816.447999999,159951263.53920001,0,10243651.1744,1,2,1,7
28,64,15,ok,50176,204627773.95199999,13872660.479999999,179779772.928,0,10975340.544,1,1,1,15
28,64,16,ok,43904,180015567.87200004,12947816.447999999,156703253.50400001,0,10364497.920000002,1,4,2,2
29,1,1,ok,49392,10965967.622400001,796594.17599999998,9783171.2832000013,0,386202.16320000001,1,1,1,1
29,1,2,ok,24696,11427057.465599999,796594.17599999998,10006344.095999999,0,624119.1936,1,1,1,2
29,1,3,ok,17640,12762791.193600001,853493.76000000001,11082695.030400001,0,826602.40320000006,1,1,1,3
29,1,4,ok,12348,12347111.884800002,796594.17599999998,10493521.696,0,1056996.0128000001,1,1,2,2
29,1,5,ok,10584,13488080.255999997,853493.75999999989,11332150.032,0,1302436.4640000002,1,1,1,5
29,1,6,ok,8820,13850724.7872,853493.76000000001,11456877.532800002,0,1540353.4944000002,1,1,2,3
29,1,7,ok,7056,11337724.7424,796594.17599999998,9989708.2431999985,0,551422.32319999998,7,1,1,1
29,1,8,ok,7056,11719096.838400003,796594.17599999998,10338036.307200002,0,584466.35520000011,8,1,1,1
29,1,9,ok,7056,12139165.898999998,800150.39999999991,10720076.030999999,0,618939.46800000011,9,1,1,1
29,1,10,ok,6048,12421181.346000001,817931.5199999999,10944120.922,0,659128.9040000001,10,1,1,1
29,1,11,ok,6048,12736925.632199999,821487.74399999995,11221835.871400001,0,693602.0168000001,11,1,1,1
29,1,12,ok,5040,12913466.6808,810819.07199999993,11336387.445599999,0,766260.16320000007,6,1,2,1
29,1,13,ok,6048,13410522.106800001,832156.41599999985,11814388.3676,0,763977.32319999998,13,1,1,1
29,1,14,ok,3528,11798814.5856,796594.17599999998,10212881.056,0,789339.35360000003,7,1,1,2
29,1,15,ok,4032,12427496.234999999,800150.39999999991,10810142.175000001,0,817203.66000000015,15,1,1,1
29,1,16,ok,3528,12180186.681600001,796594.17599999998,10561209.119999999,0,822383.38560000004,8,1,1,2
29,2,1,ok,98784,21470845.401599996,1593188.352,19343169.753599998,0,534487.29600000009,1,1,1,1
29,2,2,ok,49392,21931935.244800001,1593188.352,19566342.566400003,0,772404.32640000002,1,1,1,2
29,2,3,ok,35280,24366414.240000002,1706987.52,21627921.772799999,0,1031504.9471999999,1,1,1,3
29,2,4,ok,24696,22854114.931199998,1593188.352,20012688.191999998,0,1248238.3872,1,2,1,2
29,2,5,ok,21168,25507609.344000001,1706987.5199999998,22385334.048,0,1415287.7760000001,1,1,1,5
29,2,6,ok,17640,25525582.387200002,1706987.52,22165390.060800001,0,1653204.8064000001,1,2,1,3
29,2,7,ok,14112,22214359.641599998,1593188.352,19756243.673599999,0,864927.61600000004,7,1,1,1
29,2,8,ok,12348,24694223.769600004,1593188.352,20987043.392000001,0,2113992.0256000003,1,2,2,2
29,2,9,ok,14112,23815183.518000003,1600300.7999999998,21215982.942000002,0,998899.77600000007,9,1,1,1
29,2,10,ok,10584,26976160.511999995,1706987.5199999998,22664300.063999999,0,2604872.9280000003,1,2,1,5
29,2,11,ok,12096,24998352.363599997,1642975.4879999999,22213524.779600002,0,1141852.0960000001,11,1,1,1
29,2,12,ok,8820,27701449.5744,1706987.52,22913755.065600004,0,3080706.9888000004,1,2,2,3
29,2,13,ok,12096,26339370.0024,1664312.8319999997,23395640.850400001,0,1279416.3200000001,13,1,1,1
29,2,14,ok,7056,22675449.4848,1593188.352,19979416.486399997,0,1102844.6464,7,1,1,2
29,2,15,ok,8064,24391844.190000001,1600300.7999999998,21396115.23,0,1395428.1599999999,15,1,1,1
29,2,16,ok,7056,23438193.676800005,1593188.352,20676072.614400003,0,1168932.7104000002,8,1,1,2
29,4,1,ok,172872,41810164.300799996,3186376.7039999999,37845600.486400001,0,778187.11040000012,1,1,1,1
29,4,2,ok,86436,42211773.004800007,3186376.7039999999,38035727.385600001,0,989668.91520000005,1,1,1,2
29,4,3,ok,61740,45503946.431999996,3413975.04,40825682.956799999,0,1264288.4352000002,1,1,1,3
29,4,4,ok,43218,43685427.071999997,3186376.7039999999,39033547.391999997,0,1465502.976,1,1,2,2
29,4,5,ok,37044,47529074.879999988,3413975.0399999996,42374977.343999997,0,1740122.496,1,1,1,5
29,4,6,ok,30870,46887215.961599998,3413975.04,41495201.395199999,0,1978039.5263999999,1,1,2,3
29,4,7,ok,24696,42999787.08479999,3186376.7039999999,38506518.758399993,0,1306891.6224,7,1,1,1
29,4,8,ok,24696,43856223.667199999,3186376.7039999999,39495131.468800001,0,1174715.4944000002,4,1,1,2
29,4,9,ok,24696,46077952.183200009,3200601.5999999996,41356447.221600004,0,1520903.3615999999,9,1,1,1
29,4,10,ok,18522,49834524.096000001,3413975.0399999996,43490841.408,0,2929707.648,1,1,2,5
29,4,11,ok,21168,48095648.27759999,3285950.9759999998,43207526.269599997,0,1602171.0320000001,11,1,1,1
29,4,12,ok,17640,46841688.431999996,3243276.2879999997,42224281.814399987,0,1374130.3295999998,6,1,1,2
29,4,13,ok,21168,50656339.406400003,3328625.6639999994,45532906.328000002,0,1794807.4144000001,13,1,1,1
29,4,14,ok,12348,43252692.940799996,3186376.7039999999,38614030.873599999,0,1452285.3632,7,1,1,2
29,4,15,ok,14112,46708959.780000001,3200601.5999999996,41551273.596000001,0,1957084.584,15,1,1,1
29,4,16,ok,12348,44688959.615999997,3186376.7039999999,39957774.259199999,0,1544808.6528,8,1,1,2
29,8,1,ok,345744,83159238.758400023,6372753.4079999998,75468028.160000011,0,1318457.1904000002,1,1,1,1
29,8,2,ok,172872,83501366.323200017,6372753.4079999998,75625109.145600006,0,1503503.7696000002,1,1,1,2
29,8,3,ok,123480,89624623.334399998,6827950.0800000001,80981847.475200012,0,1814825.7792,1,1,1,3
29,8,4,ok,86436,84423546.009600013,6372753.4079999998,76071454.771200001,0,1979337.8304000001,1,2,1,2
29,8,5,ok,74088,92752700.543999985,6827950.0799999991,83634090.623999998,0,2290659.8399999999,1,1,1,5
29,8,6,ok,61740,91007892.863999993,6827950.0800000001,81651365.913599998,0,2528576.8704000004,1,2,1,3
29,8,7,ok,49392,85538484.326399997,6372753.4079999998,76789864.703999996,0,2375866.2144000004,7,1,1,1
29,8,8,ok,43218,87370854.143999994,6372753.4079999998,78067094.783999994,0,2931005.952,1,2,2,2
29,8,9,ok,44100,100112193.21600001,7315660.7999999998,89475556.262400001,0,3320976.1535999998,1,1,3,3
29,8,10,ok,37044,95058149.759999976,6827950.0799999991,84749954.687999994,0,3480244.9920000001,1,2,1,5
29,8,11,ok,42336,95715797.654399991,6571901.9519999996,86184905.57599999,0,2958990.1264000004,11,1,1,1
29,8,12,ok,30870,93774431.923199996,6827950.0800000001,82990402.790399998,0,3956079.0527999997,1,2,2,3
29,8,13,ok,42336,100831004.60160001,6657251.3279999988,90832676.771200001,0,3341076.5024000001,13,1,1,1
29,8,14,ok,24696,85583206.195199981,6372753.4079999998,76781716.121599987,0,2428736.6656000004,7,1,1,2
29,8,15,ok,24696,100120970.87999998,6827950.0799999991,88623190.655999988,0,4669830.1439999994,1,1,1,15
29,8,16,ok,24696,87712447.334399998,6372753.4079999998,78990262.937600002,0,2349430.9888000004,4,2,1,2
29,16,1,ok,691488,165857387.67360002,12745506.816,150712883.5072,0,2398997.3503999999,1,1,1,1
29,16,2,ok,345744,166080552.95999998,12745506.816,150803872.6656,0,2531173.4784000004,1,1,1,2
29,16,3,ok,246960,177865977.1392,13655900.16,161294176.51199999,0,2915900.4672000003,1,1,1,3
29,16,4,ok,172872,167002732.64640003,12745506.816,151250218.29120001,0,3007007.5392000005,1,2,1,2
29,16,5,ok,148176,183199951.87199998,13655900.159999998,166152317.18399999,0,3391734.5280000004,1,1,1,5
29,16,6,ok,123480,179249246.6688,13655900.16,161963694.95040002,0,3629651.5584,1,2,1,3
29,16,7,ok,98784,169488950.93759999,12745506.816,153022685.49119997,0,3720758.6304000001,1,1,1,7
29,16,8,ok,86436,168847092.01920003,12745506.816,152142909.5424,0,3958675.6608000002,1,4,1,2
29,16,9,ok,88200,196074577.84320003,14631321.6,176942557.20960003,0,4500699.0335999997,1,1,3,3
29,16,10,ok,74088,185505401.08799997,13655900.159999998,167268181.248,0,4581319.6799999997,1,2,1,5
29,16,11,ok,84672,190956096.40799999,13143803.903999999,172139664.18880001,0,5672628.3152000001,11,1,1,1
29,16,12,ok,61740,182015785.72799999,13655900.16,163302731.8272,0,5057153.7408000007,1,4,1,3
29,16,13,ok,84672,201180334.99199998,13314502.655999998,181432217.65759999,0,6433614.6784000006,13,1,1,1
29,16,14,ok,49392,170244232.704,12745506.816,153117086.61759999,0,4381639.2704000007,7,1,1,2
29,16,15,ok,49392,193325594.11199999,13655900.159999998,173898789.11999997,0,5770904.8319999995,1,1,1,15
29,16,16,ok,43218,174741708.28799999,12745506.816,156134189.56799999,0,5862011.9040000001,1,4,2,2
29,32,1,ok,1382976,331253685.50400007,25491013.631999999,301202594.20160002,0,4560077.6704000002,1,1,1,1
29,32,2,ok,691488,331238926.23360002,25491013.631999999,301161399.70559996,0,4586512.8960000006,1,1,1,2
29,32,3,ok,493920,354348684.74880004,27311800.32,321918834.58560002,0,5118049.8432,1,1,1,3
29,32,4,ok,345744,332161105.91999996,25491013.631999999,301607745.3312,0,5062346.9568000007,1,2,1,2
29,32,5,ok,296352,364094454.528,27311800.319999997,331188770.30400002,0,5593883.9040000001,1,1,1,5
29,32,6,ok,246960,355731954.2784,27311800.32,322588353.02399999,0,5831800.9344000006,1,2,1,3
29,32,7,ok,197568,335750272.97279996,25491013.631999999,304483161.29279995,0,5776098.0480000004,1,1,1,7
29,32,8,ok,172872,334005465.29280007,25491013.631999999,302500436.58240002,0,6014015.0784000009,1,4,1,2
29,32,9,ok,172872,376291478.70719993,28677390.335999999,340610404.37760001,0,7003683.9936000016,1,9,1,1
29,32,10,ok,148176,366399903.74399996,27311800.319999997,332304634.36799997,0,6783469.0560000008,1,2,1,5
29,32,11,ok,148176,351732954.98880005,26287607.807999998,317934850.46399999,0,7510496.7168000014,1,11,1,1
29,32,12,ok,123480,358498493.33759999,27311800.32,323927389.90080005,0,7259303.1168,1,4,1,3
29,32,13,ok,148176,415684401.35040003,31067172.864,375741186.912,0,8876041.5744000021,1,13,1,1
29,32,14,ok,98784,338977901.87519997,25491013.631999999,306045370.98239994,0,7441517.2608000003,1,2,1,7
29,32,15,ok,98784,379734840.57599998,27311800.319999997,344449986.04799998,0,7973054.2080000006,1,1,1,15
29,32,16,ok,86436,337694184.03840005,25491013.631999999,304285819.0848,0,7917351.3216000004,1,8,1,2
29,64,1,ok,2765952,662046281.16480017,50982027.263999999,602182015.5904001,0,8882238.3104000017,1,1,1,1
29,64,2,ok,1382976,661555672.7808001,50982027.263999999,601876453.78560007,0,8697191.7312000003,1,1,1,2
29,64,3,ok,987840,707314099.96799994,54623600.640000001,643168150.73280001,0,9522348.5952000003,1,1,1,3
29,64,4,ok,691488,662477852.46720004,50982027.263999999,602322799.41119993,0,9173025.7920000013,1,2,1,2
29,64,5,ok,592704,725883459.83999991,54623600.639999993,661261676.54400003,0,9998182.6559999995,1,1,1,5
29,64,6,ok,493920,708697369.49760008,54623600.640000001,643837669.17120004,0,10236099.6864,1,2,1,3
29,64,7,ok,395136,668272917.04320002,50982027.263999999,607404112.89599991,0,9886776.883200001,1,1,1,7
29,64,8,ok,345744,664322211.83999991,50982027.263999999,603215490.66240001,0,10124693.913600001,1,4,1,2
29,64,9,ok,345744,748433148.82560015,57354780.671999998,679212253.44000006,0,11866114.713600002,1,9,1,1
29,64,10,ok,296352,728188909.05599999,54623600.639999993,662377540.60800004,0,11187767.808,1,2,1,5
29,64,11,ok,296352,698393921.70239997,52575215.615999997,633414799.9871999,0,12403906.099200003,1,11,1,1
29,64,12,ok,246960,711463908.55680001,54623600.640000001,645176706.04799998,0,11663601.868800001,1,4,1,3
29,64,13,ok,246960,688811223.60959995,51778621.439999998,624301147.14239991,0,12731455.0272,1,13,1,1
29,64,14,ok,197568,671500545.94559991,50982027.263999999,608966322.5855999,0,11552196.096000001,1,2,1,7
29,64,15,ok,197568,752553333.50399995,54623600.639999993,685552379.90399992,0,12377352.960000001,1,1,1,15
29,64,16,ok,172872,668010930.58560014,50982027.263999999,605000873.16480005,0,12028030.156800002,1,8,1,2
30,1,1,ok,2688,730597.47360000003,43352.063999999998,559749.81279999996,0,127495.59680000001,1,1,1,1
30,1,2,ok,1344,770696.90399999998,43352.063999999998,586901.37760000001,0,140443.46239999999,1,1,1,2
30,1,3,ok,960,860117.62320000003,46448.639999999999,652095.67440000002,0,161573.30880000003,1,1,3,1
30,1,4,ok,672,850895.7648,43352.063999999998,641204.50719999999,0,166339.1936,1,1,2,2
30,1,5,ok,576,940316.48400000005,46448.639999999999,706398.804,0,187469.04000000004,1,1,5,1
30,1,6,ok,448,1048270.5360000001,43352.063999999998,652993.20480000007,0,351925.2672,3,1,1,2
30,1,7,ok,384,971194.05599999998,43352.063999999991,722659.20160000003,0,205182.7904,1,1,7,1
30,1,8,ok,336,1109936.064,49545.215999999993,825896.2304,0,234494.6176,1,1,2,4
30,1,9,ok,320,1157517.9432000001,46448.639999999999,722908.34640000004,0,388160.95680000004,3,1,3,1
30,1,10,ok,288,1140813.6359999999,46448.639999999999,842156.62799999991,0,252208.36800000005,1,1,5,2
30,1,11,ok,896,2608428.5502000004,59609.087999999996,1355756.8310000002,0,1193062.6312000002,11,1,1,1
30,1,12,ok,224,1128469.3968000002,43352.063999999998,707296.33440000005,0,377820.99840000004,3,1,2,2
30,1,13,ok,896,2825477.6524,46964.735999999997,1380313.5995999998,0,1398199.3168000001,13,1,1,1
30,1,14,ok,192,1251890.0688,43352.063999999991,912720.15519999992,0,295817.84960000002,1,1,7,2
30,1,15,ok,192,1237716.804,46448.639999999992,777211.47599999991,0,414056.68800000002,3,1,5,1
30,1,16,ok,192,1430731.5071999999,49545.215999999993,1043108.7487999999,0,338077.54240000003,1,1,8,2
30,2,1,ok,5376,1436101.6224,86704.127999999997,1107354.1664,0,242043.32800000001,1,1,1,1
30,2,2,ok,2688,1461194.9472000001,86704.127999999997,1119499.6255999999,0,254991.19360000003,1,2,1,1
30,2,3,ok,1920,1644955.2719999999,92897.279999999999,1267754.9712,0,284303.02080000006,1,1,3,1
30,2,4,ok,1344,1541393.808,86704.127999999997,1173802.7552,0,280886.92479999998,1,2,1,2
30,2,5,ok,1152,1755166.3439999998,92897.279999999999,1352070.3119999997,0,310198.75200000004,1,1,5,1
30,2,6,ok,960,1720235.2464000001,92897.279999999999,1304191.3488,0,323146.61760000006,1,2,3,1
30,2,7,ok,768,1766734.8384,86704.127999999982,1360300.1887999999,0,319730.52160000004,1,1,7,1
30,2,8,ok,672,1701791.5296,86704.127999999997,1282409.0144,0,332678.3872,1,2,2,2
30,2,9,ok,640,2239755.9120000005,92897.279999999999,1409380.3152000001,0,737478.31680000015,3,1,3,1
30,2,10,ok,576,1880632.9680000001,92897.279999999999,1412797.608,0,374938.08000000007,1,2,5,1
30,2,11,ok,1792,5182353.7788000004,119218.17599999999,2694813.6556000002,0,2368321.9472000003,11,1,1,1
30,2,12,ok,448,2096541.0720000002,86704.127999999997,1305986.4096000001,0,703850.5344,3,2,1,2
30,2,13,ok,1792,5623770.8696000008,93929.471999999994,2747469.6184,0,2782371.7792000002,13,1,1,1
30,2,14,ok,384,1942388.112,86704.127999999982,1445318.4032000001,0,410365.5808,1,2,7,1
30,2,15,ok,384,2306221.7039999999,92897.279999999984,1773647.0159999998,0,439677.408,1,1,15,1
30,2,16,ok,336,2219872.128,99090.431999999986,1651792.4608,0,468989.2352,1,2,2,4
30,4,1,ok,9408,2847109.9199999999,173408.25599999999,2202562.8736,0,471138.79040000006,1,1,1,1
30,4,2,ok,4704,2872203.2448,173408.25599999999,2214708.3328,0,484086.65600000002,1,1,1,2
30,4,3,ok,3360,3124593.9360000002,185794.56,2409036.9312,0,529762.44480000006,1,1,1,3
30,4,4,ok,2352,2922389.8944000001,173408.25599999999,2238999.2511999998,0,509982.38720000006,1,1,2,2
30,4,5,ok,2016,3159774.4799999995,185794.56,2418321.7439999999,0,555658.17599999998,1,1,1,5
30,4,6,ok,1680,3199873.9103999999,185794.56,2445473.3087999998,0,568606.04160000011,1,1,2,3
30,4,7,ok,1344,3042688.1856,173408.25599999996,2320453.9455999997,0,548825.98399999994,1,1,1,7
30,4,8,ok,1344,3082787.6159999999,173408.25599999999,2347605.5104,0,561773.84959999996,1,4,1,2
30,4,9,ok,1200,3531549.1535999998,199065.59999999998,2689968.2831999999,0,642515.27040000004,1,1,3,3
30,4,10,ok,1008,3360271.6319999993,185794.56,2554079.5679999995,0,620397.50400000007,1,1,2,5
30,4,11,ok,3136,10330204.236000001,238436.35199999998,5372927.3048,0,4718840.5792000005,11,1,1,1
30,4,12,ok,784,4032684.4224000005,173408.25599999999,2503366.5600000001,0,1355909.6063999999,3,1,2,2
30,4,13,ok,3136,11220357.304,187858.94399999999,5481781.6559999995,0,5550716.7040000008,13,1,1,1
30,4,14,ok,672,3323384.1984000001,173408.25599999996,2510514.8991999999,0,639461.04320000007,1,1,2,7
30,4,15,ok,672,3560768.784,185794.55999999997,2689837.3919999995,0,685136.83200000005,1,1,1,15
30,4,16,ok,672,3403583.0592,173408.25599999999,2564818.0288,0,665356.77439999999,1,4,2,2
30,8,1,ok,18816,5669126.5152000003,346816.51199999999,4392980.2879999997,0,929329.71520000009,1,1,1,1
30,8,2,ok,9408,5694219.8399999999,346816.51199999999,4405125.7472000001,0,942277.58080000011,1,1,1,2
30,8,3,ok,6720,6173907.8975999998,371589.12,4781637.4847999997,0,1020681.2928000002,1,1,1,3
30,8,4,ok,4704,5744406.4896,346816.51199999999,4429416.6655999999,0,968173.31200000003,1,2,1,2
30,8,5,ok,4032,6194082.3360000001,371589.12,4775916.1919999998,0,1046577.0240000001,1,1,1,5
30,8,6,ok,3360,6249187.8720000004,371589.12,4818073.8624,0,1059524.8896000001,1,2,1,3
30,8,7,ok,2688,5909723.097599999,346816.51199999993,4555889.6767999995,0,1007016.9088000001,1,1,1,7
30,8,8,ok,2352,5844779.7888000002,346816.51199999999,4477998.5023999996,0,1019964.7744000001,1,2,2,2
30,8,9,ok,2400,6837258.3840000005,398131.19999999995,5270627.4336000001,0,1168499.7504,1,1,3,3
30,8,10,ok,2016,6319548.959999999,371589.12,4836643.4879999999,0,1111316.352,1,2,1,5
30,8,11,ok,2688,8036572.2096000006,476872.70399999997,6157247.9408,0,1402451.5648000001,1,11,1,1
30,8,12,ok,1680,6399747.8207999999,371589.12,4890946.6175999995,0,1137212.0832000002,1,2,2,3
30,8,13,ok,6272,22413530.172800001,375717.88799999998,10950405.731199998,0,11087406.553600002,13,1,1,1
30,8,14,ok,1344,6085376.3711999999,346816.51199999993,4640907.8911999995,0,1097651.9679999999,1,2,1,7
30,8,15,ok,1344,6745137.6959999995,371589.11999999994,5197492.8959999997,0,1176055.6799999999,1,1,1,15
30,8,16,ok,1344,6165575.2319999998,346816.51199999999,4695211.0208000001,0,1123547.6991999999,1,8,1,2
30,16,1,ok,37632,11313159.705599999,693633.02399999998,8773815.116799999,0,1845711.5648000003,1,1,1,1
30,16,2,ok,18816,11338253.030400001,693633.02399999998,8785960.5759999994,0,1858659.4304000002,1,1,1,2
30,16,3,ok,13440,12272535.820799999,743178.23999999999,9526838.5920000002,0,2002518.9888000002,1,1,1,3
30,16,4,ok,9408,11388439.68,693633.02399999998,8810251.4944000002,0,1884555.1616000002,1,2,1,2
30,16,5,ok,8064,12262698.048,743178.23999999999,9491105.0880000014,0,2028414.7200000002,1,1,1,5
30,16,6,ok,6720,12347815.7952,743178.23999999999,9563274.9695999995,0,2041362.5856000003,1,2,1,3
30,16,7,ok,5376,11643792.921599999,693633.02399999986,9026761.1391999982,0,1923398.7583999999,1,1,1,7
30,16,8,ok,4704,11488812.9792,693633.02399999998,8858833.3311999999,0,1936346.6240000001,1,2,2,2
30,16,9,ok,4800,13448676.844800003,796262.39999999991,10431945.7344,0,2220468.7104000002,1,1,3,3
30,16,10,ok,4032,12388164.672,743178.23999999999,9551832.3839999996,0,2093154.0480000002,1,2,1,5
30,16,11,ok,5376,15797117.8464,953745.40799999994,12180895.830399999,0,2662476.608,1,11,1,1
30,16,12,ok,3360,12498375.744000001,743178.23999999999,9636147.7248,0,2119049.7792000002,1,4,1,3
30,16,13,ok,12544,44799875.910399996,751435.77599999995,21887653.8816,0,22160786.252800003,13,1,1,1
30,16,14,ok,2688,11819446.195199998,693633.02399999986,9111779.3535999991,0,2014033.8176000002,1,2,1,7
30,16,15,ok,2688,13113875.519999998,743178.23999999987,10212803.903999999,0,2157893.3760000002,1,1,1,15
30,16,16,ok,2352,11689559.5776,693633.02399999998,8955997.0047999993,0,2039929.5488000002,1,4,2,2
30,32,1,ok,75264,22601226.086400002,1387266.048,17535484.7744,0,3678475.2640000004,1,1,1,1
30,32,2,ok,37632,22626319.411199998,1387266.048,17547630.233599998,0,3691423.1296000006,1,1,1,2
30,32,3,ok,26880,24469791.667199999,1486356.48,19017240.806400001,0,3966194.3808000004,1,1,1,3
30,32,4,ok,18816,22676506.060800001,1387266.048,17571921.151999999,0,3717318.8608000004,1,2,1,2
30,32,5,ok,16128,24399929.471999999,1486356.48,18921482.879999999,0,3992090.1120000002,1,1,1,5
30,32,6,ok,13440,24545071.641599998,1486356.48,19053677.184,0,4005037.9776000003,1,2,1,3
30,32,7,ok,10752,23111932.569599997,1387266.0479999997,17968504.063999999,0,3756162.4576000008,1,1,1,7
30,32,8,ok,9408,22776879.359999999,1387266.048,17620502.9888,0,3769110.3232000005,1,2,2,2
30,32,9,ok,9408,25623989.280000001,1560674.304,19823065.862399999,0,4240249.1136000007,1,9,1,1
30,32,10,ok,8064,24525396.096000001,1486356.48,18982210.176000003,0,4056829.4400000004,1,2,1,5
30,32,11,ok,8064,23557663.483199999,1430618.112,18204543.719999999,0,3922501.6512000002,1,11,1,1
30,32,12,ok,6720,24695631.590399999,1486356.48,19126549.939199999,0,4082725.1712000007,1,4,1,3
30,32,13,ok,8064,27840875.025599997,1690730.496,21514460.760000002,0,4635683.7696000002,1,13,1,1
30,32,14,ok,5376,23287585.843199998,1387266.0479999997,18053522.278399996,0,3846797.5167999999,1,2,1,7
30,32,15,ok,5376,25851351.167999998,1486356.4799999997,20243425.919999998,0,4121568.7680000002,1,1,1,15
30,32,16,ok,4704,22977625.9584,1387266.048,17717666.6624,0,3872693.2480000001,1,4,2,2
30,64,1,ok,150528,45177358.847999997,2774532.0959999999,35058824.089599997,0,7344002.6624000007,1,1,1,1
30,64,2,ok,75264,45202452.172800004,2774532.0959999999,35070969.548799999,0,7356950.5280000009,1,1,1,2
30,64,3,ok,53760,48864303.359999999,2972712.96,37998045.235199995,0,7893545.1648000013,1,1,1,3
30,64,4,ok,37632,45252638.822399996,2774532.0959999999,35095260.467199996,0,7382846.2592000011,1,2,1,2
30,64,5,ok,32256,48674392.32,2972712.96,37782238.463999994,0,7919440.8960000006,1,1,1,5
30,64,6,ok,26880,48939583.334399998,2972712.96,38034481.612800002,0,7932388.7616000008,1,2,1,3
30,64,7,ok,21504,46048211.86559999,2774532.0959999994,35851989.913599998,0,7421689.8560000006,1,1,1,7
30,64,8,ok,18816,45353012.121600002,2774532.0959999999,35143842.303999998,0,7434637.7216000007,1,2,2,2
30,64,9,ok,18816,51022138.636800006,3121348.608,39536822.592,0,8363967.4368000012,1,9,1,1
30,64,10,ok,16128,48799858.943999998,2972712.96,37842965.759999998,0,7984180.2240000004,1,2,1,5
30,64,11,ok,16128,46839300.393600002,2861236.2239999999,36275487.388800003,0,7702576.7807999998,1,11,1,1
30,64,12,ok,13440,49090143.283199996,2972712.96,38107354.368000001,0,8010075.9552000007,1,4,1,3
30,64,13,ok,13440,46183982.894400001,2817884.1599999997,35752173.953600004,0,7613924.7807999998,1,13,1,1
30,64,14,ok,10752,46223865.139199995,2774532.0959999994,35937008.127999999,0,7512324.9152000016,1,2,1,7
30,64,15,ok,10752,51326302.464000002,2972712.9599999995,40304669.952,0,8048919.5520000011,1,1,1,15
30,64,16,ok,9408,45553758.719999999,2774532.0959999999,35241005.977600001,0,7538220.6464000009,1,4,2,2
31,1,1,ok,8400,1833379.6896000002,135475.19999999998,1624752.4096000001,0,73152.080000000002,1,1,1,1
31,1,2,ok,4200,1854091.8720000002,135475.19999999998,1636259.4688000001,0,82357.203200000004,2,1,1,1
31,1,3,ok,3000,2206006.0560000003,145151.99999999997,1904442.8160000003,0,156411.23999999999,1,1,1,3
31,1,4,ok,2100,1979402.5919999999,135475.19999999998,1721108.1088,0,122819.28320000001,2,1,1,2
31,1,5,ok,1800,2456627.4960000003,145152,2074140.0959999999,0,237335.40000000002,1,1,1,5
31,1,6,ok,1500,2228197.6799999997,145151.99999999997,1916771.808,0,166273.872,2,1,1,3
31,1,7,ok,1200,2585244.0096,135475.19999999998,2133844.2496000002,0,315924.56,1,1,1,7
31,1,8,ok,1050,2249142.9696000004,135475.19999999998,1901427.2896,0,212240.48000000001,2,1,2,2
31,1,9,ok,1200,2527555.2335999999,152409.59999999998,2149348.2479999997,0,225797.38560000004,9,1,1,1
31,1,10,ok,900,2478819.1199999996,145152,2086469.0879999998,0,247198.03200000001,2,1,1,5
31,1,11,ok,1200,2504270.4588000001,139708.79999999999,2110568.8428000002,0,253992.81600000002,11,1,1,1
31,1,12,ok,750,2624614.4159999997,145151.99999999997,2182698.3360000001,0,296764.08000000007,2,1,2,3
31,1,13,ok,1200,2613931.9830000005,137592,2189155.8806000007,0,287184.10240000003,13,1,1,1
31,1,14,ok,600,2605956.1919999998,135475.19999999998,2145351.3088000002,0,325129.68320000003,2,1,1,7
31,1,15,ok,700,3176971.3199999998,145152,2394415.1040000003,0,637404.21600000001,1,1,1,15
31,1,16,ok,525,3032861.1839999999,154828.79999999999,2482178.3552000001,0,395854.02880000003,2,1,4,2
31,2,1,ok,16800,3588342.7392000002,270950.39999999997,3211550.2592000002,0,105842.08000000002,1,1,1,1
31,2,2,ok,8400,3629767.1039999998,270950.39999999997,3234564.3775999998,0,124252.32640000002,2,1,1,1
31,2,3,ok,6000,4176762.1920000007,290303.99999999994,3695021.9520000005,0,191436.23999999999,1,1,1,3
31,2,4,ok,4200,3708183.7440000004,270950.39999999997,3272518.9376000003,0,164714.40640000001,2,2,1,1
31,2,5,ok,3600,4521171.7919999994,290304,3958507.3919999995,0,272360.40000000002,1,1,1,5
31,2,6,ok,3000,4221145.4399999995,290303.99999999994,3719679.9359999998,0,211161.50400000002,2,1,1,3
31,2,7,ok,2400,4621571.5391999995,270950.39999999997,4002006.5792,0,348614.56,1,1,1,7
31,2,8,ok,2100,3958805.1839999999,270950.39999999997,3442216.2176000001,0,245638.56640000001,2,2,1,2
31,2,9,ok,2400,4838795.1072000004,304819.19999999995,4127900.9759999998,0,406074.93120000005,9,1,1,1
31,2,10,ok,1800,4565555.04,290304,3983165.3759999997,0,292085.66400000005,2,1,1,5
31,2,11,ok,2400,4810251.8375999993,279417.59999999998,4064575.1255999999,0,466259.11200000002,11,1,1,1
31,2,12,ok,1500,4456395.3599999994,290303.99999999994,3833543.6159999999,0,332547.74400000001,2,2,1,3
31,2,13,ok,2400,5032579.2659999998,275184,4224121.3612000002,0,533273.90480000002,13,1,1,1
31,2,14,ok,1200,4662995.9040000001,270950.39999999997,4025020.6976000005,0,367024.80640000006,2,1,1,7
31,2,15,ok,1200,6243219.7920000004,290304,5275934.5920000011,0,676981.20000000007,1,1,1,15
31,2,16,ok,1050,4498285.9392000008,270950.39999999997,3802854.5792,0,424480.96000000002,2,2,2,2
31,4,1,ok,29400,6919348.7231999999,541900.79999999993,6223219.9167999998,0,154228.00640000001,1,1,1,1
31,4,2,ok,14700,6963959.5775999995,541900.79999999993,6248004.352,0,174054.42560000002,2,1,1,1
31,4,3,ok,10500,7655258.5920000002,580607.99999999988,6831372.2879999997,0,243278.30400000003,1,1,1,3
31,4,4,ok,7350,7089270.2976000002,541900.79999999993,6332852.9920000006,0,214516.50560000003,2,1,1,2
31,4,5,ok,6300,7905880.0319999997,580608,7001069.567999999,0,324202.46400000004,1,1,1,5
31,4,6,ok,5250,7703055.9360000007,580607.99999999988,6857927.040000001,0,264520.89600000007,2,1,1,3
31,4,7,ok,4200,7671213.0431999993,541900.79999999993,6732311.7567999996,0,397000.48640000005,1,1,1,7
31,4,8,ok,3675,7339891.7375999996,541900.79999999993,6502550.2719999999,0,295440.66560000001,2,1,2,2
31,4,9,ok,3750,8927074.7999999989,622080,7810237.4399999995,0,494757.3600000001,1,1,3,3
31,4,10,ok,3150,7953677.3760000002,580608,7027624.3199999994,0,345445.05600000004,2,1,1,5
31,4,11,ok,4800,9422214.5952000003,558835.19999999995,7972587.6912000002,0,890791.70400000014,11,1,1,1
31,4,12,ok,2625,8078988.0960000008,580607.99999999988,7112472.9600000009,0,385907.136,2,1,2,3
31,4,13,ok,4800,9869873.8320000023,550368,8294052.3224000018,0,1025453.5096000002,13,1,1,1
31,4,14,ok,2100,7715823.8975999989,541900.79999999993,6757096.1919999998,0,416826.90560000006,2,1,1,7
31,4,15,ok,2100,9158987.2319999989,580608,7849555.9680000003,0,728823.26400000008,1,1,1,15
31,4,16,ok,2100,7917610.3679999998,541900.79999999993,6884432.4352000002,0,491277.13280000002,2,4,1,2
31,8,1,ok,58800,13760280.806400001,1083801.5999999999,12408485.273600001,0,267993.93280000001,1,1,1,1
31,8,2,ok,29400,13838697.4464,1083801.5999999999,12446439.8336,0,308456.01280000003,1,2,1,1
31,8,3,ok,21000,15075267.264000004,1161215.9999999998,13548880.896000003,0,365170.36800000002,1,1,1,3
31,8,4,ok,14700,13927919.155199999,1083801.5999999999,12496008.704,0,348108.85120000003,2,2,1,1
31,8,5,ok,12600,15419676.864,1161216,13812366.335999999,0,446094.52799999999,1,1,1,5
31,8,6,ok,10500,15170861.952000003,1161215.9999999998,13601990.400000002,0,407655.55200000003,2,1,1,3
31,8,7,ok,8400,14793509.606400002,1083801.5999999999,13198941.593600001,0,510766.41280000005,1,1,1,7
31,8,8,ok,7350,14178540.5952,1083801.5999999999,12665705.984000001,0,429033.01120000007,2,2,1,2
31,8,9,ok,7500,17148399.84,1244160,15278883.84,0,625356,1,1,3,3
31,8,10,ok,6300,15515271.552000001,1161216,13865475.84,0,488579.712,2,1,1,5
31,8,11,ok,9600,18646140.110399999,1117670.3999999999,15788612.822399998,0,1739856.8880000003,11,1,1,1
31,8,12,ok,5250,15406111.872000001,1161215.9999999998,13715854.080000002,0,529041.79200000013,2,2,1,3
31,8,13,ok,9600,19544462.964000002,1100736,16433914.244800003,0,2009812.7192000002,13,1,1,1
31,8,14,ok,4200,14882731.315199997,1083801.5999999999,13248510.464,0,550419.25120000006,2,1,1,7
31,8,15,ok,4200,17141724.864,1161216,15129793.536,0,850715.3280000001,1,1,1,15
31,8,16,ok,3675,14679783.475199999,1083801.5999999999,13005100.544,0,590881.33120000002,2,2,2,2
31,16,1,ok,117600,27442144.972799998,2167603.1999999997,24779015.987199999,0,495525.78560000006,1,1,1,1
31,16,2,ok,58800,27520561.612800002,2167603.1999999997,24816970.547200002,0,535987.86560000002,1,2,1,1
31,16,3,ok,42000,29915284.608000003,2322431.9999999995,26983898.112,0,608954.49600000004,1,1,1,3
31,16,4,ok,29400,27677394.8928,2167603.1999999997,24892879.667199999,0,616912.02560000005,1,4,1,1
31,16,5,ok,25200,30447270.528000001,2322432,27434959.871999998,0,689878.65600000008,1,1,1,5
31,16,6,ok,21000,30106473.983999997,2322431.9999999995,27090117.119999997,0,693924.86400000006,2,1,1,3
31,16,7,ok,16800,29038102.732800003,2167603.1999999997,26132201.267200001,0,738298.26560000004,1,1,1,7
31,16,8,ok,14700,27855838.310399998,2167603.1999999997,24992017.408,0,696217.70240000007,2,4,1,1
31,16,9,ok,15000,33591049.920000002,2488320,30216176.640000001,0,886553.28000000014,1,1,3,3
31,16,10,ok,12600,30638459.903999999,2322432,27541178.879999999,0,774849.02400000009,2,1,1,5
31,16,11,ok,19200,37093991.140799999,2235340.7999999998,31420663.084799998,0,3437987.2560000005,11,1,1,1
31,16,12,ok,10500,30341723.904000007,2322431.9999999995,27203980.800000004,0,815311.10400000005,2,2,1,3
31,16,13,ok,19200,38893641.228000008,2201472,32713638.089600008,0,3978531.138400001,13,1,1,1
31,16,14,ok,8400,29216546.150400005,2167603.1999999997,26231339.008000001,0,817603.94240000006,2,1,1,7
31,16,15,ok,8400,33107200.127999999,2322432,29690268.671999998,0,1094499.4560000002,1,1,1,15
31,16,16,ok,7350,28357081.190400001,2167603.1999999997,25331411.968000002,0,858066.02240000013,2,4,1,2
31,32,1,ok,235200,54805873.305600002,4335206.3999999994,49520077.414400004,0,950589.49120000005,1,1,1,1
31,32,2,ok,117600,54884289.945599996,4335206.3999999994,49558031.974399999,0,991051.57120000012,1,2,1,1
31,32,3,ok,88200,56708110.1664,4470681.5999999996,51177473.433600001,0,1059955.1328,1,3,1,1
31,32,4,ok,58800,55041123.225600004,4335206.3999999994,49633941.094400004,0,1071975.7312,1,4,1,1
31,32,5,ok,50400,60502457.855999999,4644864,54680146.943999991,0,1177446.912,1,1,1,5
31,32,6,ok,42000,59830569.216000006,4644863.9999999991,53967796.223999999,0,1217908.9920000001,1,2,1,3
31,32,7,ok,33600,57527288.985600002,4335206.3999999994,51998720.614399999,0,1193361.9712,1,1,1,7
31,32,8,ok,29400,55354789.785599999,4335206.3999999994,49785759.334399998,0,1233824.0512000001,1,8,1,1
31,32,9,ok,29400,62274138.5088,4877107.1999999993,56008979.251199998,0,1388052.0576000002,1,9,1,1
31,32,10,ok,25200,60884836.607999995,4644864,54892584.959999993,0,1347387.648,2,1,1,5
31,32,11,ok,25200,58776363.676800005,4470681.5999999996,52781829.196800008,0,1523852.8800000001,1,11,1,1
31,32,12,ok,21000,60212947.967999995,4644863.9999999991,54180234.239999995,0,1387849.7280000001,2,2,1,3
31,32,13,ok,25200,69462975.2544,5283532.7999999998,62378525.414400004,0,1800917.0400000003,1,13,1,1
31,32,14,ok,16800,57884175.820800006,4335206.3999999994,52196996.096000001,0,1351973.3248000001,2,1,1,7
31,32,15,ok,16800,65038150.656000003,4644864,58811218.944000006,0,1582067.7120000001,1,1,1,15
31,32,16,ok,14700,55711676.620799996,4335206.3999999994,49984034.816,0,1392435.4048000001,2,8,1,1
31,64,1,ok,470400,109533329.9712,8670412.7999999989,99002200.268800005,0,1860716.9024,1,1,1,1
31,64,2,ok,235200,109611746.6112,8670412.7999999989,99040154.828800008,0,1901178.9824000001,1,2,1,1
31,64,3,ok,176400,113180970.41279998,8941363.1999999993,102241083.18719999,0,1998524.0256000003,1,3,1,1
31,64,4,ok,117600,109768579.89119999,8670412.7999999989,99116063.948799998,0,1982103.1424000002,1,4,1,1
31,64,5,ok,100800,120612832.51199999,9289728,109170521.088,0,2152583.4240000001,1,1,1,5
31,64,6,ok,88200,113416220.3328,8941363.1999999993,102354946.8672,0,2119910.2656,1,6,1,1
31,64,7,ok,67200,114505661.49120001,8670412.7999999989,103731759.30880001,0,2103489.3824,1,1,1,7
31,64,8,ok,58800,110082246.45120001,8670412.7999999989,99267882.188800007,0,2143951.4624000001,1,8,1,1
31,64,9,ok,58800,123842527.25760001,9754214.3999999985,111676367.4624,0,2411945.3952000001,1,9,1,1
31,64,10,ok,50400,121004915.712,9289728,109360293.88799998,0,2354893.824,1,2,1,5
31,64,11,ok,50400,116690144.3136,8941363.1999999993,105146158.23360001,0,2602622.8800000004,1,11,1,1
31,64,12,ok,42000,119661138.43200001,9289727.9999999981,107935592.448,0,2435817.9840000002,1,4,1,3
31,64,13,ok,42000,115092014.544,8805888,103635269.50400001,0,2650857.04,1,13,1,1
31,64,14,ok,33600,115054577.9712,8670412.7999999989,103997441.2288,0,2386723.9424000001,1,2,1,7
31,64,15,ok,33600,128900051.712,9289728,117053119.48800001,0,2557204.2240000004,1,1,1,15
31,64,16,ok,29400,110709579.5712,8670412.7999999989,99571518.668799996,0,2467648.1024000002,1,16,1,1
32,1,1,ok,14112,78846.566399999996,78846.566399999996,0,0,0,1,1,1,1
32,1,2,ok,7056,78846.566399999996,78846.566399999996,0,0,0,1,1,1,2
32,1,3,ok,4714,79000.563599999994,79000.563599999994,0,0,0,3,1,1,1
32,1,4,ok,3528,78846.566399999996,78846.566399999996,0,0,0,2,1,1,2
32,1,5,ok,2839,79308.558000000005,79308.558000000005,0,0,0,5,1,1,1
32,1,6,ok,2357,79000.563599999994,79000.563599999994,0,0,0,3,1,1,2
32,1,7,ok,2016,78846.566400000011,78846.566400000011,0,0,0,1,1,1,7
32,1,8,ok,1764,78846.566399999996,78846.566399999996,0,0,0,2,1,2,2
32,1,9,ok,1572,79000.563600000009,79000.563600000009,0,0,0,9,1,1,1
32,1,10,ok,1420,79308.558000000005,79308.558000000005,0,0,0,5,1,1,2
32,1,11,ok,1296,79616.5524,79616.5524,0,0,0,11,1,1,1
32,1,12,ok,1179,79000.563599999994,79000.563599999994,0,0,0,3,1,2,2
32,1,13,ok,1103,80078.543999999994,80078.543999999994,0,0,0,13,1,1,1
32,1,14,ok,1008,78846.566400000011,78846.566400000011,0,0,0,2,1,1,7
32,1,15,ok,965,80848.529999999999,80848.529999999999,0,0,0,15,1,1,1
32,1,16,ok,882,78846.566399999996,78846.566399999996,0,0,0,4,1,2,2
32,2,1,ok,28224,157693.13279999999,157693.13279999999,0,0,0,1,1,1,1
32,2,2,ok,14112,157693.13279999999,157693.13279999999,0,0,0,1,1,1,2
32,2,3,ok,9427,158001.12719999999,158001.12719999999,0,0,0,3,1,1,1
32,2,4,ok,7056,157693.13279999999,157693.13279999999,0,0,0,1,2,1,2
32,2,5,ok,5678,158617.11600000001,158617.11600000001,0,0,0,5,1,1,1
32,2,6,ok,4714,158001.12719999999,158001.12719999999,0,0,0,3,1,1,2
32,2,7,ok,4032,157693.13280000002,157693.13280000002,0,0,0,1,1,1,7
32,2,8,ok,3528,157693.13279999999,157693.13279999999,0,0,0,1,2,2,2
32,2,9,ok,3143,158001.12720000002,158001.12720000002,0,0,0,9,1,1,1
32,2,10,ok,2839,158617.11600000001,158617.11600000001,0,0,0,5,1,1,2
32,2,11,ok,2591,159233.1048,159233.1048,0,0,0,11,1,1,1
32,2,12,ok,2357,158001.12719999999,158001.12719999999,0,0,0,3,1,2,2
32,2,13,ok,2205,160157.08799999999,160157.08799999999,0,0,0,13,1,1,1
32,2,14,ok,2016,157693.13280000002,157693.13280000002,0,0,0,1,2,1,7
32,2,15,ok,1930,161697.06,161697.06,0,0,0,15,1,1,1
32,2,16,ok,1764,157693.13279999999,157693.13279999999,0,0,0,2,2,2,2
32,4,1,ok,56448,315386.26559999998,315386.26559999998,0,0,0,1,1,1,1
32,4,2,ok,28224,315386.26559999998,315386.26559999998,0,0,0,1,1,1,2
32,4,3,ok,18853,316002.25439999998,316002.25439999998,0,0,0,3,1,1,1
32,4,4,ok,14112,315386.26559999998,315386.26559999998,0,0,0,1,2,1,2
32,4,5,ok,11356,317234.23200000002,317234.23200000002,0,0,0,5,1,1,1
32,4,6,ok,9427,316002.25439999998,316002.25439999998,0,0,0,3,1,1,2
32,4,7,ok,8064,315386.26560000004,315386.26560000004,0,0,0,1,1,1,7
32,4,8,ok,7056,315386.26559999998,315386.26559999998,0,0,0,1,2,2,2
32,4,9,ok,6285,316002.25440000003,316002.25440000003,0,0,0,9,1,1,1
32,4,10,ok,5678,317234.23200000002,317234.23200000002,0,0,0,5,1,1,2
32,4,11,ok,5182,318466.2096,318466.2096,0,0,0,11,1,1,1
32,4,12,ok,4714,316002.25439999998,316002.25439999998,0,0,0,3,1,2,2
32,4,13,ok,4410,320314.17599999998,320314.17599999998,0,0,0,13,1,1,1
32,4,14,ok,4032,315386.26560000004,315386.26560000004,0,0,0,1,2,1,7
32,4,15,ok,3859,323394.12,323394.12,0,0,0,15,1,1,1
32,4,16,ok,3528,315386.26559999998,315386.26559999998,0,0,0,2,2,2,2
32,8,1,ok,112896,630772.53119999997,630772.53119999997,0,0,0,1,1,1,1
32,8,2,ok,56448,630772.53119999997,630772.53119999997,0,0,0,1,1,1,2
32,8,3,ok,37706,632004.50879999995,632004.50879999995,0,0,0,3,1,1,1
32,8,4,ok,28224,630772.53119999997,630772.53119999997,0,0,0,1,2,1,2
32,8,5,ok,22712,634468.46400000004,634468.46400000004,0,0,0,5,1,1,1
32,8,6,ok,18853,632004.50879999995,632004.50879999995,0,0,0,3,1,1,2
32,8,7,ok,16128,630772.53120000008,630772.53120000008,0,0,0,1,1,1,7
32,8,8,ok,14112,630772.53119999997,630772.53119999997,0,0,0,1,2,2,2
32,8,9,ok,12569,632004.50880000007,632004.50880000007,0,0,0,9,1,1,1
32,8,10,ok,11356,634468.46400000004,634468.46400000004,0,0,0,5,1,1,2
32,8,11,ok,10364,636932.4192,636932.4192,0,0,0,11,1,1,1
32,8,12,ok,9427,632004.50879999995,632004.50879999995,0,0,0,3,1,2,2
32,8,13,ok,8820,640628.35199999996,640628.35199999996,0,0,0,13,1,1,1
32,8,14,ok,8064,630772.53120000008,630772.53120000008,0,0,0,1,2,1,7
32,8,15,ok,7718,646788.23999999999,646788.23999999999,0,0,0,15,1,1,1
32,8,16,ok,7056,630772.53119999997,630772.53119999997,0,0,0,2,2,2,2
32,16,1,ok,225792,1261545.0623999999,1261545.0623999999,0,0,0,1,1,1,1
32,16,2,ok,112896,1261545.0623999999,1261545.0623999999,0,0,0,1,1,1,2
32,16,3,ok,75411,1264009.0175999999,1264009.0175999999,0,0,0,3,1,1,1
32,16,4,ok,56448,1261545.0623999999,1261545.0623999999,0,0,0,1,2,1,2
32,16,5,ok,45423,1268936.9280000001,1268936.9280000001,0,0,0,5,1,1,1
32,16,6,ok,37706,1264009.0175999999,1264009.0175999999,0,0,0,3,1,1,2
32,16,7,ok,32256,1261545.0624000002,1261545.0624000002,0,0,0,1,1,1,7
32,16,8,ok,28224,1261545.0623999999,1261545.0623999999,0,0,0,1,2,2,2
32,16,9,ok,25137,1264009.0176000001,1264009.0176000001,0,0,0,9,1,1,1
32,16,10,ok,22712,1268936.9280000001,1268936.9280000001,0,0,0,5,1,1,2
32,16,11,ok,20727,1273864.8384,1273864.8384,0,0,0,11,1,1,1
32,16,12,ok,18853,1264009.0175999999,1264009.0175999999,0,0,0,3,1,2,2
32,16,13,ok,17640,1281256.7039999999,1281256.7039999999,0,0,0,13,1,1,1
32,16,14,ok,16128,1261545.0624000002,1261545.0624000002,0,0,0,1,2,1,7
32,16,15,ok,15435,1293576.48,1293576.48,0,0,0,15,1,1,1
32,16,16,ok,14112,1261545.0623999999,1261545.0623999999,0,0,0,2,2,2,2
32,32,1,ok,451584,2523090.1247999999,2523090.1247999999,0,0,0,1,1,1,1
32,32,2,ok,225792,2523090.1247999999,2523090.1247999999,0,0,0,1,1,1,2
32,32,3,ok,150822,2528018.0351999998,2528018.0351999998,0,0,0,3,1,1,1
32,32,4,ok,112896,2523090.1247999999,2523090.1247999999,0,0,0,1,2,1,2
32,32,5,ok,90846,2537873.8560000001,2537873.8560000001,0,0,0,5,1,1,1
32,32,6,ok,75411,2528018.0351999998,2528018.0351999998,0,0,0,3,1,1,2
32,32,7,ok,64512,2523090.1248000003,2523090.1248000003,0,0,0,1,1,1,7
32,32,8,ok,56448,2523090.1247999999,2523090.1247999999,0,0,0,1,2,2,2
32,32,9,ok,50274,2528018.0352000003,2528018.0352000003,0,0,0,9,1,1,1
32,32,10,ok,45423,2537873.8560000001,2537873.8560000001,0,0,0,5,1,1,2
32,32,11,ok,41454,2547729.6768,2547729.6768,0,0,0,11,1,1,1
32,32,12,ok,37706,2528018.0351999998,2528018.0351999998,0,0,0,3,1,2,2
32,32,13,ok,35280,2562513.4079999998,2562513.4079999998,0,0,0,13,1,1,1
32,32,14,ok,32256,2523090.1248000003,2523090.1248000003,0,0,0,1,2,1,7
32,32,15,ok,30870,2587152.96,2587152.96,0,0,0,15,1,1,1
32,32,16,ok,28224,2523090.1247999999,2523090.1247999999,0,0,0,2,2,2,2
32,64,1,ok,903168,5046180.2495999997,5046180.2495999997,0,0,0,1,1,1,1
32,64,2,ok,451584,5046180.2495999997,5046180.2495999997,0,0,0,1,1,1,2
32,64,3,ok,301644,5056036.0703999996,5056036.0703999996,0,0,0,3,1,1,1
32,64,4,ok,225792,5046180.2495999997,5046180.2495999997,0,0,0,1,2,1,2
32,64,5,ok,181692,5075747.7120000003,5075747.7120000003,0,0,0,5,1,1,1
32,64,6,ok,150822,5056036.0703999996,5056036.0703999996,0,0,0,3,1,1,2
32,64,7,ok,129024,5046180.2496000007,5046180.2496000007,0,0,0,1,1,1,7
32,64,8,ok,112896,5046180.2495999997,5046180.2495999997,0,0,0,1,2,2,2
32,64,9,ok,100548,5056036.0704000005,5056036.0704000005,0,0,0,9,1,1,1
32,64,10,ok,90846,5075747.7120000003,5075747.7120000003,0,0,0,5,1,1,2
32,64,11,ok,82908,5095459.3536,5095459.3536,0,0,0,11,1,1,1
32,64,12,ok,75411,5056036.0703999996,5056036.0703999996,0,0,0,3,1,2,2
32,64,13,ok,70560,5125026.8159999996,5125026.8159999996,0,0,0,1,13,1,1
32,64,14,ok,64512,5046180.2496000007,5046180.2496000007,0,0,0,1,2,1,7
32,64,15,ok,61272,5135036.6339999996,5135036.6339999996,0,0,0,3,5,1,1
32,64,16,ok,56448,5046180.2495999997,5046180.2495999997,0,0,0,2,2,2,2
33,1,1,ok,6272,1791795.392,115605.50399999999,1512436.4672000001,0,163753.42080000002,1,1,1,1
33,1,2,ok,3136,1834420.0063999998,115605.50399999999,1520533.4399999999,0,198281.06240000002,1,1,1,2
33,1,3,ok,2240,2019135.2256000002,123863.04000000001,1653233.0688,0,242039.11680000005,1,1,1,3
33,1,4,ok,1568,1919669.2352000002,115605.50399999999,1536727.3856000002,0,267336.34560000006,1,1,2,2
33,1,5,ok,1344,2094380.3839999998,123863.03999999998,1659422.9439999999,0,311094.40000000002,1,1,1,5
33,1,6,ok,1120,2147009.0688,123863.04000000001,1677523.9872000001,0,345622.04160000006,1,1,2,3
33,1,7,ok,896,2077555.2896,115605.504,1591030.5152,0,370919.27040000004,1,1,1,7
33,1,8,ok,784,2157593.7920000004,115605.50399999999,1668911.04,0,373077.24800000008,2,1,2,2
33,1,9,ok,800,2435697.7631999995,132710.39999999999,1843892.6687999996,0,459094.69439999998,1,1,3,3
33,1,10,ok,672,2349299.5520000001,123863.03999999998,1801048.2879999999,0,424388.22400000005,2,1,1,5
33,1,11,ok,896,3261347.8524000002,119218.17599999999,1919154.3403999999,0,1222975.3360000001,11,1,1,1
33,1,12,ok,560,2401928.2368000005,123863.04000000001,1819149.3311999999,0,458915.86560000008,2,1,2,3
33,1,13,ok,896,3597109.5549999997,117411.83999999998,2046147.0197999999,0,1433550.6952000002,13,1,1,1
33,1,14,ok,448,2315479.8463999997,115605.504,1723214.1695999999,0,476660.1728,2,1,1,7
33,1,15,ok,448,2620667.2319999998,123863.04000000001,1840433.3759999999,0,656370.81599999999,1,1,1,15
33,1,16,ok,448,2454104.4608000005,115605.50399999999,1753939.9040000001,0,584559.05280000006,4,1,2,2
33,2,1,ok,12544,3540966.1696000001,231211.00799999997,3016775.9616,0,292979.20000000001,1,1,1,1
33,2,2,ok,6272,3583590.784,231211.00799999997,3024872.9344000001,0,327506.84160000004,1,1,1,2
33,2,3,ok,4480,3910396.608,247726.08000000002,3282175.2192000002,0,380495.3088,1,1,1,3
33,2,4,ok,3136,3668840.0127999997,231211.00799999997,3041066.8799999999,0,396562.12480000005,1,2,1,2
33,2,5,ok,2688,3975637.696,247726.07999999996,3278361.0239999997,0,449550.59200000006,1,1,1,5
33,2,6,ok,2240,4038270.4512000005,247726.08000000002,3306466.1376,0,484078.23360000009,1,2,1,3
33,2,7,ok,1792,3856738.2783999993,231211.008,3125382.2207999998,0,500145.04960000009,1,1,1,7
33,2,8,ok,1568,3839338.4704000005,231211.00799999997,3073454.7712000003,0,534672.69120000012,1,2,2,2
33,2,9,ok,1600,4487773.9967999998,265420.79999999999,3614912.5823999997,0,607440.61439999996,1,1,3,3
33,2,10,ok,1344,4188760.7679999997,247726.07999999996,3318845.8879999998,0,622188.80000000005,1,2,1,5
33,2,11,ok,1792,6453689.0616000006,238436.35199999998,3804908.6680000001,0,2410344.0416000001,11,1,1,1
33,2,12,ok,1120,4294018.1376,247726.08000000002,3355047.9744000002,0,691244.08320000011,1,2,2,3
33,2,13,ok,1792,7126258.0219999999,234823.67999999996,4059400.0875999997,0,2832034.2544,13,1,1,1
33,2,14,ok,896,4155110.5792,231211.008,3182061.0304,0,741838.54080000008,1,2,1,7
33,2,15,ok,896,4601965.2479999997,247726.08000000002,3559412.1600000001,0,794827.00800000015,1,1,1,15
33,2,16,ok,784,4315187.5840000007,231211.00799999997,3337822.0800000001,0,746154.49600000016,2,2,2,2
33,4,1,ok,25088,6667047.6799999997,462422.01599999995,5653194.9056000002,0,551430.75840000005,1,1,1,1
33,4,2,ok,12544,6733963.2128000008,462422.01599999995,5685582.7968000006,0,585958.40000000002,1,1,1,2
33,4,3,ok,8960,7340916.0960000008,495452.16000000003,6188056.2431999994,0,657407.69279999996,1,1,1,3
33,4,4,ok,6272,6867794.2784000002,462422.01599999995,5750358.5792000005,0,655013.68320000009,1,1,2,2
33,4,5,ok,5376,7434730.8799999999,495452.15999999992,6212815.743999999,0,726462.97600000002,1,1,1,5
33,4,6,ok,4480,7541662.6944000013,495452.16000000003,6285219.9167999998,0,760990.6176,1,1,2,3
33,4,7,ok,3584,7188589.7216000007,462422.016,5967571.0976000009,0,758596.60800000012,1,1,1,7
33,4,8,ok,3136,7337680.0255999994,462422.01599999995,6082133.7599999998,0,793124.2496000001,1,2,2,2
33,4,9,ok,3200,8355320.409599999,530841.59999999998,6920346.3551999992,0,904132.45440000005,1,1,3,3
33,4,10,ok,2688,7951275.392,495452.15999999992,6556722.0479999995,0,899101.18400000012,1,2,1,5
33,4,11,ok,3136,12838371.480000002,476872.70399999997,7576417.3232000005,0,4785081.452800001,11,1,1,1
33,4,12,ok,2240,8076540.902400001,495452.16000000003,6612932.2752,0,968156.46720000019,1,4,1,3
33,4,13,ok,3136,14184554.956,469647.35999999993,8085906.2231999999,0,5629001.3728,13,1,1,1
33,4,14,ok,1792,7713476.5567999985,462422.016,6250764.4415999996,0,1000290.0992000002,1,2,1,7
33,4,15,ok,1792,8504049.0239999983,495452.16000000003,6936857.4719999991,0,1071739.3920000002,1,1,1,15
33,4,16,ok,1568,7678676.9408000009,462422.01599999995,6146909.5424000006,0,1069345.3824000002,1,4,2,2
33,8,1,ok,50176,13267179.827199999,924844.03199999989,11274001.92,0,1068333.8752000001,1,1,1,1
33,8,2,ok,25088,13334095.359999999,924844.03199999989,11306389.8112,0,1102861.5168000001,1,1,1,2
33,8,3,ok,17920,14481085.593600001,990904.32000000007,12278948.812799998,0,1211232.4608,1,1,1,3
33,8,4,ok,12544,13467926.425600002,924844.03199999989,11371165.593600001,0,1171916.8,1,2,1,2
33,8,5,ok,10752,14534884.095999999,990904.31999999983,12263692.031999998,0,1280287.7440000002,1,1,1,5
33,8,6,ok,8960,14681832.192000002,990904.32000000007,12376112.486399999,0,1314815.3855999999,1,2,1,3
33,8,7,ok,7168,13908770.7136,924844.03200000001,11708426.956800001,0,1275499.7248,1,1,1,7
33,8,8,ok,6272,13735588.5568,924844.03199999989,11500717.158400001,0,1310027.3664000002,1,2,2,2
33,8,9,ok,6272,16126158.528000001,1040449.5359999998,13611928.2048,0,1473780.7872000001,1,9,1,1
33,8,10,ok,5376,14869461.76,990904.31999999983,12425631.487999998,0,1452925.952,1,2,1,5
33,8,11,ok,6272,25607736.316799998,953745.40799999994,15119434.6336,0,9534556.2752000019,11,1,1,1
33,8,12,ok,4480,15083325.388800003,990904.32000000007,12570439.8336,0,1521981.2352,1,2,2,3
33,8,13,ok,6272,28301148.823999997,939294.71999999986,16138918.4944,0,11222935.6096,13,1,1,1
33,8,14,ok,3584,14377179.443200001,924844.03200000001,11935142.195200002,0,1517193.2160000002,1,2,1,7
33,8,15,ok,3584,16004365.056,990904.32000000007,13387896.575999999,0,1625564.1600000001,1,1,1,15
33,8,16,ok,3136,14675360.051199999,924844.03199999989,12164267.52,0,1586248.4992000002,1,4,2,2
33,16,1,ok,100352,26467444.121600002,1849688.0639999998,22515615.948800001,0,2102140.1088,1,1,1,1
33,16,2,ok,50176,26534359.654399998,1849688.0639999998,22548003.84,0,2136667.7504000003,1,1,1,2
33,16,3,ok,35840,28761424.588800006,1981808.6400000001,24460733.952,0,2318881.9968000003,1,1,1,3
33,16,4,ok,25088,26668190.719999999,1849688.0639999998,22612779.622400001,0,2205723.0336000002,1,2,1,2
33,16,5,ok,21504,28735190.528000001,1981808.6399999997,24365444.607999999,0,2387937.2800000003,1,1,1,5
33,16,6,ok,17920,28962171.187200002,1981808.6400000001,24557897.625599995,0,2422464.9216,1,2,1,3
33,16,7,ok,14336,27349132.6976,1849688.064,23190138.6752,0,2309305.9584000004,1,1,1,7
33,16,8,ok,12544,26935852.851200003,1849688.0639999998,22742331.187200002,0,2343833.6000000001,1,2,2,2
33,16,9,ok,12544,31868695.5264,2080899.0719999997,27150983.654399998,0,2636812.8000000003,1,9,1,1
33,16,10,ok,10752,29069768.191999998,1981808.6399999997,24527384.063999996,0,2560575.4880000004,1,2,1,5
33,16,11,ok,12544,51146465.990400001,1907490.8159999999,30205469.254400004,0,19033505.920000002,11,1,1,1
33,16,12,ok,8960,29363664.384000003,1981808.6400000001,24752224.972799998,0,2629630.7711999998,1,4,1,3
33,16,13,ok,12544,56534336.560000002,1878589.4399999997,32244943.036800005,0,22410804.0832,13,1,1,1
33,16,14,ok,7168,27817541.427200001,1849688.064,23416853.913600001,0,2550999.4495999999,1,2,1,7
33,16,15,ok,7168,31004997.120000005,1981808.6400000001,26289974.784000002,0,2733213.696,1,1,1,15
33,16,16,ok,6272,27471177.113600001,1849688.0639999998,23001434.316800002,0,2620054.7328000003,1,4,2,2
33,32,1,ok,200704,52867972.7104,3699376.1279999996,44998844.006400004,0,4169752.5760000004,1,1,1,1
33,32,2,ok,100352,52934888.243200004,3699376.1279999996,45031231.897600003,0,4204280.2176000001,1,1,1,2
33,32,3,ok,68992,57850509.503999993,3814981.6320000002,49667494.233599991,0,4368033.6384000015,1,3,1,1
33,32,4,ok,50176,53068719.308799997,3699376.1279999996,45096007.68,0,4273335.5008000005,1,2,1,2
33,32,5,ok,43008,57135803.392000005,3963617.2799999993,48568949.759999998,0,4603236.3520000009,1,1,1,5
33,32,6,ok,34496,57978383.347200006,3814981.6320000002,49691785.151999995,0,4471616.5632000007,1,3,1,2
33,32,7,ok,28672,54229856.665599994,3699376.128,46153562.111999996,0,4376918.4256000007,1,1,1,7
33,32,8,ok,25088,53336381.439999998,3699376.1279999996,45225559.244800001,0,4411446.0672000004,1,2,2,2
33,32,9,ok,25088,60003429.119999997,4161798.1439999994,50878754.150399998,0,4962876.8256000001,1,9,1,1
33,32,10,ok,21504,57470381.056000002,3963617.2799999993,48730889.215999998,0,4775874.5600000005,1,2,1,5
33,32,11,ok,18816,58191506.419200003,3814981.6319999998,49732270.016000003,0,4644254.7712000003,1,11,1,1
33,32,12,ok,17248,58234131.033600003,3814981.6320000002,49740366.988799997,0,4678782.4128,1,3,2,2
33,32,13,ok,18816,68771780.313600004,4508614.6559999995,58774500.928000003,0,5488664.7296000011,1,13,1,1
33,32,14,ok,14336,54698265.395199999,3699376.128,46380277.350400001,0,4618611.9168000007,1,2,1,7
33,32,15,ok,14336,61006261.248000003,3963617.2800000003,52094131.200000003,0,4948512.7680000002,1,1,1,15
33,32,16,ok,12544,53871705.702400006,3699376.1279999996,45484662.374400005,0,4687667.2000000002,1,4,2,2
33,64,1,ok,401408,105669029.888,7398752.2559999991,89965300.121600002,0,8304977.5104,1,1,1,1
33,64,2,ok,200704,105735945.4208,7398752.2559999991,89997688.012800008,0,8339505.1520000007,1,1,1,2
33,64,3,ok,137984,115573145.16479999,7629963.2640000004,99310697.548799992,0,8632484.352,1,3,1,1
33,64,4,ok,100352,105869776.48640001,7398752.2559999991,90062463.795200005,0,8408560.4352000002,1,2,1,2
33,64,5,ok,81536,113909223.616,7514357.7599999998,97822552,0,8572313.8560000006,1,5,1,1
33,64,6,ok,68992,115701019.00799999,7629963.2640000004,99334988.467199981,0,8736067.2768000029,1,3,1,2
33,64,7,ok,57344,107991304.60160002,7398752.2560000001,92080408.98560001,0,8512143.3599999994,1,1,1,7
33,64,8,ok,50176,106137438.61759999,7398752.2559999991,90192015.359999999,0,8546671.001600001,1,2,2,2
33,64,9,ok,50176,119404618.44479999,8323596.2879999988,101466017.28,0,9615004.8768000007,1,9,1,1
33,64,10,ok,40768,114122346.68799999,7514357.7599999998,97863036.863999993,0,8744952.0640000012,1,5,1,2
33,64,11,ok,37632,115914142.08,7629963.2639999995,99375473.331199989,0,8908705.4848000016,1,11,1,1
33,64,12,ok,34496,115956766.69440001,7629963.2640000004,99383570.30399999,0,8943233.1264000013,1,3,2,2
33,64,13,ok,31360,114250220.53119999,7514357.7599999988,97887327.782399997,0,8848534.9888000004,1,13,1,1
33,64,14,ok,28672,108459713.33119999,7398752.2560000001,92307124.223999992,0,8753836.8512000013,1,2,1,7
33,64,15,ok,28672,121008789.50400001,7927234.5600000005,103702444.03200001,0,9379110.9120000005,1,1,1,15
33,64,16,ok,25088,106672762.88,7398752.2559999991,90451118.489600003,0,8822892.1344000008,1,4,2,2
34,1,1,ok,12544,3345666.2272000001,231211.00799999997,2892689.2800000003,0,221765.93920000002,1,1,1,1
34,1,2,ok,6272,3430915.4559999998,231211.00799999997,2908883.2256,0,290821.22240000003,1,1,1,2
34,1,3,ok,4480,3783351.2832000004,247726.08000000002,3164840.7936,0,370784.40960000001,1,1,1,3
34,1,4,ok,3136,3601413.9136000001,231211.00799999997,2941271.1168,0,428931.78880000004,1,1,2,2
34,1,5,ok,2688,3933841.5999999996,247726.07999999996,3177220.5439999998,0,508894.97600000002,1,1,1,5
34,1,6,ok,2240,4038270.4512000005,247726.08000000002,3306466.1376,0,484078.23360000009,2,1,1,3
34,1,7,ok,1792,3917186.0223999992,231211.008,3049877.3759999997,0,636097.63840000005,1,1,1,7
34,1,8,ok,1568,3839338.4704000005,231211.00799999997,3073454.7712000003,0,534672.69120000012,2,1,2,2
34,1,9,ok,1600,4598267.8464000002,265420.79999999999,3536043.8976000003,0,796803.14879999997,1,1,3,3
34,1,10,ok,1344,4188760.7679999997,247726.07999999996,3318845.8879999998,0,622188.80000000005,2,1,1,5
34,1,11,ok,1792,4996040.7287999997,238436.35199999998,3474803.6312000002,0,1282800.7456,11,1,1,1
34,1,12,ok,1120,4294018.1376,247726.08000000002,3355047.9744000002,0,691244.08320000011,2,1,2,3
34,1,13,ok,1792,5389990.5020000003,234823.67999999996,3662697.1628000005,0,1492469.6592000001,13,1,1,1
34,1,14,ok,896,4155110.5792,231211.008,3182061.0304,0,741838.54080000008,2,1,1,7
34,1,15,ok,896,4986415.2960000001,247726.08000000002,3539241.4080000003,0,1199447.808,1,1,1,15
34,1,16,ok,784,4315187.5840000007,231211.00799999997,3337822.0800000001,0,746154.49600000016,4,1,2,2
34,2,1,ok,25088,6606083.2256000005,462422.01599999995,5769184.6144000003,0,374476.59520000004,1,1,1,1
34,2,2,ok,12544,6691332.4544000002,462422.01599999995,5785378.5600000005,0,443531.87840000005,1,1,1,2
34,2,3,ok,8960,7310954.8800000008,495452.16000000003,6281099.7504000003,0,534402.96960000007,1,1,1,3
34,2,4,ok,6272,6861830.9119999995,462422.01599999995,5817766.4512,0,581642.44480000006,1,2,1,2
34,2,5,ok,5376,7441437.0559999999,495452.15999999992,6273471.3599999994,0,672513.53600000008,1,1,1,5
34,2,6,ok,4480,7566702.5664000008,495452.16000000003,6329681.5872,0,741568.81920000003,1,2,1,3
34,2,7,ok,3584,7237627.4431999996,462422.016,5986397.1327999998,0,788808.29440000013,1,1,1,7
34,2,8,ok,3136,7202827.8272000002,462422.01599999995,5882542.2335999999,0,857863.57760000008,1,2,2,2
34,2,9,ok,3200,8429292.6336000003,530841.59999999998,6926342.2847999996,0,972108.74880000006,1,1,3,3
34,2,10,ok,2688,7867683.1999999993,495452.15999999992,6354441.0879999995,0,1017789.952,1,2,1,5
34,2,11,ok,3584,9854068.1711999997,476872.70399999997,6882807.2367999991,0,2494388.2304000002,11,1,1,1
34,2,12,ok,2240,8076540.902400001,495452.16000000003,6612932.2752,0,968156.46720000019,2,2,1,3
34,2,13,ok,3584,10644058.828000002,469647.35999999993,7259606.4216000009,0,2914805.0464000003,13,1,1,1
34,2,14,ok,1792,7713476.5567999985,462422.016,6250764.4415999996,0,1000290.0992000002,2,1,1,7
34,2,15,ok,1792,8694092.1600000001,495452.16000000003,6835573.6320000002,0,1363066.3680000002,1,1,1,15
34,2,16,ok,1568,7678676.9408000009,462422.01599999995,6146909.5424000006,0,1069345.3824000002,2,2,2,2
34,4,1,ok,50176,12778948.095999999,924844.03199999989,11174206.1568,0,679897.90720000002,1,1,1,1
34,4,2,ok,25088,12912779.161600001,924844.03199999989,11238981.939200001,0,748953.19040000008,1,1,1,2
34,4,3,ok,17920,14087031.552000001,990904.32000000007,12234487.1424,0,861640.08960000006,1,1,1,3
34,4,4,ok,12544,13180441.2928,924844.03199999989,11368533.504000001,0,887063.75680000009,1,1,2,2
34,4,5,ok,10752,14274661.119999999,990904.31999999983,12284006.143999998,0,999750.65600000019,1,1,1,5
34,4,6,ok,8960,14488524.748800002,990904.32000000007,12428814.489599999,0,1068805.9392000001,1,1,2,3
34,4,7,ok,7168,13822032.179200001,924844.03200000001,11802958.540800001,0,1094229.6064000002,1,1,1,7
34,4,8,ok,6272,13723661.823999999,924844.03199999989,11635532.9024,0,1163284.8896000001,1,2,2,2
34,4,9,ok,6400,16073354.419199999,1061683.2,13688951.270399999,0,1322719.9488000001,1,1,3,3
34,4,10,ok,5376,14869461.76,990904.31999999983,12425631.487999998,0,1452925.952,2,1,1,5
34,4,11,ok,6272,19570123.055999998,953745.40799999994,13698814.447999999,0,4917563.2000000002,11,1,1,1
34,4,12,ok,4480,15083325.388800003,990904.32000000007,12570439.8336,0,1521981.2352,2,1,2,3
34,4,13,ok,6272,21152195.48,939294.71999999986,14453424.939200001,0,5759475.8208000008,13,1,1,1
34,4,14,ok,3584,14377179.443200001,924844.03200000001,11935142.195200002,0,1517193.2160000002,2,1,1,7
34,4,15,ok,3584,16109445.888,990904.32000000007,13428238.080000002,0,1690303.4880000001,1,1,1,15
34,4,16,ok,3136,14405655.6544,924844.03199999989,11765084.4672,0,1715727.1552000002,1,4,2,2
34,8,1,ok,100352,25424065.126399998,1849688.0639999998,22283636.531199999,0,1290740.5312000001,1,1,1,1
34,8,2,ok,50176,25557896.191999998,1849688.0639999998,22348412.3136,0,1359795.8144,1,1,1,2
34,8,3,ok,35840,27772569.907200001,1981808.6400000001,24274646.937599998,0,1516114.3295999998,1,1,1,3
34,8,4,ok,25088,25825558.323200002,1849688.0639999998,22477963.878400002,0,1497906.3808000002,1,2,1,2
34,8,5,ok,21504,27880166.911999997,1981808.6399999997,24244133.375999998,0,1654224.8959999999,1,1,1,5
34,8,6,ok,17920,28174063.104000002,1981808.6400000001,24468974.2848,0,1723280.1792000001,1,2,1,3
34,8,7,ok,14336,26707246.8992,1849688.064,23152486.604800001,0,1705072.2304000002,1,1,1,7
34,8,8,ok,12544,26360882.5856,1849688.0639999998,22737067.008000001,0,1774127.5136000002,1,2,2,2
34,8,9,ok,12544,30110996.044800002,2080899.0719999997,26034203.520000003,0,1995893.4528000001,1,9,1,1
34,8,10,ok,10752,28549322.239999998,1981808.6399999997,24568012.287999995,0,1999501.3120000004,1,2,1,5
34,8,11,ok,12544,39002232.825599998,1907490.8159999999,27330828.8704,0,9763913.1392000001,11,1,1,1
34,8,12,ok,8960,28977049.497600004,1981808.6400000001,24857628.979199998,0,2137611.8784000003,1,2,2,3
34,8,13,ok,12544,42168468.784000002,1878589.4399999997,28841061.974400003,0,11448817.369600002,13,1,1,1
34,8,14,ok,7168,27644064.358400002,1849688.064,23605917.081600003,0,2188459.2128000003,1,2,1,7
34,8,15,ok,7168,30819128.832000002,1981808.6400000001,26492542.464000002,0,2344777.7280000001,1,1,1,15
34,8,16,ok,6272,27447323.647999998,1849688.0639999998,23271065.8048,0,2326569.7792000002,1,4,2,2
34,16,1,ok,200704,50714299.187200002,3699376.1279999996,44502497.280000001,0,2512425.7792000002,1,1,1,1
34,16,2,ok,100352,50848130.252799995,3699376.1279999996,44567273.062399998,0,2581481.0624000002,1,1,1,2
34,16,3,ok,71680,55143646.617600009,3963617.2800000003,48354966.528000005,0,2825062.8096000003,1,1,1,3
34,16,4,ok,50176,51115792.383999996,3699376.1279999996,44696824.6272,0,2719591.6288000001,1,2,1,2
34,16,5,ok,43008,55091178.495999992,3963617.2799999993,48164387.839999989,0,2963173.3760000002,1,1,1,5
34,16,6,ok,35840,55545139.814400002,3963617.2800000003,48549293.875199996,0,3032228.6591999996,1,2,1,3
34,16,7,ok,28672,52477676.339200005,3699376.128,45851542.732800007,0,2926757.4784000004,1,1,1,7
34,16,8,ok,25088,51651116.646400005,3699376.1279999996,44955927.756800003,0,2995812.7616000003,1,2,2,2
34,16,9,ok,25088,59454749.030400008,4161798.1439999994,51922661.529600002,0,3370289.3568000002,1,9,1,1
34,16,10,ok,21504,55760333.823999994,3963617.2799999993,48488266.751999997,0,3308449.7919999999,1,2,1,5
34,16,11,ok,25088,77866452.364800006,3814981.6319999998,54594857.7152,0,19456613.0176,11,1,1,1
34,16,12,ok,17920,56348126.208000004,3963617.2800000003,48937948.569600001,0,3446560.3584000003,1,4,1,3
34,16,13,ok,25088,84201015.392000005,3757178.8799999994,57616336.044800006,0,22827500.467200004,13,1,1,1
34,16,14,ok,14336,53414493.7984,3699376.128,46304973.209600002,0,3410144.4608000005,1,2,1,7
34,16,15,ok,14336,59630791.680000007,3963617.2800000003,52013448.192000002,0,3653726.2080000006,1,1,1,15
34,16,16,ok,12544,52721765.1712,3699376.1279999996,45474134.016000003,0,3548255.0272000004,1,4,2,2
34,32,1,ok,401408,101294767.3088,7398752.2559999991,88940218.777600005,0,4955796.2752,1,1,1,1
34,32,2,ok,200704,101428598.3744,7398752.2559999991,89004994.560000002,0,5024851.5584000004,1,1,1,2
34,32,3,ok,137984,107849508.6336,7629963.2640000004,94972927.871999994,0,5246617.4976000004,1,3,1,1
34,32,4,ok,100352,101696260.50559999,7398752.2559999991,89134546.124799997,0,5162962.1248000003,1,2,1,2
34,32,5,ok,86016,109513201.664,7927234.5599999987,96004896.767999992,0,5581070.3360000011,1,1,1,5
34,32,6,ok,68992,108105256.32000002,7629963.2640000004,95021509.708800003,0,5453783.3472000007,1,3,1,2
34,32,7,ok,57344,104018535.2192,7398752.2560000001,91249654.988800004,0,5370127.9744000006,1,1,1,7
34,32,8,ok,50176,102231584.76799999,7398752.2559999991,89393649.2544,0,5439183.2576000001,1,2,2,2
34,32,9,ok,50176,115010532.86399999,8323596.2879999988,100567855.4112,0,6119081.1648000004,1,9,1,1
34,32,10,ok,43008,110182356.99199998,7927234.5599999987,96328775.679999977,0,5926346.7520000003,1,2,1,5
34,32,11,ok,37632,108531502.46399999,7629963.2639999995,95102479.436799988,0,5799059.7632000009,1,11,1,1
34,32,12,ok,34496,108616751.69280002,7629963.2640000004,95118673.382400006,0,5868115.0464000003,1,3,2,2
34,32,13,ok,37632,128264502.912,9017229.311999999,112393839.3344,0,6853434.2656000005,1,13,1,1
34,32,14,ok,28672,104955352.67840001,7398752.2560000001,91703085.465600014,0,5853514.9568000007,1,2,1,7
34,32,15,ok,28672,117254117.37599999,7927234.5600000005,103055259.648,0,6271623.1680000005,1,1,1,15
34,32,16,ok,25088,103302233.29280001,7398752.2559999991,89911855.513600007,0,5991625.5232000006,1,4,2,2
34,64,1,ok,802816,202455703.55199999,14797504.511999998,177815661.7728,0,9842537.2672000006,1,1,1,1
34,64,2,ok,401408,202589534.61759999,14797504.511999998,177880437.55520001,0,9911592.5504000001,1,1,1,2
34,64,3,ok,275968,215443269.5808,15259926.528000001,189897273.90719998,0,10286069.145600002,1,3,1,1
34,64,4,ok,200704,202857196.74880001,14797504.511999998,178009989.12,0,10049703.116800001,1,2,1,2
34,64,5,ok,163072,212353351.03999999,15028715.52,187053166.46399999,0,10271469.056000002,1,5,1,1
34,64,6,ok,137984,215699017.26719999,15259926.528000001,189945855.74399999,0,10493234.995200001,1,3,1,2
34,64,7,ok,114688,207100252.97920001,14797504.512,182045879.50080001,0,10256868.966400001,1,1,1,7
34,64,8,ok,100352,203392521.01119998,14797504.511999998,178269092.24959999,0,10325924.249600001,1,2,2,2
34,64,9,ok,100352,228816586.13759997,16647192.575999998,200552728.78079998,0,11616664.7808,1,9,1,1
34,64,10,ok,81536,212779597.18400002,15028715.52,187134136.19199997,0,10616745.472000001,1,5,1,2
34,64,11,ok,75264,216125263.41119999,15259926.527999999,190026825.472,0,10838511.411200002,1,11,1,1
34,64,12,ok,68992,216210512.64000005,15259926.528000001,190043019.41760001,0,10907566.694400001,1,3,2,2
34,64,13,ok,62720,213035344.87039998,15028715.519999998,187182718.02879998,0,10823911.321600001,1,13,1,1
34,64,14,ok,57344,208037070.4384,14797504.512,182499309.97760001,0,10740255.948800001,1,2,1,7
34,64,15,ok,57344,232500768.76800004,15854469.120000001,205138882.56,0,11507417.088000001,1,1,1,15
34,64,16,ok,50176,204463169.53599998,14797504.511999998,178787298.5088,0,10878366.5152,1,4,2,2
35,1,1,ok,12544,3345666.2272000001,231211.00799999997,2892689.2800000003,0,221765.93920000002,1,1,1,1
35,1,2,ok,6272,3430915.4559999998,231211.00799999997,2908883.2256,0,290821.22240000003,1,1,1,2
35,1,3,ok,4480,3783351.2832000004,247726.08000000002,3164840.7936,0,370784.40960000001,1,1,1,3
35,1,4,ok,3136,3601413.9136000001,231211.00799999997,2941271.1168,0,428931.78880000004,1,1,2,2
35,1,5,ok,2688,3933841.5999999996,247726.07999999996,3177220.5439999998,0,508894.97600000002,1,1,1,5
35,1,6,ok,2240,4038270.4512000005,247726.08000000002,3306466.1376,0,484078.23360000009,2,1,1,3
35,1,7,ok,1792,3917186.0223999992,231211.008,3049877.3759999997,0,636097.63840000005,1,1,1,7
35,1,8,ok,1568,3839338.4704000005,231211.00799999997,3073454.7712000003,0,534672.69120000012,2,1,2,2
35,1,9,ok,1600,4598267.8464000002,265420.79999999999,3536043.8976000003,0,796803.14879999997,1,1,3,3
35,1,10,ok,1344,4188760.7679999997,247726.07999999996,3318845.8879999998,0,622188.80000000005,2,1,1,5
35,1,11,ok,1792,4996040.7287999997,238436.35199999998,3474803.6312000002,0,1282800.7456,11,1,1,1
35,1,12,ok,1120,4294018.1376,247726.08000000002,3355047.9744000002,0,691244.08320000011,2,1,2,3
35,1,13,ok,1792,5389990.5020000003,234823.67999999996,3662697.1628000005,0,1492469.6592000001,13,1,1,1
35,1,14,ok,896,4155110.5792,231211.008,3182061.0304,0,741838.54080000008,2,1,1,7
35,1,15,ok,896,4986415.2960000001,247726.08000000002,3539241.4080000003,0,1199447.808,1,1,1,15
35,1,16,ok,784,4315187.5840000007,231211.00799999997,3337822.0800000001,0,746154.49600000016,4,1,2,2
35,2,1,ok,25088,6606083.2256000005,462422.01599999995,5769184.6144000003,0,374476.59520000004,1,1,1,1
35,2,2,ok,12544,6691332.4544000002,462422.01599999995,5785378.5600000005,0,443531.87840000005,1,1,1,2
35,2,3,ok,8960,7310954.8800000008,495452.16000000003,6281099.7504000003,0,534402.96960000007,1,1,1,3
35,2,4,ok,6272,6861830.9119999995,462422.01599999995,5817766.4512,0,581642.44480000006,1,2,1,2
35,2,5,ok,5376,7441437.0559999999,495452.15999999992,6273471.3599999994,0,672513.53600000008,1,1,1,5
35,2,6,ok,4480,7566702.5664000008,495452.16000000003,6329681.5872,0,741568.81920000003,1,2,1,3
35,2,7,ok,3584,7237627.4431999996,462422.016,5986397.1327999998,0,788808.29440000013,1,1,1,7
35,2,8,ok,3136,7202827.8272000002,462422.01599999995,5882542.2335999999,0,857863.57760000008,1,2,2,2
35,2,9,ok,3200,8429292.6336000003,530841.59999999998,6926342.2847999996,0,972108.74880000006,1,1,3,3
35,2,10,ok,2688,7867683.1999999993,495452.15999999992,6354441.0879999995,0,1017789.952,1,2,1,5
35,2,11,ok,3584,9854068.1711999997,476872.70399999997,6882807.2367999991,0,2494388.2304000002,11,1,1,1
35,2,12,ok,2240,8076540.902400001,495452.16000000003,6612932.2752,0,968156.46720000019,2,2,1,3
35,2,13,ok,3584,10644058.828000002,469647.35999999993,7259606.4216000009,0,2914805.0464000003,13,1,1,1
35,2,14,ok,1792,7713476.5567999985,462422.016,6250764.4415999996,0,1000290.0992000002,2,1,1,7
35,2,15,ok,1792,8694092.1600000001,495452.16000000003,6835573.6320000002,0,1363066.3680000002,1,1,1,15
35,2,16,ok,1568,7678676.9408000009,462422.01599999995,6146909.5424000006,0,1069345.3824000002,2,2,2,2
35,4,1,ok,50176,12778948.095999999,924844.03199999989,11174206.1568,0,679897.90720000002,1,1,1,1
35,4,2,ok,25088,12912779.161600001,924844.03199999989,11238981.939200001,0,748953.19040000008,1,1,1,2
35,4,3,ok,17920,14087031.552000001,990904.32000000007,12234487.1424,0,861640.08960000006,1,1,1,3
35,4,4,ok,12544,13180441.2928,924844.03199999989,11368533.504000001,0,887063.75680000009,1,1,2,2
35,4,5,ok,10752,14274661.119999999,990904.31999999983,12284006.143999998,0,999750.65600000019,1,1,1,5
35,4,6,ok,8960,14488524.748800002,990904.32000000007,12428814.489599999,0,1068805.9392000001,1,1,2,3
35,4,7,ok,7168,13822032.179200001,924844.03200000001,11802958.540800001,0,1094229.6064000002,1,1,1,7
35,4,8,ok,6272,13723661.823999999,924844.03199999989,11635532.9024,0,1163284.8896000001,1,2,2,2
35,4,9,ok,6400,16073354.419199999,1061683.2,13688951.270399999,0,1322719.9488000001,1,1,3,3
35,4,10,ok,5376,14869461.76,990904.31999999983,12425631.487999998,0,1452925.952,2,1,1,5
35,4,11,ok,6272,19570123.055999998,953745.40799999994,13698814.447999999,0,4917563.2000000002,11,1,1,1
35,4,12,ok,4480,15083325.388800003,990904.32000000007,12570439.8336,0,1521981.2352,2,1,2,3
35,4,13,ok,6272,21152195.48,939294.71999999986,14453424.939200001,0,5759475.8208000008,13,1,1,1
35,4,14,ok,3584,14377179.443200001,924844.03200000001,11935142.195200002,0,1517193.2160000002,2,1,1,7
35,4,15,ok,3584,16109445.888,990904.32000000007,13428238.080000002,0,1690303.4880000001,1,1,1,15
35,4,16,ok,3136,14405655.6544,924844.03199999989,11765084.4672,0,1715727.1552000002,1,4,2,2
35,8,1,ok,100352,25424065.126399998,1849688.0639999998,22283636.531199999,0,1290740.5312000001,1,1,1,1
35,8,2,ok,50176,25557896.191999998,1849688.0639999998,22348412.3136,0,1359795.8144,1,1,1,2
35,8,3,ok,35840,27772569.907200001,1981808.6400000001,24274646.937599998,0,1516114.3295999998,1,1,1,3
35,8,4,ok,25088,25825558.323200002,1849688.0639999998,22477963.878400002,0,1497906.3808000002,1,2,1,2
35,8,5,ok,21504,27880166.911999997,1981808.6399999997,24244133.375999998,0,1654224.8959999999,1,1,1,5
35,8,6,ok,17920,28174063.104000002,1981808.6400000001,24468974.2848,0,1723280.1792000001,1,2,1,3
35,8,7,ok,14336,26707246.8992,1849688.064,23152486.604800001,0,1705072.2304000002,1,1,1,7
35,8,8,ok,12544,26360882.5856,1849688.0639999998,22737067.008000001,0,1774127.5136000002,1,2,2,2
35,8,9,ok,12544,30110996.044800002,2080899.0719999997,26034203.520000003,0,1995893.4528000001,1,9,1,1
35,8,10,ok,10752,28549322.239999998,1981808.6399999997,24568012.287999995,0,1999501.3120000004,1,2,1,5
35,8,11,ok,12544,39002232.825599998,1907490.8159999999,27330828.8704,0,9763913.1392000001,11,1,1,1
35,8,12,ok,8960,28977049.497600004,1981808.6400000001,24857628.979199998,0,2137611.8784000003,1,2,2,3
35,8,13,ok,12544,42168468.784000002,1878589.4399999997,28841061.974400003,0,11448817.369600002,13,1,1,1
35,8,14,ok,7168,27644064.358400002,1849688.064,23605917.081600003,0,2188459.2128000003,1,2,1,7
35,8,15,ok,7168,30819128.832000002,1981808.6400000001,26492542.464000002,0,2344777.7280000001,1,1,1,15
35,8,16,ok,6272,27447323.647999998,1849688.0639999998,23271065.8048,0,2326569.7792000002,1,4,2,2
35,16,1,ok,200704,50714299.187200002,3699376.1279999996,44502497.280000001,0,2512425.7792000002,1,1,1,1
35,16,2,ok,100352,50848130.252799995,3699376.1279999996,44567273.062399998,0,2581481.0624000002,1,1,1,2
35,16,3,ok,71680,55143646.617600009,3963617.2800000003,48354966.528000005,0,2825062.8096000003,1,1,1,3
35,16,4,ok,50176,51115792.383999996,3699376.1279999996,44696824.6272,0,2719591.6288000001,1,2,1,2
35,16,5,ok,43008,55091178.495999992,3963617.2799999993,48164387.839999989,0,2963173.3760000002,1,1,1,5
35,16,6,ok,35840,55545139.814400002,3963617.2800000003,48549293.875199996,0,3032228.6591999996,1,2,1,3
35,16,7,ok,28672,52477676.339200005,3699376.128,45851542.732800007,0,2926757.4784000004,1,1,1,7
35,16,8,ok,25088,51651116.646400005,3699376.1279999996,44955927.756800003,0,2995812.7616000003,1,2,2,2
35,16,9,ok,25088,59454749.030400008,4161798.1439999994,51922661.529600002,0,3370289.3568000002,1,9,1,1
35,16,10,ok,21504,55760333.823999994,3963617.2799999993,48488266.751999997,0,3308449.7919999999,1,2,1,5
35,16,11,ok,25088,77866452.364800006,3814981.6319999998,54594857.7152,0,19456613.0176,11,1,1,1
35,16,12,ok,17920,56348126.208000004,3963617.2800000003,48937948.569600001,0,3446560.3584000003,1,4,1,3
35,16,13,ok,25088,84201015.392000005,3757178.8799999994,57616336.044800006,0,22827500.467200004,13,1,1,1
35,16,14,ok,14336,53414493.7984,3699376.128,46304973.209600002,0,3410144.4608000005,1,2,1,7
35,16,15,ok,14336,59630791.680000007,3963617.2800000003,52013448.192000002,0,3653726.2080000006,1,1,1,15
35,16,16,ok,12544,52721765.1712,3699376.1279999996,45474134.016000003,0,3548255.0272000004,1,4,2,2
35,32,1,ok,401408,101294767.3088,7398752.2559999991,88940218.777600005,0,4955796.2752,1,1,1,1
35,32,2,ok,200704,101428598.3744,7398752.2559999991,89004994.560000002,0,5024851.5584000004,1,1,1,2
35,32,3,ok,137984,107849508.6336,7629963.2640000004,94972927.871999994,0,5246617.4976000004,1,3,1,1
35,32,4,ok,100352,101696260.50559999,7398752.2559999991,89134546.124799997,0,5162962.1248000003,1,2,1,2
35,32,5,ok,86016,109513201.664,7927234.5599999987,96004896.767999992,0,5581070.3360000011,1,1,1,5
35,32,6,ok,68992,108105256.32000002,7629963.2640000004,95021509.708800003,0,5453783.3472000007,1,3,1,2
35,32,7,ok,57344,104018535.2192,7398752.2560000001,91249654.988800004,0,5370127.9744000006,1,1,1,7
35,32,8,ok,50176,102231584.76799999,7398752.2559999991,89393649.2544,0,5439183.2576000001,1,2,2,2
35,32,9,ok,50176,115010532.86399999,8323596.2879999988,100567855.4112,0,6119081.1648000004,1,9,1,1
35,32,10,ok,43008,110182356.99199998,7927234.5599999987,96328775.679999977,0,5926346.7520000003,1,2,1,5
35,32,11,ok,37632,108531502.46399999,7629963.2639999995,95102479.436799988,0,5799059.7632000009,1,11,1,1
35,32,12,ok,34496,108616751.69280002,7629963.2640000004,95118673.382400006,0,5868115.0464000003,1,3,2,2
35,32,13,ok,37632,128264502.912,9017229.311999999,112393839.3344,0,6853434.2656000005,1,13,1,1
35,32,14,ok,28672,104955352.67840001,7398752.2560000001,91703085.465600014,0,5853514.9568000007,1,2,1,7
35,32,15,ok,28672,117254117.37599999,7927234.5600000005,103055259.648,0,6271623.1680000005,1,1,1,15
35,32,16,ok,25088,103302233.29280001,7398752.2559999991,89911855.513600007,0,5991625.5232000006,1,4,2,2
35,64,1,ok,802816,202455703.55199999,14797504.511999998,177815661.7728,0,9842537.2672000006,1,1,1,1
35,64,2,ok,401408,202589534.61759999,14797504.511999998,177880437.55520001,0,9911592.5504000001,1,1,1,2
35,64,3,ok,275968,215443269.5808,15259926.528000001,189897273.90719998,0,10286069.145600002,1,3,1,1
35,64,4,ok,200704,202857196.74880001,14797504.511999998,178009989.12,0,10049703.116800001,1,2,1,2
35,64,5,ok,163072,212353351.03999999,15028715.52,187053166.46399999,0,10271469.056000002,1,5,1,1
35,64,6,ok,137984,215699017.26719999,15259926.528000001,189945855.74399999,0,10493234.995200001,1,3,1,2
35,64,7,ok,114688,207100252.97920001,14797504.512,182045879.50080001,0,10256868.966400001,1,1,1,7
35,64,8,ok,100352,203392521.01119998,14797504.511999998,178269092.24959999,0,10325924.249600001,1,2,2,2
35,64,9,ok,100352,228816586.13759997,16647192.575999998,200552728.78079998,0,11616664.7808,1,9,1,1
35,64,10,ok,81536,212779597.18400002,15028715.52,187134136.19199997,0,10616745.472000001,1,5,1,2
35,64,11,ok,75264,216125263.41119999,15259926.527999999,190026825.472,0,10838511.411200002,1,11,1,1
35,64,12,ok,68992,216210512.64000005,15259926.528000001,190043019.41760001,0,10907566.694400001,1,3,2,2
35,64,13,ok,62720,213035344.87039998,15028715.519999998,187182718.02879998,0,10823911.321600001,1,13,1,1
35,64,14,ok,57344,208037070.4384,14797504.512,182499309.97760001,0,10740255.948800001,1,2,1,7
35,64,15,ok,57344,232500768.76800004,15854469.120000001,205138882.56,0,11507417.088000001,1,1,1,15
35,64,16,ok,50176,204463169.53599998,14797504.511999998,178787298.5088,0,10878366.5152,1,4,2,2
36,1,1,ok,56448,13407776.563199999,1040449.536,11936203.519999998,0,431123.50719999999,1,1,1,1
36,1,2,ok,28224,13467257.702399999,1040449.536,11969249.433599999,0,457558.7328,2,1,1,1
36,1,3,ok,21168,13959973.119600002,1048578.048,12424239.486,0,487155.58560000005,3,1,1,1
36,1,4,ok,14112,13586219.980799999,1040449.536,12035341.260799998,0,510429.18400000001,4,1,1,1
36,1,5,ok,12096,16226274.816,1114767.3599999999,13428790.656000001,0,1682716.7999999998,1,1,1,5
36,1,6,ok,10584,14437331.737199999,1048578.048,12588421.604399998,0,800332.08480000007,3,1,1,2
36,1,7,ok,8064,16249725.542400001,1040449.5359999998,12913659.8528,0,2295616.1535999998,1,1,1,7
36,1,8,ok,7056,13824144.537599999,1040449.536,12167524.915199999,0,616170.08640000003,8,1,1,1
36,1,9,ok,7056,14440390.219799999,1060770.8159999999,12729110.023799999,0,650509.38000000012,9,1,1,1
36,1,10,ok,6048,16290004.608000003,1114767.3599999999,13464196.992000002,0,1711040.2560000001,2,1,1,5
36,1,11,ok,6048,14814664.497600002,1072963.5839999998,12908955.4352,0,832745.47840000014,11,1,1,1
36,1,12,ok,5040,15470147.865600001,1114767.3599999999,13209190.886399999,0,1146189.6192000001,4,1,1,3
36,1,13,ok,6048,15267775.692,1056706.5600000001,13309117.692000002,0,901951.44000000006,13,1,1,1
36,1,14,ok,4032,16309206.681600001,1040449.5359999998,12946705.766400002,0,2322051.3791999999,2,1,1,7
36,1,15,ok,4536,16832451.482999999,1123476.48,13956686.342999998,0,1752288.6600000001,3,1,1,5
36,1,16,ok,3528,14297802.7008,1040449.536,12330434.304,0,926918.86080000002,8,1,1,2
36,2,1,ok,112896,26431931.596799996,2080899.0719999999,23799534.284799997,0,551498.23999999999,1,1,1,1
36,2,2,ok,56448,26550893.875199996,2080899.0719999999,23865626.111999996,0,604368.6912,2,1,1,1
36,2,3,ok,42336,27533327.666399997,2097156.0959999999,24775036.898400001,0,661134.67200000002,3,1,1,1
36,2,4,ok,28224,26788818.431999996,2080899.0719999999,23997809.766399994,0,710109.59360000002,4,1,1,1
36,2,5,ok,24192,30534441.984000001,2229534.7199999997,26493217.535999998,0,1811689.7279999999,1,1,1,5
36,2,6,ok,21168,27919946.239200003,2097156.0959999999,24848478.971999999,0,974311.1712000001,3,2,1,1
36,2,7,ok,16128,29814100.377599992,2080899.0719999997,25317210.419199996,0,2415990.8864000002,1,1,1,7
36,2,8,ok,14112,27172439.961599998,2080899.0719999999,24070682.521599997,0,1020858.368,4,2,1,1
36,2,9,ok,14112,28489666.301999997,2121541.6319999998,25383923.996399999,0,984200.67359999998,9,1,1,1
36,2,10,ok,12096,30661901.568,2229534.7199999997,26564030.208000001,0,1868336.6399999999,2,1,1,5
36,2,11,ok,12096,29008269.206400007,2145927.1679999996,25517310.755200002,0,1345031.2832000002,11,1,1,1
36,2,12,ok,10080,29789431.142400004,2229534.7199999997,26199763.507200003,0,1360132.9151999999,4,1,1,3
36,2,13,ok,12096,29923901.591999996,2113413.1200000001,26322189.816000003,0,1488298.656,13,1,1,1
36,2,14,ok,8064,29933062.655999996,2080899.0719999997,25383302.246399999,0,2468861.3376000002,2,1,1,7
36,2,15,ok,9072,31731810.101999994,2246952.96,27546162.317999996,0,1938694.8240000003,3,1,1,5
36,2,16,ok,7056,27648289.075199999,2080899.0719999999,24335049.830399998,0,1232340.1728000001,8,2,1,1
36,4,1,ok,225792,52480241.663999997,4161798.1439999999,47526195.814399995,0,792247.70559999999,1,1,1,1
36,4,2,ok,112896,52718166.220799997,4161798.1439999999,47658379.468799993,0,897988.60800000001,2,1,1,1
36,4,3,ok,77616,53550307.454400003,4194312.1919999998,48346902.417599998,0,1009092.8448,3,1,1,1
36,4,4,ok,56448,53016082.636799991,4161798.1439999999,47744814.079999991,0,1109470.4128,4,1,1,1
36,4,5,ok,49392,54851773.487999998,4226826.2399999993,49399009.263999999,0,1225937.9839999999,5,1,1,1
36,4,6,ok,38808,54520212.427200004,4194312.1919999998,49003630.891199999,0,1322269.344,3,1,1,2
36,4,7,ok,32256,56942850.048000008,4161798.1439999994,50124311.552000001,0,2656740.352,1,1,1,7
36,4,8,ok,28224,53571229.900799997,4161798.1439999999,47876997.734399997,0,1532434.0224000001,8,1,1,1
36,4,9,ok,28224,55918866.952799991,4243083.2639999995,50024200.427999996,0,1651583.2608,9,1,1,1
36,4,10,ok,24696,55829197.104000002,4226826.2399999993,50060828.656000003,0,1541542.2080000001,5,1,1,2
36,4,11,ok,21168,55626994.5792,4291854.3359999992,49464030.175999999,0,1871110.0672000002,11,1,1,1
36,4,12,ok,19404,56460022.372800007,4194312.1919999998,50317087.838399999,0,1948622.3424000002,3,1,2,2
36,4,13,ok,21168,57365591.088000007,4226826.2400000002,51066899.644800015,0,2071865.2032000001,13,1,1,1
36,4,14,ok,16128,57180774.604800008,4161798.1439999994,50256495.206400007,0,2762481.2544,2,1,1,7
36,4,15,ok,16632,61185670.379999988,4493905.9199999999,54380257.307999991,0,2311507.1520000002,3,1,1,5
36,4,16,ok,14112,54344879.923199996,4161798.1439999999,48141365.043199994,0,2041716.736,4,4,1,1
36,8,1,ok,451584,104576861.7984,8323596.2879999997,94979518.873599991,0,1273746.6368,1,1,1,1
36,8,2,ok,225792,104960483.32799999,8323596.2879999997,95052391.62879999,0,1584495.4112,1,2,1,1
36,8,3,ok,155232,106493670.11520001,8388624.3839999996,96400036.540800005,0,1705009.1904,3,1,1,1
36,8,4,ok,112896,105429925.47839999,8323596.2879999997,95198137.139199987,0,1908192.0512000001,4,1,1,1
36,8,5,ok,98784,109091897.184,8453652.4799999986,98501972.960000008,0,2136271.7439999999,5,1,1,1
36,8,6,ok,77616,107100614.90880001,8388624.3839999996,96693804.835199997,0,2018185.6895999999,3,2,1,1
36,8,7,ok,64512,111200349.3888,8323596.2879999988,99738513.817599997,0,3138239.2832000004,1,1,1,7
36,8,8,ok,56448,106032165.27359998,8323596.2879999997,95489628.159999982,0,2218940.8256000001,4,2,1,1
36,8,9,ok,56448,111223731.61439998,8486166.527999999,99751216.651199996,0,2986348.4352000002,9,1,1,1
36,8,10,ok,49392,109703546.976,8453652.4799999986,98798018.527999997,0,2451875.9679999999,5,2,1,1
36,8,11,ok,42336,110632929.36960001,8583708.6719999984,98627460.2368,0,3421760.4608000005,11,1,1,1
36,8,12,ok,38808,109040424.85440001,8388624.3839999996,98007261.782399997,0,2644538.6880000001,3,2,1,2
36,8,13,ok,42336,114119532.384,8453652.4800000004,101837753.72160001,0,3828126.1823999998,13,1,1,1
36,8,14,ok,32256,111676198.50240001,8323596.2879999988,100002881.12639999,0,3349721.0880000005,2,1,1,7
36,8,15,ok,33264,119336616.792,8987811.8399999999,107291673.14399999,0,3057131.8080000002,3,1,1,5
36,8,16,ok,28224,107142459.80159999,8323596.2879999997,95753995.468799993,0,3064868.0448000003,8,2,1,1
36,16,1,ok,903168,208770102.06719998,16647192.575999999,189886164.99199998,0,2236744.4992000004,1,1,1,1
36,16,2,ok,451584,209153723.5968,16647192.575999999,189959037.74719998,0,2547493.2736,1,2,1,1
36,16,3,ok,310464,212380395.4368,16777248.767999999,192506304.7872,0,3096841.8816000004,3,1,1,1
36,16,4,ok,225792,209920966.65599999,16647192.575999999,190104783.25759998,0,3168990.8223999999,1,4,1,1
36,16,5,ok,197568,217572144.57599998,16907304.959999997,196707900.352,0,3956939.264,5,1,1,1
36,16,6,ok,155232,212987340.23040003,16777248.767999999,192800073.08160001,0,3410018.3807999999,3,2,1,1
36,16,7,ok,129024,219715348.0704,16647192.575999998,198966918.3488,0,4101237.1456000004,1,1,1,7
36,16,8,ok,112896,210859850.95679998,16647192.575999999,190396274.27839997,0,3816384.1024000002,4,2,1,1
36,16,9,ok,112896,221833460.93759996,16972333.055999998,199205249.09759998,0,5655878.784,9,1,1,1
36,16,10,ok,98784,218183794.368,16907304.959999997,197003945.92000002,0,4272543.4879999999,5,2,1,1
36,16,11,ok,84672,220644798.95040002,17167417.343999997,196954320.35840002,0,6523061.2480000006,11,1,1,1
36,16,12,ok,77616,214201229.81760001,16777248.767999999,193387609.67039999,0,4036371.3791999999,3,4,1,1
36,16,13,ok,84672,227627414.97600004,16907304.960000001,203379461.87520003,0,7340648.1408000011,13,1,1,1
36,16,14,ok,64512,220667046.29760003,16647192.575999998,199495652.9664,0,4524200.7552000005,2,1,1,7
36,16,15,ok,66528,235638509.616,17975623.68,213114504.81599998,0,4548381.1200000001,3,1,1,5
36,16,16,ok,56448,212064330.54719996,16647192.575999999,190979256.31999996,0,4437881.6512000002,4,4,1,1
36,32,1,ok,1806336,417156582.60479993,33294385.151999999,379699457.22879994,0,4162740.2240000004,1,1,1,1
36,32,2,ok,903168,417540204.13439995,33294385.151999999,379772329.98399997,0,4473488.9984000009,1,2,1,1
36,32,3,ok,620928,424153846.08000004,33554497.535999998,384718841.28000003,0,5880507.2640000004,3,1,1,1
36,32,4,ok,451584,418307447.1936,33294385.151999999,379918075.49439996,0,5094986.5471999999,1,4,1,1
36,32,5,ok,395136,434532639.35999995,33814609.919999994,393119755.13599998,0,7598274.3039999995,5,1,1,1
36,32,6,ok,310464,424760790.87360001,33554497.535999998,385012609.57440001,0,6193683.7632000009,3,2,1,1
36,32,7,ok,258048,436745345.43360001,33294385.151999995,397423727.41119999,0,6027232.8704000004,1,1,1,7
36,32,8,ok,225792,419841933.31199998,33294385.151999999,380209566.51519996,0,6337981.6447999999,1,8,1,1
36,32,9,ok,225792,443052919.58399993,33944666.111999996,398113313.99039996,0,10994939.481600001,9,1,1,1
36,32,10,ok,197568,435144289.15199995,33814609.919999994,393415800.704,0,7913878.5279999999,5,2,1,1
36,32,11,ok,169344,434016952.93440002,34334834.687999994,392291515.5456,0,7390602.7008000016,1,11,1,1
36,32,12,ok,155232,425974680.46080005,33554497.535999998,385600146.16320002,0,6820036.7615999999,3,4,1,1
36,32,13,ok,169344,454643180.16000009,33814609.920000002,406462878.18240005,0,14365692.057599999,13,1,1,1
36,32,14,ok,129024,438648741.88800001,33294385.151999995,398481196.64640003,0,6873160.0896000005,2,1,1,7
36,32,15,ok,133056,468242295.264,35951247.359999999,424760168.15999997,0,7530879.7439999999,3,1,1,5
36,32,16,ok,112896,421719701.91359997,33294385.151999999,380792548.55679995,0,7632768.2048000004,4,4,1,1
36,64,1,ok,3612672,833929543.67999983,66588770.303999998,759326041.70239985,0,8014731.6736000003,1,1,1,1
36,64,2,ok,1806336,834313165.20959985,66588770.303999998,759398914.45759988,0,8325480.4480000008,1,2,1,1
36,64,3,ok,1241856,847700747.3664,67108995.071999997,769143914.26559997,0,11447838.028800001,3,1,1,1
36,64,4,ok,903168,835080408.2687999,66588770.303999998,759544659.96799994,0,8946977.9968000017,1,4,1,1
36,64,5,ok,733824,848488184.83200002,67629219.839999989,771480863.48800004,0,9378101.5040000007,1,5,1,1
36,64,6,ok,620928,848307692.16000009,67108995.071999997,769437682.56000006,0,11761014.528000001,3,2,1,1
36,64,7,ok,516096,870805340.16000009,66588770.30399999,794337345.53600001,0,9879224.3200000022,1,1,1,7
36,64,8,ok,451584,836614894.3872,66588770.303999998,759836150.98879993,0,10189973.0944,1,8,1,1
36,64,9,ok,451584,885491836.87679994,67889332.223999992,795929443.7759999,0,21673060.876800001,9,1,1,1
36,64,10,ok,366912,852354458.88,67629219.839999989,773628847.87199998,0,11096391.168,2,5,1,1
36,64,11,ok,338688,863814069.04320014,68669669.375999987,783781430.78399992,0,11362968.883200001,1,11,1,1
36,64,12,ok,310464,849521581.74720001,67108995.071999997,770025219.14880002,0,12387367.526400002,3,4,1,1
36,64,13,ok,282240,851557157.06880009,67629219.840000004,772063845.52960014,0,11864091.699200001,1,13,1,1
36,64,14,ok,258048,873490690.86720002,66588770.30399999,794847454.82239997,0,12054465.740800001,1,2,1,7
36,64,15,ok,262080,924080426.49599993,72459878.399999991,838576076.15999997,0,13044471.936000001,1,5,1,3
36,64,16,ok,225792,839683866.62399995,66588770.303999998,760419133.03039992,0,12675963.2896,1,16,1,1
37,1,1,ok,2688,730597.47360000003,43352.063999999998,559749.81279999996,0,127495.59680000001,1,1,1,1
37,1,2,ok,1344,770696.90399999998,43352.063999999998,586901.37760000001,0,140443.46239999999,1,1,1,2
37,1,3,ok,960,860117.62320000003,46448.639999999999,652095.67440000002,0,161573.30880000003,1,1,3,1
37,1,4,ok,672,850895.7648,43352.063999999998,641204.50719999999,0,166339.1936,1,1,2,2
37,1,5,ok,576,940316.48400000005,46448.639999999999,706398.804,0,187469.04000000004,1,1,5,1
37,1,6,ok,448,1048270.5360000001,43352.063999999998,652993.20480000007,0,351925.2672,3,1,1,2
37,1,7,ok,384,971194.05599999998,43352.063999999991,722659.20160000003,0,205182.7904,1,1,7,1
37,1,8,ok,336,1109936.064,49545.215999999993,825896.2304,0,234494.6176,1,1,2,4
37,1,9,ok,320,1157517.9432000001,46448.639999999999,722908.34640000004,0,388160.95680000004,3,1,3,1
37,1,10,ok,288,1140813.6359999999,46448.639999999999,842156.62799999991,0,252208.36800000005,1,1,5,2
37,1,11,ok,896,2608428.5502000004,59609.087999999996,1355756.8310000002,0,1193062.6312000002,11,1,1,1
37,1,12,ok,224,1128469.3968000002,43352.063999999998,707296.33440000005,0,377820.99840000004,3,1,2,2
37,1,13,ok,896,2825477.6524,46964.735999999997,1380313.5995999998,0,1398199.3168000001,13,1,1,1
37,1,14,ok,192,1251890.0688,43352.063999999991,912720.15519999992,0,295817.84960000002,1,1,7,2
37,1,15,ok,192,1237716.804,46448.639999999992,777211.47599999991,0,414056.68800000002,3,1,5,1
37,1,16,ok,192,1430731.5071999999,49545.215999999993,1043108.7487999999,0,338077.54240000003,1,1,8,2
37,2,1,ok,5376,1436101.6224,86704.127999999997,1107354.1664,0,242043.32800000001,1,1,1,1
37,2,2,ok,2688,1461194.9472000001,86704.127999999997,1119499.6255999999,0,254991.19360000003,1,2,1,1
37,2,3,ok,1920,1644955.2719999999,92897.279999999999,1267754.9712,0,284303.02080000006,1,1,3,1
37,2,4,ok,1344,1541393.808,86704.127999999997,1173802.7552,0,280886.92479999998,1,2,1,2
37,2,5,ok,1152,1755166.3439999998,92897.279999999999,1352070.3119999997,0,310198.75200000004,1,1,5,1
37,2,6,ok,960,1720235.2464000001,92897.279999999999,1304191.3488,0,323146.61760000006,1,2,3,1
37,2,7,ok,768,1766734.8384,86704.127999999982,1360300.1887999999,0,319730.52160000004,1,1,7,1
37,2,8,ok,672,1701791.5296,86704.127999999997,1282409.0144,0,332678.3872,1,2,2,2
37,2,9,ok,640,2239755.9120000005,92897.279999999999,1409380.3152000001,0,737478.31680000015,3,1,3,1
37,2,10,ok,576,1880632.9680000001,92897.279999999999,1412797.608,0,374938.08000000007,1,2,5,1
37,2,11,ok,1792,5182353.7788000004,119218.17599999999,2694813.6556000002,0,2368321.9472000003,11,1,1,1
37,2,12,ok,448,2096541.0720000002,86704.127999999997,1305986.4096000001,0,703850.5344,3,2,1,2
37,2,13,ok,1792,5623770.8696000008,93929.471999999994,2747469.6184,0,2782371.7792000002,13,1,1,1
37,2,14,ok,384,1942388.112,86704.127999999982,1445318.4032000001,0,410365.5808,1,2,7,1
37,2,15,ok,384,2306221.7039999999,92897.279999999984,1773647.0159999998,0,439677.408,1,1,15,1
37,2,16,ok,336,2219872.128,99090.431999999986,1651792.4608,0,468989.2352,1,2,2,4
37,4,1,ok,9408,2847109.9199999999,173408.25599999999,2202562.8736,0,471138.79040000006,1,1,1,1
37,4,2,ok,4704,2872203.2448,173408.25599999999,2214708.3328,0,484086.65600000002,1,1,1,2
37,4,3,ok,3360,3124593.9360000002,185794.56,2409036.9312,0,529762.44480000006,1,1,1,3
37,4,4,ok,2352,2922389.8944000001,173408.25599999999,2238999.2511999998,0,509982.38720000006,1,1,2,2
37,4,5,ok,2016,3159774.4799999995,185794.56,2418321.7439999999,0,555658.17599999998,1,1,1,5
37,4,6,ok,1680,3199873.9103999999,185794.56,2445473.3087999998,0,568606.04160000011,1,1,2,3
37,4,7,ok,1344,3042688.1856,173408.25599999996,2320453.9455999997,0,548825.98399999994,1,1,1,7
37,4,8,ok,1344,3082787.6159999999,173408.25599999999,2347605.5104,0,561773.84959999996,1,4,1,2
37,4,9,ok,1200,3531549.1535999998,199065.59999999998,2689968.2831999999,0,642515.27040000004,1,1,3,3
37,4,10,ok,1008,3360271.6319999993,185794.56,2554079.5679999995,0,620397.50400000007,1,1,2,5
37,4,11,ok,3136,10330204.236000001,238436.35199999998,5372927.3048,0,4718840.5792000005,11,1,1,1
37,4,12,ok,784,4032684.4224000005,173408.25599999999,2503366.5600000001,0,1355909.6063999999,3,1,2,2
37,4,13,ok,3136,11220357.304,187858.94399999999,5481781.6559999995,0,5550716.7040000008,13,1,1,1
37,4,14,ok,672,3323384.1984000001,173408.25599999996,2510514.8991999999,0,639461.04320000007,1,1,2,7
37,4,15,ok,672,3560768.784,185794.55999999997,2689837.3919999995,0,685136.83200000005,1,1,1,15
37,4,16,ok,672,3403583.0592,173408.25599999999,2564818.0288,0,665356.77439999999,1,4,2,2
37,8,1,ok,18816,5669126.5152000003,346816.51199999999,4392980.2879999997,0,929329.71520000009,1,1,1,1
37,8,2,ok,9408,5694219.8399999999,346816.51199999999,4405125.7472000001,0,942277.58080000011,1,1,1,2
37,8,3,ok,6720,6173907.8975999998,371589.12,4781637.4847999997,0,1020681.2928000002,1,1,1,3
37,8,4,ok,4704,5744406.4896,346816.51199999999,4429416.6655999999,0,968173.31200000003,1,2,1,2
37,8,5,ok,4032,6194082.3360000001,371589.12,4775916.1919999998,0,1046577.0240000001,1,1,1,5
37,8,6,ok,3360,6249187.8720000004,371589.12,4818073.8624,0,1059524.8896000001,1,2,1,3
37,8,7,ok,2688,5909723.097599999,346816.51199999993,4555889.6767999995,0,1007016.9088000001,1,1,1,7
37,8,8,ok,2352,5844779.7888000002,346816.51199999999,4477998.5023999996,0,1019964.7744000001,1,2,2,2
37,8,9,ok,2400,6837258.3840000005,398131.19999999995,5270627.4336000001,0,1168499.7504,1,1,3,3
37,8,10,ok,2016,6319548.959999999,371589.12,4836643.4879999999,0,1111316.352,1,2,1,5
37,8,11,ok,2688,8036572.2096000006,476872.70399999997,6157247.9408,0,1402451.5648000001,1,11,1,1
37,8,12,ok,1680,6399747.8207999999,371589.12,4890946.6175999995,0,1137212.0832000002,1,2,2,3
37,8,13,ok,6272,22413530.172800001,375717.88799999998,10950405.731199998,0,11087406.553600002,13,1,1,1
37,8,14,ok,1344,6085376.3711999999,346816.51199999993,4640907.8911999995,0,1097651.9679999999,1,2,1,7
37,8,15,ok,1344,6745137.6959999995,371589.11999999994,5197492.8959999997,0,1176055.6799999999,1,1,1,15
37,8,16,ok,1344,6165575.2319999998,346816.51199999999,4695211.0208000001,0,1123547.6991999999,1,8,1,2
37,16,1,ok,37632,11313159.705599999,693633.02399999998,8773815.116799999,0,1845711.5648000003,1,1,1,1
37,16,2,ok,18816,11338253.030400001,693633.02399999998,8785960.5759999994,0,1858659.4304000002,1,1,1,2
37,16,3,ok,13440,12272535.820799999,743178.23999999999,9526838.5920000002,0,2002518.9888000002,1,1,1,3
37,16,4,ok,9408,11388439.68,693633.02399999998,8810251.4944000002,0,1884555.1616000002,1,2,1,2
37,16,5,ok,8064,12262698.048,743178.23999999999,9491105.0880000014,0,2028414.7200000002,1,1,1,5
37,16,6,ok,6720,12347815.7952,743178.23999999999,9563274.9695999995,0,2041362.5856000003,1,2,1,3
37,16,7,ok,5376,11643792.921599999,693633.02399999986,9026761.1391999982,0,1923398.7583999999,1,1,1,7
37,16,8,ok,4704,11488812.9792,693633.02399999998,8858833.3311999999,0,1936346.6240000001,1,2,2,2
37,16,9,ok,4800,13448676.844800003,796262.39999999991,10431945.7344,0,2220468.7104000002,1,1,3,3
37,16,10,ok,4032,12388164.672,743178.23999999999,9551832.3839999996,0,2093154.0480000002,1,2,1,5
37,16,11,ok,5376,15797117.8464,953745.40799999994,12180895.830399999,0,2662476.608,1,11,1,1
37,16,12,ok,3360,12498375.744000001,743178.23999999999,9636147.7248,0,2119049.7792000002,1,4,1,3
37,16,13,ok,12544,44799875.910399996,751435.77599999995,21887653.8816,0,22160786.252800003,13,1,1,1
37,16,14,ok,2688,11819446.195199998,693633.02399999986,9111779.3535999991,0,2014033.8176000002,1,2,1,7
37,16,15,ok,2688,13113875.519999998,743178.23999999987,10212803.903999999,0,2157893.3760000002,1,1,1,15
37,16,16,ok,2352,11689559.5776,693633.02399999998,8955997.0047999993,0,2039929.5488000002,1,4,2,2
37,32,1,ok,75264,22601226.086400002,1387266.048,17535484.7744,0,3678475.2640000004,1,1,1,1
37,32,2,ok,37632,22626319.411199998,1387266.048,17547630.233599998,0,3691423.1296000006,1,1,1,2
37,32,3,ok,26880,24469791.667199999,1486356.48,19017240.806400001,0,3966194.3808000004,1,1,1,3
37,32,4,ok,18816,22676506.060800001,1387266.048,17571921.151999999,0,3717318.8608000004,1,2,1,2
37,32,5,ok,16128,24399929.471999999,1486356.48,18921482.879999999,0,3992090.1120000002,1,1,1,5
37,32,6,ok,13440,24545071.641599998,1486356.48,19053677.184,0,4005037.9776000003,1,2,1,3
37,32,7,ok,10752,23111932.569599997,1387266.0479999997,17968504.063999999,0,3756162.4576000008,1,1,1,7
37,32,8,ok,9408,22776879.359999999,1387266.048,17620502.9888,0,3769110.3232000005,1,2,2,2
37,32,9,ok,9408,25623989.280000001,1560674.304,19823065.862399999,0,4240249.1136000007,1,9,1,1
37,32,10,ok,8064,24525396.096000001,1486356.48,18982210.176000003,0,4056829.4400000004,1,2,1,5
37,32,11,ok,8064,23557663.483199999,1430618.112,18204543.719999999,0,3922501.6512000002,1,11,1,1
37,32,12,ok,6720,24695631.590399999,1486356.48,19126549.939199999,0,4082725.1712000007,1,4,1,3
37,32,13,ok,8064,27840875.025599997,1690730.496,21514460.760000002,0,4635683.7696000002,1,13,1,1
37,32,14,ok,5376,23287585.843199998,1387266.0479999997,18053522.278399996,0,3846797.5167999999,1,2,1,7
37,32,15,ok,5376,25851351.167999998,1486356.4799999997,20243425.919999998,0,4121568.7680000002,1,1,1,15
37,32,16,ok,4704,22977625.9584,1387266.048,17717666.6624,0,3872693.2480000001,1,4,2,2
37,64,1,ok,150528,45177358.847999997,2774532.0959999999,35058824.089599997,0,7344002.6624000007,1,1,1,1
37,64,2,ok,75264,45202452.172800004,2774532.0959999999,35070969.548799999,0,7356950.5280000009,1,1,1,2
37,64,3,ok,53760,48864303.359999999,2972712.96,37998045.235199995,0,7893545.1648000013,1,1,1,3
37,64,4,ok,37632,45252638.822399996,2774532.0959999999,35095260.467199996,0,7382846.2592000011,1,2,1,2
37,64,5,ok,32256,48674392.32,2972712.96,37782238.463999994,0,7919440.8960000006,1,1,1,5
37,64,6,ok,26880,48939583.334399998,2972712.96,38034481.612800002,0,7932388.7616000008,1,2,1,3
37,64,7,ok,21504,46048211.86559999,2774532.0959999994,35851989.913599998,0,7421689.8560000006,1,1,1,7
37,64,8,ok,18816,45353012.121600002,2774532.0959999999,35143842.303999998,0,7434637.7216000007,1,2,2,2
37,64,9,ok,18816,51022138.636800006,3121348.608,39536822.592,0,8363967.4368000012,1,9,1,1
37,64,10,ok,16128,48799858.943999998,2972712.96,37842965.759999998,0,7984180.2240000004,1,2,1,5
37,64,11,ok,16128,46839300.393600002,2861236.2239999999,36275487.388800003,0,7702576.7807999998,1,11,1,1
37,64,12,ok,13440,49090143.283199996,2972712.96,38107354.368000001,0,8010075.9552000007,1,4,1,3
37,64,13,ok,13440,46183982.894400001,2817884.1599999997,35752173.953600004,0,7613924.7807999998,1,13,1,1
37,64,14,ok,10752,46223865.139199995,2774532.0959999994,35937008.127999999,0,7512324.9152000016,1,2,1,7
37,64,15,ok,10752,51326302.464000002,2972712.9599999995,40304669.952,0,8048919.5520000011,1,1,1,15
37,64,16,ok,9408,45553758.719999999,2774532.0959999999,35241005.977600001,0,7538220.6464000009,1,4,2,2
38,1,1,ok,8400,1833379.6896000002,135475.19999999998,1624752.4096000001,0,73152.080000000002,1,1,1,1
38,1,2,ok,4200,1854091.8720000002,135475.19999999998,1636259.4688000001,0,82357.203200000004,2,1,1,1
38,1,3,ok,3000,2206006.0560000003,145151.99999999997,1904442.8160000003,0,156411.23999999999,1,1,1,3
38,1,4,ok,2100,1979402.5919999999,135475.19999999998,1721108.1088,0,122819.28320000001,2,1,1,2
38,1,5,ok,1800,2456627.4960000003,145152,2074140.0959999999,0,237335.40000000002,1,1,1,5
38,1,6,ok,1500,2228197.6799999997,145151.99999999997,1916771.808,0,166273.872,2,1,1,3
38,1,7,ok,1200,2585244.0096,135475.19999999998,2133844.2496000002,0,315924.56,1,1,1,7
38,1,8,ok,1050,2249142.9696000004,135475.19999999998,1901427.2896,0,212240.48000000001,2,1,2,2
38,1,9,ok,1200,2527555.2335999999,152409.59999999998,2149348.2479999997,0,225797.38560000004,9,1,1,1
38,1,10,ok,900,2478819.1199999996,145152,2086469.0879999998,0,247198.03200000001,2,1,1,5
38,1,11,ok,1200,2504270.4588000001,139708.79999999999,2110568.8428000002,0,253992.81600000002,11,1,1,1
38,1,12,ok,750,2624614.4159999997,145151.99999999997,2182698.3360000001,0,296764.08000000007,2,1,2,3
38,1,13,ok,1200,2613931.9830000005,137592,2189155.8806000007,0,287184.10240000003,13,1,1,1
38,1,14,ok,600,2605956.1919999998,135475.19999999998,2145351.3088000002,0,325129.68320000003,2,1,1,7
38,1,15,ok,700,3176971.3199999998,145152,2394415.1040000003,0,637404.21600000001,1,1,1,15
38,1,16,ok,525,3032861.1839999999,154828.79999999999,2482178.3552000001,0,395854.02880000003,2,1,4,2
38,2,1,ok,16800,3588342.7392000002,270950.39999999997,3211550.2592000002,0,105842.08000000002,1,1,1,1
38,2,2,ok,8400,3629767.1039999998,270950.39999999997,3234564.3775999998,0,124252.32640000002,2,1,1,1
38,2,3,ok,6000,4176762.1920000007,290303.99999999994,3695021.9520000005,0,191436.23999999999,1,1,1,3
38,2,4,ok,4200,3708183.7440000004,270950.39999999997,3272518.9376000003,0,164714.40640000001,2,2,1,1
38,2,5,ok,3600,4521171.7919999994,290304,3958507.3919999995,0,272360.40000000002,1,1,1,5
38,2,6,ok,3000,4221145.4399999995,290303.99999999994,3719679.9359999998,0,211161.50400000002,2,1,1,3
38,2,7,ok,2400,4621571.5391999995,270950.39999999997,4002006.5792,0,348614.56,1,1,1,7
38,2,8,ok,2100,3958805.1839999999,270950.39999999997,3442216.2176000001,0,245638.56640000001,2,2,1,2
38,2,9,ok,2400,4838795.1072000004,304819.19999999995,4127900.9759999998,0,406074.93120000005,9,1,1,1
38,2,10,ok,1800,4565555.04,290304,3983165.3759999997,0,292085.66400000005,2,1,1,5
38,2,11,ok,2400,4810251.8375999993,279417.59999999998,4064575.1255999999,0,466259.11200000002,11,1,1,1
38,2,12,ok,1500,4456395.3599999994,290303.99999999994,3833543.6159999999,0,332547.74400000001,2,2,1,3
38,2,13,ok,2400,5032579.2659999998,275184,4224121.3612000002,0,533273.90480000002,13,1,1,1
38,2,14,ok,1200,4662995.9040000001,270950.39999999997,4025020.6976000005,0,367024.80640000006,2,1,1,7
38,2,15,ok,1200,6243219.7920000004,290304,5275934.5920000011,0,676981.20000000007,1,1,1,15
38,2,16,ok,1050,4498285.9392000008,270950.39999999997,3802854.5792,0,424480.96000000002,2,2,2,2
38,4,1,ok,29400,6919348.7231999999,541900.79999999993,6223219.9167999998,0,154228.00640000001,1,1,1,1
38,4,2,ok,14700,6963959.5775999995,541900.79999999993,6248004.352,0,174054.42560000002,2,1,1,1
38,4,3,ok,10500,7655258.5920000002,580607.99999999988,6831372.2879999997,0,243278.30400000003,1,1,1,3
38,4,4,ok,7350,7089270.2976000002,541900.79999999993,6332852.9920000006,0,214516.50560000003,2,1,1,2
38,4,5,ok,6300,7905880.0319999997,580608,7001069.567999999,0,324202.46400000004,1,1,1,5
38,4,6,ok,5250,7703055.9360000007,580607.99999999988,6857927.040000001,0,264520.89600000007,2,1,1,3
38,4,7,ok,4200,7671213.0431999993,541900.79999999993,6732311.7567999996,0,397000.48640000005,1,1,1,7
38,4,8,ok,3675,7339891.7375999996,541900.79999999993,6502550.2719999999,0,295440.66560000001,2,1,2,2
38,4,9,ok,3750,8927074.7999999989,622080,7810237.4399999995,0,494757.3600000001,1,1,3,3
38,4,10,ok,3150,7953677.3760000002,580608,7027624.3199999994,0,345445.05600000004,2,1,1,5
38,4,11,ok,4800,9422214.5952000003,558835.19999999995,7972587.6912000002,0,890791.70400000014,11,1,1,1
38,4,12,ok,2625,8078988.0960000008,580607.99999999988,7112472.9600000009,0,385907.136,2,1,2,3
38,4,13,ok,4800,9869873.8320000023,550368,8294052.3224000018,0,1025453.5096000002,13,1,1,1
38,4,14,ok,2100,7715823.8975999989,541900.79999999993,6757096.1919999998,0,416826.90560000006,2,1,1,7
38,4,15,ok,2100,9158987.2319999989,580608,7849555.9680000003,0,728823.26400000008,1,1,1,15
38,4,16,ok,2100,7917610.3679999998,541900.79999999993,6884432.4352000002,0,491277.13280000002,2,4,1,2
38,8,1,ok,58800,13760280.806400001,1083801.5999999999,12408485.273600001,0,267993.93280000001,1,1,1,1
38,8,2,ok,29400,13838697.4464,1083801.5999999999,12446439.8336,0,308456.01280000003,1,2,1,1
38,8,3,ok,21000,15075267.264000004,1161215.9999999998,13548880.896000003,0,365170.36800000002,1,1,1,3
38,8,4,ok,14700,13927919.155199999,1083801.5999999999,12496008.704,0,348108.85120000003,2,2,1,1
38,8,5,ok,12600,15419676.864,1161216,13812366.335999999,0,446094.52799999999,1,1,1,5
38,8,6,ok,10500,15170861.952000003,1161215.9999999998,13601990.400000002,0,407655.55200000003,2,1,1,3
38,8,7,ok,8400,14793509.606400002,1083801.5999999999,13198941.593600001,0,510766.41280000005,1,1,1,7
38,8,8,ok,7350,14178540.5952,1083801.5999999999,12665705.984000001,0,429033.01120000007,2,2,1,2
38,8,9,ok,7500,17148399.84,1244160,15278883.84,0,625356,1,1,3,3
38,8,10,ok,6300,15515271.552000001,1161216,13865475.84,0,488579.712,2,1,1,5
38,8,11,ok,9600,18646140.110399999,1117670.3999999999,15788612.822399998,0,1739856.8880000003,11,1,1,1
38,8,12,ok,5250,15406111.872000001,1161215.9999999998,13715854.080000002,0,529041.79200000013,2,2,1,3
38,8,13,ok,9600,19544462.964000002,1100736,16433914.244800003,0,2009812.7192000002,13,1,1,1
38,8,14,ok,4200,14882731.315199997,1083801.5999999999,13248510.464,0,550419.25120000006,2,1,1,7
38,8,15,ok,4200,17141724.864,1161216,15129793.536,0,850715.3280000001,1,1,1,15
38,8,16,ok,3675,14679783.475199999,1083801.5999999999,13005100.544,0,590881.33120000002,2,2,2,2
38,16,1,ok,117600,27442144.972799998,2167603.1999999997,24779015.987199999,0,495525.78560000006,1,1,1,1
38,16,2,ok,58800,27520561.612800002,2167603.1999999997,24816970.547200002,0,535987.86560000002,1,2,1,1
38,16,3,ok,42000,29915284.608000003,2322431.9999999995,26983898.112,0,608954.49600000004,1,1,1,3
38,16,4,ok,29400,27677394.8928,2167603.1999999997,24892879.667199999,0,616912.02560000005,1,4,1,1
38,16,5,ok,25200,30447270.528000001,2322432,27434959.871999998,0,689878.65600000008,1,1,1,5
38,16,6,ok,21000,30106473.983999997,2322431.9999999995,27090117.119999997,0,693924.86400000006,2,1,1,3
38,16,7,ok,16800,29038102.732800003,2167603.1999999997,26132201.267200001,0,738298.26560000004,1,1,1,7
38,16,8,ok,14700,27855838.310399998,2167603.1999999997,24992017.408,0,696217.70240000007,2,4,1,1
38,16,9,ok,15000,33591049.920000002,2488320,30216176.640000001,0,886553.28000000014,1,1,3,3
38,16,10,ok,12600,30638459.903999999,2322432,27541178.879999999,0,774849.02400000009,2,1,1,5
38,16,11,ok,19200,37093991.140799999,2235340.7999999998,31420663.084799998,0,3437987.2560000005,11,1,1,1
38,16,12,ok,10500,30341723.904000007,2322431.9999999995,27203980.800000004,0,815311.10400000005,2,2,1,3
38,16,13,ok,19200,38893641.228000008,2201472,32713638.089600008,0,3978531.138400001,13,1,1,1
38,16,14,ok,8400,29216546.150400005,2167603.1999999997,26231339.008000001,0,817603.94240000006,2,1,1,7
38,16,15,ok,8400,33107200.127999999,2322432,29690268.671999998,0,1094499.4560000002,1,1,1,15
38,16,16,ok,7350,28357081.190400001,2167603.1999999997,25331411.968000002,0,858066.02240000013,2,4,1,2
38,32,1,ok,235200,54805873.305600002,4335206.3999999994,49520077.414400004,0,950589.49120000005,1,1,1,1
38,32,2,ok,117600,54884289.945599996,4335206.3999999994,49558031.974399999,0,991051.57120000012,1,2,1,1
38,32,3,ok,88200,56708110.1664,4470681.5999999996,51177473.433600001,0,1059955.1328,1,3,1,1
38,32,4,ok,58800,55041123.225600004,4335206.3999999994,49633941.094400004,0,1071975.7312,1,4,1,1
38,32,5,ok,50400,60502457.855999999,4644864,54680146.943999991,0,1177446.912,1,1,1,5
38,32,6,ok,42000,59830569.216000006,4644863.9999999991,53967796.223999999,0,1217908.9920000001,1,2,1,3
38,32,7,ok,33600,57527288.985600002,4335206.3999999994,51998720.614399999,0,1193361.9712,1,1,1,7
38,32,8,ok,29400,55354789.785599999,4335206.3999999994,49785759.334399998,0,1233824.0512000001,1,8,1,1
38,32,9,ok,29400,62274138.5088,4877107.1999999993,56008979.251199998,0,1388052.0576000002,1,9,1,1
38,32,10,ok,25200,60884836.607999995,4644864,54892584.959999993,0,1347387.648,2,1,1,5
38,32,11,ok,25200,58776363.676800005,4470681.5999999996,52781829.196800008,0,1523852.8800000001,1,11,1,1
38,32,12,ok,21000,60212947.967999995,4644863.9999999991,54180234.239999995,0,1387849.7280000001,2,2,1,3
38,32,13,ok,25200,69462975.2544,5283532.7999999998,62378525.414400004,0,1800917.0400000003,1,13,1,1
38,32,14,ok,16800,57884175.820800006,4335206.3999999994,52196996.096000001,0,1351973.3248000001,2,1,1,7
38,32,15,ok,16800,65038150.656000003,4644864,58811218.944000006,0,1582067.7120000001,1,1,1,15
38,32,16,ok,14700,55711676.620799996,4335206.3999999994,49984034.816,0,1392435.4048000001,2,8,1,1
38,64,1,ok,470400,109533329.9712,8670412.7999999989,99002200.268800005,0,1860716.9024,1,1,1,1
38,64,2,ok,235200,109611746.6112,8670412.7999999989,99040154.828800008,0,1901178.9824000001,1,2,1,1
38,64,3,ok,176400,113180970.41279998,8941363.1999999993,102241083.18719999,0,1998524.0256000003,1,3,1,1
38,64,4,ok,117600,109768579.89119999,8670412.7999999989,99116063.948799998,0,1982103.1424000002,1,4,1,1
38,64,5,ok,100800,120612832.51199999,9289728,109170521.088,0,2152583.4240000001,1,1,1,5
38,64,6,ok,88200,113416220.3328,8941363.1999999993,102354946.8672,0,2119910.2656,1,6,1,1
38,64,7,ok,67200,114505661.49120001,8670412.7999999989,103731759.30880001,0,2103489.3824,1,1,1,7
38,64,8,ok,58800,110082246.45120001,8670412.7999999989,99267882.188800007,0,2143951.4624000001,1,8,1,1
38,64,9,ok,58800,123842527.25760001,9754214.3999999985,111676367.4624,0,2411945.3952000001,1,9,1,1
38,64,10,ok,50400,121004915.712,9289728,109360293.88799998,0,2354893.824,1,2,1,5
38,64,11,ok,50400,116690144.3136,8941363.1999999993,105146158.23360001,0,2602622.8800000004,1,11,1,1
38,64,12,ok,42000,119661138.43200001,9289727.9999999981,107935592.448,0,2435817.9840000002,1,4,1,3
38,64,13,ok,42000,115092014.544,8805888,103635269.50400001,0,2650857.04,1,13,1,1
38,64,14,ok,33600,115054577.9712,8670412.7999999989,103997441.2288,0,2386723.9424000001,1,2,1,7
38,64,15,ok,33600,128900051.712,9289728,117053119.48800001,0,2557204.2240000004,1,1,1,15
38,64,16,ok,29400,110709579.5712,8670412.7999999989,99571518.668799996,0,2467648.1024000002,1,16,1,1
39,1,1,ok,14112,78846.566399999996,78846.566399999996,0,0,0,1,1,1,1
39,1,2,ok,7056,78846.566399999996,78846.566399999996,0,0,0,1,1,1,2
39,1,3,ok,4714,79000.563599999994,79000.563599999994,0,0,0,3,1,1,1
39,1,4,ok,3528,78846.566399999996,78846.566399999996,0,0,0,2,1,1,2
39,1,5,ok,2839,79308.558000000005,79308.558000000005,0,0,0,5,1,1,1
39,1,6,ok,2357,79000.563599999994,79000.563599999994,0,0,0,3,1,1,2
39,1,7,ok,2016,78846.566400000011,78846.566400000011,0,0,0,1,1,1,7
39,1,8,ok,1764,78846.566399999996,78846.566399999996,0,0,0,2,1,2,2
39,1,9,ok,1572,79000.563600000009,79000.563600000009,0,0,0,9,1,1,1
39,1,10,ok,1420,79308.558000000005,79308.558000000005,0,0,0,5,1,1,2
39,1,11,ok,1296,79616.5524,79616.5524,0,0,0,11,1,1,1
39,1,12,ok,1179,79000.563599999994,79000.563599999994,0,0,0,3,1,2,2
39,1,13,ok,1103,80078.543999999994,80078.543999999994,0,0,0,13,1,1,1
39,1,14,ok,1008,78846.566400000011,78846.566400000011,0,0,0,2,1,1,7
39,1,15,ok,965,80848.529999999999,80848.529999999999,0,0,0,15,1,1,1
39,1,16,ok,882,78846.566399999996,78846.566399999996,0,0,0,4,1,2,2
39,2,1,ok,28224,157693.13279999999,157693.13279999999,0,0,0,1,1,1,1
39,2,2,ok,14112,157693.13279999999,157693.13279999999,0,0,0,1,1,1,2
39,2,3,ok,9427,158001.12719999999,158001.12719999999,0,0,0,3,1,1,1
39,2,4,ok,7056,157693.13279999999,157693.13279999999,0,0,0,1,2,1,2
39,2,5,ok,5678,158617.11600000001,158617.11600000001,0,0,0,5,1,1,1
39,2,6,ok,4714,158001.12719999999,158001.12719999999,0,0,0,3,1,1,2
39,2,7,ok,4032,157693.13280000002,157693.13280000002,0,0,0,1,1,1,7
39,2,8,ok,3528,157693.13279999999,157693.13279999999,0,0,0,1,2,2,2
39,2,9,ok,3143,158001.12720000002,158001.12720000002,0,0,0,9,1,1,1
39,2,10,ok,2839,158617.11600000001,158617.11600000001,0,0,0,5,1,1,2
39,2,11,ok,2591,159233.1048,159233.1048,0,0,0,11,1,1,1
39,2,12,ok,2357,158001.12719999999,158001.12719999999,0,0,0,3,1,2,2
39,2,13,ok,2205,160157.08799999999,160157.08799999999,0,0,0,13,1,1,1
39,2,14,ok,2016,157693.13280000002,157693.13280000002,0,0,0,1,2,1,7
39,2,15,ok,1930,161697.06,161697.06,0,0,0,15,1,1,1
39,2,16,ok,1764,157693.13279999999,157693.13279999999,0,0,0,2,2,2,2
39,4,1,ok,56448,315386.26559999998,315386.26559999998,0,0,0,1,1,1,1
39,4,2,ok,28224,315386.26559999998,315386.26559999998,0,0,0,1,1,1,2
39,4,3,ok,18853,316002.25439999998,316002.25439999998,0,0,0,3,1,1,1
39,4,4,ok,14112,315386.26559999998,315386.26559999998,0,0,0,1,2,1,2
39,4,5,ok,11356,317234.23200000002,317234.23200000002,0,0,0,5,1,1,1
39,4,6,ok,9427,316002.25439999998,316002.25439999998,0,0,0,3,1,1,2
39,4,7,ok,8064,315386.26560000004,315386.26560000004,0,0,0,1,1,1,7
39,4,8,ok,7056,315386.26559999998,315386.26559999998,0,0,0,1,2,2,2
39,4,9,ok,6285,316002.25440000003,316002.25440000003,0,0,0,9,1,1,1
39,4,10,ok,5678,317234.23200000002,317234.23200000002,0,0,0,5,1,1,2
39,4,11,ok,5182,318466.2096,318466.2096,0,0,0,11,1,1,1
39,4,12,ok,4714,316002.25439999998,316002.25439999998,0,0,0,3,1,2,2
39,4,13,ok,4410,320314.17599999998,320314.17599999998,0,0,0,13,1,1,1
39,4,14,ok,4032,315386.26560000004,315386.26560000004,0,0,0,1,2,1,7
39,4,15,ok,3859,323394.12,323394.12,0,0,0,15,1,1,1
39,4,16,ok,3528,315386.26559999998,315386.26559999998,0,0,0,2,2,2,2
39,8,1,ok,112896,630772.53119999997,630772.53119999997,0,0,0,1,1,1,1
39,8,2,ok,56448,630772.53119999997,630772.53119999997,0,0,0,1,1,1,2
39,8,3,ok,37706,632004.50879999995,632004.50879999995,0,0,0,3,1,1,1
39,8,4,ok,28224,630772.53119999997,630772.53119999997,0,0,0,1,2,1,2
39,8,5,ok,22712,634468.46400000004,634468.46400000004,0,0,0,5,1,1,1
39,8,6,ok,18853,632004.50879999995,632004.50879999995,0,0,0,3,1,1,2
39,8,7,ok,16128,630772.53120000008,630772.53120000008,0,0,0,1,1,1,7
39,8,8,ok,14112,630772.53119999997,630772.53119999997,0,0,0,1,2,2,2
39,8,9,ok,12569,632004.50880000007,632004.50880000007,0,0,0,9,1,1,1
39,8,10,ok,11356,634468.46400000004,634468.46400000004,0,0,0,5,1,1,2
39,8,11,ok,10364,636932.4192,636932.4192,0,0,0,11,1,1,1
39,8,12,ok,9427,632004.50879999995,632004.50879999995,0,0,0,3,1,2,2
39,8,13,ok,8820,640628.35199999996,640628.35199999996,0,0,0,13,1,1,1
39,8,14,ok,8064,630772.53120000008,630772.53120000008,0,0,0,1,2,1,7
39,8,15,ok,7718,646788.23999999999,646788.23999999999,0,0,0,15,1,1,1
39,8,16,ok,7056,630772.53119999997,630772.53119999997,0,0,0,2,2,2,2
39,16,1,ok,225792,1261545.0623999999,1261545.0623999999,0,0,0,1,1,1,1
39,16,2,ok,112896,1261545.0623999999,1261545.0623999999,0,0,0,1,1,1,2
39,16,3,ok,75411,1264009.0175999999,1264009.0175999999,0,0,0,3,1,1,1
39,16,4,ok,56448,1261545.0623999999,1261545.0623999999,0,0,0,1,2,1,2
39,16,5,ok,45423,1268936.9280000001,1268936.9280000001,0,0,0,5,1,1,1
39,16,6,ok,37706,1264009.0175999999,1264009.0175999999,0,0,0,3,1,1,2
39,16,7,ok,32256,1261545.0624000002,1261545.0624000002,0,0,0,1,1,1,7
39,16,8,ok,28224,1261545.0623999999,1261545.0623999999,0,0,0,1,2,2,2
39,16,9,ok,25137,1264009.0176000001,1264009.0176000001,0,0,0,9,1,1,1
39,16,10,ok,22712,1268936.9280000001,1268936.9280000001,0,0,0,5,1,1,2
39,16,11,ok,20727,1273864.8384,1273864.8384,0,0,0,11,1,1,1
39,16,12,ok,18853,1264009.0175999999,1264009.0175999999,0,0,0,3,1,2,2
39,16,13,ok,17640,1281256.7039999999,1281256.7039999999,0,0,0,13,1,1,1
39,16,14,ok,16128,1261545.0624000002,1261545.0624000002,0,0,0,1,2,1,7
39,16,15,ok,15435,1293576.48,1293576.48,0,0,0,15,1,1,1
39,16,16,ok,14112,1261545.0623999999,1261545.0623999999,0,0,0,2,2,2,2
39,32,1,ok,451584,2523090.1247999999,2523090.1247999999,0,0,0,1,1,1,1
39,32,2,ok,225792,2523090.1247999999,2523090.1247999999,0,0,0,1,1,1,2
39,32,3,ok,150822,2528018.0351999998,2528018.0351999998,0,0,0,3,1,1,1
39,32,4,ok,112896,2523090.1247999999,2523090.1247999999,0,0,0,1,2,1,2
39,32,5,ok,90846,2537873.8560000001,2537873.8560000001,0,0,0,5,1,1,1
39,32,6,ok,75411,2528018.0351999998,2528018.0351999998,0,0,0,3,1,1,2
39,32,7,ok,64512,2523090.1248000003,2523090.1248000003,0,0,0,1,1,1,7
39,32,8,ok,56448,2523090.1247999999,2523090.1247999999,0,0,0,1,2,2,2
39,32,9,ok,50274,2528018.0352000003,2528018.0352000003,0,0,0,9,1,1,1
39,32,10,ok,45423,2537873.8560000001,2537873.8560000001,0,0,0,5,1,1,2
39,32,11,ok,41454,2547729.6768,2547729.6768,0,0,0,11,1,1,1
39,32,12,ok,37706,2528018.0351999998,2528018.0351999998,0,0,0,3,1,2,2
39,32,13,ok,35280,2562513.4079999998,2562513.4079999998,0,0,0,13,1,1,1
39,32,14,ok,32256,2523090.1248000003,2523090.1248000003,0,0,0,1,2,1,7
39,32,15,ok,30870,2587152.96,2587152.96,0,0,0,15,1,1,1
39,32,16,ok,28224,2523090.1247999999,2523090.1247999999,0,0,0,2,2,2,2
39,64,1,ok,903168,5046180.2495999997,5046180.2495999997,0,0,0,1,1,1,1
39,64,2,ok,451584,5046180.2495999997,5046180.2495999997,0,0,0,1,1,1,2
39,64,3,ok,301644,5056036.0703999996,5056036.0703999996,0,0,0,3,1,1,1
39,64,4,ok,225792,5046180.2495999997,5046180.2495999997,0,0,0,1,2,1,2
39,64,5,ok,181692,5075747.7120000003,5075747.7120000003,0,0,0,5,1,1,1
39,64,6,ok,150822,5056036.0703999996,5056036.0703999996,0,0,0,3,1,1,2
39,64,7,ok,129024,5046180.2496000007,5046180.2496000007,0,0,0,1,1,1,7
39,64,8,ok,112896,5046180.2495999997,5046180.2495999997,0,0,0,1,2,2,2
39,64,9,ok,100548,5056036.0704000005,5056036.0704000005,0,0,0,9,1,1,1
39,64,10,ok,90846,5075747.7120000003,5075747.7120000003,0,0,0,5,1,1,2
39,64,11,ok,82908,5095459.3536,5095459.3536,0,0,0,11,1,1,1
39,64,12,ok,75411,5056036.0703999996,5056036.0703999996,0,0,0,3,1,2,2
39,64,13,ok,70560,5125026.8159999996,5125026.8159999996,0,0,0,1,13,1,1
39,64,14,ok,64512,5046180.2496000007,5046180.2496000007,0,0,0,1,2,1,7
39,64,15,ok,61272,5135036.6339999996,5135036.6339999996,0,0,0,3,5,1,1
39,64,16,ok,56448,5046180.2495999997,5046180.2495999997,0,0,0,2,2,2,2
40,1,1,ok,6272,1791795.392,115605.50399999999,1512436.4672000001,0,163753.42080000002,1,1,1,1
40,1,2,ok,3136,1834420.0063999998,115605.50399999999,1520533.4399999999,0,198281.06240000002,1,1,1,2
40,1,3,ok,2240,2019135.2256000002,123863.04000000001,1653233.0688,0,242039.11680000005,1,1,1,3
40,1,4,ok,1568,1919669.2352000002,115605.50399999999,1536727.3856000002,0,267336.34560000006,1,1,2,2
40,1,5,ok,1344,2094380.3839999998,123863.03999999998,1659422.9439999999,0,311094.40000000002,1,1,1,5
40,1,6,ok,1120,2147009.0688,123863.04000000001,1677523.9872000001,0,345622.04160000006,1,1,2,3
40,1,7,ok,896,2077555.2896,115605.504,1591030.5152,0,370919.27040000004,1,1,1,7
40,1,8,ok,784,2157593.7920000004,115605.50399999999,1668911.04,0,373077.24800000008,2,1,2,2
40,1,9,ok,800,2435697.7631999995,132710.39999999999,1843892.6687999996,0,459094.69439999998,1,1,3,3
40,1,10,ok,672,2349299.5520000001,123863.03999999998,1801048.2879999999,0,424388.22400000005,2,1,1,5
40,1,11,ok,896,3261347.8524000002,119218.17599999999,1919154.3403999999,0,1222975.3360000001,11,1,1,1
40,1,12,ok,560,2401928.2368000005,123863.04000000001,1819149.3311999999,0,458915.86560000008,2,1,2,3
40,1,13,ok,896,3597109.5549999997,117411.83999999998,2046147.0197999999,0,1433550.6952000002,13,1,1,1
40,1,14,ok,448,2315479.8463999997,115605.504,1723214.1695999999,0,476660.1728,2,1,1,7
40,1,15,ok,448,2620667.2319999998,123863.04000000001,1840433.3759999999,0,656370.81599999999,1,1,1,15
40,1,16,ok,448,2454104.4608000005,115605.50399999999,1753939.9040000001,0,584559.05280000006,4,1,2,2
40,2,1,ok,12544,3540966.1696000001,231211.00799999997,3016775.9616,0,292979.20000000001,1,1,1,1
40,2,2,ok,6272,3583590.784,231211.00799999997,3024872.9344000001,0,327506.84160000004,1,1,1,2
40,2,3,ok,4480,3910396.608,247726.08000000002,3282175.2192000002,0,380495.3088,1,1,1,3
40,2,4,ok,3136,3668840.0127999997,231211.00799999997,3041066.8799999999,0,396562.12480000005,1,2,1,2
40,2,5,ok,2688,3975637.696,247726.07999999996,3278361.0239999997,0,449550.59200000006,1,1,1,5
40,2,6,ok,2240,4038270.4512000005,247726.08000000002,3306466.1376,0,484078.23360000009,1,2,1,3
40,2,7,ok,1792,3856738.2783999993,231211.008,3125382.2207999998,0,500145.04960000009,1,1,1,7
40,2,8,ok,1568,3839338.4704000005,231211.00799999997,3073454.7712000003,0,534672.69120000012,1,2,2,2
40,2,9,ok,1600,4487773.9967999998,265420.79999999999,3614912.5823999997,0,607440.61439999996,1,1,3,3
40,2,10,ok,1344,4188760.7679999997,247726.07999999996,3318845.8879999998,0,622188.80000000005,1,2,1,5
40,2,11,ok,1792,6453689.0616000006,238436.35199999998,3804908.6680000001,0,2410344.0416000001,11,1,1,1
40,2,12,ok,1120,4294018.1376,247726.08000000002,3355047.9744000002,0,691244.08320000011,1,2,2,3
40,2,13,ok,1792,7126258.0219999999,234823.67999999996,4059400.0875999997,0,2832034.2544,13,1,1,1
40,2,14,ok,896,4155110.5792,231211.008,3182061.0304,0,741838.54080000008,1,2,1,7
40,2,15,ok,896,4601965.2479999997,247726.08000000002,3559412.1600000001,0,794827.00800000015,1,1,1,15
40,2,16,ok,784,4315187.5840000007,231211.00799999997,3337822.0800000001,0,746154.49600000016,2,2,2,2
40,4,1,ok,25088,6667047.6799999997,462422.01599999995,5653194.9056000002,0,551430.75840000005,1,1,1,1
40,4,2,ok,12544,6733963.2128000008,462422.01599999995,5685582.7968000006,0,585958.40000000002,1,1,1,2
40,4,3,ok,8960,7340916.0960000008,495452.16000000003,6188056.2431999994,0,657407.69279999996,1,1,1,3
40,4,4,ok,6272,6867794.2784000002,462422.01599999995,5750358.5792000005,0,655013.68320000009,1,1,2,2
40,4,5,ok,5376,7434730.8799999999,495452.15999999992,6212815.743999999,0,726462.97600000002,1,1,1,5
40,4,6,ok,4480,7541662.6944000013,495452.16000000003,6285219.9167999998,0,760990.6176,1,1,2,3
40,4,7,ok,3584,7188589.7216000007,462422.016,5967571.0976000009,0,758596.60800000012,1,1,1,7
40,4,8,ok,3136,7337680.0255999994,462422.01599999995,6082133.7599999998,0,793124.2496000001,1,2,2,2
40,4,9,ok,3200,8355320.409599999,530841.59999999998,6920346.3551999992,0,904132.45440000005,1,1,3,3
40,4,10,ok,2688,7951275.392,495452.15999999992,6556722.0479999995,0,899101.18400000012,1,2,1,5
40,4,11,ok,3136,12838371.480000002,476872.70399999997,7576417.3232000005,0,4785081.452800001,11,1,1,1
40,4,12,ok,2240,8076540.902400001,495452.16000000003,6612932.2752,0,968156.46720000019,1,4,1,3
40,4,13,ok,3136,14184554.956,469647.35999999993,8085906.2231999999,0,5629001.3728,13,1,1,1
40,4,14,ok,1792,7713476.5567999985,462422.016,6250764.4415999996,0,1000290.0992000002,1,2,1,7
40,4,15,ok,1792,8504049.0239999983,495452.16000000003,6936857.4719999991,0,1071739.3920000002,1,1,1,15
40,4,16,ok,1568,7678676.9408000009,462422.01599999995,6146909.5424000006,0,1069345.3824000002,1,4,2,2
40,8,1,ok,50176,13267179.827199999,924844.03199999989,11274001.92,0,1068333.8752000001,1,1,1,1
40,8,2,ok,25088,13334095.359999999,924844.03199999989,11306389.8112,0,1102861.5168000001,1,1,1,2
40,8,3,ok,17920,14481085.593600001,990904.32000000007,12278948.812799998,0,1211232.4608,1,1,1,3
40,8,4,ok,12544,13467926.425600002,924844.03199999989,11371165.593600001,0,1171916.8,1,2,1,2
40,8,5,ok,10752,14534884.095999999,990904.31999999983,12263692.031999998,0,1280287.7440000002,1,1,1,5
40,8,6,ok,8960,14681832.192000002,990904.32000000007,12376112.486399999,0,1314815.3855999999,1,2,1,3
40,8,7,ok,7168,13908770.7136,924844.03200000001,11708426.956800001,0,1275499.7248,1,1,1,7
40,8,8,ok,6272,13735588.5568,924844.03199999989,11500717.158400001,0,1310027.3664000002,1,2,2,2
40,8,9,ok,6272,16126158.528000001,1040449.5359999998,13611928.2048,0,1473780.7872000001,1,9,1,1
40,8,10,ok,5376,14869461.76,990904.31999999983,12425631.487999998,0,1452925.952,1,2,1,5
40,8,11,ok,6272,25607736.316799998,953745.40799999994,15119434.6336,0,9534556.2752000019,11,1,1,1
40,8,12,ok,4480,15083325.388800003,990904.32000000007,12570439.8336,0,1521981.2352,1,2,2,3
40,8,13,ok,6272,28301148.823999997,939294.71999999986,16138918.4944,0,11222935.6096,13,1,1,1
40,8,14,ok,3584,14377179.443200001,924844.03200000001,11935142.195200002,0,1517193.2160000002,1,2,1,7
40,8,15,ok,3584,16004365.056,990904.32000000007,13387896.575999999,0,1625564.1600000001,1,1,1,15
40,8,16,ok,3136,14675360.051199999,924844.03199999989,12164267.52,0,1586248.4992000002,1,4,2,2
40,16,1,ok,100352,26467444.121600002,1849688.0639999998,22515615.948800001,0,2102140.1088,1,1,1,1
40,16,2,ok,50176,26534359.654399998,1849688.0639999998,22548003.84,0,2136667.7504000003,1,1,1,2
40,16,3,ok,35840,28761424.588800006,1981808.6400000001,24460733.952,0,2318881.9968000003,1,1,1,3
40,16,4,ok,25088,26668190.719999999,1849688.0639999998,22612779.622400001,0,2205723.0336000002,1,2,1,2
40,16,5,ok,21504,28735190.528000001,1981808.6399999997,24365444.607999999,0,2387937.2800000003,1,1,1,5
40,16,6,ok,17920,28962171.187200002,1981808.6400000001,24557897.625599995,0,2422464.9216,1,2,1,3
40,16,7,ok,14336,27349132.6976,1849688.064,23190138.6752,0,2309305.9584000004,1,1,1,7
40,16,8,ok,12544,26935852.851200003,1849688.0639999998,22742331.187200002,0,2343833.6000000001,1,2,2,2
40,16,9,ok,12544,31868695.5264,2080899.0719999997,27150983.654399998,0,2636812.8000000003,1,9,1,1
40,16,10,ok,10752,29069768.191999998,1981808.6399999997,24527384.063999996,0,2560575.4880000004,1,2,1,5
40,16,11,ok,12544,51146465.990400001,1907490.8159999999,30205469.254400004,0,19033505.920000002,11,1,1,1
40,16,12,ok,8960,29363664.384000003,1981808.6400000001,24752224.972799998,0,2629630.7711999998,1,4,1,3
40,16,13,ok,12544,56534336.560000002,1878589.4399999997,32244943.036800005,0,22410804.0832,13,1,1,1
40,16,14,ok,7168,27817541.427200001,1849688.064,23416853.913600001,0,2550999.4495999999,1,2,1,7
40,16,15,ok,7168,31004997.120000005,1981808.6400000001,26289974.784000002,0,2733213.696,1,1,1,15
40,16,16,ok,6272,27471177.113600001,1849688.0639999998,23001434.316800002,0,2620054.7328000003,1,4,2,2
40,32,1,ok,200704,52867972.7104,3699376.1279999996,44998844.006400004,0,4169752.5760000004,1,1,1,1
40,32,2,ok,100352,52934888.243200004,3699376.1279999996,45031231.897600003,0,4204280.2176000001,1,1,1,2
40,32,3,ok,68992,57850509.503999993,3814981.6320000002,49667494.233599991,0,4368033.6384000015,1,3,1,1
40,32,4,ok,50176,53068719.308799997,3699376.1279999996,45096007.68,0,4273335.5008000005,1,2,1,2
40,32,5,ok,43008,57135803.392000005,3963617.2799999993,48568949.759999998,0,4603236.3520000009,1,1,1,5
40,32,6,ok,34496,57978383.347200006,3814981.6320000002,49691785.151999995,0,4471616.5632000007,1,3,1,2
40,32,7,ok,28672,54229856.665599994,3699376.128,46153562.111999996,0,4376918.4256000007,1,1,1,7
40,32,8,ok,25088,53336381.439999998,3699376.1279999996,45225559.244800001,0,4411446.0672000004,1,2,2,2
40,32,9,ok,25088,60003429.119999997,4161798.1439999994,50878754.150399998,0,4962876.8256000001,1,9,1,1
40,32,10,ok,21504,57470381.056000002,3963617.2799999993,48730889.215999998,0,4775874.5600000005,1,2,1,5
40,32,11,ok,18816,58191506.419200003,3814981.6319999998,49732270.016000003,0,4644254.7712000003,1,11,1,1
40,32,12,ok,17248,58234131.033600003,3814981.6320000002,49740366.988799997,0,4678782.4128,1,3,2,2
40,32,13,ok,18816,68771780.313600004,4508614.6559999995,58774500.928000003,0,5488664.7296000011,1,13,1,1
40,32,14,ok,14336,54698265.395199999,3699376.128,46380277.350400001,0,4618611.9168000007,1,2,1,7
40,32,15,ok,14336,61006261.248000003,3963617.2800000003,52094131.200000003,0,4948512.7680000002,1,1,1,15
40,32,16,ok,12544,53871705.702400006,3699376.1279999996,45484662.374400005,0,4687667.2000000002,1,4,2,2
40,64,1,ok,401408,105669029.888,7398752.2559999991,89965300.121600002,0,8304977.5104,1,1,1,1
40,64,2,ok,200704,105735945.4208,7398752.2559999991,89997688.012800008,0,8339505.1520000007,1,1,1,2
40,64,3,ok,137984,115573145.16479999,7629963.2640000004,99310697.548799992,0,8632484.352,1,3,1,1
40,64,4,ok,100352,105869776.48640001,7398752.2559999991,90062463.795200005,0,8408560.4352000002,1,2,1,2
40,64,5,ok,81536,113909223.616,7514357.7599999998,97822552,0,8572313.8560000006,1,5,1,1
40,64,6,ok,68992,115701019.00799999,7629963.2640000004,99334988.467199981,0,8736067.2768000029,1,3,1,2
40,64,7,ok,57344,107991304.60160002,7398752.2560000001,92080408.98560001,0,8512143.3599999994,1,1,1,7
40,64,8,ok,50176,106137438.61759999,7398752.2559999991,90192015.359999999,0,8546671.001600001,1,2,2,2
40,64,9,ok,50176,119404618.44479999,8323596.2879999988,101466017.28,0,9615004.8768000007,1,9,1,1
40,64,10,ok,40768,114122346.68799999,7514357.7599999998,97863036.863999993,0,8744952.0640000012,1,5,1,2
40,64,11,ok,37632,115914142.08,7629963.2639999995,99375473.331199989,0,8908705.4848000016,1,11,1,1
40,64,12,ok,34496,115956766.69440001,7629963.2640000004,99383570.30399999,0,8943233.1264000013,1,3,2,2
40,64,13,ok,31360,114250220.53119999,7514357.7599999988,97887327.782399997,0,8848534.9888000004,1,13,1,1
40,64,14,ok,28672,108459713.33119999,7398752.2560000001,92307124.223999992,0,8753836.8512000013,1,2,1,7
40,64,15,ok,28672,121008789.50400001,7927234.5600000005,103702444.03200001,0,9379110.9120000005,1,1,1,15
40,64,16,ok,25088,106672762.88,7398752.2559999991,90451118.489600003,0,8822892.1344000008,1,4,2,2
41,1,1,ok,12544,2900569.8848000001,202309.63199999998,2490997.4432000001,0,207262.80960000001,1,1,1,1
41,1,2,ok,6272,3039356.7007999998,202309.63199999998,2524043.3568000002,0,313003.712,2,1,1,1
41,1,3,ok,4480,3256701.1356000002,205922.304,2630221.3260000004,0,420557.50560000003,3,1,1,1
41,1,4,ok,3136,3226487.3760000002,202309.63199999998,2650750.6592000001,0,373427.08480000001,2,1,1,2
41,1,5,ok,2688,3554060.2010000004,207728.63999999998,2713385.8050000006,0,632945.75600000005,5,1,1,1
41,1,6,ok,2240,3447173.4299999997,205922.304,2759191.2588,0,482059.86719999998,3,1,1,2
41,1,7,ok,1792,3535251.8432,202309.63199999998,2763139.1647999999,0,569803.04640000011,1,1,1,7
41,1,8,ok,1568,3496875.8048,202309.63199999998,2800292.3424000004,0,494273.83040000004,2,1,2,2
41,1,9,ok,1600,3856662.0702,220631.03999999998,3066822.0054000001,0,569209.02480000013,3,1,3,1
41,1,10,ok,1344,3746203.3050000006,207728.63999999998,2843487.0530000003,0,694987.61200000008,5,1,1,2
41,1,11,ok,1792,4778400.9613999994,218566.65599999999,3287004.4613999994,0,1272829.844,11,1,1,1
41,1,12,ok,1120,3828118.0187999997,205922.304,3017131.1244000001,0,605064.59039999999,3,1,2,2
41,1,13,ok,1792,5132779.8678000001,211341.31200000001,3440752.6893999996,0,1480685.8664000002,13,1,1,1
41,1,14,ok,896,3773176.4000000004,202309.63199999998,2895322.8192000003,0,675543.94880000013,2,1,1,7
41,1,15,ok,960,4178483.3445000001,222566.39999999997,3158108.6264999998,0,797808.31799999997,5,1,3,1
41,1,16,ok,784,3972724.9184000008,202309.63199999998,3064659.6512000007,0,705755.63520000002,4,1,2,2
41,2,1,ok,25088,5684037.5872000009,404619.26399999997,4925316.0768000009,0,354102.2464,1,1,1,1
41,2,2,ok,12544,5801139.7696000002,404619.26399999997,4981994.8864000002,0,414525.61920000002,1,2,1,1
41,2,3,ok,8960,6394208.9784000004,411844.60800000001,5202751.7208000002,0,779612.6496,3,1,1,1
41,2,4,ok,6272,6078713.4015999995,404619.26399999997,5048086.7136000004,0,626007.424,2,2,1,1
41,2,5,ok,5376,6742073.2960000001,433520.64000000001,5691779.8560000006,0,616772.80000000005,1,1,1,5
41,2,6,ok,4480,6513402.2712000003,411844.60800000001,5260442.6520000007,0,841115.01120000007,3,2,1,1
41,2,7,ok,3584,6548352.1600000001,404619.26399999997,5427090.4128,0,716642.48320000002,1,1,1,7
41,2,8,ok,3136,6452974.7520000003,404619.26399999997,5301501.3184000002,0,746854.16960000002,2,2,1,2
41,2,9,ok,3200,7355744.2620000001,441262.07999999996,5960571.2172000008,0,953910.96480000007,3,1,3,1
41,2,10,ok,2688,7108120.4020000007,415457.27999999997,5426771.6100000013,0,1265891.5120000001,5,2,1,1
41,2,11,ok,3584,9430289.7436000016,437133.31199999998,6512775.5660000006,0,2480380.8656000001,11,1,1,1
41,2,12,ok,2240,6894346.8599999994,411844.60800000001,5518382.5175999999,0,964119.73439999996,3,2,1,2
41,2,13,ok,3584,10143229.7772,422682.62400000001,6822296.2652000003,0,2898250.8880000003,13,1,1,1
41,2,14,ok,1792,7024201.2736000009,404619.26399999997,5691457.7216000007,0,928124.28800000006,2,1,1,7
41,2,15,ok,1792,7838146.5120000001,433520.63999999996,6183619.3440000005,0,1221006.5280000002,1,1,1,15
41,2,16,ok,1568,6993751.6096000001,404619.26399999997,5600584.6848000009,0,988547.66080000007,2,2,2,2
41,4,1,ok,43904,11250972.992000002,809238.52799999993,9793953.3440000005,0,647781.12000000011,1,1,1,1
41,4,2,ok,21952,11368075.174400002,809238.52799999993,9850632.1536000017,0,708204.49280000001,1,1,1,2
41,4,3,ok,15680,12400502.687999999,867041.2799999998,10722879.4176,0,810581.99040000001,1,1,1,3
41,4,4,ok,10976,11602279.5392,809238.52799999993,9963989.7728000004,0,829051.23840000003,1,1,2,2
41,4,5,ok,9408,12564678.560000002,867041.28000000003,10766208.544,0,931428.73600000003,1,1,1,5
41,4,6,ok,7840,12751809.235199999,867041.2799999998,10892915.8464,0,991852.10879999993,1,1,2,3
41,4,7,ok,6272,12163671.5648,809238.52799999993,10344111.68,0,1010321.3568000002,1,1,1,7
41,4,8,ok,5488,12157426.803199999,809238.52799999993,10096173.427200001,0,1252014.848,2,1,2,2
41,4,9,ok,5600,13926234.636,882524.15999999992,11320395.631200001,0,1723314.8448000003,3,1,1,3
41,4,10,ok,4704,13159479.199999999,867041.28000000003,10907833.887999998,0,1384604.0320000001,2,1,1,5
41,4,11,ok,6272,18734067.307999998,874266.62399999995,12964317.7752,0,4895482.9088000003,11,1,1,1
41,4,12,ok,3920,13026804.542400001,823689.21600000001,10520885.304000001,0,1682230.0224000001,3,1,2,2
41,4,13,ok,6272,20164129.596000001,845365.24800000002,13585383.4168,0,5733380.9312000005,13,1,1,1
41,4,14,ok,3136,12718818.8288,809238.52799999993,10476295.3344,0,1433284.9664,2,1,1,7
41,4,15,ok,3136,14435985.312000001,867041.27999999991,12033281.568000002,0,1535662.4640000002,1,1,1,15
41,4,16,ok,3136,12905949.504000001,809238.52799999993,10603002.6368,0,1493708.3392,2,4,1,2
41,8,1,ok,87808,22384843.801600002,1618477.0559999999,19531227.878400002,0,1235138.8672000002,1,1,1,1
41,8,2,ok,43904,22501945.984000005,1618477.0559999999,19587906.688000001,0,1295562.2400000002,1,1,1,2
41,8,3,ok,31360,24449698.828799997,1734082.5599999996,21275722.406399999,0,1439893.8624,1,1,1,3
41,8,4,ok,21952,22736150.348800004,1618477.0559999999,19701264.307200003,0,1416408.9856,1,2,1,2
41,8,5,ok,18816,24543846.208000001,1734082.5600000001,21249023.039999999,0,1560740.608,1,1,1,5
41,8,6,ok,15680,24801005.375999998,1734082.5599999996,21445758.835200001,0,1621163.9808,1,2,1,3
41,8,7,ok,12544,23507627.8528,1618477.0559999999,20291471.6928,0,1597679.1040000001,1,1,1,7
41,8,8,ok,10976,23204559.078400001,1618477.0559999999,19927979.545600001,0,1658102.4768000001,1,2,2,2
41,8,9,ok,11200,27233772.192000002,1857945.5999999999,23483490.796799999,0,1892335.7952000001,1,1,3,3
41,8,10,ok,9408,25129357.120000005,1734082.5600000001,21532417.088,0,1862857.4720000001,1,2,1,5
41,8,11,ok,12544,37341622.436799996,1748533.2479999999,25867402.193599999,0,9725686.9952000007,11,1,1,1
41,8,12,ok,7840,25503618.470399998,1734082.5599999996,21785831.6928,0,1983704.2175999999,1,2,2,3
41,8,13,ok,12544,40205929.233600006,1690730.496,27111557.719999999,0,11403641.017600002,13,1,1,1
41,8,14,ok,6272,24327343.1296,1618477.0559999999,20688223.359999999,0,2020642.7136000004,1,2,1,7
41,8,15,ok,6272,27115437.888,1734082.5599999998,23216380.992000002,0,2164974.3360000001,1,1,1,15
41,8,16,ok,5488,24314853.606399998,1618477.0559999999,20192346.854400001,0,2504029.696,2,2,2,2
41,16,1,ok,175616,44652585.4208,3236954.1119999997,39005776.9472,0,2409854.3616000004,1,1,1,1
41,16,2,ok,87808,44769687.603200004,3236954.1119999997,39062455.756800003,0,2470277.7344000004,1,1,1,2
41,16,3,ok,62720,48548091.110399991,3468165.1199999992,42381408.383999996,0,2698517.6063999999,1,1,1,3
41,16,4,ok,43904,45003891.96800001,3236954.1119999997,39175813.376000002,0,2591124.4800000004,1,2,1,2
41,16,5,ok,37632,48502181.504000008,3468165.1200000001,42214652.032000005,0,2819364.352,1,1,1,5
41,16,6,ok,31360,48899397.657599993,3468165.1199999992,42551444.812799998,0,2879787.7248,1,2,1,3
41,16,7,ok,25088,46195540.428800002,3236954.1119999997,40186191.718400002,0,2772394.5984,1,1,1,7
41,16,8,ok,21952,45472300.697600007,3236954.1119999997,39402528.614400007,0,2832817.9712,1,2,2,2
41,16,9,ok,22400,53413624.742399998,3715891.1999999997,46456872.3072,0,3240861.2352,1,1,3,3
41,16,10,ok,18816,49087692.416000001,3468165.1200000001,42498046.079999998,0,3121481.216,1,2,1,5
41,16,11,ok,25088,74556732.694399998,3497066.4959999998,51673571.030399993,0,19386095.168000001,11,1,1,1
41,16,12,ok,15680,49602010.751999997,3468165.1199999992,42891517.670400001,0,3242327.9616,1,4,1,3
41,16,13,ok,25088,80289528.5088,3381460.9920000001,54163906.326399997,0,22744161.190400001,13,1,1,1
41,16,14,ok,12544,47015255.705600001,3236954.1119999997,40582943.385600001,0,3195358.2080000001,1,2,1,7
41,16,15,ok,12544,52474343.040000007,3468165.1199999996,45582579.840000004,0,3423598.0800000001,1,1,1,15
41,16,16,ok,10976,46409118.156800002,3236954.1119999997,39855959.091200002,0,3316204.9536000001,1,4,2,2
41,32,1,ok,351232,89188068.659200013,6473908.2239999995,77954875.084800005,0,4759285.3504000008,1,1,1,1
41,32,2,ok,175616,89305170.841600001,6473908.2239999995,78011553.894400001,0,4819708.7232000008,1,1,1,2
41,32,3,ok,125440,96744875.673599988,6936330.2399999984,84592780.339200005,0,5215765.0943999998,1,1,1,3
41,32,4,ok,87808,89539375.206400007,6473908.2239999995,78124911.513600007,0,4940555.4688000008,1,2,1,2
41,32,5,ok,75264,96418852.096000016,6936330.2400000002,84145910.016000003,0,5336611.8399999999,1,1,1,5
41,32,6,ok,62720,97096182.220799983,6936330.2399999984,84762816.767999992,0,5397035.2127999999,1,2,1,3
41,32,7,ok,50176,91571365.580799997,6473908.2239999995,79975631.769600004,0,5121825.5872,1,1,1,7
41,32,8,ok,43904,90007783.936000019,6473908.2239999995,78351626.752000004,0,5182248.9600000009,1,2,2,2
41,32,9,ok,43904,101258756.92800002,7283146.7519999994,88145580.096000001,0,5830030.080000001,1,9,1,1
41,32,10,ok,37632,97004363.008000016,6936330.2400000002,84429304.06400001,0,5638728.7039999999,1,2,1,5
41,32,11,ok,37632,93142558.185599998,6676217.8559999997,80955981.814400002,0,5510358.5152000003,1,11,1,1
41,32,12,ok,31360,97798795.315199986,6936330.2399999984,85102889.625599995,0,5759575.4495999999,1,4,1,3
41,32,13,ok,37632,110077568.7648,7890075.6479999991,95675251.235200003,0,6512241.8816,1,13,1,1
41,32,14,ok,25088,92391080.857600003,6473908.2239999995,80372383.436800003,0,5544789.1968,1,2,1,7
41,32,15,ok,25088,103192153.34400001,6936330.2399999993,90314977.536000013,0,5940845.568,1,1,1,15
41,32,16,ok,21952,90944601.395200014,6473908.2239999995,78805057.228800014,0,5665635.9424000001,1,4,2,2
41,64,1,ok,702464,178259035.13600004,12947816.447999999,155853071.36000001,0,9458147.3280000016,1,1,1,1
41,64,2,ok,351232,178376137.31840003,12947816.447999999,155909750.16960001,0,9518570.7008000016,1,1,1,2
41,64,3,ok,250880,193138444.79999998,13872660.479999997,169015524.24959999,0,10250260.0704,1,1,1,3
41,64,4,ok,175616,178610341.6832,12947816.447999999,156023107.7888,0,9639417.4464000016,1,2,1,2
41,64,5,ok,150528,192252193.28000003,13872660.48,168008425.984,0,10371106.816,1,1,1,5
41,64,6,ok,125440,193489751.34719998,13872660.479999997,169185560.67840001,0,10431530.1888,1,2,1,3
41,64,7,ok,100352,182323015.88480002,12947816.447999999,159554511.87200001,0,9820687.5648000017,1,1,1,7
41,64,8,ok,87808,179078750.41280001,12947816.447999999,156249823.02720001,0,9881110.9376000017,1,2,2,2
41,64,9,ok,87808,201463594.21440002,14566293.503999999,175781050.90560001,0,11116249.804800002,1,9,1,1
41,64,10,ok,75264,192837704.19200003,13872660.48,168291820.03200001,0,10673223.68,1,2,1,5
41,64,11,ok,75264,184996992.36479998,13352435.711999999,161288496.72319996,0,10356059.9296,1,11,1,1
41,64,12,ok,62720,194192364.44159997,13872660.479999997,169525633.53599998,0,10794070.4256,1,4,1,3
41,64,13,ok,62720,182447729.02719998,13150126.079999998,158967535.70879999,0,10330067.238400001,1,13,1,1
41,64,14,ok,50176,183142731.16159999,12947816.447999999,159951263.53920001,0,10243651.1744,1,2,1,7
41,64,15,ok,50176,204627773.95199999,13872660.479999999,179779772.928,0,10975340.544,1,1,1,15
41,64,16,ok,43904,180015567.87200004,12947816.447999999,156703253.50400001,0,10364497.920000002,1,4,2,2
42,1,1,ok,16128,3689650.7615999999,260112.38399999999,3193269.3087999998,0,236269.06880000001,1,1,1,1
42,1,2,ok,7840,3908012.8223999999,260112.38399999999,3333944.176,0,313956.26240000001,1,1,1,2
42,1,3,ok,5376,3967224.3936000005,260112.38399999999,3259361.1359999999,0,447750.87360000005,3,1,1,1
42,1,4,ok,3920,4099823.5872000004,260112.38399999999,3370380.5536000002,0,469330.6496,1,1,2,2
42,1,5,ok,3136,4783211.5549999997,261918.72,3861153.7110000001,0,660139.12400000007,5,1,1,1
42,1,6,ok,2688,4207820.9759999998,260112.38399999999,3422270.5247999998,0,525438.06720000005,3,1,1,2
42,1,7,ok,2240,4455067.2096000006,260112.38399999996,3492562.5951999999,0,702392.2304,1,1,1,7
42,1,8,ok,2016,4550227.3247999996,260112.38399999999,3715043.3887999998,0,575071.55200000003,2,1,2,2
42,1,9,ok,1792,4799945.2896000007,260112.38399999996,3457636.6176000005,0,1082196.2880000002,9,1,1,1
42,1,10,ok,1568,4879782.9470000006,261918.72,3879498.4150000005,0,738365.81200000015,5,1,1,2
42,1,11,ok,1792,5431320.2636000002,278175.74399999995,3850401.9708000007,0,1302742.5488,11,1,1,1
42,1,12,ok,1344,4624181.4239999996,260112.38399999999,3521408.2656,0,842660.77439999999,6,1,1,2
42,1,13,ok,1792,5904411.7703999998,281788.41599999997,4106586.1096000001,0,1516037.2448,13,1,1,1
42,1,14,ok,1120,5283968.9951999988,260112.38399999996,3777654.0255999994,0,1246202.5856000001,1,1,2,7
42,1,15,ok,1152,5195798.4240000006,278691.83999999997,4132173.8159999996,0,784932.76800000004,3,1,5,1
42,1,16,ok,1120,4905774.4607999995,260112.38399999999,3859108.7200000002,0,786553.35680000007,4,1,2,2
42,2,1,ok,32256,7228741.5744000003,520224.76799999998,6313665.8624,0,394850.94400000002,1,1,1,1
42,2,2,ok,16128,7379301.5231999997,520224.76799999998,6386538.6175999995,0,472538.13760000002,1,2,1,1
42,2,3,ok,10752,7783888.8383999988,520224.76799999998,6445849.5167999994,0,817814.5536000001,3,1,1,1
42,2,4,ok,7840,7816025.6447999999,520224.76799999998,6667888.352,0,627912.52480000001,1,2,1,2
42,2,5,ok,6720,8474972.9759999998,557383.67999999993,7189335.0240000002,0,728254.27200000011,1,1,1,5
42,2,6,ok,5376,7934448.7872000011,520224.76799999998,6518722.2719999999,0,895501.7472000001,3,2,1,1
42,2,7,ok,4480,8238796.7423999989,520224.76799999992,6857597.8687999994,0,860974.10560000001,1,1,1,7
42,2,8,ok,3920,8199647.1744000008,520224.76799999998,6740761.1072000004,0,938661.29920000001,1,2,2,2
42,2,9,ok,3584,9449330.630400002,520224.76799999992,6842400.4799999995,0,2086705.3824000002,9,1,1,1
42,2,10,ok,3136,9566423.1099999994,523837.44,7722307.4220000003,0,1320278.2480000001,5,1,1,2
42,2,11,ok,3584,10701625.026400002,556351.4879999999,7622870.5784000009,0,2522402.96,11,1,1,1
42,2,12,ok,2688,8415641.9519999996,520224.76799999998,6844541.0495999996,0,1050876.1344000001,3,2,1,2
42,2,13,ok,3584,11645716.9296,563576.83199999994,8134226.7343999995,0,2947913.3632,13,1,1,1
42,2,14,ok,2240,8910134.4192000013,520224.76799999992,6985125.1903999997,0,1404784.4608,1,2,1,7
42,2,15,ok,2240,9884209.9680000003,557383.67999999993,7821700.0799999991,0,1505126.2079999999,1,1,1,15
42,2,16,ok,2016,9100454.6495999992,520224.76799999998,7430086.7775999997,0,1150143.1040000001,2,2,2,2
42,4,1,ok,56448,14306923.199999999,1040449.536,12554458.969599999,0,712014.69440000004,1,1,1,1
42,4,2,ok,28224,14457483.148800001,1040449.536,12627331.7248,0,789701.88800000004,1,1,1,2
42,4,3,ok,18816,15417217.727999998,1040449.536,12818826.2784,0,1557941.9136000001,3,1,1,1
42,4,4,ok,14112,14758603.046399999,1040449.536,12773077.235199999,0,945076.27520000003,1,1,2,2
42,4,5,ok,12096,15984643.680000003,1114767.3599999999,13801803.744000001,0,1068072.5760000001,1,1,1,5
42,4,6,ok,9408,15567777.676799998,1040449.536,12891699.033599999,0,1635629.1072000002,3,1,1,2
42,4,7,ok,8064,15480392.7936,1040449.5359999998,13261805.4016,0,1178137.8559999999,1,1,1,7
42,4,8,ok,7056,15313750.310400002,1040449.536,12905260.889600001,0,1368039.8848000001,2,1,2,2
42,4,9,ok,6720,16963161.696000002,1114767.3599999999,14029345.555200001,0,1819048.7808000003,3,1,1,3
42,4,10,ok,6048,16579444.32,1114767.3599999999,13943429.088000001,0,1521247.8720000002,2,1,1,5
42,4,11,ok,6272,21242234.551999997,1112702.9759999998,15167807.7936,0,4961723.7823999999,11,1,1,1
42,4,12,ok,4704,15868897.574400002,1040449.536,13037444.544,0,1791003.4944000002,3,1,2,2
42,4,13,ok,6272,23128327.248,1127153.6639999999,16189507.983999999,0,5811665.6000000006,13,1,1,1
42,4,14,ok,4032,16035540.057599999,1040449.5359999998,13393989.055999998,0,1601101.4656,2,1,1,7
42,4,15,ok,4032,17174244.959999997,1114767.3599999999,14085054.432,0,1974423.1680000003,3,1,1,5
42,4,16,ok,3920,16399294.348800002,1040449.536,13481522.214400001,0,1877322.5984,1,4,2,2
42,8,1,ok,112896,28463286.451200001,2080899.0719999999,25036045.184,0,1346342.1952,1,1,1,1
42,8,2,ok,56448,28613846.399999999,2080899.0719999999,25108917.939199999,0,1424029.3888000001,1,1,1,2
42,8,3,ok,37632,30683875.507200003,2080899.0719999999,25564779.801600002,0,3038196.6336000003,3,1,1,1
42,8,4,ok,28224,28914966.297600001,2080899.0719999999,25254663.4496,0,1579403.7760000001,1,2,1,2
42,8,5,ok,24192,31216487.615999997,2229534.7199999997,27239243.711999997,0,1747709.1840000004,1,1,1,5
42,8,6,ok,18816,30834435.455999997,2080899.0719999999,25637652.5568,0,3115883.8272000002,3,1,1,2
42,8,7,ok,16128,29906865.945600003,2080899.0719999997,26013501.516800001,0,1812465.3568000002,1,1,1,7
42,8,8,ok,14112,29517206.092799999,2080899.0719999999,25546154.470399998,0,1890152.5504000001,1,2,2,2
42,8,9,ok,13440,33474643.545599997,2229534.7199999997,27840072.844799999,0,3405035.9808,3,1,1,3
42,8,10,ok,12096,31969287.360000007,2229534.7199999997,27603607.488000002,0,2136145.1520000002,1,2,1,5
42,8,11,ok,12544,42323453.603200004,2225405.9519999996,30257682.223999999,0,9840365.4272000007,11,1,1,1
42,8,12,ok,9408,31135555.353599995,2080899.0719999999,25783398.067199998,0,3271258.2144000004,3,1,2,2
42,8,13,ok,12544,46093547.884800002,2254307.3279999997,32300070.483200002,0,11539170.073600002,13,1,1,1
42,8,14,ok,8064,30960785.587200001,2080899.0719999997,26523610.803199999,0,2356275.7119999998,1,2,1,7
42,8,15,ok,8064,33595690.175999999,2229534.7199999997,27805745.088,0,3560410.3679999998,3,1,1,5
42,8,16,ok,7056,30627500.620800003,2080899.0719999999,25810521.779200003,0,2736079.7696000002,2,2,2,2
42,16,1,ok,225792,56776012.953600004,4161798.1439999999,49999217.612800002,0,2614997.1968,1,1,1,1
42,16,2,ok,112896,56926572.902400002,4161798.1439999999,50072090.368000001,0,2692684.3903999999,1,1,1,2
42,16,3,ok,75264,61217191.0656,4161798.1439999999,51056686.848000005,0,5998706.0736000007,3,1,1,1
42,16,4,ok,56448,57227692.799999997,4161798.1439999999,50217835.878399998,0,2848058.7776000001,1,2,1,2
42,16,5,ok,48384,61680175.488000005,4459069.4399999995,54114123.648000002,0,3106982.3999999999,1,1,1,5
42,16,6,ok,37632,61367751.014400005,4161798.1439999999,51129559.603200004,0,6076393.2672000006,3,1,1,2
42,16,7,ok,32256,58759812.249599993,4161798.1439999994,51516893.747199997,0,3081120.3584000003,1,1,1,7
42,16,8,ok,28224,57829932.595200002,4161798.1439999999,50509326.8992,0,3158807.5520000001,1,2,2,2
42,16,9,ok,26880,66497607.244800001,4459069.4399999995,55461527.423999995,0,6577010.3807999995,3,1,1,3
42,16,10,ok,24192,62432975.231999993,4459069.4399999995,54478487.423999995,0,3495418.3680000007,1,2,1,5
42,16,11,ok,25088,84485891.705599993,4450811.9039999992,60437431.084800005,0,19597648.716800001,11,1,1,1
42,16,12,ok,18816,61668870.911999993,4161798.1439999999,51275305.113600001,0,6231767.6544000003,3,1,2,2
42,16,13,ok,25088,92023989.158399999,4508614.6559999995,64521195.481600001,0,22994179.020800002,13,1,1,1
42,16,14,ok,16128,59813731.891200006,4161798.1439999994,52027003.033600003,0,3624930.7136000004,1,2,1,7
42,16,15,ok,16128,66438580.608000003,4459069.4399999995,55247126.400000006,0,6732384.7680000011,3,1,1,5
42,16,16,ok,14112,59034412.185599998,4161798.1439999999,51092308.940799996,0,3780305.1008000001,1,4,2,2
42,32,1,ok,451584,113401465.9584,8323596.2879999997,99925562.470399991,0,5152307.2000000002,1,1,1,1
42,32,2,ok,225792,113552025.90720001,8323596.2879999997,99998435.225600004,0,5229994.3936000001,1,1,1,2
42,32,3,ok,150528,122283822.18240002,8323596.2879999997,102040500.94080001,0,11919724.953600002,3,1,1,1
42,32,4,ok,112896,113853145.8048,8323596.2879999997,100144180.736,0,5385368.7807999998,1,2,1,2
42,32,5,ok,96768,122607551.23199999,8918138.879999999,107863883.52,0,5825528.8320000004,1,1,1,5
42,32,6,ok,75264,122434382.1312,8323596.2879999997,102113373.69600001,0,11997412.147200001,3,1,1,2
42,32,7,ok,64512,116465704.8576,8323596.2879999988,102523678.208,0,5618430.3616000004,1,1,1,7
42,32,8,ok,56448,114455385.59999999,8323596.2879999997,100435671.7568,0,5696117.5552000003,1,2,2,2
42,32,9,ok,53760,132543534.6432,8918138.879999999,110704436.58239999,0,12920959.180800002,3,1,1,3
42,32,10,ok,48384,123360350.97600001,8918138.879999999,108228247.296,0,6213964.7999999998,1,2,1,5
42,32,11,ok,48384,118446156.25919999,8583708.6719999984,103774686.57599999,0,6087761.0112000005,1,11,1,1
42,32,12,ok,37632,122735502.02880001,8323596.2879999997,102259119.20640001,0,12152786.534400001,3,1,2,2
42,32,13,ok,48384,139981821.0336,10144382.975999998,122642811.40799999,0,7194626.6496000001,1,13,1,1
42,32,14,ok,32256,117519624.49919999,8323596.2879999988,103033787.49439999,0,6162240.7168000005,1,2,1,7
42,32,15,ok,32256,131316081.40799998,8918138.879999999,115795541.75999999,0,6602400.7680000011,1,1,1,15
42,32,16,ok,28224,115659865.1904,8323596.2879999997,101018653.7984,0,6317615.1040000003,1,4,2,2
42,64,1,ok,903168,226652371.96799999,16647192.575999999,199778252.18559998,0,10226927.2064,1,1,1,1
42,64,2,ok,451584,226802931.91679999,16647192.575999999,199851124.94079998,0,10304614.4,1,1,1,2
42,64,3,ok,301056,244417084.41600001,16647192.575999999,204008129.12639999,0,23761762.713600002,3,1,1,1
42,64,4,ok,225792,227104051.81440002,16647192.575999999,199996870.45120001,0,10459988.7872,1,2,1,2
42,64,5,ok,193536,244462302.72,17836277.759999998,215363403.264,0,11262621.696000002,1,1,1,5
42,64,6,ok,150528,244567644.36480004,16647192.575999999,204081001.88160002,0,23839449.907200005,3,1,1,2
42,64,7,ok,129024,231877490.07359999,16647192.575999998,204537247.12959996,0,10693050.368000001,1,1,1,7
42,64,8,ok,112896,227706291.60960001,16647192.575999999,200288361.472,0,10770737.5616,1,2,2,2
42,64,9,ok,107520,264635389.43999997,17836277.759999998,221190254.89919996,0,25608856.7808,3,1,1,3
42,64,10,ok,96768,245215102.46399999,17836277.759999998,215727767.03999999,0,11651057.664000001,1,2,1,5
42,64,11,ok,96768,235236153.08160001,17167417.343999997,206747772.8448,0,11320962.8928,1,11,1,1
42,64,12,ok,75264,244868764.2624,16647192.575999999,204226747.39200002,0,23994824.294400003,3,1,2,2
42,64,13,ok,80640,231998182.16640002,16907304.960000001,203773121.80159998,0,11317755.404800002,1,13,1,1
42,64,14,ok,64512,232931409.71520001,16647192.575999998,205047356.41600001,0,11236860.723200001,1,2,1,7
42,64,15,ok,64512,260373763.58399999,17836277.759999998,230497992.192,0,12039493.632000001,1,1,1,15
42,64,16,ok,56448,228910771.19999999,16647192.575999999,200871343.51359999,0,11392235.110400001,1,4,2,2
43,1,1,ok,79380,18261799.833599996,1316818.9439999999,16416267.897599999,0,528712.99200000009,1,1,1,1
43,1,2,ok,39690,18747320.831999999,1316818.9439999999,16508497.478399999,0,922004.40960000001,1,1,1,2
43,1,3,ok,26460,18395632.3968,1316818.9439999999,16490621.203199998,0,588192.2496000001,3,1,1,1
43,1,4,ok,19845,19946268.057599999,1316818.9439999999,16920861.868799999,0,1708587.2448,1,1,2,2
43,1,5,ok,17640,19025887.877999995,1325963.5199999998,17048787.757999998,0,651136.60000000009,5,1,1,1
43,1,6,ok,13230,18881153.395199999,1316818.9439999999,16582850.783999998,0,981483.66720000003,3,1,1,2
43,1,7,ok,11340,21744688.896000002,1316818.9439999999,17539408.454399999,0,2888461.4976000004,1,1,1,7
43,1,8,ok,11025,20407925.203199998,1316818.9439999999,17352779.385600001,0,1738326.8736,2,1,2,2
43,1,9,ok,8820,18797130.086399999,1316818.9439999999,16713681.119999997,0,766630.02240000013,9,1,1,1
43,1,10,ok,8820,19360469.285999998,1325963.5199999998,17234671.022,0,799834.74400000006,10,1,1,1
43,1,11,ok,8820,20178013.620600004,1357969.5359999998,17978341.887000002,0,841702.19760000007,11,1,1,1
43,1,12,ok,6615,20080100.620800003,1316818.9439999999,16995215.174400002,0,1768066.5024000001,3,1,2,2
43,1,13,ok,7560,20298970.434600003,1367114.112,17861517.557,0,1070338.7656,13,1,1,1
43,1,14,ok,6300,22206346.041599996,1316818.9439999999,17971325.971199997,0,2918201.1264000004,2,1,1,7
43,1,15,ok,5670,21942588.959999997,1410877.4399999999,18356432.111999996,0,2175279.4080000003,3,1,1,5
43,1,16,ok,5670,22643503.430399995,1316818.9439999999,19426913.913599998,0,1899770.5728000002,4,1,2,2
43,2,1,ok,158760,36038078.668799996,2633637.8879999998,32740306.214400001,0,664134.56640000013,1,1,1,1
43,2,2,ok,79380,36523599.667199992,2633637.8879999998,32832535.795199998,0,1057425.9840000002,1,1,1,2
43,2,3,ok,52920,36305743.795200005,2633637.8879999998,32889012.825599998,0,783093.08160000003,3,1,1,1
43,2,4,ok,39690,37494641.663999997,2633637.8879999998,33016994.956799999,0,1844008.8192,1,2,1,2
43,2,5,ok,35280,37562883.083999991,2651927.0399999996,34004705.451999992,0,906250.59200000018,5,1,1,1
43,2,6,ok,26460,36791264.7936,2633637.8879999998,32981242.406399995,0,1176384.4992000002,3,1,1,2
43,2,7,ok,22680,40090730.803199992,2633637.8879999998,34433209.843199991,0,3023883.0720000002,1,1,1,7
43,2,8,ok,19845,39892536.115199998,2633637.8879999998,33841723.737599999,0,3417174.4896,1,2,2,2
43,2,9,ok,17640,37108739.174400002,2633637.8879999998,33335132.659200002,0,1139968.6272,9,1,1,1
43,2,10,ok,17640,38051775.75599999,2651927.0399999996,34097575.515999995,0,1302273.2000000002,5,1,1,2
43,2,11,ok,17640,39855333.711599998,2715939.0719999997,35861572.018799998,0,1277822.6208000001,11,1,1,1
43,2,12,ok,13230,37762306.790399998,2633637.8879999998,33165701.567999996,0,1962967.3344000001,3,2,1,2
43,2,13,ok,15120,39806618.950800002,2734228.2239999999,35340026.160400003,0,1732364.5664000001,13,1,1,1
43,2,14,ok,11340,43489377.792000003,2633637.8879999998,35078816.908799998,0,5776922.9952000007,1,2,1,7
43,2,15,ok,11340,41457572.927999996,2821754.8799999999,36251716.319999993,0,2384101.7280000001,3,1,1,5
43,2,16,ok,11025,40815850.406399995,2633637.8879999998,34705558.771200001,0,3476653.7472000001,2,2,2,2
43,4,1,ok,285768,69904754.61119999,5267275.7759999996,63413601.868799992,0,1223876.9664,1,1,1,1
43,4,2,ok,142884,70552250.726399988,5267275.7759999996,63718788.787199996,0,1566186.1632000003,1,1,1,2
43,4,3,ok,95256,69904754.61119999,5267275.7759999996,63413601.868799984,0,1223876.9664000003,3,1,1,1
43,4,4,ok,71442,72076670.208000004,5267275.7759999996,64456625.433600001,0,2352768.9984000004,1,1,2,2
43,4,5,ok,63504,72475915.560000002,5303854.0799999991,65670612.536000006,0,1501448.9439999999,5,1,1,1
43,4,6,ok,47628,70552250.726399988,5267275.7759999996,63718788.787199989,0,1566186.1632000001,3,1,1,2
43,4,7,ok,40824,77098162.175999984,5267275.7759999996,68298243.148799986,0,3532643.2512000003,1,1,1,7
43,4,8,ok,39690,72986410.367999986,5267275.7759999996,66033989.913599998,0,1685144.6784000001,4,1,1,2
43,4,9,ok,31752,71740172.620800003,5267275.7759999996,64433304.345600002,0,2039592.4992000002,9,1,1,1
43,4,10,ok,31752,73052229.047999993,5303854.0799999991,65935873.783999987,0,1812501.1840000004,5,1,1,2
43,4,11,ok,31752,77221667.239199996,5431878.1439999994,69452790.818399996,0,2336998.2768000001,11,1,1,1
43,4,12,ok,23814,72076670.207999989,5267275.7759999996,64456625.433599994,0,2352768.9984000004,3,1,2,2
43,4,13,ok,26460,77005580.277600005,5468456.4479999999,69143476.53199999,0,2393647.2976000002,13,1,1,1
43,4,14,ok,20412,82433630.361599982,5267275.7759999996,70880671.411199987,0,6285683.1744000008,1,1,2,7
43,4,15,ok,20412,78420597.11999999,5643509.7599999998,69975340.991999984,0,2801746.3680000002,3,1,1,5
43,4,16,ok,19845,75422450.764799997,5267275.7759999996,67683447.475199997,0,2471727.5136000002,4,1,2,2
43,8,1,ok,571536,139047299.48159999,10534551.551999999,126458285.4144,0,2054462.5152000003,1,1,1,1
43,8,2,ok,285768,139580081.97119999,10534551.551999999,126699740.92799999,0,2345789.4912,1,1,1,2
43,8,3,ok,190512,139047299.48159999,10534551.551999999,126458285.41439998,0,2054462.5152,3,1,1,1
43,8,4,ok,142884,141104501.45279998,10534551.551999999,127437577.57439999,0,3132372.3264000006,1,2,1,2
43,8,5,ok,127008,144184328.25600001,10607708.159999998,130969744.816,0,2606875.2800000003,5,1,1,1
43,8,6,ok,95256,139580081.97119999,10534551.551999999,126699740.928,0,2345789.4912,3,1,1,2
43,8,7,ok,81648,148860856.16639999,10534551.551999999,134014058.03519998,0,4312246.5791999996,1,1,1,7
43,8,8,ok,71442,144153340.41600001,10534551.551999999,128913250.8672,0,4705537.9968000008,1,2,2,2
43,8,9,ok,63504,142718135.50079998,10534551.551999999,128497690.36799999,0,3685893.5808000006,9,1,1,1
43,8,10,ok,63504,144569452.36799997,10607708.159999998,131128787.05599999,0,2832957.1519999998,5,1,1,2
43,8,11,ok,63504,153657305.6832,10863756.287999999,138525134.616,0,4268414.7791999998,11,1,1,1
43,8,12,ok,47628,141104501.45279998,10534551.551999999,127437577.57439998,0,3132372.3264000001,3,1,2,2
43,8,13,ok,52920,153219838.63680005,10936912.896,137903944.11040002,0,4378981.6304000001,13,1,1,1
43,8,14,ok,40824,154196324.35199997,10534551.551999999,136596486.29759997,0,7065286.5024000006,1,2,1,7
43,8,15,ok,40824,153030145.53599998,11287019.52,138106090.368,0,3637035.648,3,1,1,5
43,8,16,ok,39690,145972820.73599997,10534551.551999999,132067979.8272,0,3370289.3568000002,4,2,1,2
43,16,1,ok,1143072,277332389.22240001,21069103.103999998,252547652.50560001,0,3715633.6128000002,1,1,1,1
43,16,2,ok,571536,277635744.46079999,21069103.103999998,252661645.2096,0,3904996.1472000005,1,1,1,2
43,16,3,ok,381024,277332389.22239995,21069103.103999998,252547652.50559998,0,3715633.6128000002,3,1,1,1
43,16,4,ok,285768,279160163.94239998,21069103.103999998,253399481.85599998,0,4691578.9824000001,1,2,1,2
43,16,5,ok,254016,287601153.648,21215416.319999997,261568009.37599999,0,4817727.9520000005,5,1,1,1
43,16,6,ok,190512,277635744.46079999,21069103.103999998,252661645.20959997,0,3904996.1472,3,1,1,2
43,16,7,ok,163296,292386244.14719999,21069103.103999998,265445687.80799994,0,5871453.2352000009,1,1,1,7
43,16,8,ok,142884,282209002.90559995,21069103.103999998,254875155.14879999,0,6264744.6528000012,1,2,2,2
43,16,9,ok,127008,284674061.2608,21069103.103999998,256626462.41279995,0,6978495.7440000009,9,1,1,1
43,16,10,ok,127008,287603899.00799996,21215416.319999997,261514613.59999996,0,4873869.0880000005,5,1,1,2
43,16,11,ok,127008,306528582.57120001,21727512.575999998,276669822.2112,0,8131247.784,11,1,1,1
43,16,12,ok,95256,279160163.94239998,21069103.103999998,253399481.85600001,0,4691578.9824000001,3,1,2,2
43,16,13,ok,105840,305648355.35520005,21873825.791999999,275424879.26719999,0,8349650.2960000001,13,1,1,1
43,16,14,ok,81648,297721712.33279997,21069103.103999998,268028116.07039997,0,8624493.1583999991,1,2,1,7
43,16,15,ok,81648,302249242.36800003,22574039.039999999,274367589.12,0,5307614.2080000006,3,1,1,5
43,16,16,ok,71442,288306680.83200002,21069103.103999998,257826501.7344,0,9411075.9936000016,1,4,2,2
43,32,1,ok,2286144,553902568.704,42138206.207999997,504726386.68799996,0,7037975.8080000002,1,1,1,1
43,32,2,ok,1143072,553747069.44000006,42138206.207999997,504585453.77280003,0,7023409.4592000004,1,1,1,2
43,32,3,ok,762048,553902568.704,42138206.207999997,504726386.68799996,0,7037975.8080000002,3,1,1,1
43,32,4,ok,571536,555271488.92159998,42138206.207999997,505323290.4192,0,7809992.2944000009,1,2,1,2
43,32,5,ok,508032,574434804.43199992,42430832.639999993,522764538.49599993,0,9239433.2960000001,5,1,1,1
43,32,6,ok,381024,553747069.43999994,42138206.207999997,504585453.77279997,0,7023409.4592000004,3,1,1,2
43,32,7,ok,326592,579437020.10879993,42138206.207999997,528308947.35359991,0,8989866.5472000018,1,1,1,7
43,32,8,ok,285768,558320327.88479996,42138206.207999997,506798963.71199995,0,9383157.9648000002,1,2,2,2
43,32,9,ok,254016,568585912.78079998,42138206.207999997,512884006.50239998,0,13563700.0704,9,1,1,1
43,32,10,ok,254016,573672792.28799999,42430832.639999993,522286266.68800002,0,8955692.9600000009,5,1,1,2
43,32,11,ok,238140,591957932.54400015,43455025.151999995,539707789.84320009,0,8795117.5488000009,1,11,1,1
43,32,12,ok,190512,555271488.92159998,42138206.207999997,505323290.41919994,0,7809992.2944,3,1,2,2
43,32,13,ok,211680,610505388.79200006,43747651.583999999,550466749.58080006,0,16290987.627200002,13,1,1,1
43,32,14,ok,163296,584772488.29439998,42138206.207999997,530891375.61599988,0,11742906.470400002,1,2,1,7
43,32,15,ok,163296,600687436.03199995,45148078.079999998,546890586.62399995,0,8648771.3279999997,3,1,1,5
43,32,16,ok,142884,564418005.8111999,42138206.207999997,509750310.29759997,0,12529489.305600002,1,4,2,2
43,64,1,ok,4572288,1107042927.6671999,84276412.415999994,1009083855.0527999,0,13682660.198400002,1,1,1,1
43,64,2,ok,2286144,1105969719.3983998,84276412.415999994,1008433070.8992,0,13260236.0832,1,1,1,2
43,64,3,ok,1524096,1107042927.6672001,84276412.415999994,1009083855.0527999,0,13682660.198400002,3,1,1,1
43,64,4,ok,1143072,1107494138.8800001,84276412.415999994,1009170907.5456001,0,14046818.918400001,1,2,1,2
43,64,5,ok,1016064,1148102106,84861665.279999986,1045157596.7360001,0,18082843.984000001,5,1,1,1
43,64,6,ok,762048,1105969719.3983998,84276412.415999994,1008433070.8992,0,13260236.0832,3,1,1,2
43,64,7,ok,653184,1153538572.0319998,84276412.415999994,1054035466.4447999,0,15226693.1712,1,1,1,7
43,64,8,ok,571536,1110542977.8432,84276412.415999994,1010646580.8384,0,15619984.588800002,1,2,2,2
43,64,9,ok,508032,1136409615.8207998,84276412.415999994,1025399094.6815999,0,26734108.723200001,9,1,1,1
43,64,10,ok,508032,1145810578.848,84861665.279999986,1043829572.8640001,0,17119340.704,5,1,1,2
43,64,11,ok,476280,1178575134.1056001,86910050.30399999,1078401054.2976,0,13264029.504000001,1,11,1,1
43,64,12,ok,381024,1107494138.8799999,84276412.415999994,1009170907.5455999,0,14046818.918400001,3,1,2,2
43,64,13,ok,396900,1161769897.2672,85593231.359999999,1062261475.1424,0,13915190.764800001,1,13,1,1
43,64,14,ok,326592,1158874040.2175999,84276412.415999994,1056617894.7071998,0,17979733.094400004,1,2,1,7
43,64,15,ok,326592,1197563823.3599999,90296156.159999996,1091936581.632,0,15331085.568,3,1,1,5
43,64,16,ok,285768,1116640655.7695999,84276412.415999994,1013597927.4239999,0,18766315.9296,1,4,2,2
44,1,1,ok,3136,1014859.9744000001,57802.751999999993,822310.06080000009,0,134747.16160000002,1,1,1,1
44,1,2,ok,1568,1036172.2816,57802.751999999993,826358.54720000003,0,152010.98240000004,1,1,1,2
44,1,3,ok,1120,1137027.1968,61931.520000000004,897429.20640000002,0,177666.47040000002,1,1,1,3
44,1,4,ok,784,1078796.8960000002,57802.751999999993,834455.52000000002,0,186538.62400000004,1,1,2,2
44,1,5,ok,672,1174649.7760000001,61931.51999999999,900524.14399999997,0,212194.11200000002,1,1,1,5
44,1,6,ok,560,1200964.1184000003,61931.520000000004,909574.66559999995,0,229457.93280000004,1,1,2,3
44,1,7,ok,448,1157739.9231999998,57802.752,861607.08479999995,0,238330.0864,1,1,1,7
44,1,8,ok,448,1227052.2304000002,57802.751999999993,876969.95200000005,0,292279.52640000003,2,1,2,2
44,1,9,ok,400,1354412.7215999998,66355.199999999997,997817.05440000002,0,290240.46720000001,1,1,3,3
44,1,10,ok,336,1306221.4879999999,61931.51999999999,945776.75199999998,0,298513.21600000001,1,1,2,5
44,1,11,ok,896,2608428.5502000004,59609.087999999996,1355756.8310000002,0,1193062.6312000002,11,1,1,1
44,1,12,ok,320,1406354.6592000001,61931.520000000004,1001671.3824,0,342751.75680000003,2,1,3,2
44,1,13,ok,896,3082688.2866000002,70447.103999999992,1602258.0730000001,0,1409983.1096000001,13,1,1,1
44,1,14,ok,224,1341940.3199999998,57802.752,924960.73599999992,0,359176.83199999999,1,1,2,7
44,1,15,ok,224,1437793.2,61931.520000000004,991029.35999999999,0,384832.32000000001,1,1,1,15
44,1,16,ok,224,1504625.8624000002,57802.751999999993,943061.77919999999,0,503761.33120000002,4,1,2,2
44,2,1,ok,6272,2008407.6416000002,115605.50399999999,1640571.6352000001,0,252230.50240000003,1,1,1,1
44,2,2,ok,3136,2029719.9488000001,115605.50399999999,1644620.1216000002,0,269494.32320000004,1,1,1,2
44,2,3,ok,2240,2210117.4720000001,123863.04000000001,1782712.9535999999,0,303541.47840000002,1,1,1,3
44,2,4,ok,1568,2072344.5632,115605.50399999999,1652717.0944000001,0,304021.96480000007,1,2,1,2
44,2,5,ok,1344,2242738.0159999998,123863.03999999998,1780805.8559999997,0,338069.12000000005,1,1,1,5
44,2,6,ok,1120,2274054.3936000001,123863.04000000001,1794858.4128,0,355332.94080000004,1,2,1,3
44,2,7,ok,896,2166293.696,115605.504,1694874.7648,0,355813.42720000003,1,1,1,7
44,2,8,ok,784,2157593.7920000004,115605.50399999999,1668911.04,0,373077.24800000008,1,2,2,2
44,2,9,ok,800,2517014.6783999996,132710.39999999999,1959197.7311999998,0,425106.54719999997,1,1,3,3
44,2,10,ok,672,2349299.5520000001,123863.03999999998,1801048.2879999999,0,424388.22400000005,1,2,1,5
44,2,11,ok,1792,5182353.7788000004,119218.17599999999,2694813.6556000002,0,2368321.9472000003,11,1,1,1
44,2,12,ok,560,2401928.2368000005,123863.04000000001,1819149.3311999999,0,458915.86560000008,1,2,2,3
44,2,13,ok,1792,6124599.9204000002,140894.20799999998,3184779.7748000002,0,2798925.9376000003,13,1,1,1
44,2,14,ok,448,2315479.8463999997,115605.504,1723214.1695999999,0,476660.1728,1,2,1,7
44,2,15,ok,448,2555901.7919999999,123863.04000000001,1921331.4239999999,0,510707.32800000004,1,1,1,15
44,2,16,ok,448,2454104.4608000005,115605.50399999999,1753939.9040000001,0,584559.05280000006,2,2,2,2
44,4,1,ok,12544,3611097.4720000001,231211.00799999997,2892689.2800000003,0,487197.18400000001,1,1,1,1
44,4,2,ok,6272,3644555.2384000001,231211.00799999997,2908883.2256,0,504461.00480000005,1,1,1,2
44,4,3,ok,4480,3967858.3679999998,247726.08000000002,3164840.7936,0,555291.49440000008,1,1,1,3
44,4,4,ok,3136,3711470.7711999998,231211.00799999997,2941271.1168,0,538988.64640000009,1,1,2,2
44,4,5,ok,2688,4014765.7599999998,247726.07999999996,3177220.5439999998,0,589819.13599999994,1,1,1,5
44,4,6,ok,2240,4068231.6672,247726.08000000002,3213422.6304000001,0,607082.95680000004,1,1,2,3
44,4,7,ok,1792,3871868.4927999997,231211.008,3049877.3759999997,0,590780.10880000005,1,1,1,7
44,4,8,ok,1568,4144689.1264,231211.00799999997,3305434.1888000001,0,608043.92960000015,1,2,2,2
44,4,9,ok,1600,4496303.4048000006,265420.79999999999,3536043.8976000003,0,694838.70719999995,1,1,3,3
44,4,10,ok,1344,4282095.2960000001,247726.07999999996,3358230.9759999998,0,676138.24000000011,1,1,2,5
44,4,11,ok,3136,10330204.236000001,238436.35199999998,5372927.3048,0,4718840.5792000005,11,1,1,1
44,4,12,ok,1120,4548108.7872000001,247726.08000000002,3589716.8256000001,0,710665.88160000008,1,4,1,3
44,4,13,ok,3136,12208423.188000001,281788.41599999997,6349823.1784000006,0,5576811.5936000003,13,1,1,1
44,4,14,ok,896,4246129.8432,231211.008,3303291.9808,0,711626.85440000007,1,1,2,7
44,4,15,ok,896,4549424.8319999995,247726.08000000002,3539241.4080000003,0,762457.34400000016,1,1,1,15
44,4,16,ok,784,4315187.5840000007,231211.00799999997,3337822.0800000001,0,746154.49600000016,1,4,2,2
44,8,1,ok,25088,7188737.1776000001,462422.01599999995,5769184.6144000003,0,957130.54720000003,1,1,1,1
44,8,2,ok,12544,7222194.9440000001,462422.01599999995,5785378.5600000005,0,974394.36800000002,1,1,1,2
44,8,3,ok,8960,7835343.4368000012,495452.16000000003,6281099.7504000003,0,1058791.5264000003,1,1,1,3
44,8,4,ok,6272,7289110.4768000003,462422.01599999995,5817766.4512,0,1008922.0096000001,1,2,1,2
44,8,5,ok,5376,7862242.6879999992,495452.15999999992,6273471.3599999994,0,1093319.1680000001,1,1,1,5
44,8,6,ok,4480,7935716.7359999996,495452.16000000003,6329681.5872,0,1110582.9888000002,1,2,1,3
44,8,7,ok,3584,7509532.6208000006,462422.016,5986397.1327999998,0,1060713.4720000001,1,1,1,7
44,8,8,ok,3136,7422941.5423999997,462422.01599999995,5882542.2335999999,0,1077977.2928000002,1,2,2,2
44,8,9,ok,3200,8691486.9120000005,530841.59999999998,6926342.2847999996,0,1234303.0272000001,1,1,3,3
44,8,10,ok,2688,8029531.5199999996,495452.15999999992,6354441.0879999995,0,1179638.2719999999,1,2,1,5
44,8,11,ok,6272,20625905.150400005,476872.70399999997,10729154.603200002,0,9419877.8432000019,11,1,1,1
44,8,12,ok,2240,8136463.3344000001,495452.16000000003,6426845.2608000003,0,1214165.9136000001,1,2,2,3
44,8,13,ok,6272,24376069.723200005,563576.83199999994,12679909.985600002,0,11132582.9056,13,1,1,1
44,8,14,ok,1792,7743736.9855999993,462422.016,6099754.7519999994,0,1181560.2176000001,1,2,1,7
44,8,15,ok,1792,8596983.1679999996,495452.16000000003,6835573.6320000002,0,1265957.3759999999,1,1,1,15
44,8,16,ok,1568,8289378.2527999999,462422.01599999995,6610868.3776000002,0,1216087.8592000003,1,4,2,2
44,16,1,ok,50176,14344016.588800002,924844.03199999989,11522175.283200001,0,1896997.2736000002,1,1,1,1
44,16,2,ok,25088,14377474.3552,924844.03199999989,11538369.228800001,0,1914261.0944000001,1,1,1,2
44,16,3,ok,17920,15570313.5744,990904.32000000007,12513617.663999999,0,2065791.5904000001,1,1,1,3
44,16,4,ok,12544,14444389.888,924844.03199999989,11570757.120000001,0,1948788.736,1,2,1,2
44,16,5,ok,10752,15557196.544000002,990904.31999999983,12465972.992000001,0,2100319.2320000003,1,1,1,5
44,16,6,ok,8960,15670686.873600002,990904.32000000007,12562199.500800001,0,2117583.0528000006,1,2,1,3
44,16,7,ok,7168,14784860.876800001,924844.03200000001,11859436.646400001,0,2000580.1984000003,1,1,1,7
44,16,8,ok,6272,14578220.953600001,924844.03199999989,11635532.9024,0,2017844.0192000002,1,2,2,2
44,16,9,ok,6400,17081853.926399998,1061683.2,13706939.0592,0,2313231.6672,1,1,3,3
44,16,10,ok,5376,15724485.375999998,990904.31999999983,12546942.719999999,0,2186638.3360000001,1,2,1,5
44,16,11,ok,12544,41217306.979200006,953745.40799999994,21441609.200000003,0,18821952.371200003,11,1,1,1
44,16,12,ok,4480,15871433.471999999,990904.32000000007,12659363.1744,0,2221165.9776000003,1,4,1,3
44,16,13,ok,12544,48711362.793600008,1127153.6639999999,25340083.600000001,0,22244125.529600002,13,1,1,1
44,16,14,ok,3584,15019065.241600001,924844.03200000001,11972794.2656,0,2121426.9440000001,1,2,1,7
44,16,15,ok,3584,16692099.840000004,990904.32000000007,13428238.080000002,0,2272957.4400000004,1,1,1,15
44,16,16,ok,3136,14845883.084799999,924844.03199999989,11765084.4672,0,2155954.5856000003,1,4,2,2
44,32,1,ok,100352,28654575.411199998,1849688.0639999998,23028156.6208,0,3776730.7264,1,1,1,1
44,32,2,ok,50176,28688033.177600004,1849688.0639999998,23044350.566400003,0,3793994.5472000004,1,1,1,2
44,32,3,ok,35840,31040253.849600002,1981808.6400000001,24978653.4912,0,4079791.7184000006,1,1,1,3
44,32,4,ok,25088,28754948.7104,1849688.0639999998,23076738.457600001,0,3828522.1888000001,1,2,1,2
44,32,5,ok,21504,30947104.255999997,1981808.6399999997,24850976.255999997,0,4114319.3599999999,1,1,1,5
44,32,6,ok,17920,31140627.148800001,1981808.6400000001,25027235.327999998,0,4131583.1808000002,1,2,1,3
44,32,7,ok,14336,29335517.388800003,1849688.064,23605515.673600003,0,3880313.6511999997,1,1,1,7
44,32,8,ok,12544,28888779.776000001,1849688.0639999998,23141514.240000002,0,3897577.4720000001,1,2,2,2
44,32,9,ok,12544,32499877.248,2080899.0719999997,26034203.520000003,0,4384774.6560000004,1,9,1,1
44,32,10,ok,10752,31114393.088000003,1981808.6399999997,24931945.984000001,0,4200638.4640000006,1,2,1,5
44,32,11,ok,9408,33021508.396800004,1907490.8159999999,27047165.305600002,0,4066852.2752000005,1,11,1,1
44,32,12,ok,8960,31341373.747200005,1981808.6400000001,25124399.001600001,0,4235166.1056000013,1,4,1,3
44,32,13,ok,9408,39025419.014400005,2254307.3279999997,31964831.724800002,0,4806279.961600001,1,13,1,1
44,32,14,ok,7168,29569721.753600001,1849688.064,23718873.292800002,0,4001160.3968000007,1,2,1,7
44,32,15,ok,7168,32882333.183999997,1981808.6400000001,26613566.976,0,4286957.5680000009,1,1,1,15
44,32,16,ok,6272,29156441.907200001,1849688.0639999998,23271065.8048,0,4035688.0384000004,1,4,2,2
44,64,1,ok,200704,57275693.056000002,3699376.1279999996,46040119.296000004,0,7536197.6320000002,1,1,1,1
44,64,2,ok,100352,57309150.822399996,3699376.1279999996,46056313.241599999,0,7553461.4528000001,1,1,1,2
44,64,3,ok,71680,61980134.400000006,3963617.2800000003,49908725.145599991,0,8107791.9744000016,1,1,1,3
44,64,4,ok,50176,57376066.355200008,3699376.1279999996,46088701.132800005,0,7587989.0944000008,1,2,1,2
44,64,5,ok,40768,64687159.903999999,3757178.8799999999,53207244.767999992,0,7722736.2560000001,1,5,1,1
44,64,6,ok,35840,62080507.699200004,3963617.2800000003,49957306.9824,0,8159583.4368000012,1,2,1,3
44,64,7,ok,28672,58436830.412799999,3699376.128,47097673.728,0,7639780.5568000004,1,1,1,7
44,64,8,ok,25088,57509897.4208,3699376.1279999996,46153476.915200002,0,7657044.3776000002,1,2,2,2
44,64,9,ok,25088,64698634.598399997,4161798.1439999994,51922661.529600002,0,8614174.9248000011,1,9,1,1
44,64,10,ok,20384,64793721.440000005,3757178.8799999999,53227487.199999996,0,7809055.3599999994,1,5,1,2
44,64,11,ok,18816,65808581.414400011,3814981.6319999998,54049797.260800004,0,7943802.5216000006,1,11,1,1
44,64,12,ok,17920,62281254.297600001,3963617.2800000003,50054470.655999996,0,8263166.3616000004,1,4,1,3
44,64,13,ok,15680,64857658.361599997,3757178.8799999994,53239632.659199998,0,7860846.8224000018,1,13,1,1
44,64,14,ok,14336,58671034.777600005,3699376.128,47211031.347200006,0,7760627.3023999995,1,2,1,7
44,64,15,ok,14336,65262799.872000009,3963617.2800000003,52984224.768000007,0,8314957.824,1,1,1,15
44,64,16,ok,12544,57777559.552000001,3699376.1279999996,46283028.480000004,0,7795154.9440000001,1,4,2,2
45,1,1,ok,9800,2354675.7631999999,180633.59999999998,2089999.04,0,84043.123200000002,1,1,1,1
45,1,2,ok,4900,2369546.048,180633.59999999998,2098260.5183999999,0,90651.929600000003,2,1,1,1
45,1,3,ok,3500,2681457.7919999999,193535.99999999997,2293830.2399999998,0,194091.552,1,1,1,3
45,1,4,ok,2450,2451778.3679999998,180633.59999999998,2126543.3983999998,0,144601.36960000001,2,1,1,2
45,1,5,ok,2100,2845922.4319999991,193536,2350395.9999999995,0,301990.43200000003,1,1,1,5
45,1,6,ok,1750,2697390.2400000002,193535.99999999997,2302681.824,0,201172.41600000003,2,1,1,3
45,1,7,ok,1400,2848069.6831999999,180633.60000000001,2259696.3200000003,0,407739.76320000004,1,1,1,7
45,1,8,ok,1225,2616243.0079999999,180633.59999999998,2183109.1583999996,0,252500.24960000001,2,1,2,2
45,1,9,ok,1400,2872718.5392,203212.79999999999,2471930.6543999999,0,197575.08480000001,9,1,1,1
45,1,10,ok,1050,2861854.8799999994,193536,2359247.5839999998,0,309071.29599999997,2,1,1,5
45,1,11,ok,1400,2845146.7835999997,186278.39999999997,2444005.7708000001,0,214862.6128,11,1,1,1
45,1,12,ok,875,2944087.2000000002,193535.99999999997,2387530.4640000002,0,363020.73600000003,2,1,2,3
45,1,13,ok,1400,2968928.1310000005,183455.99999999997,2547272.4342,0,238199.69680000003,13,1,1,1
45,1,14,ok,700,2862939.9679999999,180633.60000000001,2267957.7984000002,0,414348.56960000005,2,1,1,7
45,1,15,ok,700,3668245.6319999998,193536,2633224.8000000003,0,841484.83199999994,1,1,1,15
45,1,16,ok,700,2720608.5504000001,180633.59999999998,2310403.2127999999,0,229571.73760000002,8,1,2,1
45,2,1,ok,19600,4642750.5664000008,361267.19999999995,4167346.5600000005,0,114136.8064,1,1,1,1
45,2,2,ok,9800,4672491.1360000009,361267.19999999995,4183869.5168000003,0,127354.4192,2,1,1,1
45,2,3,ok,7000,5163112.7040000008,387071.99999999994,4549705.9199999999,0,226334.78399999999,1,1,1,3
45,2,4,ok,4900,4739092.0959999999,361267.19999999995,4196521.0367999999,0,181303.85920000001,2,2,1,1
45,2,5,ok,4200,5358840.0639999993,387072,4637534.4000000004,0,334233.66399999999,1,1,1,5
45,2,6,ok,3500,5194977.6000000006,387071.99999999994,4567409.0880000005,0,240496.51199999999,2,1,1,3
45,2,7,ok,2800,5229932.6464,361267.20000000001,4430832,0,437833.44640000002,1,1,1,7
45,2,8,ok,2450,4903556.7359999996,361267.19999999995,4253086.7967999997,0,289202.73920000001,2,2,1,2
45,2,9,ok,2500,6098117.7599999998,414720,5128760.1600000001,0,554637.60000000009,1,1,3,3
45,2,10,ok,2100,5390704.959999999,387072,4655237.567999999,0,348395.39199999999,2,1,1,5
45,2,11,ok,2800,5582470.6871999996,372556.79999999993,4835824.0215999996,0,374089.86560000002,11,1,1,1
45,2,12,ok,1750,5394780.4800000004,387071.99999999994,4605363.648,0,402344.83200000005,2,2,1,3
45,2,13,ok,2800,5831667.0620000008,366911.99999999994,5043148.0684000012,0,421606.99359999999,13,1,1,1
45,2,14,ok,1400,5259673.216,361267.20000000001,4447354.9568000007,0,451051.05920000002,2,1,1,7
45,2,15,ok,1400,6337476.8639999991,387072,5076676.7999999998,0,873728.06400000001,1,1,1,15
45,2,16,ok,1225,5232486.0159999998,361267.19999999995,4366218.3167999992,0,505000.49920000002,2,2,2,2
45,4,1,ok,39200,9218900.1728000026,722534.39999999991,8322041.6000000015,0,174324.1728,1,1,1,1
45,4,2,ok,19600,9266767.001600001,722534.39999999991,8343473.2032000013,0,200759.39840000001,2,1,1,1
45,4,3,ok,14000,10126422.528000001,774143.99999999988,9061457.2800000012,0,290821.24800000002,1,1,1,3
45,4,4,ok,9800,9336160.4096000008,722534.39999999991,8359996.1600000001,0,253629.84960000002,4,1,1,1
45,4,5,ok,8400,10384675.328,774144,9211811.1999999993,0,398720.12800000003,1,1,1,5
45,4,6,ok,7000,10190152.32,774143.99999999988,9096863.6160000004,0,319144.70400000003,2,1,1,3
45,4,7,ok,5600,9993658.5727999993,722534.40000000002,8773103.3599999994,0,498020.81280000007,1,1,1,7
45,4,8,ok,4900,9474947.2256000005,722534.39999999991,8393042.0735999998,0,359370.75200000004,8,1,1,1
45,4,9,ok,4900,10659315.628800001,812851.19999999995,9442172.332799999,0,404292.09600000002,9,1,1,1
45,4,10,ok,4200,10448405.119999999,774144,9247217.5359999985,0,427043.58400000003,2,1,1,5
45,4,11,ok,4900,10536540.0624,745113.59999999986,9348128.5039999988,0,443297.9584,11,1,1,1
45,4,12,ok,3500,10325256.575999999,774143.99999999988,9175320.959999999,0,375791.61600000004,4,1,1,3
45,4,13,ok,4900,10980017.308000002,733823.99999999988,9752335.6632000022,0,493857.64480000001,13,1,1,1
45,4,14,ok,2800,10053139.712000001,722534.40000000002,8806149.2736000009,0,524456.03840000008,2,1,1,7
45,4,15,ok,2800,11675939.328,774144,9963580.7999999989,0,938214.52800000005,1,1,1,15
45,4,16,ok,2450,9642028.1855999995,722534.39999999991,8506173.5935999993,0,413320.19200000004,8,1,1,2
45,8,1,ok,78400,18341047.296000004,1445068.7999999998,16601279.590400003,0,294698.90560000006,1,1,1,1
45,8,2,ok,39200,18428978.483200002,1445068.7999999998,16636340.326400001,0,347569.35680000007,2,1,1,1
45,8,3,ok,28000,19959951.359999999,1548287.9999999998,17991869.184,0,419794.17599999998,1,1,1,3
45,8,4,ok,19600,18533534.003200002,1445068.7999999998,16686946.406400003,0,401518.79680000001,2,2,1,1
45,8,5,ok,16800,20419164.160000004,1548288,18343183.104000002,0,527693.0560000001,1,1,1,5
45,8,6,ok,14000,20087410.943999998,1548287.9999999998,18062681.856000002,0,476441.08799999999,2,1,1,3
45,8,7,ok,11200,19521110.425599996,1445068.8,17457646.079999998,0,618395.54560000007,1,1,1,7
45,8,8,ok,9800,18672320.819200002,1445068.7999999998,16719992.32,0,507259.69920000003,4,2,1,1
45,8,9,ok,9800,21192081.868799999,1625702.3999999999,18809991.359999999,0,756388.10880000005,1,9,1,1
45,8,10,ok,8400,20546623.743999999,1548288,18413995.775999997,0,584339.96800000011,2,1,1,5
45,8,11,ok,9800,20965257.244800001,1490227.1999999997,18644069.488000002,0,830960.55680000014,11,1,1,1
45,8,12,ok,7000,20336846.592,1548287.9999999998,18198823.68,0,589734.91200000001,4,1,1,3
45,8,13,ok,9800,21853845.416000001,1467647.9999999998,19453274.5264,0,932922.88960000011,13,1,1,1
45,8,14,ok,5600,19640072.704,1445068.8,17523737.907200001,0,671265.99680000008,2,1,1,7
45,8,15,ok,5600,22352864.256000005,1548288,19737388.800000001,0,1067187.456,1,1,1,15
45,8,16,ok,4900,18949894.451200001,1445068.7999999998,16786084.1472,0,718741.50400000007,8,2,1,1
45,16,1,ok,156800,36577539.072000004,2890137.5999999996,33151953.1008,0,535448.37120000005,1,1,1,1
45,16,2,ok,78400,36682094.592000008,2890137.5999999996,33202559.180800006,0,589397.81120000011,1,1,1,2
45,16,3,ok,56000,39606236.160000004,3096575.9999999995,35831920.127999999,0,677740.03200000001,1,1,1,3
45,16,4,ok,39200,36857956.966400005,2890137.5999999996,33272680.652800001,0,695138.71360000013,2,2,1,1
45,16,5,ok,33600,40315550.719999999,3096576,36433335.807999998,0,785638.91200000013,1,1,1,5
45,16,6,ok,28000,39861155.328000002,3096575.9999999995,35973545.472000003,0,791033.85600000015,2,1,1,3
45,16,7,ok,22400,38455380.991999999,2890137.6000000001,34706098.380800001,0,859145.01120000007,1,1,1,7
45,16,8,ok,19600,37067068.006400004,2890137.5999999996,33373892.812800005,0,803037.59360000002,2,4,1,1
45,16,9,ok,19600,41784755.097600006,3251404.7999999998,37506119.040000007,0,1027231.2576,1,9,1,1
45,16,10,ok,16800,40570469.887999997,3096576,36574961.151999995,0,898932.73600000015,2,1,1,5
45,16,11,ok,19600,41822691.609599993,2980454.3999999994,37235951.456,0,1606285.7536000002,11,1,1,1
45,16,12,ok,14000,40174821.887999997,3096575.9999999995,36125363.712000005,0,952882.17599999998,2,2,1,3
45,16,13,ok,19600,43601501.632000007,2935295.9999999995,38855152.252800003,0,1811053.3792000001,13,1,1,1
45,16,14,ok,11200,38693305.548799999,2890137.6000000001,34838282.0352,0,964885.91360000009,2,1,1,7
45,16,15,ok,11200,43706714.112000003,3096576,39285004.800000004,0,1325133.3120000002,1,1,1,15
45,16,16,ok,9800,37344641.638400003,2890137.5999999996,33439984.640000001,0,1014519.3984000001,4,4,1,1
45,32,1,ok,313600,73050522.623999998,5780275.1999999993,66253300.121600002,0,1016947.3024000002,1,1,1,1
45,32,2,ok,156800,73155078.144000009,5780275.1999999993,66303906.2016,0,1070896.7424000001,1,1,1,2
45,32,3,ok,107800,75706271.385600016,5960908.7999999998,68590422.719999999,0,1154939.8656000001,1,3,1,1
45,32,4,ok,78400,73364189.184000015,5780275.1999999993,66405118.361600012,0,1178795.6224000002,1,2,1,2
45,32,5,ok,67200,80108323.840000004,6193152,72613641.215999991,0,1301530.6240000001,1,1,1,5
45,32,6,ok,53900,76196990.783999979,5960908.7999999998,68863051.507199988,0,1373030.4767999998,2,3,1,1
45,32,7,ok,44800,76178873.343999997,5780275.2000000002,69057954.2016,0,1340643.9424000003,1,1,1,7
45,32,8,ok,39200,73715913.93280001,5780275.1999999993,66545361.305600002,0,1390277.4272000003,2,4,1,1
45,32,9,ok,38500,82494020.736000001,6386688,74557761.120000005,0,1549571.6160000002,1,3,1,3
45,32,10,ok,33600,80618162.175999999,6193152,72896891.903999999,0,1528118.2719999999,2,1,1,5
45,32,11,ok,29400,76239079.065599993,5960908.7999999989,68691634.879999995,0,1586535.3856000004,1,11,1,1
45,32,12,ok,26950,76912628.544,5960908.7999999998,69416840.9472,0,1534878.7968000001,2,3,1,2
45,32,13,ok,29400,90100729.804800004,7044710.3999999994,81181023.040000007,0,1874996.3648000003,1,13,1,1
45,32,14,ok,22400,76654722.457599998,5780275.2000000002,69322321.510399997,0,1552125.7472000003,2,1,1,7
45,32,15,ok,22400,86155914.24000001,6193152,78121737.216000006,0,1841025.0240000002,1,1,1,15
45,32,16,ok,19600,74134136.012800008,5780275.1999999993,66747785.62560001,0,1606075.1872,2,8,1,1
45,64,1,ok,627200,145996489.72800002,11560550.399999999,132455994.16320002,0,1979945.1648000001,1,1,1,1
45,64,2,ok,313600,146101045.248,11560550.399999999,132506600.2432,0,2033894.6048000003,1,1,1,2
45,64,3,ok,215600,151212739.89119998,11921817.6,137142890.88,0,2148031.4112,1,3,1,1
45,64,4,ok,156800,146310156.28800002,11560550.399999999,132607812.4032,0,2141793.4848000002,1,2,1,2
45,64,5,ok,127400,149057867.00799999,11741184,135090846.39999998,0,2225836.608,1,5,1,1
45,64,6,ok,107800,151412542.77120003,11921817.6,137180845.44,0,2309879.7312000003,1,6,1,1
45,64,7,ok,89600,151625858.04800001,11560550.4,137761665.8432,0,2303641.8048,1,1,1,7
45,64,8,ok,78400,146728378.36800003,11560550.399999999,132810236.72320002,0,2357591.2448000005,1,4,1,2
45,64,9,ok,77000,164388632.83199999,12773376,149001658.56,0,2613598.2720000003,1,3,1,3
45,64,10,ok,63700,150024435.51999998,11741184,135627842.49599999,0,2655409.0240000002,2,5,1,1
45,64,11,ok,58800,151745547.57119998,11921817.599999998,137244103.03999999,0,2579626.9312000005,1,11,1,1
45,64,12,ok,53900,152393981.56799996,11921817.6,137726103.01439998,0,2746060.9535999997,2,6,1,1
45,64,13,ok,49000,149590674.68800002,11741183.999999998,135192058.56,0,2657432.1280000005,1,13,1,1
45,64,14,ok,44800,152357746.68799999,11560550.4,138115908.4032,0,2681287.8848000006,1,2,1,7
45,64,15,ok,45500,162306583.67999998,12579839.999999998,146821691.99999997,0,2905051.6800000002,1,5,1,3
45,64,16,ok,39200,147431827.86560002,11560550.399999999,133090722.6112,0,2780554.8544000005,2,8,1,1
46,1,1,ok,14112,78846.566399999996,78846.566399999996,0,0,0,1,1,1,1
46,1,2,ok,7056,78846.566399999996,78846.566399999996,0,0,0,1,1,1,2
46,1,3,ok,4714,79000.563599999994,79000.563599999994,0,0,0,3,1,1,1
46,1,4,ok,3528,78846.566399999996,78846.566399999996,0,0,0,2,1,1,2
46,1,5,ok,2839,79308.558000000005,79308.558000000005,0,0,0,5,1,1,1
46,1,6,ok,2357,79000.563599999994,79000.563599999994,0,0,0,3,1,1,2
46,1,7,ok,2016,78846.566400000011,78846.566400000011,0,0,0,1,1,1,7
46,1,8,ok,1764,78846.566399999996,78846.566399999996,0,0,0,2,1,2,2
46,1,9,ok,1572,79000.563600000009,79000.563600000009,0,0,0,9,1,1,1
46,1,10,ok,1420,79308.558000000005,79308.558000000005,0,0,0,5,1,1,2
46,1,11,ok,1296,79616.5524,79616.5524,0,0,0,11,1,1,1
46,1,12,ok,1179,79000.563599999994,79000.563599999994,0,0,0,3,1,2,2
46,1,13,ok,1103,80078.543999999994,80078.543999999994,0,0,0,13,1,1,1
46,1,14,ok,1008,78846.566400000011,78846.566400000011,0,0,0,2,1,1,7
46,1,15,ok,965,80848.529999999999,80848.529999999999,0,0,0,15,1,1,1
46,1,16,ok,882,78846.566399999996,78846.566399999996,0,0,0,4,1,2,2
46,2,1,ok,28224,157693.13279999999,157693.13279999999,0,0,0,1,1,1,1
46,2,2,ok,14112,157693.13279999999,157693.13279999999,0,0,0,1,1,1,2
46,2,3,ok,9427,158001.12719999999,158001.12719999999,0,0,0,3,1,1,1
46,2,4,ok,7056,157693.13279999999,157693.13279999999,0,0,0,1,2,1,2
46,2,5,ok,5678,158617.11600000001,158617.11600000001,0,0,0,5,1,1,1
46,2,6,ok,4714,158001.12719999999,158001.12719999999,0,0,0,3,1,1,2
46,2,7,ok,4032,157693.13280000002,157693.13280000002,0,0,0,1,1,1,7
46,2,8,ok,3528,157693.13279999999,157693.13279999999,0,0,0,1,2,2,2
46,2,9,ok,3143,158001.12720000002,158001.12720000002,0,0,0,9,1,1,1
46,2,10,ok,2839,158617.11600000001,158617.11600000001,0,0,0,5,1,1,2
46,2,11,ok,2591,159233.1048,159233.1048,0,0,0,11,1,1,1
46,2,12,ok,2357,158001.12719999999,158001.12719999999,0,0,0,3,1,2,2
46,2,13,ok,2205,160157.08799999999,160157.08799999999,0,0,0,13,1,1,1
46,2,14,ok,2016,157693.13280000002,157693.13280000002,0,0,0,1,2,1,7
46,2,15,ok,1930,161697.06,161697.06,0,0,0,15,1,1,1
46,2,16,ok,1764,157693.13279999999,157693.13279999999,0,0,0,2,2,2,2
46,4,1,ok,56448,315386.26559999998,315386.26559999998,0,0,0,1,1,1,1
46,4,2,ok,28224,315386.26559999998,315386.26559999998,0,0,0,1,1,1,2
46,4,3,ok,18853,316002.25439999998,316002.25439999998,0,0,0,3,1,1,1
46,4,4,ok,14112,315386.26559999998,315386.26559999998,0,0,0,1,2,1,2
46,4,5,ok,11356,317234.23200000002,317234.23200000002,0,0,0,5,1,1,1
46,4,6,ok,9427,316002.25439999998,316002.25439999998,0,0,0,3,1,1,2
46,4,7,ok,8064,315386.26560000004,315386.26560000004,0,0,0,1,1,1,7
46,4,8,ok,7056,315386.26559999998,315386.26559999998,0,0,0,1,2,2,2
46,4,9,ok,6285,316002.25440000003,316002.25440000003,0,0,0,9,1,1,1
46,4,10,ok,5678,317234.23200000002,317234.23200000002,0,0,0,5,1,1,2
46,4,11,ok,5182,318466.2096,318466.2096,0,0,0,11,1,1,1
46,4,12,ok,4714,316002.25439999998,316002.25439999998,0,0,0,3,1,2,2
46,4,13,ok,4410,320314.17599999998,320314.17599999998,0,0,0,13,1,1,1
46,4,14,ok,4032,315386.26560000004,315386.26560000004,0,0,0,1,2,1,7
46,4,15,ok,3859,323394.12,323394.12,0,0,0,15,1,1,1
46,4,16,ok,3528,315386.26559999998,315386.26559999998,0,0,0,2,2,2,2
46,8,1,ok,112896,630772.53119999997,630772.53119999997,0,0,0,1,1,1,1
46,8,2,ok,56448,630772.53119999997,630772.53119999997,0,0,0,1,1,1,2
46,8,3,ok,37706,632004.50879999995,632004.50879999995,0,0,0,3,1,1,1
46,8,4,ok,28224,630772.53119999997,630772.53119999997,0,0,0,1,2,1,2
46,8,5,ok,22712,634468.46400000004,634468.46400000004,0,0,0,5,1,1,1
46,8,6,ok,18853,632004.50879999995,632004.50879999995,0,0,0,3,1,1,2
46,8,7,ok,16128,630772.53120000008,630772.53120000008,0,0,0,1,1,1,7
46,8,8,ok,14112,630772.53119999997,630772.53119999997,0,0,0,1,2,2,2
46,8,9,ok,12569,632004.50880000007,632004.50880000007,0,0,0,9,1,1,1
46,8,10,ok,11356,634468.46400000004,634468.46400000004,0,0,0,5,1,1,2
46,8,11,ok,10364,636932.4192,636932.4192,0,0,0,11,1,1,1
46,8,12,ok,9427,632004.50879999995,632004.50879999995,0,0,0,3,1,2,2
46,8,13,ok,8820,640628.35199999996,640628.35199999996,0,0,0,13,1,1,1
46,8,14,ok,8064,630772.53120000008,630772.53120000008,0,0,0,1,2,1,7
46,8,15,ok,7718,646788.23999999999,646788.23999999999,0,0,0,15,1,1,1
46,8,16,ok,7056,630772.53119999997,630772.53119999997,0,0,0,2,2,2,2
46,16,1,ok,225792,1261545.0623999999,1261545.0623999999,0,0,0,1,1,1,1
46,16,2,ok,112896,1261545.0623999999,1261545.0623999999,0,0,0,1,1,1,2
46,16,3,ok,75411,1264009.0175999999,1264009.0175999999,0,0,0,3,1,1,1
46,16,4,ok,56448,1261545.0623999999,1261545.0623999999,0,0,0,1,2,1,2
46,16,5,ok,45423,1268936.9280000001,1268936.9280000001,0,0,0,5,1,1,1
46,16,6,ok,37706,1264009.0175999999,1264009.0175999999,0,0,0,3,1,1,2
46,16,7,ok,32256,1261545.0624000002,1261545.0624000002,0,0,0,1,1,1,7
46,16,8,ok,28224,1261545.0623999999,1261545.0623999999,0,0,0,1,2,2,2
46,16,9,ok,25137,1264009.0176000001,1264009.0176000001,0,0,0,9,1,1,1
46,16,10,ok,22712,1268936.9280000001,1268936.9280000001,0,0,0,5,1,1,2
46,16,11,ok,20727,1273864.8384,1273864.8384,0,0,0,11,1,1,1
46,16,12,ok,18853,1264009.0175999999,1264009.0175999999,0,0,0,3,1,2,2
46,16,13,ok,17640,1281256.7039999999,1281256.7039999999,0,0,0,13,1,1,1
46,16,14,ok,16128,1261545.0624000002,1261545.0624000002,0,0,0,1,2,1,7
46,16,15,ok,15435,1293576.48,1293576.48,0,0,0,15,1,1,1
46,16,16,ok,14112,1261545.0623999999,1261545.0623999999,0,0,0,2,2,2,2
46,32,1,ok,451584,2523090.1247999999,2523090.1247999999,0,0,0,1,1,1,1
46,32,2,ok,225792,2523090.1247999999,2523090.1247999999,0,0,0,1,1,1,2
46,32,3,ok,150822,2528018.0351999998,2528018.0351999998,0,0,0,3,1,1,1
46,32,4,ok,112896,2523090.1247999999,2523090.1247999999,0,0,0,1,2,1,2
46,32,5,ok,90846,2537873.8560000001,2537873.8560000001,0,0,0,5,1,1,1
46,32,6,ok,75411,2528018.0351999998,2528018.0351999998,0,0,0,3,1,1,2
46,32,7,ok,64512,2523090.1248000003,2523090.1248000003,0,0,0,1,1,1,7
46,32,8,ok,56448,2523090.1247999999,2523090.1247999999,0,0,0,1,2,2,2
46,32,9,ok,50274,2528018.0352000003,2528018.0352000003,0,0,0,9,1,1,1
46,32,10,ok,45423,2537873.8560000001,2537873.8560000001,0,0,0,5,1,1,2
46,32,11,ok,41454,2547729.6768,2547729.6768,0,0,0,11,1,1,1
46,32,12,ok,37706,2528018.0351999998,2528018.0351999998,0,0,0,3,1,2,2
46,32,13,ok,35280,2562513.4079999998,2562513.4079999998,0,0,0,13,1,1,1
46,32,14,ok,32256,2523090.1248000003,2523090.1248000003,0,0,0,1,2,1,7
46,32,15,ok,30870,2587152.96,2587152.96,0,0,0,15,1,1,1
46,32,16,ok,28224,2523090.1247999999,2523090.1247999999,0,0,0,2,2,2,2
46,64,1,ok,903168,5046180.2495999997,5046180.2495999997,0,0,0,1,1,1,1
46,64,2,ok,451584,5046180.2495999997,5046180.2495999997,0,0,0,1,1,1,2
46,64,3,ok,301644,5056036.0703999996,5056036.0703999996,0,0,0,3,1,1,1
46,64,4,ok,225792,5046180.2495999997,5046180.2495999997,0,0,0,1,2,1,2
46,64,5,ok,181692,5075747.7120000003,5075747.7120000003,0,0,0,5,1,1,1
46,64,6,ok,150822,5056036.0703999996,5056036.0703999996,0,0,0,3,1,1,2
46,64,7,ok,129024,5046180.2496000007,5046180.2496000007,0,0,0,1,1,1,7
46,64,8,ok,112896,5046180.2495999997,5046180.2495999997,0,0,0,1,2,2,2
46,64,9,ok,100548,5056036.0704000005,5056036.0704000005,0,0,0,9,1,1,1
46,64,10,ok,90846,5075747.7120000003,5075747.7120000003,0,0,0,5,1,1,2
46,64,11,ok,82908,5095459.3536,5095459.3536,0,0,0,11,1,1,1
46,64,12,ok,75411,5056036.0703999996,5056036.0703999996,0,0,0,3,1,2,2
46,64,13,ok,70560,5125026.8159999996,5125026.8159999996,0,0,0,1,13,1,1
46,64,14,ok,64512,5046180.2496000007,5046180.2496000007,0,0,0,1,2,1,7
46,64,15,ok,61272,5135036.6339999996,5135036.6339999996,0,0,0,3,5,1,1
46,64,16,ok,56448,5046180.2495999997,5046180.2495999997,0,0,0,2,2,2,2
47,1,1,ok,6272,1791795.392,115605.50399999999,1512436.4672000001,0,163753.42080000002,1,1,1,1
47,1,2,ok,3136,1834420.0063999998,115605.50399999999,1520533.4399999999,0,198281.06240000002,1,1,1,2
47,1,3,ok,2240,2019135.2256000002,123863.04000000001,1653233.0688,0,242039.11680000005,1,1,1,3
47,1,4,ok,1568,1919669.2352000002,115605.50399999999,1536727.3856000002,0,267336.34560000006,1,1,2,2
47,1,5,ok,1344,2094380.3839999998,123863.03999999998,1659422.9439999999,0,311094.40000000002,1,1,1,5
47,1,6,ok,1120,2147009.0688,123863.04000000001,1677523.9872000001,0,345622.04160000006,1,1,2,3
47,1,7,ok,896,2077555.2896,115605.504,1591030.5152,0,370919.27040000004,1,1,1,7
47,1,8,ok,784,2157593.7920000004,115605.50399999999,1668911.04,0,373077.24800000008,2,1,2,2
47,1,9,ok,800,2435697.7631999995,132710.39999999999,1843892.6687999996,0,459094.69439999998,1,1,3,3
47,1,10,ok,672,2349299.5520000001,123863.03999999998,1801048.2879999999,0,424388.22400000005,2,1,1,5
47,1,11,ok,896,3261347.8524000002,119218.17599999999,1919154.3403999999,0,1222975.3360000001,11,1,1,1
47,1,12,ok,560,2401928.2368000005,123863.04000000001,1819149.3311999999,0,458915.86560000008,2,1,2,3
47,1,13,ok,896,3597109.5549999997,117411.83999999998,2046147.0197999999,0,1433550.6952000002,13,1,1,1
47,1,14,ok,448,2315479.8463999997,115605.504,1723214.1695999999,0,476660.1728,2,1,1,7
47,1,15,ok,448,2620667.2319999998,123863.04000000001,1840433.3759999999,0,656370.81599999999,1,1,1,15
47,1,16,ok,448,2454104.4608000005,115605.50399999999,1753939.9040000001,0,584559.05280000006,4,1,2,2
47,2,1,ok,12544,3540966.1696000001,231211.00799999997,3016775.9616,0,292979.20000000001,1,1,1,1
47,2,2,ok,6272,3583590.784,231211.00799999997,3024872.9344000001,0,327506.84160000004,1,1,1,2
47,2,3,ok,4480,3910396.608,247726.08000000002,3282175.2192000002,0,380495.3088,1,1,1,3
47,2,4,ok,3136,3668840.0127999997,231211.00799999997,3041066.8799999999,0,396562.12480000005,1,2,1,2
47,2,5,ok,2688,3975637.696,247726.07999999996,3278361.0239999997,0,449550.59200000006,1,1,1,5
47,2,6,ok,2240,4038270.4512000005,247726.08000000002,3306466.1376,0,484078.23360000009,1,2,1,3
47,2,7,ok,1792,3856738.2783999993,231211.008,3125382.2207999998,0,500145.04960000009,1,1,1,7
47,2,8,ok,1568,3839338.4704000005,231211.00799999997,3073454.7712000003,0,534672.69120000012,1,2,2,2
47,2,9,ok,1600,4487773.9967999998,265420.79999999999,3614912.5823999997,0,607440.61439999996,1,1,3,3
47,2,10,ok,1344,4188760.7679999997,247726.07999999996,3318845.8879999998,0,622188.80000000005,1,2,1,5
47,2,11,ok,1792,6453689.0616000006,238436.35199999998,3804908.6680000001,0,2410344.0416000001,11,1,1,1
47,2,12,ok,1120,4294018.1376,247726.08000000002,3355047.9744000002,0,691244.08320000011,1,2,2,3
47,2,13,ok,1792,7126258.0219999999,234823.67999999996,4059400.0875999997,0,2832034.2544,13,1,1,1
47,2,14,ok,896,4155110.5792,231211.008,3182061.0304,0,741838.54080000008,1,2,1,7
47,2,15,ok,896,4601965.2479999997,247726.08000000002,3559412.1600000001,0,794827.00800000015,1,1,1,15
47,2,16,ok,784,4315187.5840000007,231211.00799999997,3337822.0800000001,0,746154.49600000016,2,2,2,2
47,4,1,ok,25088,6667047.6799999997,462422.01599999995,5653194.9056000002,0,551430.75840000005,1,1,1,1
47,4,2,ok,12544,6733963.2128000008,462422.01599999995,5685582.7968000006,0,585958.40000000002,1,1,1,2
47,4,3,ok,8960,7340916.0960000008,495452.16000000003,6188056.2431999994,0,657407.69279999996,1,1,1,3
47,4,4,ok,6272,6867794.2784000002,462422.01599999995,5750358.5792000005,0,655013.68320000009,1,1,2,2
47,4,5,ok,5376,7434730.8799999999,495452.15999999992,6212815.743999999,0,726462.97600000002,1,1,1,5
47,4,6,ok,4480,7541662.6944000013,495452.16000000003,6285219.9167999998,0,760990.6176,1,1,2,3
47,4,7,ok,3584,7188589.7216000007,462422.016,5967571.0976000009,0,758596.60800000012,1,1,1,7
47,4,8,ok,3136,7337680.0255999994,462422.01599999995,6082133.7599999998,0,793124.2496000001,1,2,2,2
47,4,9,ok,3200,8355320.409599999,530841.59999999998,6920346.3551999992,0,904132.45440000005,1,1,3,3
47,4,10,ok,2688,7951275.392,495452.15999999992,6556722.0479999995,0,899101.18400000012,1,2,1,5
47,4,11,ok,3136,12838371.480000002,476872.70399999997,7576417.3232000005,0,4785081.452800001,11,1,1,1
47,4,12,ok,2240,8076540.902400001,495452.16000000003,6612932.2752,0,968156.46720000019,1,4,1,3
47,4,13,ok,3136,14184554.956,469647.35999999993,8085906.2231999999,0,5629001.3728,13,1,1,1
47,4,14,ok,1792,7713476.5567999985,462422.016,6250764.4415999996,0,1000290.0992000002,1,2,1,7
47,4,15,ok,1792,8504049.0239999983,495452.16000000003,6936857.4719999991,0,1071739.3920000002,1,1,1,15
47,4,16,ok,1568,7678676.9408000009,462422.01599999995,6146909.5424000006,0,1069345.3824000002,1,4,2,2
47,8,1,ok,50176,13267179.827199999,924844.03199999989,11274001.92,0,1068333.8752000001,1,1,1,1
47,8,2,ok,25088,13334095.359999999,924844.03199999989,11306389.8112,0,1102861.5168000001,1,1,1,2
47,8,3,ok,17920,14481085.593600001,990904.32000000007,12278948.812799998,0,1211232.4608,1,1,1,3
47,8,4,ok,12544,13467926.425600002,924844.03199999989,11371165.593600001,0,1171916.8,1,2,1,2
47,8,5,ok,10752,14534884.095999999,990904.31999999983,12263692.031999998,0,1280287.7440000002,1,1,1,5
47,8,6,ok,8960,14681832.192000002,990904.32000000007,12376112.486399999,0,1314815.3855999999,1,2,1,3
47,8,7,ok,7168,13908770.7136,924844.03200000001,11708426.956800001,0,1275499.7248,1,1,1,7
47,8,8,ok,6272,13735588.5568,924844.03199999989,11500717.158400001,0,1310027.3664000002,1,2,2,2
47,8,9,ok,6272,16126158.528000001,1040449.5359999998,13611928.2048,0,1473780.7872000001,1,9,1,1
47,8,10,ok,5376,14869461.76,990904.31999999983,12425631.487999998,0,1452925.952,1,2,1,5
47,8,11,ok,6272,25607736.316799998,953745.40799999994,15119434.6336,0,9534556.2752000019,11,1,1,1
47,8,12,ok,4480,15083325.388800003,990904.32000000007,12570439.8336,0,1521981.2352,1,2,2,3
47,8,13,ok,6272,28301148.823999997,939294.71999999986,16138918.4944,0,11222935.6096,13,1,1,1
47,8,14,ok,3584,14377179.443200001,924844.03200000001,11935142.195200002,0,1517193.2160000002,1,2,1,7
47,8,15,ok,3584,16004365.056,990904.32000000007,13387896.575999999,0,1625564.1600000001,1,1,1,15
47,8,16,ok,3136,14675360.051199999,924844.03199999989,12164267.52,0,1586248.4992000002,1,4,2,2
47,16,1,ok,100352,26467444.121600002,1849688.0639999998,22515615.948800001,0,2102140.1088,1,1,1,1
47,16,2,ok,50176,26534359.654399998,1849688.0639999998,22548003.84,0,2136667.7504000003,1,1,1,2
47,16,3,ok,35840,28761424.588800006,1981808.6400000001,24460733.952,0,2318881.9968000003,1,1,1,3
47,16,4,ok,25088,26668190.719999999,1849688.0639999998,22612779.622400001,0,2205723.0336000002,1,2,1,2
47,16,5,ok,21504,28735190.528000001,1981808.6399999997,24365444.607999999,0,2387937.2800000003,1,1,1,5
47,16,6,ok,17920,28962171.187200002,1981808.6400000001,24557897.625599995,0,2422464.9216,1,2,1,3
47,16,7,ok,14336,27349132.6976,1849688.064,23190138.6752,0,2309305.9584000004,1,1,1,7
47,16,8,ok,12544,26935852.851200003,1849688.0639999998,22742331.187200002,0,2343833.6000000001,1,2,2,2
47,16,9,ok,12544,31868695.5264,2080899.0719999997,27150983.654399998,0,2636812.8000000003,1,9,1,1
47,16,10,ok,10752,29069768.191999998,1981808.6399999997,24527384.063999996,0,2560575.4880000004,1,2,1,5
47,16,11,ok,12544,51146465.990400001,1907490.8159999999,30205469.254400004,0,19033505.920000002,11,1,1,1
47,16,12,ok,8960,29363664.384000003,1981808.6400000001,24752224.972799998,0,2629630.7711999998,1,4,1,3
47,16,13,ok,12544,56534336.560000002,1878589.4399999997,32244943.036800005,0,22410804.0832,13,1,1,1
47,16,14,ok,7168,27817541.427200001,1849688.064,23416853.913600001,0,2550999.4495999999,1,2,1,7
47,16,15,ok,7168,31004997.120000005,1981808.6400000001,26289974.784000002,0,2733213.696,1,1,1,15
47,16,16,ok,6272,27471177.113600001,1849688.0639999998,23001434.316800002,0,2620054.7328000003,1,4,2,2
47,32,1,ok,200704,52867972.7104,3699376.1279999996,44998844.006400004,0,4169752.5760000004,1,1,1,1
47,32,2,ok,100352,52934888.243200004,3699376.1279999996,45031231.897600003,0,4204280.2176000001,1,1,1,2
47,32,3,ok,68992,57850509.503999993,3814981.6320000002,49667494.233599991,0,4368033.6384000015,1,3,1,1
47,32,4,ok,50176,53068719.308799997,3699376.1279999996,45096007.68,0,4273335.5008000005,1,2,1,2
47,32,5,ok,43008,57135803.392000005,3963617.2799999993,48568949.759999998,0,4603236.3520000009,1,1,1,5
47,32,6,ok,34496,57978383.347200006,3814981.6320000002,49691785.151999995,0,4471616.5632000007,1,3,1,2
47,32,7,ok,28672,54229856.665599994,3699376.128,46153562.111999996,0,4376918.4256000007,1,1,1,7
47,32,8,ok,25088,53336381.439999998,3699376.1279999996,45225559.244800001,0,4411446.0672000004,1,2,2,2
47,32,9,ok,25088,60003429.119999997,4161798.1439999994,50878754.150399998,0,4962876.8256000001,1,9,1,1
47,32,10,ok,21504,57470381.056000002,3963617.2799999993,48730889.215999998,0,4775874.5600000005,1,2,1,5
47,32,11,ok,18816,58191506.419200003,3814981.6319999998,49732270.016000003,0,4644254.7712000003,1,11,1,1
47,32,12,ok,17248,58234131.033600003,3814981.6320000002,49740366.988799997,0,4678782.4128,1,3,2,2
47,32,13,ok,18816,68771780.313600004,4508614.6559999995,58774500.928000003,0,5488664.7296000011,1,13,1,1
47,32,14,ok,14336,54698265.395199999,3699376.128,46380277.350400001,0,4618611.9168000007,1,2,1,7
47,32,15,ok,14336,61006261.248000003,3963617.2800000003,52094131.200000003,0,4948512.7680000002,1,1,1,15
47,32,16,ok,12544,53871705.702400006,3699376.1279999996,45484662.374400005,0,4687667.2000000002,1,4,2,2
47,64,1,ok,401408,105669029.888,7398752.2559999991,89965300.121600002,0,8304977.5104,1,1,1,1
47,64,2,ok,200704,105735945.4208,7398752.2559999991,89997688.012800008,0,8339505.1520000007,1,1,1,2
47,64,3,ok,137984,115573145.16479999,7629963.2640000004,99310697.548799992,0,8632484.352,1,3,1,1
47,64,4,ok,100352,105869776.48640001,7398752.2559999991,90062463.795200005,0,8408560.4352000002,1,2,1,2
47,64,5,ok,81536,113909223.616,7514357.7599999998,97822552,0,8572313.8560000006,1,5,1,1
47,64,6,ok,68992,115701019.00799999,7629963.2640000004,99334988.467199981,0,8736067.2768000029,1,3,1,2
47,64,7,ok,57344,107991304.60160002,7398752.2560000001,92080408.98560001,0,8512143.3599999994,1,1,1,7
47,64,8,ok,50176,106137438.61759999,7398752.2559999991,90192015.359999999,0,8546671.001600001,1,2,2,2
47,64,9,ok,50176,119404618.44479999,8323596.2879999988,101466017.28,0,9615004.8768000007,1,9,1,1
47,64,10,ok,40768,114122346.68799999,7514357.7599999998,97863036.863999993,0,8744952.0640000012,1,5,1,2
47,64,11,ok,37632,115914142.08,7629963.2639999995,99375473.331199989,0,8908705.4848000016,1,11,1,1
47,64,12,ok,34496,115956766.69440001,7629963.2640000004,99383570.30399999,0,8943233.1264000013,1,3,2,2
47,64,13,ok,31360,114250220.53119999,7514357.7599999988,97887327.782399997,0,8848534.9888000004,1,13,1,1
47,64,14,ok,28672,108459713.33119999,7398752.2560000001,92307124.223999992,0,8753836.8512000013,1,2,1,7
47,64,15,ok,28672,121008789.50400001,7927234.5600000005,103702444.03200001,0,9379110.9120000005,1,1,1,15
47,64,16,ok,25088,106672762.88,7398752.2559999991,90451118.489600003,0,8822892.1344000008,1,4,2,2
48,1,1,ok,26656,6767221.5872000009,476872.70399999997,5944937.5488000009,0,345411.33440000005,1,1,1,1
48,1,2,ok,13328,6943048.1216000002,476872.70399999997,5978337.5616000006,0,487837.85600000003,1,1,1,2
48,1,3,ok,9520,7660431.6576000024,510935.03999999998,6504733.3248000015,0,644763.29280000005,1,1,1,3
48,1,4,ok,6664,7188407.8207999999,476872.70399999997,6114651.9551999997,0,596883.16160000011,2,1,1,2
48,1,5,ok,5712,7970817.9359999998,510935.03999999992,6530266.5599999996,0,929616.33600000001,1,1,1,5
48,1,6,ok,4760,7923317.0496000014,510935.03999999998,6650784.4608000014,0,761597.54879999999,2,1,1,3
48,1,7,ok,3808,7945981.1648000013,476872.70399999991,6269137.9968000008,0,1199970.4640000002,1,1,1,7
48,1,8,ok,3332,7540060.8896000013,476872.70399999997,6181451.980800001,0,881736.20480000007,2,1,2,2
48,1,9,ok,3332,8993171.4678000007,486186.62399999995,7284594.5406000009,0,1222390.3032,9,1,1,1
48,1,10,ok,2856,8233703.3279999988,510935.03999999992,6676317.6959999986,0,1046450.5920000001,2,1,1,5
48,1,11,ok,2856,8403364.3055999987,491774.97599999997,6468338.5007999986,0,1443250.8288,11,1,1,1
48,1,12,ok,2499,7991262.6492000008,480598.272,6514698.1356000006,0,995966.24160000007,3,1,2,2
48,1,13,ok,2856,8847475.4680000003,484323.84000000003,6705503.4072000002,0,1657648.2208000002,13,1,1,1
48,1,14,ok,1904,8191340.864000001,476872.70399999991,6405452.3904000008,0,1309015.7696000002,2,1,1,7
48,1,15,ok,2142,8718345.2429999989,514926.71999999997,7033783.8149999995,0,1169634.7080000001,3,1,1,5
48,1,16,ok,1666,8030780.2880000006,476872.70399999997,6454080.7680000011,0,1099826.8160000001,4,1,2,2
48,2,1,ok,53312,13358616.640000001,953745.40799999994,11856475.084800001,0,548396.14720000001,1,1,1,1
48,2,2,ok,26656,13534443.174400002,953745.40799999994,11889875.097600002,0,690822.6688000001,1,1,1,2
48,2,3,ok,19040,14793383.712000003,1021870.08,12909266.611200001,0,862247.02080000006,1,1,1,3
48,2,4,ok,13328,13886096.2432,953745.40799999994,11956675.123200001,0,975675.71200000006,1,2,1,2
48,2,5,ok,11424,15062503.199999999,1021870.0799999998,12893533.055999998,0,1147100.0640000002,1,1,1,5
48,2,6,ok,9520,15319154.496000003,1021870.08,13201368.883200003,0,1095915.5327999999,2,1,1,3
48,2,7,ok,7616,14661176.588800004,953745.40799999982,12304475.904000003,0,1402955.2768000001,1,1,1,7
48,2,8,ok,6664,14376815.6416,953745.40799999994,12229303.910399999,0,1193766.3232000002,2,1,2,2
48,2,9,ok,6800,17079565.276799999,1094860.8,14236829.2224,0,1747875.2544,1,1,3,3
48,2,10,ok,5712,15588273.983999997,1021870.0799999998,13185635.328,0,1380768.5760000001,2,1,1,5
48,2,11,ok,5712,16522076.208000001,983549.95199999993,12798901.948800001,0,2739624.3072000002,11,1,1,1
48,2,12,ok,4760,15846634.099200003,1021870.08,13301568.921600003,0,1523195.0976,2,2,1,3
48,2,13,ok,5712,17414611.447999999,968647.68000000005,13275319.262399999,0,3170644.5056000007,13,1,1,1
48,2,14,ok,3808,15151895.987199999,953745.40799999982,12577104.691200003,0,1621045.8880000003,2,1,1,7
48,2,15,ok,3808,17646104.352000002,1021870.0799999998,14052868.992000001,0,2571365.2800000003,1,1,1,15
48,2,16,ok,3332,15080121.779200003,953745.40799999994,12362903.961600002,0,1763472.4096000001,2,2,2,2
48,4,1,ok,106624,26541406.7456,1907490.8159999999,23679550.156800002,0,954365.77280000015,1,1,1,1
48,4,2,ok,53312,26717233.280000001,1907490.8159999999,23712950.169600002,0,1096792.2944,1,1,1,2
48,4,3,ok,36652,27698740.161600005,1922393.088,23945570.539200004,0,1830776.5344000002,3,1,1,1
48,4,4,ok,26656,27068886.348800004,1907490.8159999999,23779750.195200004,0,1381645.3376000002,1,2,1,2
48,4,5,ok,22848,29245873.727999996,2043740.1599999997,25620066.048,0,1582067.52,1,1,1,5
48,4,6,ok,18326,27976923.192000002,1922393.088,24080214.340799998,0,1974315.7631999999,3,1,1,2
48,4,7,ok,15232,28091567.436800003,1907490.8159999996,24375151.718400005,0,1808924.9024000003,1,1,1,7
48,4,8,ok,13328,27633238.937599998,1907490.8159999999,23907921.5616,0,1817826.5600000001,2,1,2,2
48,4,9,ok,13090,30498900.444000006,2059706.8799999999,26200821.621600006,0,2238371.9424000001,3,1,1,3
48,4,10,ok,11424,29922108.671999998,2043740.1599999997,25828963.967999998,0,2049404.5440000002,2,1,1,5
48,4,11,ok,9996,32759500.012800001,1967099.9039999999,25460028.844799999,0,5332371.2640000004,11,1,1,1
48,4,12,ok,9163,28533289.252800006,1922393.088,24349501.944000002,0,2261394.2208000002,3,1,2,2
48,4,13,ok,9996,34548883.408000007,1937295.3600000001,26414950.972800005,0,6196637.0752000008,13,1,1,1
48,4,14,ok,7616,28956520.140800003,1907490.8159999996,24803923.200000003,0,2245106.1248000003,2,1,1,7
48,4,15,ok,7854,30888909.755999997,2059706.8799999999,26303752.476,0,2525450.4000000004,3,1,1,5
48,4,16,ok,6664,28753631.283199999,1907490.8159999999,24458607.820799999,0,2387532.6464000004,2,2,2,2
48,8,1,ok,213248,52906986.956800014,3814981.6319999998,47325700.300800011,0,1766305.0240000002,1,1,1,1
48,8,2,ok,106624,53082813.4912,3814981.6319999998,47359100.313600004,0,1908731.5456000003,1,1,1,2
48,8,3,ok,73304,55119297.292800009,3844786.176,47756497.276800007,0,3518013.8399999999,3,1,1,1
48,8,4,ok,53312,53434466.560000002,3814981.6319999998,47425900.339200005,0,2193584.5888,1,2,1,2
48,8,5,ok,45696,57612614.783999994,4087480.3199999994,51073132.03199999,0,2452002.432,1,1,1,5
48,8,6,ok,36652,55397480.32320001,3844786.176,47891141.078400008,0,3661553.0688000005,3,1,1,2
48,8,7,ok,30464,54952349.132800005,3814981.6319999993,48516503.347200006,0,2620864.1536000003,1,1,1,7
48,8,8,ok,26656,54137772.697600007,3814981.6319999998,47559500.390400007,0,2763290.6752000004,1,2,2,2
48,8,9,ok,26180,60163251.796800002,4119413.7599999998,51997711.838400006,0,4046126.1984000001,3,1,1,3
48,8,10,ok,22848,58464084.479999989,4087480.3199999994,50989927.679999992,0,3386676.4800000004,2,1,1,5
48,8,11,ok,19992,65234347.622400001,3934199.8079999997,50782282.636800006,0,10517865.177600002,11,1,1,1
48,8,12,ok,18326,55953846.384000003,3844786.176,48160428.681599997,0,3948631.5263999999,3,1,2,2
48,8,13,ok,19992,68817427.327999994,3874590.7200000002,52694214.393600002,0,12248622.214400001,13,1,1,1
48,8,14,ok,15232,55980854.272000007,3814981.6319999993,48672646.041600004,0,3493226.5984000005,2,1,1,7
48,8,15,ok,15708,60386904.359999999,4119413.7599999998,51934285.944000006,0,4333204.6560000004,3,1,1,5
48,8,16,ok,13328,55266477.875199996,3814981.6319999998,47815843.123199999,0,3635653.1200000001,2,2,2,2
48,16,1,ok,426496,105638147.37920001,7629963.2639999995,94618000.588800013,0,3390183.5264000003,1,1,1,1
48,16,2,ok,213248,105813973.91360003,7629963.2639999995,94651400.601600021,0,3532610.0480000004,1,1,1,2
48,16,3,ok,146608,109960411.55520001,7689572.352,95378350.752000004,0,6892488.4512000009,3,1,1,1
48,16,4,ok,106624,106165626.9824,7629963.2639999995,94718200.627200007,0,3817463.0912000006,1,2,1,2
48,16,5,ok,91392,114346096.89599998,8174960.6399999987,101979263.99999999,0,4191872.2560000001,1,1,1,5
48,16,6,ok,73304,110238594.58560002,7689572.352,95512994.553600013,0,7036027.6799999997,3,1,1,2
48,16,7,ok,60928,108673912.52480002,7629963.2639999986,96799206.604800016,0,4244742.6560000004,1,1,1,7
48,16,8,ok,53312,106868933.12,7629963.2639999995,94851800.67840001,0,4387169.1776000001,1,2,2,2
48,16,9,ok,52360,119491954.5024,8238827.5199999996,103591492.272,0,7661634.7104000002,3,1,1,3
48,16,10,ok,45696,115225229.56799999,8174960.6399999987,102146264.06399998,0,4904004.8640000001,1,2,1,5
48,16,11,ok,39984,130184042.8416,7868399.6159999995,101426790.2208,0,20888853.004800003,11,1,1,1
48,16,12,ok,36652,110794960.64640002,7689572.352,95782282.156800017,0,7323106.1376000009,3,1,2,2
48,16,13,ok,39984,137354515.16800004,7749181.4400000004,105252741.23520002,0,24352592.492800001,13,1,1,1
48,16,14,ok,30464,109904698.26560001,7629963.2639999986,97033006.694400012,0,5241728.3072000006,1,2,1,7
48,16,15,ok,29568,124681056.76800001,8174960.6399999987,109020610.56,0,7485485.5680000009,1,1,1,15
48,16,16,ok,26656,108275545.39520001,7629963.2639999995,95119000.780800015,0,5526581.3504000008,1,4,2,2
48,32,1,ok,852992,211100468.22400001,15259926.527999999,189202601.16480002,0,6637940.531200001,1,1,1,1
48,32,2,ok,426496,211276294.75840002,15259926.527999999,189236001.17760003,0,6780367.0528000006,1,1,1,2
48,32,3,ok,293216,218043516.34560001,15736799.232000001,195180938.72639996,0,7125778.3871999998,1,3,1,1
48,32,4,ok,213248,211627947.82720006,15259926.527999999,189302801.20320004,0,7065220.0960000008,1,2,1,2
48,32,5,ok,182784,227813061.11999995,16349921.279999997,203791527.93599996,0,7671611.904000001,1,1,1,5
48,32,6,ok,146608,218570995.9488,15736799.232000001,195281138.76480001,0,7553057.9520000005,1,3,1,2
48,32,7,ok,121856,216117039.30880004,15259926.527999997,193364613.12000003,0,7492499.6608000007,1,1,1,7
48,32,8,ok,106624,212331253.9648,15259926.527999999,189436401.25440001,0,7634926.1824000012,1,2,2,2
48,32,9,ok,104720,236969856.60480002,16860856.319999997,211650198.56640002,0,8458801.7184000015,1,3,1,3
48,32,10,ok,91392,228692193.79199997,16349921.279999997,203958527.99999997,0,8383744.5120000001,1,2,1,5
48,32,11,ok,79968,219450128.62079996,15736799.231999999,195448138.82879996,0,8265190.5600000005,1,11,1,1
48,32,12,ok,73304,219625955.1552,15736799.232000001,195481538.84159997,0,8407617.0816000011,1,3,2,2
48,32,13,ok,79968,259350152.00639996,18598035.456,230984164.07039994,0,9767952.4800000004,1,13,1,1
48,32,14,ok,60928,217347825.04960003,15259926.527999997,193598413.20960003,0,8489485.3120000008,1,2,1,7
48,32,15,ok,59136,245221714.94400001,16349921.279999997,216037220.35200003,0,12834573.312000003,1,1,1,15
48,32,16,ok,53312,213737866.24000001,15259926.527999999,189703601.35680002,0,8774338.3552000001,1,4,2,2
48,64,1,ok,1705984,422025109.91359997,30519853.055999998,378371802.3168,0,13133454.540800001,1,1,1,1
48,64,2,ok,852992,422200936.44800001,30519853.055999998,378405202.32960004,0,13275881.062400002,1,1,1,2
48,64,3,ok,586432,435559553.08800006,31473598.464000002,390261677.41439998,0,13824277.209600002,1,3,1,1
48,64,4,ok,426496,422552589.51680005,30519853.055999998,378472002.35520005,0,13560734.105600001,1,2,1,2
48,64,5,ok,346528,429319811.10399997,30996725.759999998,384416939.90400004,0,13906145.440000001,1,5,1,1
48,64,6,ok,293216,436087032.69120002,31473598.464000002,390361877.45279992,0,14251556.7744,1,3,1,2
48,64,7,ok,243712,431003292.87680006,30519853.055999994,386495426.15040004,0,13988013.670400001,1,1,1,7
48,64,8,ok,213248,423255895.65440011,30519853.055999998,378605602.40640008,0,14130440.192000002,1,2,2,2
48,64,9,ok,209440,472357274.4000001,33721712.639999993,422999797.01760006,0,15635764.742400002,1,3,1,3
48,64,10,ok,173264,430198943.77600008,30996725.759999998,384583939.96800005,0,14618278.048,1,5,1,2
48,64,11,ok,159936,436966165.36320001,31473598.463999998,390528877.51679999,0,14963689.382400002,1,11,1,1
48,64,12,ok,146608,437141991.8976,31473598.464000002,390562277.52960002,0,15106115.904000001,1,3,2,2
48,64,13,ok,133280,430726423.37920004,30996725.760000002,384684140.00640005,0,15045557.612800002,1,13,1,1
48,64,14,ok,121856,432234078.61760008,30519853.055999994,386729226.24000007,0,14984999.321600001,1,2,1,7
48,64,15,ok,118272,486303031.296,32699842.559999995,430070439.93599999,0,23532748.800000001,1,1,1,15
48,64,16,ok,106624,424662507.9296,30519853.055999998,378872802.50880003,0,15269852.364800002,1,4,2,2
49,1,1,ok,16660,4321523.3792000012,298045.44,3766703.8656000006,0,256774.07360000003,1,1,1,1
49,1,2,ok,8330,4431414.9632000001,298045.44,3787578.8736,0,345790.6496,1,1,1,2
49,1,3,ok,5950,4886351.8080000002,319334.39999999997,4120227.5040000002,0,446789.90399999998,1,1,1,3
49,1,4,ok,4165,4651198.1312000006,298045.44,3829328.8895999999,0,523823.80160000001,1,1,2,2
49,1,5,ok,3332,5302962.1760000009,298045.44,4311961.4400000013,0,692955.29600000009,5,1,1,1
49,1,6,ok,2975,5216026.5600000005,319334.39999999997,4182852.5279999999,0,713839.63199999998,1,1,2,3
49,1,7,ok,2380,5058248.1152000008,298045.44,3969329.1456000004,0,790873.52960000001,1,1,1,7
49,1,8,ok,2380,4986967.904000001,298045.44,4015995.8976000003,0,672926.56640000013,4,1,1,2
49,1,9,ok,2125,5937499.8719999995,342144,4601627.9279999994,0,993727.94400000013,1,1,3,3
49,1,10,ok,1666,5412853.7600000007,298045.44,4332836.4479999999,0,781971.87200000021,5,1,1,2
49,1,11,ok,1904,5897770.7909999993,307359.35999999999,4238567.7773999991,0,1351843.6536000001,11,1,1,1
49,1,12,ok,1666,5347759.5899999999,301771.00799999997,4298889.4380000001,0,747099.14400000009,3,1,2,2
49,1,13,ok,1904,6428206.1246000007,314810.49599999998,4539768.1446000002,0,1573627.4840000002,13,1,1,1
49,1,14,ok,1190,6008031.4112000009,298045.44,4295996.4096000008,0,1413989.5616000001,1,1,2,7
49,1,15,ok,1190,5937893.3760000002,319334.39999999997,4704432.0480000004,0,914126.92800000007,5,1,1,3
49,1,16,ok,1190,5538335.0720000016,298045.44,4389329.9136000006,0,850959.71840000013,4,1,2,2
49,2,1,ok,33320,8533155.1743999999,596090.88,7512532.7231999999,0,424531.57120000006,1,1,1,1
49,2,2,ok,16660,8643046.7584000025,596090.88,7533407.7312000012,0,513548.14720000006,1,1,1,2
49,2,3,ok,11900,9443028.8640000001,638668.79999999993,8177829.9839999992,0,626530.08000000007,1,1,1,3
49,2,4,ok,8330,8862829.9264000002,596090.88,7575157.7472000001,0,691581.29920000001,1,2,1,2
49,2,5,ok,7140,9611228.5439999998,638668.79999999993,8167996.5120000001,0,804563.23200000008,1,1,1,5
49,2,6,ok,5950,9772703.6160000004,638668.79999999993,8240455.0080000004,0,893579.80799999996,1,2,1,3
49,2,7,ok,4760,9347255.1424000021,596090.88,7792533.2352000009,0,958631.02720000013,1,1,1,7
49,2,8,ok,4165,9302396.2624000013,596090.88,7658657.7791999998,0,1047647.6032,1,2,2,2
49,2,9,ok,4250,10885975.488,684288,9015380.784,0,1186306.7039999999,1,1,3,3
49,2,10,ok,3332,10605924.352000002,596090.88,8623922.8800000027,0,1385910.5920000002,5,1,1,2
49,2,11,ok,3808,11617633.829999998,614718.71999999997,8391026.1467999984,0,2611888.9632000001,11,1,1,1
49,2,12,ok,2975,10432053.120000001,638668.79999999993,8365705.0559999999,0,1427679.264,1,2,2,3
49,2,13,ok,3808,12674191.582,629620.99199999997,8991339.3804000001,0,3053231.2096000002,13,1,1,1
49,2,14,ok,2380,10116496.230400002,596090.88,7938658.2912000008,0,1581747.0592,1,2,1,7
49,2,15,ok,2380,11225979.264000002,638668.79999999993,8892581.4719999991,0,1694728.9920000001,1,1,1,15
49,2,16,ok,2380,9973935.8080000021,596090.88,8031991.7952000005,0,1345853.1328000003,4,2,1,2
49,4,1,ok,66640,16610100.608000001,1192181.76,14657872.2816,0,760046.56640000013,1,1,1,1
49,4,2,ok,33320,16782617.216000002,1192181.76,14741372.313600002,0,849063.14240000013,1,1,1,2
49,4,3,ok,23324,18076177.1664,1207084.0319999999,15232635.806399999,0,1636457.3280000002,3,1,1,1
49,4,4,ok,16660,17127650.432000004,1192181.76,14908372.377600001,0,1027096.2944000001,1,1,2,2
49,4,5,ok,13328,18900083.072000001,1192181.76,15203129.856000002,0,2504771.4560000002,5,1,1,1
49,4,6,ok,11662,18250850.232000001,1207084.0319999999,15317179.5888,0,1726586.6112000002,3,1,1,2
49,4,7,ok,9520,17925269.196800001,1192181.76,15438941.4144,0,1294146.0224000001,1,1,1,7
49,4,8,ok,8330,17700146.048,1192181.76,15044686.771199999,0,1463277.5168000001,2,1,2,2
49,4,9,ok,8330,19883270.556000002,1293304.3199999998,16662798.338400001,0,1927167.8976,3,1,1,3
49,4,10,ok,6664,19072599.68,1192181.76,15286629.888,0,2593788.0320000001,5,1,1,2
49,4,11,ok,6664,23057359.907999996,1229437.4399999999,16695942.885599997,0,5131979.5823999997,11,1,1,1
49,4,12,ok,5831,18600196.363199998,1207084.0319999999,15486267.1536,0,1906845.1776000005,3,1,2,2
49,4,13,ok,6664,25166162.496800002,1259241.9839999999,17894481.852000002,0,6012438.6608000007,13,1,1,1
49,4,14,ok,4760,18527196.800000004,1192181.76,15604687.795200001,0,1730327.2448000002,2,1,1,7
49,4,15,ok,4620,21159341.568000004,1277337.5999999999,17827794.624000002,0,2054209.3440000003,1,1,1,15
49,4,16,ok,4165,18604792.524800003,1192181.76,15317315.5584,0,2095295.2064,1,4,2,2
49,8,1,ok,133280,33047684.608000003,2384363.52,29232244.531200003,0,1431076.5568000001,1,1,1,1
49,8,2,ok,66640,33220201.216000002,2384363.52,29315744.563200001,0,1520093.1328000003,1,1,1,2
49,8,3,ok,46648,35977681.267199993,2414168.0639999998,30380727.830399998,0,3182785.3728,3,1,1,1
49,8,4,ok,33320,33565234.432000004,2384363.52,29482744.627200004,0,1698126.2848000003,1,2,1,2
49,8,5,ok,26656,37627649.536000006,2384363.52,30322759.680000003,0,4920526.3360000011,5,1,1,1
49,8,6,ok,23324,36152354.332800001,2414168.0639999998,30465271.612799998,0,3272914.6560000004,3,1,1,2
49,8,7,ok,19040,34701786.112000003,2384363.52,30352246.579200003,0,1965176.0128000001,1,1,1,7
49,8,8,ok,16660,34255300.864000008,2384363.52,29816744.755200002,0,2054192.5888000003,1,2,2,2
49,8,9,ok,16660,38893710.412800014,2682408.96,33900334.790400006,0,2310966.6624000003,1,9,1,1
49,8,10,ok,13328,37800166.144000001,2384363.52,30406259.712000005,0,5009542.9120000005,5,1,1,2
49,8,11,ok,13328,45936812.063999996,2458874.8799999999,33305776.363199994,0,10172160.820800001,11,1,1,1
49,8,12,ok,11662,36501700.464000002,2414168.0639999998,30634359.1776,0,3453173.2224000003,3,1,2,2
49,8,13,ok,13328,50150104.326399997,2518483.9679999999,35700766.795199998,0,11930853.563200003,13,1,1,1
49,8,14,ok,9520,35846777.344000004,2384363.52,30624875.3664,0,2837538.4576000003,2,1,1,7
49,8,15,ok,9240,39730934.01600001,2554675.1999999997,34403088.768000007,0,2773170.048,1,1,1,15
49,8,16,ok,8330,35400292.096000001,2384363.52,30089373.542399999,0,2926555.0336000002,2,2,2,2
49,16,1,ok,266560,65922852.608000003,4768727.04,58380989.030400001,0,2773136.5376000004,1,1,1,1
49,16,2,ok,133280,66095369.216000006,4768727.04,58464489.062400006,0,2862153.1136000003,1,1,1,2
49,16,3,ok,93296,71780689.468799993,4828336.1279999996,60676911.878400005,0,6275441.4624000005,3,1,1,1
49,16,4,ok,66640,66440402.432000004,4768727.04,58631489.126400001,0,3040186.2656000005,1,2,1,2
49,16,5,ok,53312,75082782.464000002,4768727.04,60562019.328000009,0,9752036.0960000008,5,1,1,1
49,16,6,ok,46648,71955362.534399986,4828336.1279999996,60761455.660799995,0,6365570.7456,3,1,1,2
49,16,7,ok,38080,68195955.96800001,4768727.04,60119992.934399992,0,3307235.9936000002,1,1,1,7
49,16,8,ok,33320,67130468.864000008,4768727.04,58965489.254400007,0,3396252.5696000005,1,2,2,2
49,16,9,ok,33320,76798396.569600001,5364817.9199999999,67612794.5088,0,3820784.1408000006,1,9,1,1
49,16,10,ok,26656,75255299.072000012,4768727.04,60645519.360000007,0,9841052.6720000021,5,1,1,2
49,16,11,ok,26656,91695716.376000002,4917749.7599999998,66525443.318399996,0,20252523.297600001,11,1,1,1
49,16,12,ok,23324,72304708.665600002,4828336.1279999996,60930543.225599997,0,6545829.3120000008,3,1,2,2
49,16,13,ok,26656,100117987.98559999,5036967.9359999998,71313336.68159999,0,23767683.368000001,13,1,1,1
49,16,14,ok,19040,69403572.224000007,4768727.04,60704493.158400007,0,3930352.0256000003,1,2,1,7
49,16,15,ok,18480,76874118.912,5109350.3999999994,67553677.055999994,0,4211091.4560000002,1,1,1,15
49,16,16,ok,16660,68510601.728000015,4768727.04,59633489.510400005,0,4108385.1776000005,1,4,2,2
49,32,1,ok,533120,131673188.608,9537454.0800000001,116678478.0288,0,5457256.4992000004,1,1,1,1
49,32,2,ok,266560,131845705.21600001,9537454.0800000001,116761978.0608,0,5546273.0752000008,1,1,1,2
49,32,3,ok,183260,139313523.99359995,9835499.5199999996,123674977.32479998,0,5803047.1488000005,1,3,1,1
49,32,4,ok,133280,132190738.43200001,9537454.0800000001,116928978.12480001,0,5724306.2272000005,1,2,1,2
49,32,5,ok,106624,149993048.31999999,9537454.0800000001,121040538.62400001,0,19415055.616,5,1,1,1
49,32,6,ok,91630,139643198.74559999,9835499.5199999996,123737602.34879999,0,6070096.8768000007,1,3,1,2
49,32,7,ok,76160,135184295.68000001,9537454.0800000001,119655485.64480001,0,5991355.9552000016,1,1,1,7
49,32,8,ok,66640,132880804.86400001,9537454.0800000001,117262978.2528,0,6080372.531200001,1,2,2,2
49,32,9,ok,65450,151359367.104,10538035.199999999,134088756.91200002,0,6732574.9920000006,1,3,1,3
49,32,10,ok,53312,150165564.928,9537454.0800000001,121124038.65600002,0,19504072.192000002,5,1,1,2
49,32,11,ok,49980,140192656.6656,9835499.5199999996,123841977.38879998,0,6515179.7567999996,1,11,1,1
49,32,12,ok,45815,140302548.24959999,9835499.5199999996,123862852.3968,0,6604196.3328000009,1,3,2,2
49,32,13,ok,49980,165682230.60479999,11623772.16,146358700.55039999,0,7699757.8944000006,1,13,1,1
49,32,14,ok,38080,136391911.93600002,9537454.0800000001,120239985.86879998,0,6614471.9872000003,1,2,1,7
49,32,15,ok,36960,151160488.70400003,10218700.799999999,133854853.632,0,7086934.2719999999,1,1,1,15
49,32,16,ok,33320,134260937.72800002,9537454.0800000001,117930978.50880001,0,6792505.139200001,1,4,2,2
49,64,1,ok,1066240,263173860.60799998,19074908.16,233273456.02559999,0,10825496.422400001,1,1,1,1
49,64,2,ok,533120,263346377.21599999,19074908.16,233356956.05759999,0,10914512.998400001,1,1,1,2
49,64,3,ok,366520,278297373.23519993,19670999.039999999,247287329.62559998,0,11339044.569600001,1,3,1,1
49,64,4,ok,266560,263691410.43200001,19074908.16,233523956.1216,0,11092546.150400002,1,2,1,2
49,64,5,ok,216580,274305524.60800004,19372953.599999998,243583250.78400004,0,11349320.224000001,1,5,1,1
49,64,6,ok,183260,278627047.9871999,19670999.039999999,247349954.64959997,0,11606094.297600001,1,3,1,2
49,64,7,ok,152320,269160975.10400003,19074908.16,238726471.06559998,0,11359595.8784,1,1,1,7
49,64,8,ok,133280,264381476.86400002,19074908.16,233857956.24960002,0,11448612.454400001,1,2,2,2
49,64,9,ok,130900,301729709.95200002,21076070.399999999,267989638.752,0,12664000.800000001,1,3,1,3
49,64,10,ok,108290,274854982.52800006,19372953.599999998,243687625.82400006,0,11794403.104,1,5,1,2
49,64,11,ok,99960,279176505.90719998,19670999.039999999,247454329.68959996,0,12051177.177600002,1,11,1,1
49,64,12,ok,91630,279286397.49119997,19670999.039999999,247475204.69759998,0,12140193.753600001,1,3,2,2
49,64,13,ok,83300,275184657.27999997,19372953.599999998,243750250.84799999,0,12061452.832,1,13,1,1
49,64,14,ok,76160,270368591.36000001,19074908.16,239310971.28960001,0,11982711.910400003,1,2,1,7
49,64,15,ok,73920,299733228.28800005,20437401.599999998,266457206.78400004,0,12838619.904000003,1,1,1,15
49,64,16,ok,66640,265761609.72800002,19074908.16,234525956.50560001,0,12160745.062400002,1,4,2,2
50,1,1,ok,88200,20980137.215999998,1625702.3999999999,18718421.440000001,0,636013.37600000005,1,1,1,1
50,1,2,ok,44100,21054488.639999997,1625702.3999999999,18759728.831999999,0,669057.40800000005,2,1,1,1
50,1,3,ok,31500,23755305.599999998,1741824,20395630.559999999,0,1617851.04,1,1,1,3
50,1,4,ok,22050,21653897.280000001,1625702.3999999999,18873592.512000002,0,1154602.368,2,1,1,2
50,1,5,ok,17640,21277542.912,1625702.3999999999,18883651.007999998,0,768189.50399999996,5,1,1,1
50,1,6,ok,15750,23834967.84,1741824,20439888.48,0,1653255.3599999999,2,1,1,3
50,1,7,ok,12600,25280000.256000001,1625702.3999999999,20105014.719999999,0,3549283.1360000004,1,1,1,7
50,1,8,ok,11025,23134079.039999995,1625702.3999999999,19382684.351999998,0,2125692.2880000002,2,1,2,2
50,1,9,ok,12600,22848902.258399997,1646023.6799999999,20167520.277599998,0,1035358.3008000001,9,1,1,1
50,1,10,ok,8820,21649300.031999998,1625702.3999999999,19090187.967999995,0,933409.66400000011,10,1,1,1
50,1,11,ok,8820,22678495.422000002,1676505.5999999996,20016693.334000003,0,985296.4879999999,11,1,1,1
50,1,12,ok,8820,22881702.0024,1646023.6799999997,20228643.477600001,0,1007034.8448000001,12,1,1,1
50,1,13,ok,8820,23446278.687000003,1651103.9999999998,20753211.531000003,0,1041963.1560000001,13,1,1,1
50,1,14,ok,6300,25354351.68,1625702.3999999999,20146322.112,0,3582327.1680000001,2,1,1,7
50,1,15,ok,6300,24073954.560000002,1741823.9999999998,20572662.240000002,0,1759468.3200000003,5,1,1,3
50,1,16,ok,6300,23528137.151999999,1625702.3999999999,20436274.368000001,0,1466160.3840000001,8,1,2,1
50,2,1,ok,176400,41360865.792000003,3251404.7999999998,37322979.200000003,0,786481.79200000013,1,1,1,1
50,2,2,ok,88200,41509568.639999993,3251404.7999999998,37405593.983999997,0,852569.85600000015,2,1,1,1
50,2,3,ok,63000,45712385.280000001,3483648,40449670.079999998,0,1779067.2000000002,1,1,1,3
50,2,4,ok,44100,42108977.279999994,3251404.7999999998,37519457.663999997,0,1338114.8160000001,2,1,1,2
50,2,5,ok,35280,41955677.184,3251404.7999999998,37653438.335999995,0,1050834.048,5,1,1,1
50,2,6,ok,31500,45871709.759999998,3483648,40538185.920000002,0,1849875.8400000001,2,1,1,3
50,2,7,ok,25200,46364140.032000005,3251404.7999999998,39412983.68,0,3699751.5520000001,1,1,1,7
50,2,8,ok,22050,43307794.560000002,3251404.7999999998,37747185.024000004,0,2309204.736,2,2,1,2
50,2,9,ok,25200,44745042.340800002,3292047.3599999999,39873892.651200004,0,1579102.3296000001,9,1,1,1
50,2,10,ok,17640,42555085.824000001,3251404.7999999998,37767302.015999995,0,1536379.0079999999,5,1,1,2
50,2,11,ok,17640,44738850.684000008,3353011.1999999993,39915964.748000003,0,1469874.7360000003,11,1,1,1
50,2,12,ok,15750,47669935.68,3483648,40879776.960000001,0,3306510.7199999997,2,2,1,3
50,2,13,ok,17640,46283782.973999992,3302207.9999999995,41390780.261999995,0,1590794.7120000001,13,1,1,1
50,2,14,ok,12600,46512842.879999995,3251404.7999999998,39495598.464000002,0,3765839.6159999999,2,1,1,7
50,2,15,ok,12600,46349683.200000003,3483647.9999999995,40803733.440000005,0,2062301.7600000002,5,1,1,3
50,2,16,ok,11025,46268158.079999991,3251404.7999999998,38765368.703999996,0,4251384.5760000004,2,2,2,2
50,4,1,ok,352800,82122322.943999991,6502809.5999999996,74532094.719999999,0,1087418.6240000001,1,1,1,1
50,4,2,ok,176400,82419728.640000001,6502809.5999999996,74697324.288000003,0,1219594.7520000001,2,1,1,1
50,4,3,ok,123480,84286556.546399996,6523130.8799999999,76012141.269600004,0,1751284.3968,3,1,1,1
50,4,4,ok,88200,82860442.368000001,6502809.5999999996,74873685.760000005,0,1483947.0080000001,4,1,1,1
50,4,5,ok,70560,83033925.887999997,6502809.5999999996,74914993.151999995,0,1616123.1360000002,5,1,1,1
50,4,6,ok,61740,84892392.201599985,6584094.7199999988,76548057.686399996,0,1760239.7952000001,6,1,1,1
50,4,7,ok,50400,88532419.584000021,6502809.5999999996,78028921.600000009,0,4000688.3840000001,1,1,1,7
50,4,8,ok,44100,83554376.447999984,6502809.5999999996,75038915.327999994,0,2012651.5200000003,8,1,1,1
50,4,9,ok,44100,86728645.641599998,6584094.7199999997,77987782.742399991,0,2156768.1792000001,9,1,1,1
50,4,10,ok,35280,83901343.488000005,6502809.5999999996,75121530.111999989,0,2277003.7760000001,10,1,1,1
50,4,11,ok,35280,87848683.03199999,6706022.3999999985,78703629.399999991,0,2439031.2320000003,11,1,1,1
50,4,12,ok,30870,85845154.377599999,6584094.7199999988,77009205.59040001,0,2251854.0671999999,6,1,1,2
50,4,13,ok,35280,90694731.659999996,6604415.9999999991,81401857.835999995,0,2688457.824,13,1,1,1
50,4,14,ok,25200,88829825.280000001,6502809.5999999996,78194151.167999998,0,4132864.5120000001,2,1,1,7
50,4,15,ok,25200,90901140.480000004,6967295.9999999991,81265875.840000004,0,2667968.6400000001,5,1,1,3
50,4,16,ok,22050,84495376.128000006,6502809.5999999996,75494370.048000008,0,2498196.48,8,1,1,2
50,8,1,ok,705600,163645237.24799997,13005619.199999999,148950325.75999999,0,1689292.2880000002,1,1,1,1
50,8,2,ok,352800,164240048.63999999,13005619.199999999,149280784.896,0,1953644.5440000002,2,1,1,1
50,8,3,ok,246960,167629172.7888,13046261.76,151567404.52320001,0,3015506.5056000003,3,1,1,1
50,8,4,ok,176400,164779885.05599999,13005619.199999999,149291916.80000001,0,2482349.0560000003,4,1,1,1
50,8,5,ok,141120,165126852.09599999,13005619.199999999,149374531.58399999,0,2746701.3119999999,5,1,1,1
50,8,6,ok,123480,168573113.09279999,13046261.76,152024282.53920001,0,3502568.7936,3,1,1,2
50,8,7,ok,100800,172868978.68800002,13005619.199999999,155260797.44,0,4602562.0480000004,1,1,1,7
50,8,8,ok,88200,165720884.736,13005619.199999999,149747371.52000001,0,2967894.0160000003,4,1,1,2
50,8,9,ok,88200,172504529.10719997,13168189.439999999,155514417.5808,0,3821922.0863999999,9,1,1,1
50,8,10,ok,70560,166067851.77599999,13005619.199999999,149829986.30399999,0,3232246.2720000003,5,1,1,2
50,8,11,ok,70560,174726960.14399999,13412044.799999997,156937571.12,0,4377344.2240000004,11,1,1,1
50,8,12,ok,61740,169784784.40319997,13168189.439999998,153096115.37279999,0,3520479.5904000001,6,1,1,2
50,8,13,ok,70560,180433760.52000001,13208831.999999998,162341144.472,0,4883784.0480000004,13,1,1,1
50,8,14,ok,50400,173463790.08000001,13005619.199999999,155591256.57600001,0,4866914.3040000005,2,1,1,7
50,8,15,ok,50400,179701090.56000003,13934591.999999998,161887196.16000003,0,3879302.4000000004,5,1,1,3
50,8,16,ok,44100,167108752.89599997,13005619.199999999,150077830.65599999,0,4025303.0400000005,8,1,1,2
50,16,1,ok,1411200,326691065.85600001,26011238.399999999,297786787.84000003,0,2893039.6160000004,1,1,1,1
50,16,2,ok,705600,327290474.49599993,26011238.399999999,297900651.51999998,0,3378584.5760000004,1,1,1,2
50,16,3,ok,493920,334314405.27359998,26092523.52,302677931.03039998,0,5543950.7232000008,3,1,1,1
50,16,4,ok,352800,328480097.27999997,26011238.399999999,298561569.792,0,3907289.0880000005,2,1,1,2
50,16,5,ok,282240,329312704.51199996,26011238.399999999,298293608.44799995,0,5007857.6640000008,5,1,1,1
50,16,6,ok,246960,335258345.5776,26092523.52,303134809.04640001,0,6031013.0112000005,3,1,1,2
50,16,7,ok,201600,341542096.89600003,26011238.399999999,309724549.12,0,5806309.3760000011,1,1,1,7
50,16,8,ok,176400,329559770.11199999,26011238.399999999,298583833.60000002,0,4964698.1120000007,4,1,1,2
50,16,9,ok,176400,344056296.03839999,26336378.879999999,310567687.25760001,0,7152229.9007999999,9,1,1,1
50,16,10,ok,141120,330253704.19199997,26011238.399999999,298749063.16799998,0,5493402.6239999998,5,1,1,2
50,16,11,ok,141120,348483514.36800003,26824089.599999994,313405454.56000006,0,8253970.2080000006,11,1,1,1
50,16,12,ok,123480,337146226.18559998,26092523.52,304048565.07840002,0,7005137.5872,3,2,1,2
50,16,13,ok,141120,359911818.24000007,26417663.999999996,324219717.74400002,0,9274436.4960000012,13,1,1,1
50,16,14,ok,100800,342731719.68000001,26011238.399999999,310385467.39200002,0,6335013.8879999993,2,1,1,7
50,16,15,ok,100800,356579182.08000004,27869183.999999996,322408028.15999997,0,6301969.9199999999,5,1,1,3
50,16,16,ok,88200,331441769.472,26011238.399999999,299494743.04000002,0,5935788.0320000006,4,2,1,2
50,32,1,ok,2822400,652782723.07199991,52022476.799999997,595459712,0,5300534.2719999999,1,1,1,1
50,32,2,ok,1411200,653382131.71200001,52022476.799999997,595573575.68000007,0,5786079.2320000008,1,1,1,2
50,32,3,ok,970200,674362268.92799997,53648179.199999996,614291997.11999989,0,6422092.6080000009,1,3,1,1
50,32,4,ok,705600,654580948.99199986,52022476.799999997,595801303.03999996,0,6757169.1520000007,1,2,1,2
50,32,5,ok,564480,657684409.34399986,52022476.799999997,596131762.17599988,0,9530170.3680000007,5,1,1,1
50,32,6,ok,485100,676160494.84799993,53648179.199999996,614633588.15999985,0,7878727.4880000008,1,3,1,2
50,32,7,ok,403200,678888333.31200004,52022476.799999997,618652052.48000002,0,8213804.0319999997,1,1,1,7
50,32,8,ok,352800,656960194.55999994,52022476.799999997,597123139.58399999,0,7814578.1760000009,2,2,1,2
50,32,9,ok,352800,687159829.90079999,52672757.759999998,620674226.61119998,0,13812845.529600002,9,1,1,1
50,32,10,ok,282240,658625409.02399993,52022476.799999997,596587216.89599991,0,10015715.328000002,5,1,1,2
50,32,11,ok,264600,679157538.04799998,53648179.199999988,615202906.56000006,0,10306452.288000001,1,11,1,1
50,32,12,ok,242550,678614091.84000003,53648179.199999996,615996732.09599996,0,8969180.5439999998,2,3,1,2
50,32,13,ok,282240,718867933.67999995,52835327.999999993,647976864.28799999,0,18055741.392000001,13,1,1,1
50,32,14,ok,201600,681267578.88,52022476.799999997,619973889.02399993,0,9271213.0559999999,2,1,1,7
50,32,15,ok,194040,684176656.89600003,53648179.199999996,619744572.86400008,0,10783904.832,5,3,1,1
50,32,16,ok,176400,659119540.22399998,52022476.799999997,597167667.20000005,0,9929396.2240000013,4,2,1,2
50,64,1,ok,5644800,1304966037.5039999,104044953.59999999,1190805560.3199999,0,10115523.584000001,1,1,1,1
50,64,2,ok,2822400,1305565446.1439998,104044953.59999999,1190919424,0,10601068.544,1,1,1,2
50,64,3,ok,1940400,1346926311.9359999,107296358.39999999,1228242403.1999998,0,11387550.336000003,1,3,1,1
50,64,4,ok,1411200,1306764263.424,104044953.59999999,1191147151.3600001,0,11572158.464000002,1,2,1,2
50,64,5,ok,1128960,1314427819.0080001,104044953.59999999,1191808069.632,0,18574795.776000001,5,1,1,1
50,64,6,ok,970200,1348724537.8559999,107296358.39999999,1228583994.2399998,0,12844185.216000002,1,3,1,2
50,64,7,ok,806400,1353580806.1440001,104044953.59999999,1236507059.2,0,13028793.344000001,1,1,1,7
50,64,8,ok,705600,1309161897.9839997,104044953.59999999,1191602606.0799999,0,13514338.304000001,1,4,1,2
50,64,9,ok,705600,1373366897.6256001,105345515.52,1240887305.3184001,0,27134076.787200004,9,1,1,1
50,64,10,ok,564480,1315368818.6879997,104044953.59999999,1192263524.3519998,0,19060340.736000001,5,1,1,2
50,64,11,ok,529200,1351721581.0559998,107296358.39999998,1229153312.6399999,0,15271910.016000001,1,11,1,1
50,64,12,ok,485100,1352320989.6959999,107296358.39999999,1229267176.3199997,0,15757454.976000002,1,6,1,2
50,64,13,ok,441000,1332539669.76,105670655.99999999,1210776482.2399998,0,16092531.52,1,13,1,1
50,64,14,ok,403200,1357776666.6240001,104044953.59999999,1237304104.96,0,16427608.063999999,1,2,1,7
50,64,15,ok,388080,1366555087.872,107296358.39999999,1239147554.6880002,0,20111174.784000002,5,3,1,1
50,64,16,ok,352800,1313920389.1199999,104044953.59999999,1194246279.168,0,15629156.352000002,2,4,1,2
51,1,1,ok,3332,1060592.4352000002,59609.087999999996,862392.28800000018,0,138591.05920000002,1,1,1,1
51,1,2,ok,1666,1082570.7520000001,59609.087999999996,866567.28960000002,0,156394.37440000003,1,1,1,2
51,1,3,ok,1190,1187578.6752000002,63866.879999999997,940886.40960000013,0,182825.38560000004,1,1,1,3
51,1,4,ok,833,1126527.3856000002,59609.087999999996,874917.29280000017,0,192001.00480000002,1,1,2,2
51,1,5,ok,714,1226376.96,63866.87999999999,944078.06400000001,0,218432.016,1,1,1,5
51,1,6,ok,595,1253513.6256000001,63866.879999999997,953411.41440000013,0,236235.33120000002,1,1,2,3
51,1,7,ok,476,1207937.3824,59609.087999999989,902917.34400000004,0,245410.95039999997,1,1,1,7
51,1,8,ok,476,1279415.6992000001,59609.087999999996,918760.30080000008,0,301046.31040000002,2,1,2,2
51,1,9,ok,425,1412830.3103999998,68428.800000000003,1045512.2736,0,298889.23680000001,1,1,3,3
51,1,10,ok,357,1362060.2879999999,63866.87999999999,990744.81599999999,0,307448.592,1,1,2,5
51,1,11,ok,952,2704398.0942000006,61471.871999999996,1412958.8022,0,1229967.4200000002,11,1,1,1
51,1,12,ok,340,1465322.6207999999,63866.879999999997,1048386.1536,0,353069.58720000007,2,1,3,2
51,1,13,ok,952,3196106.8386000004,72648.576000000001,1669860.4025999999,0,1453597.8600000001,13,1,1,1
51,1,14,ok,238,1397894.0415999999,59609.087999999989,968250.79680000001,0,370034.1568,1,1,2,7
51,1,15,ok,238,1497743.6159999999,63866.87999999999,1037411.5680000001,0,396465.16800000001,1,1,1,15
51,1,16,ok,238,1565663.5072000001,59609.087999999996,986917.49760000012,0,519136.9216,4,1,2,2
51,2,1,ok,6664,2099206.5536000002,119218.17599999999,1720609.5744000003,0,259378.80320000002,1,1,1,1
51,2,2,ok,3332,2121184.8704000004,119218.17599999999,1724784.5760000004,0,277182.11840000004,1,1,1,2
51,2,3,ok,2380,2309222.4000000004,127733.75999999999,1869247.8144000003,0,312240.82560000004,1,1,1,3
51,2,4,ok,1666,2165141.5040000002,119218.17599999999,1733134.5792,0,312788.74880000006,1,2,1,2
51,2,5,ok,1428,2342862.3359999997,127733.75999999998,1867281.1199999996,0,347847.45600000001,1,1,1,5
51,2,6,ok,1190,2375157.3504000003,127733.75999999999,1881772.8192000003,0,365650.77120000008,1,2,1,3
51,2,7,ok,952,2262026.5472000004,119218.17599999998,1776609.6768000002,0,366198.69440000004,1,1,1,7
51,2,8,ok,833,2253054.7712000003,119218.17599999999,1749834.5856000003,0,384002.00960000005,1,2,2,2
51,2,9,ok,850,2627855.7696000002,136857.60000000001,2053449.5327999997,0,437548.63680000004,1,1,3,3
51,2,10,ok,714,2452753.9199999999,127733.75999999998,1888156.128,0,436864.03200000001,1,2,1,5
51,2,11,ok,1904,5373214.6380000012,122943.74399999999,2808695.7228000001,0,2441575.1712000002,11,1,1,1
51,2,12,ok,595,2507027.2512000003,127733.75999999999,1906822.8288000003,0,472470.66240000003,1,2,2,3
51,2,13,ok,1904,6350162.7540000007,145297.152,3319367.6724000005,0,2885497.9296000004,13,1,1,1
51,2,14,ok,476,2415874.7648,119218.17599999998,1805834.6880000001,0,490821.90079999994,1,2,1,7
51,2,15,ok,476,2665812.4800000004,127733.75999999998,2012198.1120000002,0,525880.60800000001,1,1,1,15
51,2,16,ok,476,2558831.3984000003,119218.17599999999,1837520.6016000002,0,602092.62080000003,2,2,2,2
51,4,1,ok,13328,3780016.6144000003,238436.35199999998,3040625.9712000005,0,500954.29120000004,1,1,1,1
51,4,2,ok,6664,3814519.9359999998,238436.35199999998,3057325.9775999999,0,518757.60640000005,1,1,1,2
51,4,3,ok,4760,4151931.4560000007,255467.51999999999,3325392.2304000007,0,571071.7056000001,1,1,1,3
51,4,4,ok,3332,3883526.5792000005,238436.35199999998,3090725.9904000005,0,554364.23680000007,1,1,2,2
51,4,5,ok,2856,4200304.703999999,255467.51999999996,3338158.8479999993,0,606678.33600000001,1,1,1,5
51,4,6,ok,2380,4255441.4208000014,255467.51999999999,3375492.2496000007,0,624481.65120000008,1,1,2,3
51,4,7,ok,1904,4048936.7296000002,238436.35199999996,3202726.1952000004,0,607774.18240000005,1,1,1,7
51,4,8,ok,1666,4330283.0080000004,238436.35199999998,3466269.1584000001,0,625577.49760000012,1,2,2,2
51,4,9,ok,1700,4701181.6511999993,273715.20000000001,3712599.0143999998,0,714867.43680000002,1,1,3,3
51,4,10,ok,1428,4475988.2879999988,255467.51999999996,3524825.8559999992,0,695694.91200000001,1,1,2,5
51,4,11,ok,3332,10710847.725600002,245887.48799999998,5600169.5640000002,0,4864790.6736000003,11,1,1,1
51,4,12,ok,1190,4750314.7008000007,255467.51999999999,3763545.6384000005,0,731301.54240000015,1,4,1,3
51,4,13,ok,3332,12658274.584800001,290594.304,6618382.2120000003,0,5749298.0688000005,13,1,1,1
51,4,14,ok,952,4434893.747200001,238436.35199999996,3464060.0064000003,0,732397.38880000007,1,1,2,7
51,4,15,ok,952,4751671.8720000004,255467.51999999996,3711492.8640000001,0,784711.48800000001,1,1,1,15
51,4,16,ok,833,4506109.5424000006,238436.35199999998,3499669.1712000007,0,768004.0192000001,1,4,2,2
51,8,1,ok,26656,7525529.9072000012,476872.70399999997,6064551.9360000007,0,984105.26720000012,1,1,1,1
51,8,2,ok,13328,7560033.2288000006,476872.70399999997,6081251.942400001,0,1001908.5824000001,1,1,1,2
51,8,3,ok,9520,8200352.9472000021,510935.03999999998,6600684.4416000014,0,1088733.4656000002,1,1,1,3
51,8,4,ok,6664,7629039.8719999995,476872.70399999997,6114651.9551999997,0,1037515.2128000001,1,2,1,2
51,8,5,ok,5712,8228092.7999999989,510935.03999999992,6592817.6639999999,0,1124340.0960000001,1,1,1,5
51,8,6,ok,4760,8303862.9120000014,510935.03999999998,6650784.4608000014,0,1142143.4112000002,1,2,1,3
51,8,7,ok,3808,7856350.2080000015,476872.70399999991,6288552.3456000015,0,1090925.1584000001,1,1,1,7
51,8,8,ok,3332,7767053.158400001,476872.70399999997,6181451.980800001,0,1108728.4736000001,1,2,2,2
51,8,9,ok,3400,9091833.407999998,547430.40000000002,7274897.9711999986,0,1269505.0367999999,1,1,3,3
51,8,10,ok,2856,8400609.407999998,510935.03999999992,6676317.6959999986,0,1213356.672,1,2,1,5
51,8,11,ok,6664,21386113.900800005,491774.97599999997,11183117.246400002,0,9711221.6784000006,11,1,1,1
51,8,12,ok,2380,8510882.8416000027,510935.03999999998,6750984.4992000014,0,1248963.3024000002,1,2,2,3
51,8,13,ok,6664,25274498.246400002,581188.60800000001,13216411.291200001,0,11476898.347200001,13,1,1,1
51,8,14,ok,1904,8097873.4592000004,476872.70399999991,6405452.3904000008,0,1215548.3648000001,1,2,1,7
51,8,15,ok,1904,8985793.9200000018,510935.03999999992,7172485.6320000002,0,1302373.2480000001,1,1,1,15
51,8,16,ok,1666,8660566.0160000008,476872.70399999997,6932538.3168000001,0,1251154.9952000002,1,4,2,2
51,16,1,ok,53312,15016556.492800001,953745.40799999994,12112403.865600001,0,1950407.2192000002,1,1,1,1
51,16,2,ok,26656,15051059.814400002,953745.40799999994,12129103.872000001,0,1968210.5344000002,1,1,1,2
51,16,3,ok,19040,16297195.929600002,1021870.08,13151268.864000002,0,2124056.9856000002,1,1,1,3
51,16,4,ok,13328,15120066.457600001,953745.40799999994,12162503.884800002,0,2003817.1648000001,1,2,1,2
51,16,5,ok,11424,16283668.991999997,1021870.0799999998,13102135.295999998,0,2159663.6159999999,1,1,1,5
51,16,6,ok,9520,16400705.894400004,1021870.08,13201368.883200003,0,2177466.9312000005,1,2,1,3
51,16,7,ok,7616,15471177.164799999,953745.40799999982,12460204.646400001,0,2057227.1104000001,1,1,1,7
51,16,8,ok,6664,15258079.743999999,953745.40799999994,12229303.910399999,0,2075030.4256000002,1,2,2,2
51,16,9,ok,6800,17873136.921599999,1094860.8,14399495.884799998,0,2378780.2368000001,1,1,3,3
51,16,10,ok,5712,16456185.599999998,1021870.0799999998,13185635.328,0,2248680.1920000003,1,2,1,5
51,16,11,ok,13328,42736646.251200005,983549.95199999993,22349012.611199997,0,19404083.688000001,11,1,1,1
51,16,12,ok,4760,16607725.824000003,1021870.08,13301568.921600003,0,2284286.8224000004,1,4,1,3
51,16,13,ok,13328,50506945.569600008,1162377.216,26412469.4496,0,22932098.904000003,13,1,1,1
51,16,14,ok,3808,15712700.416000003,953745.40799999982,12577104.691200003,0,2181850.3168000001,1,2,1,7
51,16,15,ok,3808,17454038.015999999,1021870.0799999998,14094471.168000001,0,2337696.7680000002,1,1,1,15
51,16,16,ok,3332,15534106.316800002,953745.40799999994,12362903.961600002,0,2217456.9472000003,1,4,2,2
51,32,1,ok,106624,29998609.664000001,1907490.8159999999,24208107.724800002,0,3883011.1232000003,1,1,1,1
51,32,2,ok,53312,30033112.985600002,1907490.8159999999,24224807.731200002,0,3900814.4384000003,1,1,1,2
51,32,3,ok,38080,32490881.894400008,2043740.1599999999,26252437.708800003,0,4194704.0256000003,1,1,1,3
51,32,4,ok,26656,30102119.628800005,1907490.8159999999,24258207.744000003,0,3936421.0688000005,1,2,1,2
51,32,5,ok,22848,32394821.375999995,2043740.1599999997,26120770.559999999,0,4230310.6560000004,1,1,1,5
51,32,6,ok,19040,32594391.859200004,2043740.1599999999,26302537.728000004,0,4248113.9712000005,1,2,1,3
51,32,7,ok,15232,30700831.078400005,1907490.8159999996,24803509.248000003,0,3989831.0144000007,1,1,1,7
51,32,8,ok,13328,30240132.915200002,1907490.8159999999,24325007.769600004,0,4007634.3296000003,1,2,2,2
51,32,9,ok,13328,34020149.529600002,2145927.1680000001,27365633.740800004,0,4508588.6208000006,1,9,1,1
51,32,10,ok,11424,32567337.983999994,2043740.1599999997,26204270.591999996,0,4319327.2319999998,1,2,1,5
51,32,11,ok,9996,34516027.391999997,1967099.9039999999,28367095.468800001,0,4181832.0192000004,1,11,1,1
51,32,12,ok,9520,32801411.788800009,2043740.1599999999,26402737.766400006,0,4354933.8624000009,1,4,1,3
51,32,13,ok,9996,40791668.735999994,2324754.432,33524749.190399997,0,4942165.1136000007,1,13,1,1
51,32,14,ok,7616,30942354.329599999,1907490.8159999996,24920409.292800002,0,4114454.2208000002,1,2,1,7
51,32,15,ok,7616,34390526.208000004,2043740.1599999997,27938442.240000002,0,4408343.8080000002,1,1,1,15
51,32,16,ok,6664,30516159.487999998,1907490.8159999999,24458607.820799999,0,4150060.8512000004,1,4,2,2
51,64,1,ok,213248,59962716.006400004,3814981.6319999998,48399515.443200007,0,7748218.9312000005,1,1,1,1
51,64,2,ok,106624,59997219.328000002,3814981.6319999998,48416215.449600004,0,7766022.2464000005,1,1,1,2
51,64,3,ok,76160,64878253.824000016,4087480.3199999998,52454775.398400016,0,8335998.1056000013,1,1,1,3
51,64,4,ok,53312,60066225.971200004,3814981.6319999998,48449615.462400004,0,7801628.8768000007,1,2,1,2
51,64,5,ok,43316,67619809.280000001,3874590.7199999997,55804998.623999998,0,7940219.9360000007,1,5,1,1
51,64,6,ok,38080,64981763.788800016,4087480.3199999998,52504875.417600006,0,8389408.0512000006,1,2,1,3
51,64,7,ok,30464,61160138.905600011,3814981.6319999993,49490118.451200008,0,7855038.8223999999,1,1,1,7
51,64,8,ok,26656,60204239.257600009,3814981.6319999998,48516415.488000005,0,7872842.1376000009,1,2,2,2
51,64,9,ok,26656,67729769.164800018,4291854.3360000001,54580967.42400001,0,8856947.4048000015,1,9,1,1
51,64,10,ok,21658,67729700.864000008,3874590.7199999997,55825873.632000007,0,8029236.5120000001,1,5,1,2
51,64,11,ok,19992,68790293.299199998,3934199.8079999997,56688265.920000009,0,8167827.5712000011,1,11,1,1
51,64,12,ok,19040,65188783.718400009,4087480.3199999998,52605075.456000008,0,8496227.942400001,1,4,1,3
51,64,13,ok,16660,67795635.814400017,3874590.7200000002,55838398.636800013,0,8082646.4576000003,1,13,1,1
51,64,14,ok,15232,61401662.156800009,3814981.6319999993,49607018.496000007,0,7979662.0288000014,1,2,1,7
51,64,15,ok,15232,68263502.592000008,4087480.3199999994,55626384.384000003,0,8549637.8880000003,1,1,1,15
51,64,16,ok,13328,60480265.830400005,3814981.6319999998,48650015.539200008,0,8015268.6592000006,1,4,2,2
52,1,1,ok,19600,4694481.2416000012,361267.19999999995,4171736.6016000006,0,161477.44,1,1,1,1
52,1,2,ok,9800,4709351.5263999999,361267.19999999995,4179998.0800000001,0,168086.2464,2,1,1,1
52,1,3,ok,7000,5346983.1359999999,387071.99999999994,4578808.8959999997,0,381102.23999999999,1,1,1,3
52,1,4,ok,4900,4739092.0959999999,361267.19999999995,4196521.0367999999,0,181303.85920000001,4,1,1,1
52,1,5,ok,4200,5675912.4159999983,387072,4691940.4159999993,0,596900,1,1,1,5
52,1,6,ok,3500,5362915.5839999998,387071.99999999994,4587660.4799999995,0,388183.10399999999,2,1,1,3
52,1,7,ok,2800,5681269.0815999992,361267.20000000001,4511131.1616000002,0,808870.72000000009,1,1,1,7
52,1,8,ok,2450,4903556.7359999996,361267.19999999995,4253086.7967999997,0,289202.73920000001,4,1,1,2
52,1,9,ok,2800,5328018.8370000003,381024,4673195.3465999998,0,273799.49040000001,9,1,1,1
52,1,10,ok,2100,5691844.8639999982,387072,4700791.9999999991,0,603980.86400000006,2,1,1,5
52,1,11,ok,2800,5513092.5432000002,372556.79999999993,4845818.9912,0,294716.75200000004,11,1,1,1
52,1,12,ok,1750,5394780.4800000004,387071.99999999994,4605363.648,0,402344.83200000005,4,1,1,3
52,1,13,ok,2800,5728436.870000001,366911.99999999994,5044680.9452000009,0,316843.92479999998,13,1,1,1
52,1,14,ok,1400,5696139.3663999997,361267.20000000001,4519392.6400000006,0,815479.52640000009,2,1,1,7
52,1,15,ok,1750,5738765.5949999997,393119.99999999994,4930375.8149999995,0,415269.78000000003,5,1,1,3
52,1,16,ok,1225,5232486.0159999998,361267.19999999995,4366218.3167999992,0,505000.49920000002,4,1,2,2
52,2,1,ok,39200,9255760.5632000007,722534.39999999991,8318170.1632000003,0,215056,1,1,1,1
52,2,2,ok,19600,9285501.1328000017,722534.39999999991,8334693.120000001,0,228273.6128,2,1,1,1
52,2,3,ok,14000,10294360.512,774143.99999999988,9081708.6720000021,0,438507.83999999997,1,1,1,3
52,2,4,ok,9800,9344982.2720000017,722534.39999999991,8367739.0336000007,0,254708.83840000001,4,1,1,1
52,2,5,ok,8400,10685815.231999999,774144,9257365.6319999993,0,654305.60000000009,1,1,1,5
52,2,6,ok,7000,10326225.408000002,774143.99999999988,9099411.8399999999,0,452669.56799999997,2,1,1,3
52,2,7,ok,5600,10430124.723199999,722534.40000000002,8845141.0431999993,0,862449.28000000003,1,1,1,7
52,2,8,ok,4900,9478184.1919999998,722534.39999999991,8393042.0735999998,0,362607.71840000001,4,2,1,1
52,2,9,ok,5600,10435490.874,762048,9239643.4931999985,0,433799.38080000004,9,1,1,1
52,2,10,ok,4200,10717680.127999999,774144,9275068.8000000007,0,668467.32799999998,2,1,1,5
52,2,11,ok,5600,10810539.326399999,745113.59999999986,9587262.9423999991,0,478162.78400000004,11,1,1,1
52,2,12,ok,3500,10389955.200000001,774143.99999999988,9134818.1760000009,0,480993.02399999998,4,1,1,3
52,2,13,ok,5600,11244495.34,733823.99999999988,9986568.2904000022,0,524103.04960000003,13,1,1,1
52,2,14,ok,2800,10459865.2928,722534.40000000002,8861664,0,875666.89280000003,2,1,1,7
52,2,15,ok,2800,12643088.831999999,774144,10135650.432,0,1733294.4000000001,1,1,1,15
52,2,16,ok,2450,9807113.4719999991,722534.39999999991,8506173.5935999993,0,578405.47840000002,4,2,1,2
52,4,1,ok,78400,18378319.206400003,1445068.7999999998,16611037.286400001,0,322213.12,1,1,1,1
52,4,2,ok,39200,18437800.345600005,1445068.7999999998,16644083.200000003,0,348648.3456,2,1,1,1
52,4,3,ok,29400,19099422.261599995,1456358.3999999999,17265669.525599997,0,377394.33600000001,3,1,1,1
52,4,4,ok,19600,18533534.003200002,1445068.7999999998,16686946.406400003,0,401518.79680000001,4,1,1,1
52,4,5,ok,16800,20705620.863999996,1548288,18388216.063999996,0,769116.80000000005,1,1,1,5
52,4,6,ok,14000,20252845.056000002,1548287.9999999998,18122914.560000002,0,581642.49600000004,2,1,1,3
52,4,7,ok,11200,19927836.0064,1445068.8,17513160.806400001,0,969606.40000000014,1,1,1,7
52,4,8,ok,9800,18672320.819200002,1445068.7999999998,16719992.32,0,507259.69920000003,8,1,1,1
52,4,9,ok,9800,19987105.859999999,1524096,17913139.581599999,0,549870.27839999995,9,1,1,1
52,4,10,ok,8400,20769350.655999999,1548288,18423622.399999999,0,797440.25600000005,2,1,1,5
52,4,11,ok,9800,20691416.380800001,1490227.1999999997,18605380.7456,0,595808.43519999995,11,1,1,1
52,4,12,ok,7000,20380304.640000001,1548287.9999999998,18193727.232000001,0,638289.40800000005,4,1,1,3
52,4,13,ok,9800,21508977.464000005,1467647.9999999998,19397272.107200004,0,644057.35680000007,13,1,1,1
52,4,14,ok,5600,19987317.145599999,1445068.8,17546206.719999999,0,996041.62560000014,2,1,1,7
52,4,15,ok,5600,23288148.864,1548288,19891755.263999999,0,1848105.6000000001,1,1,1,15
52,4,16,ok,4900,18949894.451200001,1445068.7999999998,16786084.1472,0,718741.50400000007,16,1,1,1
52,8,1,ok,156800,36563132.313600004,2890137.5999999996,33136467.353600003,0,536527.3600000001,1,1,1,1
52,8,2,ok,78400,36682094.592000008,2890137.5999999996,33202559.180800006,0,589397.81120000011,2,1,1,1
52,8,3,ok,56000,39792443.136000007,3096575.9999999995,35912925.696000002,0,782941.44000000006,1,1,1,3
52,8,4,ok,39200,36857956.966400005,2890137.5999999996,33272680.652800001,0,695138.71360000013,4,1,1,1
52,8,5,ok,33600,40710868.735999994,3096576,36615553.535999998,0,998739.20000000019,1,1,1,5
52,8,6,ok,28000,39919902.719999999,3096575.9999999995,35983738.368000001,0,839588.35199999996,2,1,1,3
52,8,7,ok,22400,38923258.572800003,2890137.6000000001,34849200.332800001,0,1183920.6400000001,1,1,1,7
52,8,8,ok,19600,37067068.006400004,2890137.5999999996,33373892.812800005,0,803037.59360000002,4,2,1,1
52,8,9,ok,19600,39753664.920000002,3048192,35719531.963199995,0,985940.95680000004,9,1,1,1
52,8,10,ok,16800,40838328.320000008,3096576,36686366.208000004,0,1055386.1120000002,2,1,1,5
52,8,11,ok,19600,41167187.001599997,2980454.3999999994,37106386.451200001,0,1080346.1504000002,11,1,1,1
52,8,12,ok,14000,40174821.887999997,3096575.9999999995,36125363.712000005,0,952882.17599999998,4,1,1,3
52,8,13,ok,19600,42805576.528000005,2935295.9999999995,38691750.614400007,0,1178529.9136000001,13,1,1,1
52,8,14,ok,11200,39042220.851199992,2890137.6000000001,34915292.159999996,0,1236791.0912000001,2,1,1,7
52,8,15,ok,11200,44578268.928000003,3096576,39403964.928000003,0,2077728.0000000002,1,1,1,15
52,8,16,ok,9800,37344641.638400003,2890137.5999999996,33439984.640000001,0,1014519.3984000001,8,2,1,1
52,16,1,ok,313600,72917153.587200016,5780275.1999999993,66171722.547200009,0,965155.84000000008,1,1,1,1
52,16,2,ok,156800,73126264.627200007,5780275.1999999993,66272934.707200006,0,1073054.7200000002,1,1,1,2
52,16,3,ok,112000,78957553.151999995,6193151.9999999991,71522214.912,0,1242186.24,1,1,1,3
52,16,4,ok,78400,73364189.184000015,5780275.1999999993,66405118.361600012,0,1178795.6224000002,2,1,1,2
52,16,5,ok,67200,80376182.272,6193152,72725046.271999985,0,1457984.0000000002,1,1,1,5
52,16,6,ok,56000,79212472.320000008,6193151.9999999991,71663840.255999997,0,1355480.064,2,1,1,3
52,16,7,ok,44800,76672837.42719999,5780275.2000000002,69280013.107199997,0,1612549.1200000001,1,1,1,7
52,16,8,ok,39200,73715913.93280001,5780275.1999999993,66545361.305600002,0,1390277.4272000003,4,2,1,1
52,16,9,ok,39200,79286783.040000007,6096384,71332316.726400003,0,1858082.3136000002,9,1,1,1
52,16,10,ok,33600,80631101.439999998,6193152,72866671.615999997,0,1571277.8240000003,2,1,1,5
52,16,11,ok,39200,82118728.243199989,5960908.7999999989,74108397.862399995,0,2049421.5808000001,11,1,1,1
52,16,12,ok,28000,79722310.656000003,6193151.9999999991,71947090.944000006,0,1582067.7120000003,4,1,1,3
52,16,13,ok,39200,85398774.656000018,5870591.9999999991,77280707.628800005,0,2247475.0271999999,13,1,1,1
52,16,14,ok,22400,76910761.983999997,5780275.2000000002,69412196.761600003,0,1718290.0224000001,2,1,1,7
52,16,15,ok,22400,87158509.055999994,6193152,78428384.256000012,0,2536972.8000000003,1,1,1,15
52,16,16,ok,19600,74134136.012800008,5780275.1999999993,66747785.62560001,0,1606075.1872,4,4,1,1
52,32,1,ok,627200,145625196.13440001,11560550.399999999,132242232.93440002,0,1822412.8000000003,1,1,1,1
52,32,2,ok,313600,145834307.17440003,11560550.399999999,132343445.09440002,0,1930311.6800000002,1,1,1,2
52,32,3,ok,215600,150921823.37280002,11921817.6,136908216.65280002,0,2091789.1200000001,1,3,1,1
52,32,4,ok,156800,146252529.25440001,11560550.399999999,132545869.41440001,0,2146109.4400000004,1,2,1,2
52,32,5,ok,134400,159706809.34399998,12386304,144944031.74399999,0,2376473.6000000001,1,1,1,5
52,32,6,ok,107800,151412542.77120003,11921817.6,137180845.44,0,2309879.7312000003,2,3,1,1
52,32,7,ok,89600,151881897.57440001,11560550.4,137851541.09439999,0,2469806.0800000005,1,1,1,7
52,32,8,ok,78400,146728378.36800003,11560550.399999999,132810236.72320002,0,2357591.2448000005,2,2,1,2
52,32,9,ok,78400,158353019.28000003,12192768,142557886.25279999,0,3602365.0271999999,9,1,1,1
52,32,10,ok,67200,160216647.68000001,12386304,145227282.43199998,0,2603061.2480000001,2,1,1,5
52,32,11,ok,58800,151987438.73280001,11921817.599999998,137110640.97279999,0,2954980.1600000006,1,11,1,1
52,32,12,ok,53900,152393981.56799996,11921817.6,137726103.01439998,0,2746060.9535999997,4,3,1,1
52,32,13,ok,58800,179621518.50240001,14089420.799999999,162039848.4224,0,3492249.2800000007,1,13,1,1
52,32,14,ok,44800,152357746.68799999,11560550.4,138115908.4032,0,2681287.8848000006,2,1,1,7
52,32,15,ok,44800,171801990.14399999,12386304,155960223.74400002,0,3455462.4000000004,1,1,1,15
52,32,16,ok,39200,147431827.86560002,11560550.399999999,133090722.6112,0,2780554.8544000005,4,4,1,1
52,64,1,ok,1254400,291041281.2288,23121100.799999997,264383253.70880002,0,3536926.7200000002,1,1,1,1
52,64,2,ok,627200,291250392.26880002,23121100.799999997,264484465.86880004,0,3644825.6000000006,1,1,1,2
52,64,3,ok,431200,301444040.98559999,23843635.199999999,273740524.18559992,0,3859881.6000000006,1,3,1,1
52,64,4,ok,313600,291668614.34880006,23121100.799999997,264686890.18880004,0,3860623.3600000003,1,2,1,2
52,64,5,ok,254800,297149165.50399995,23482368,269644696.704,0,4022100.8000000003,1,5,1,1
52,64,6,ok,215600,301843646.74560004,23843635.199999999,273816433.30560005,0,4183578.2400000002,1,6,1,1
52,64,7,ok,179200,302300017.86879998,23121100.800000001,274994597.06879997,0,4184320,1,1,1,7
52,64,8,ok,156800,292505058.50880003,23121100.799999997,265091738.82880002,0,4292218.8800000008,1,4,1,2
52,64,9,ok,156800,316485491.75999999,24385536,285009025.30559999,0,7090930.4544000002,9,1,1,1
52,64,10,ok,127400,298115734.01599997,23482368,270181692.79999995,0,4451673.216,2,5,1,1
52,64,11,ok,117600,302509656.34559995,23843635.199999996,273942948.50559998,0,4723072.6400000006,1,11,1,1
52,64,12,ok,107800,302825085.54240006,23843635.199999999,274361690.88,0,4619759.4624000005,2,6,1,1
52,64,13,ok,98000,298214780.86400002,23482367.999999996,269847121.02399999,0,4885291.8400000008,1,13,1,1
52,64,14,ok,89600,303251716.09600002,23121100.800000001,275523331.6864,0,4607283.6096000001,2,1,1,7
52,64,15,ok,91000,323577558.23999995,25159679.999999996,293068031.03999996,0,5349847.1999999993,1,5,1,3
52,64,16,ok,78400,293456756.73600006,23121100.799999997,265620473.44640005,0,4715182.4896000009,2,4,1,2
53,1,1,ok,14553,81310.521600000007,81310.521600000007,0,0,0,1,1,1,1
53,1,2,ok,7277,81310.521600000007,81310.521600000007,0,0,0,1,1,1,2
53,1,3,ok,4851,81310.521600000007,81310.521600000007,0,0,0,3,1,1,1
53,1,4,ok,3639,81310.521600000007,81310.521600000007,0,0,0,2,1,1,2
53,1,5,ok,2922,81618.516000000003,81618.516000000003,0,0,0,5,1,1,1
53,1,6,ok,2426,81310.521600000007,81310.521600000007,0,0,0,3,1,1,2
53,1,7,ok,2079,81310.521600000007,81310.521600000007,0,0,0,1,1,1,7
53,1,8,ok,1820,81310.521600000007,81310.521600000007,0,0,0,2,1,2,2
53,1,9,ok,1627,81772.513200000001,81772.513200000001,0,0,0,9,1,1,1
53,1,10,ok,1461,81618.516000000003,81618.516000000003,0,0,0,5,1,1,2
53,1,11,ok,1323,81310.521600000007,81310.521600000007,0,0,0,11,1,1,1
53,1,12,ok,1213,81310.521600000007,81310.521600000007,0,0,0,3,1,2,2
53,1,13,ok,1131,82080.507600000012,82080.507600000012,0,0,0,13,1,1,1
53,1,14,ok,1040,81310.521600000007,81310.521600000007,0,0,0,2,1,1,7
53,1,15,ok,993,83158.487999999998,83158.487999999998,0,0,0,15,1,1,1
53,1,16,ok,910,81310.521600000007,81310.521600000007,0,0,0,4,1,2,2
53,2,1,ok,29106,162621.04320000001,162621.04320000001,0,0,0,1,1,1,1
53,2,2,ok,14553,162621.04320000001,162621.04320000001,0,0,0,1,1,1,2
53,2,3,ok,9702,162621.04320000001,162621.04320000001,0,0,0,3,1,1,1
53,2,4,ok,7277,162621.04320000001,162621.04320000001,0,0,0,1,2,1,2
53,2,5,ok,5844,163237.03200000001,163237.03200000001,0,0,0,5,1,1,1
53,2,6,ok,4851,162621.04320000001,162621.04320000001,0,0,0,3,1,1,2
53,2,7,ok,4158,162621.04320000001,162621.04320000001,0,0,0,1,1,1,7
53,2,8,ok,3639,162621.04320000001,162621.04320000001,0,0,0,1,2,2,2
53,2,9,ok,3253,163545.0264,163545.0264,0,0,0,9,1,1,1
53,2,10,ok,2922,163237.03200000001,163237.03200000001,0,0,0,5,1,1,2
53,2,11,ok,2646,162621.04320000001,162621.04320000001,0,0,0,11,1,1,1
53,2,12,ok,2426,162621.04320000001,162621.04320000001,0,0,0,3,1,2,2
53,2,13,ok,2261,164161.01520000002,164161.01520000002,0,0,0,13,1,1,1
53,2,14,ok,2079,162621.04320000001,162621.04320000001,0,0,0,1,2,1,7
53,2,15,ok,1985,166316.976,166316.976,0,0,0,15,1,1,1
53,2,16,ok,1820,162621.04320000001,162621.04320000001,0,0,0,2,2,2,2
53,4,1,ok,58212,325242.08640000003,325242.08640000003,0,0,0,1,1,1,1
53,4,2,ok,29106,325242.08640000003,325242.08640000003,0,0,0,1,1,1,2
53,4,3,ok,19404,325242.08640000003,325242.08640000003,0,0,0,3,1,1,1
53,4,4,ok,14553,325242.08640000003,325242.08640000003,0,0,0,1,2,1,2
53,4,5,ok,11687,326474.06400000001,326474.06400000001,0,0,0,5,1,1,1
53,4,6,ok,9702,325242.08640000003,325242.08640000003,0,0,0,3,1,1,2
53,4,7,ok,8316,325242.08640000003,325242.08640000003,0,0,0,1,1,1,7
53,4,8,ok,7277,325242.08640000003,325242.08640000003,0,0,0,1,2,2,2
53,4,9,ok,6505,327090.0528,327090.0528,0,0,0,9,1,1,1
53,4,10,ok,5844,326474.06400000001,326474.06400000001,0,0,0,5,1,1,2
53,4,11,ok,5292,325242.08640000003,325242.08640000003,0,0,0,11,1,1,1
53,4,12,ok,4851,325242.08640000003,325242.08640000003,0,0,0,3,1,2,2
53,4,13,ok,4521,328322.03040000005,328322.03040000005,0,0,0,13,1,1,1
53,4,14,ok,4158,325242.08640000003,325242.08640000003,0,0,0,1,2,1,7
53,4,15,ok,3969,332633.95199999999,332633.95199999999,0,0,0,15,1,1,1
53,4,16,ok,3639,325242.08640000003,325242.08640000003,0,0,0,2,2,2,2
53,8,1,ok,116424,650484.17280000006,650484.17280000006,0,0,0,1,1,1,1
53,8,2,ok,58212,650484.17280000006,650484.17280000006,0,0,0,1,1,1,2
53,8,3,ok,38808,650484.17280000006,650484.17280000006,0,0,0,3,1,1,1
53,8,4,ok,29106,650484.17280000006,650484.17280000006,0,0,0,1,2,1,2
53,8,5,ok,23373,652948.12800000003,652948.12800000003,0,0,0,5,1,1,1
53,8,6,ok,19404,650484.17280000006,650484.17280000006,0,0,0,3,1,1,2
53,8,7,ok,16632,650484.17280000006,650484.17280000006,0,0,0,1,1,1,7
53,8,8,ok,14553,650484.17280000006,650484.17280000006,0,0,0,1,2,2,2
53,8,9,ok,13010,654180.10560000001,654180.10560000001,0,0,0,9,1,1,1
53,8,10,ok,11687,652948.12800000003,652948.12800000003,0,0,0,5,1,1,2
53,8,11,ok,10584,650484.17280000006,650484.17280000006,0,0,0,11,1,1,1
53,8,12,ok,9702,650484.17280000006,650484.17280000006,0,0,0,3,1,2,2
53,8,13,ok,9041,656644.06080000009,656644.06080000009,0,0,0,13,1,1,1
53,8,14,ok,8316,650484.17280000006,650484.17280000006,0,0,0,1,2,1,7
53,8,15,ok,7938,665267.90399999998,665267.90399999998,0,0,0,15,1,1,1
53,8,16,ok,7277,650484.17280000006,650484.17280000006,0,0,0,2,2,2,2
53,16,1,ok,232848,1300968.3456000001,1300968.3456000001,0,0,0,1,1,1,1
53,16,2,ok,116424,1300968.3456000001,1300968.3456000001,0,0,0,1,1,1,2
53,16,3,ok,77616,1300968.3456000001,1300968.3456000001,0,0,0,3,1,1,1
53,16,4,ok,58212,1300968.3456000001,1300968.3456000001,0,0,0,1,2,1,2
53,16,5,ok,46746,1305896.2560000001,1305896.2560000001,0,0,0,5,1,1,1
53,16,6,ok,38808,1300968.3456000001,1300968.3456000001,0,0,0,3,1,1,2
53,16,7,ok,33264,1300968.3456000001,1300968.3456000001,0,0,0,1,1,1,7
53,16,8,ok,29106,1300968.3456000001,1300968.3456000001,0,0,0,1,2,2,2
53,16,9,ok,26019,1308360.2112,1308360.2112,0,0,0,9,1,1,1
53,16,10,ok,23373,1305896.2560000001,1305896.2560000001,0,0,0,5,1,1,2
53,16,11,ok,21168,1300968.3456000001,1300968.3456000001,0,0,0,11,1,1,1
53,16,12,ok,19404,1300968.3456000001,1300968.3456000001,0,0,0,3,1,2,2
53,16,13,ok,18081,1313288.1216000002,1313288.1216000002,0,0,0,13,1,1,1
53,16,14,ok,16632,1300968.3456000001,1300968.3456000001,0,0,0,1,2,1,7
53,16,15,ok,15876,1330535.808,1330535.808,0,0,0,15,1,1,1
53,16,16,ok,14553,1300968.3456000001,1300968.3456000001,0,0,0,2,2,2,2
53,32,1,ok,465696,2601936.6912000002,2601936.6912000002,0,0,0,1,1,1,1
53,32,2,ok,232848,2601936.6912000002,2601936.6912000002,0,0,0,1,1,1,2
53,32,3,ok,155232,2601936.6912000002,2601936.6912000002,0,0,0,3,1,1,1
53,32,4,ok,116424,2601936.6912000002,2601936.6912000002,0,0,0,1,2,1,2
53,32,5,ok,93492,2611792.5120000001,2611792.5120000001,0,0,0,5,1,1,1
53,32,6,ok,77616,2601936.6912000002,2601936.6912000002,0,0,0,3,1,1,2
53,32,7,ok,66528,2601936.6912000002,2601936.6912000002,0,0,0,1,1,1,7
53,32,8,ok,58212,2601936.6912000002,2601936.6912000002,0,0,0,1,2,2,2
53,32,9,ok,52038,2616720.4224,2616720.4224,0,0,0,9,1,1,1
53,32,10,ok,46746,2611792.5120000001,2611792.5120000001,0,0,0,5,1,1,2
53,32,11,ok,42336,2601936.6912000002,2601936.6912000002,0,0,0,11,1,1,1
53,32,12,ok,38808,2601936.6912000002,2601936.6912000002,0,0,0,3,1,2,2
53,32,13,ok,36162,2626576.2432000004,2626576.2432000004,0,0,0,13,1,1,1
53,32,14,ok,33264,2601936.6912000002,2601936.6912000002,0,0,0,1,2,1,7
53,32,15,ok,31752,2661071.6159999999,2661071.6159999999,0,0,0,15,1,1,1
53,32,16,ok,29106,2601936.6912000002,2601936.6912000002,0,0,0,2,2,2,2
53,64,1,ok,931392,5203873.3824000005,5203873.3824000005,0,0,0,1,1,1,1
53,64,2,ok,465696,5203873.3824000005,5203873.3824000005,0,0,0,1,1,1,2
53,64,3,ok,310464,5203873.3824000005,5203873.3824000005,0,0,0,3,1,1,1
53,64,4,ok,232848,5203873.3824000005,5203873.3824000005,0,0,0,1,2,1,2
53,64,5,ok,186984,5223585.0240000002,5223585.0240000002,0,0,0,5,1,1,1
53,64,6,ok,155232,5203873.3824000005,5203873.3824000005,0,0,0,3,1,1,2
53,64,7,ok,133056,5203873.3824000005,5203873.3824000005,0,0,0,1,1,1,7
53,64,8,ok,116424,5203873.3824000005,5203873.3824000005,0,0,0,1,2,2,2
53,64,9,ok,104076,5233440.8448000001,5233440.8448000001,0,0,0,9,1,1,1
53,64,10,ok,93492,5223585.0240000002,5223585.0240000002,0,0,0,5,1,1,2
53,64,11,ok,84672,5203873.3824000005,5203873.3824000005,0,0,0,11,1,1,1
53,64,12,ok,77616,5203873.3824000005,5203873.3824000005,0,0,0,3,1,2,2
53,64,13,ok,72324,5253152.4864000008,5253152.4864000008,0,0,0,13,1,1,1
53,64,14,ok,66528,5203873.3824000005,5203873.3824000005,0,0,0,1,2,1,7
53,64,15,ok,63063,5285183.9040000001,5285183.9040000001,0,0,0,3,5,1,1
53,64,16,ok,58212,5203873.3824000005,5203873.3824000005,0,0,0,2,2,2,2
54,1,1,ok,13328,3506290.6432000003,238436.35199999998,3040625.9712000005,0,227228.32000000001,1,1,1,1
54,1,2,ok,6664,3594203.9103999999,238436.35199999998,3057325.9775999999,0,298441.58080000005,1,1,1,2
54,1,3,ok,4760,3961658.5248000007,255467.51999999999,3325392.2304000007,0,380798.77439999999,1,1,1,3
54,1,4,ok,3332,3770030.4448000006,238436.35199999998,3090725.9904000005,0,440868.10240000003,1,1,2,2
54,1,5,ok,2856,4116851.6639999994,255467.51999999996,3338158.8479999993,0,523225.29600000003,1,1,1,5
54,1,6,ok,2380,4224543.9168000007,255467.51999999999,3471443.3664000006,0,497633.03040000005,2,1,1,3
54,1,7,ok,1904,4095670.4320000005,238436.35199999996,3202726.1952000004,0,654507.88480000012,1,1,1,7
54,1,8,ok,1666,4015390.1440000003,238436.35199999998,3227040.3840000005,0,549913.40800000005,2,1,2,2
54,1,9,ok,1700,4806332.4815999996,273715.20000000001,3712599.0143999998,0,820018.26719999989,1,1,3,3
54,1,10,ok,1428,4379737.0559999999,255467.51999999996,3484209.9839999997,0,640059.55200000003,2,1,1,5
54,1,11,ok,1904,5209991.6087999996,245887.48799999998,3642729.5255999994,0,1321374.5951999999,11,1,1,1
54,1,12,ok,1190,4488283.7184000006,255467.51999999999,3521543.3856000002,0,711272.81280000007,2,1,2,3
54,1,13,ok,1904,5615376.182000001,242161.92000000001,3835595.6652000002,0,1537618.5968000002,13,1,1,1
54,1,14,ok,952,4341030.1312000006,238436.35199999996,3339040.5888,0,763553.19040000008,2,1,1,7
54,1,15,ok,952,5202318.2879999997,255467.51999999996,3711492.8640000001,0,1235357.9040000001,1,1,1,15
54,1,16,ok,833,4506109.5424000006,238436.35199999998,3499669.1712000007,0,768004.0192000001,4,1,2,2
54,2,1,ok,26656,6924668.0192000009,476872.70399999997,6064551.9360000007,0,383243.37920000002,1,1,1,1
54,2,2,ok,13328,7012581.2864000006,476872.70399999997,6081251.942400001,0,454456.64000000001,1,1,1,2
54,2,3,ok,9520,7659577.2480000015,510935.03999999998,6600684.4416000014,0,547957.76639999996,1,1,1,3
54,2,4,ok,6664,7188407.8207999999,476872.70399999997,6114651.9551999997,0,596883.16160000011,1,2,1,2
54,2,5,ok,5712,7794136.9919999987,510935.03999999992,6592817.6639999999,0,690384.28800000006,1,1,1,5
54,2,6,ok,4760,7923317.0496000014,510935.03999999998,6650784.4608000014,0,761597.54879999999,1,2,1,3
54,2,7,ok,3808,7575947.9935999997,476872.70399999991,6288552.3456000015,0,810522.94400000013,1,1,1,7
54,2,8,ok,3332,7540060.8896000013,476872.70399999997,6181451.980800001,0,881736.20480000007,1,2,2,2
54,2,9,ok,3400,8821445.5583999995,547430.40000000002,7274897.9711999986,0,999117.18720000016,1,1,3,3
54,2,10,ok,2856,8233703.3279999988,510935.03999999992,6676317.6959999986,0,1046450.5920000001,1,2,1,5
54,2,11,ok,3808,10277657.016000001,491774.97599999997,7216571.5248000007,0,2569310.5151999998,11,1,1,1
54,2,12,ok,2380,8449087.8336000014,510935.03999999998,6942886.7328000013,0,995266.06080000009,2,2,1,3
54,2,13,ok,3808,11090582.620000001,484323.84000000003,7603347.5544000007,0,3002911.2256,13,1,1,1
54,2,14,ok,1904,8066667.3920000009,476872.70399999991,6561181.1328000007,0,1028613.5552000001,2,1,1,7
54,2,15,ok,1904,9085937.5680000018,510935.03999999992,7172485.6320000002,0,1402516.8960000002,1,1,1,15
54,2,16,ok,1666,8030780.2880000006,476872.70399999997,6454080.7680000011,0,1099826.8160000001,2,2,2,2
54,4,1,ok,53312,13402579.6096,953745.40799999994,11753560.704,0,695273.4976,1,1,1,1
54,4,2,ok,26656,13540592.896000002,953745.40799999994,11820360.729600001,0,766486.75840000005,1,1,1,2
54,4,3,ok,19040,14767561.344000001,1021870.08,12863415.513599999,0,882275.75040000002,1,1,1,3
54,4,4,ok,13328,13816619.468799999,953745.40799999994,11953960.7808,0,908913.28000000003,1,1,2,2
54,4,5,ok,11424,14961054.335999999,1021870.0799999998,12914481.983999999,0,1024702.2720000001,1,1,1,5
54,4,6,ok,9520,15181601.203200005,1021870.08,13063815.590400003,0,1095915.5327999999,1,1,2,3
54,4,7,ok,7616,14478260.070400001,953745.40799999982,12401961.600000001,0,1122553.0624000002,1,1,1,7
54,4,8,ok,6664,14376815.6416,953745.40799999994,12229303.910399999,0,1193766.3232000002,1,2,2,2
54,4,9,ok,6800,16833121.804799996,1094860.8,14380945.977599997,0,1357315.0272000001,1,1,3,3
54,4,10,ok,5712,15574442.495999997,1021870.0799999998,13060533.119999999,0,1492039.2960000001,2,1,1,5
54,4,11,ok,6664,20412987.830400001,983549.95199999993,14364255.5232,0,5065182.3552000001,11,1,1,1
54,4,12,ok,4760,15794989.363200003,1021870.08,13209866.726400001,0,1563252.5568000001,2,1,2,3
54,4,13,ok,6664,22040995.496000003,968647.68000000005,15138851.332800001,0,5933496.4832000006,13,1,1,1
54,4,14,ok,3808,15050755.686400002,953745.40799999982,12538275.993600002,0,1558734.2848,2,1,1,7
54,4,15,ok,3696,17137781.568,1021870.0799999998,14379076.607999999,0,1736834.8800000001,1,1,1,15
54,4,16,ok,3332,15080121.779200003,953745.40799999994,12362903.961600002,0,1763472.4096000001,1,4,2,2
54,8,1,ok,106624,26667145.932800002,1907490.8159999999,23440321.382400002,0,1319333.7344000002,1,1,1,1
54,8,2,ok,53312,26805159.2192,1907490.8159999999,23507121.408,0,1390546.9952,1,1,1,2
54,8,3,ok,38080,29121082.828800008,2043740.1599999999,25526430.950400006,0,1550911.7184000001,1,1,1,3
54,8,4,ok,26656,27081185.792000003,1907490.8159999999,23640721.459200002,0,1532973.5168000001,1,2,1,2
54,8,5,ok,22848,29232042.239999995,2043740.1599999997,25494963.839999996,0,1693338.2400000002,1,1,1,5
54,8,6,ok,19040,29535122.688000001,2043740.1599999999,25726831.027199998,0,1764551.5008,1,2,1,3
54,8,7,ok,15232,27990427.136000004,1907490.8159999996,24336323.020800002,0,1746613.2992000002,1,1,1,7
54,8,8,ok,13328,27633238.937599998,1907490.8159999999,23907921.5616,0,1817826.5600000001,1,2,2,2
54,8,9,ok,13328,31556615.788800001,2145927.1680000001,27365633.740800004,0,2045054.8800000001,1,9,1,1
54,8,10,ok,11424,29922108.671999998,2043740.1599999997,25828963.967999998,0,2049404.5440000002,1,2,1,5
54,8,11,ok,13328,40683649.459200002,1967099.9039999999,28659623.52,0,10056926.0352,11,1,1,1
54,8,12,ok,9520,30363202.40640001,2043740.1599999999,26127631.180800006,0,2191831.0655999999,1,2,2,3
54,8,13,ok,13328,43941821.248000003,1937295.3600000001,30209858.889600001,0,11794666.998400001,13,1,1,1
54,8,14,ok,7616,28956520.140800003,1907490.8159999996,24803923.200000003,0,2245106.1248000003,1,2,1,7
54,8,15,ok,7392,32205363.84,2043740.1599999997,27756152.832000002,0,2405470.8480000002,1,1,1,15
54,8,16,ok,6664,28753631.283199999,1907490.8159999999,24458607.820799999,0,2387532.6464000004,1,4,2,2
54,16,1,ok,213248,53196278.5792,3814981.6319999998,46813842.739200003,0,2567454.2080000001,1,1,1,1
54,16,2,ok,106624,53334291.865600005,3814981.6319999998,46880642.764800005,0,2638667.4688000004,1,1,1,2
54,16,3,ok,76160,57828125.798400015,4087480.3199999998,50852461.824000008,0,2888183.6544000003,1,1,1,3
54,16,4,ok,53312,53610318.4384,3814981.6319999998,47014242.816,0,2781093.9904,1,2,1,2
54,16,5,ok,45696,57774018.047999993,4087480.3199999994,50655927.551999994,0,3030610.176,1,1,1,5
54,16,6,ok,38080,58242165.657600015,4087480.3199999998,51052861.900800012,0,3101823.4368000003,1,2,1,3
54,16,7,ok,30464,55014761.267200008,3814981.6319999993,48205045.86240001,0,2994733.7728000004,1,1,1,7
54,16,8,ok,26656,54162371.584000006,3814981.6319999998,47281442.918400005,0,3065947.0336000002,1,2,2,2
54,16,9,ok,26656,62322012.172800004,4291854.3360000001,54580967.42400001,0,3449190.4128,1,9,1,1
54,16,10,ok,22848,58464084.479999989,4087480.3199999994,50989927.679999992,0,3386676.4800000004,1,2,1,5
54,16,11,ok,26656,81224972.716799989,3934199.8079999997,57250359.513599992,0,20040413.395199999,11,1,1,1
54,16,12,ok,19040,59070245.376000002,4087480.3199999998,51453662.054399997,0,3529103.0016000001,1,4,1,3
54,16,13,ok,26656,87743472.752000019,3874590.7200000002,60351874.003200017,0,23517008.028800003,13,1,1,1
54,16,14,ok,15232,55980854.272000007,3814981.6319999993,48672646.041600004,0,3493226.5984000005,1,2,1,7
54,16,15,ok,14784,62340528.384000003,4087480.3199999994,54510305.280000001,0,3742742.7840000005,1,1,1,15
54,16,16,ok,13328,55266477.875199996,3814981.6319999998,47815843.123199999,0,3635653.1200000001,1,4,2,2
54,32,1,ok,426496,106254543.87200001,7629963.2639999995,93560885.452800006,0,5063695.1552000009,1,1,1,1
54,32,2,ok,213248,106392557.1584,7629963.2639999995,93627685.478400007,0,5134908.4160000002,1,1,1,2
54,32,3,ok,146608,113070193.2096,7868399.6160000004,99839656.857600003,0,5362136.7359999996,1,3,1,1
54,32,4,ok,106624,106668583.73120001,7629963.2639999995,93761285.529600009,0,5277334.9376000008,1,2,1,2
54,32,5,ok,91392,114857969.66399997,8174960.6399999987,100977854.97599998,0,5705154.0480000004,1,1,1,5
54,32,6,ok,73304,113333933.01120001,7868399.6160000004,99889756.876800001,0,5575776.5184000004,1,3,1,2
54,32,7,ok,60928,109063429.52960002,7629963.2639999986,95942491.545600012,0,5490974.7200000007,1,1,1,7
54,32,8,ok,53312,107220636.8768,7629963.2639999995,94028485.631999999,0,5562187.9808,1,2,2,2
54,32,9,ok,53312,120623216.48640001,8583708.6720000003,105782046.336,0,6257461.4784000004,1,9,1,1
54,32,10,ok,45696,115548036.09599999,8174960.6399999987,101311855.10399999,0,6061220.352,1,2,1,5
54,32,11,ok,39984,113773499.34720001,7868399.6159999995,99973256.908800006,0,5931842.8224000009,1,11,1,1
54,32,12,ok,36652,113861412.61439998,7868399.6160000004,99989956.915199995,0,6003056.0832000002,1,3,2,2
54,32,13,ok,39984,134459590.1376,9299017.7280000001,118150212.71040002,0,7010359.6992000015,1,13,1,1
54,32,14,ok,30464,110029522.53440002,7629963.2639999986,96410091.72480002,0,5989467.5456000008,1,2,1,7
54,32,15,ok,29568,122610857.472,8174960.6399999987,108018610.17600001,0,6417286.6560000014,1,1,1,15
54,32,16,ok,26656,108324743.16800001,7629963.2639999995,94562885.836800009,0,6131894.0672000004,1,4,2,2
54,64,1,ok,852992,212371074.4576,15259926.527999999,187054970.88,0,10056177.049600001,1,1,1,1
54,64,2,ok,426496,212509087.74400002,15259926.527999999,187121770.90560001,0,10127390.310400002,1,1,1,2
54,64,3,ok,293216,225876646.61759996,15736799.232000001,199629213.69599998,0,10510633.6896,1,3,1,1
54,64,4,ok,213248,212785114.3168,15259926.527999999,187255370.95680001,0,10269816.832,1,2,1,2
54,64,5,ok,173264,222634095.77599999,15498362.879999999,196638687.74399999,0,10497045.152000001,1,5,1,1
54,64,6,ok,146608,226140386.4192,15736799.232000001,199679313.71520001,0,10724273.471999999,1,3,1,2
54,64,7,ok,121856,217160766.05440003,15259926.527999997,191417382.912,0,10483456.614400001,1,1,1,7
54,64,8,ok,106624,213337167.46240002,15259926.527999999,187522571.05920002,0,10554669.875200002,1,2,2,2
54,64,9,ok,106624,240004313.39520001,17167417.344000001,210962892.44160002,0,11874003.609600002,1,9,1,1
54,64,10,ok,86632,223073662.11199999,15498362.879999999,196722187.77600002,0,10853111.456000002,1,5,1,2
54,64,11,ok,79968,226579952.75519997,15736799.231999999,199762813.74719998,0,11080339.776000002,1,11,1,1
54,64,12,ok,73304,226667866.02240002,15736799.232000001,199779513.7536,0,11151553.036800001,1,3,2,2
54,64,13,ok,66640,223337401.9136,15498362.880000001,196772287.79519999,0,11066751.238400001,1,13,1,1
54,64,14,ok,60928,218126859.05920005,15259926.527999997,191884983.09120002,0,10981949.440000001,1,2,1,7
54,64,15,ok,59136,243151515.648,16349921.279999997,215035219.96799999,0,11766374.4,1,1,1,15
54,64,16,ok,53312,214441273.7536,15259926.527999999,188056971.264,0,11124375.9616,1,4,2,2
55,1,1,ok,5733,32031.417600000001,32031.417600000001,0,0,0,1,1,1,1
55,1,2,ok,2867,32031.417600000001,32031.417600000001,0,0,0,2,1,1,1
55,1,3,ok,1916,32108.416200000003,32108.416200000003,0,0,0,3,1,1,1
55,1,4,ok,1434,32031.417600000001,32031.417600000001,0,0,0,4,1,1,1
55,1,5,ok,1151,32146.915499999999,32146.915499999999,0,0,0,5,1,1,1
55,1,6,ok,958,32108.416200000003,32108.416200000003,0,0,0,6,1,1,1
55,1,7,ok,819,32031.417600000001,32031.417600000001,0,0,0,1,1,1,7
55,1,8,ok,717,32031.417600000001,32031.417600000001,0,0,0,8,1,1,1
55,1,9,ok,641,32223.914100000002,32223.914100000002,0,0,0,9,1,1,1
55,1,10,ok,579,32339.412000000004,32339.412000000004,0,0,0,10,1,1,1
55,1,11,ok,524,32185.414800000002,32185.414800000002,0,0,0,11,1,1,1
55,1,12,ok,483,32339.412,32339.412,0,0,0,12,1,1,1
55,1,13,ok,441,32031.417599999997,32031.417599999997,0,0,0,13,1,1,1
55,1,14,ok,410,32031.417600000001,32031.417600000001,0,0,0,2,1,1,7
55,1,15,ok,386,32339.412000000004,32339.412000000004,0,0,0,15,1,1,1
55,1,16,ok,359,32031.417600000001,32031.417600000001,0,0,0,16,1,1,1
55,2,1,ok,11466,64062.835200000001,64062.835200000001,0,0,0,1,1,1,1
55,2,2,ok,5733,64062.835200000001,64062.835200000001,0,0,0,1,2,1,1
55,2,3,ok,3832,64216.832400000007,64216.832400000007,0,0,0,3,1,1,1
55,2,4,ok,2867,64062.835200000001,64062.835200000001,0,0,0,2,2,1,1
55,2,5,ok,2302,64293.830999999998,64293.830999999998,0,0,0,5,1,1,1
55,2,6,ok,1916,64216.832400000007,64216.832400000007,0,0,0,3,2,1,1
55,2,7,ok,1638,64062.835200000001,64062.835200000001,0,0,0,1,1,1,7
55,2,8,ok,1434,64062.835200000001,64062.835200000001,0,0,0,4,2,1,1
55,2,9,ok,1282,64447.828200000004,64447.828200000004,0,0,0,9,1,1,1
55,2,10,ok,1151,64293.830999999998,64293.830999999998,0,0,0,5,2,1,1
55,2,11,ok,1048,64370.829600000005,64370.829600000005,0,0,0,11,1,1,1
55,2,12,ok,958,64216.832400000007,64216.832400000007,0,0,0,6,2,1,1
55,2,13,ok,882,64062.835199999994,64062.835199999994,0,0,0,13,1,1,1
55,2,14,ok,819,64062.835200000001,64062.835200000001,0,0,0,1,2,1,7
55,2,15,ok,772,64678.824000000008,64678.824000000008,0,0,0,15,1,1,1
55,2,16,ok,717,64062.835200000001,64062.835200000001,0,0,0,8,2,1,1
55,4,1,ok,22932,128125.6704,128125.6704,0,0,0,1,1,1,1
55,4,2,ok,11466,128125.6704,128125.6704,0,0,0,1,2,1,1
55,4,3,ok,7663,128433.66480000001,128433.66480000001,0,0,0,3,1,1,1
55,4,4,ok,5733,128125.6704,128125.6704,0,0,0,2,2,1,1
55,4,5,ok,4603,128587.662,128587.662,0,0,0,5,1,1,1
55,4,6,ok,3832,128433.66480000001,128433.66480000001,0,0,0,3,2,1,1
55,4,7,ok,3276,128125.6704,128125.6704,0,0,0,1,1,1,7
55,4,8,ok,2867,128125.6704,128125.6704,0,0,0,2,4,1,1
55,4,9,ok,2564,128895.65640000001,128895.65640000001,0,0,0,9,1,1,1
55,4,10,ok,2302,128587.662,128587.662,0,0,0,5,2,1,1
55,4,11,ok,2095,128741.65920000001,128741.65920000001,0,0,0,11,1,1,1
55,4,12,ok,1916,128433.66480000001,128433.66480000001,0,0,0,3,4,1,1
55,4,13,ok,1764,128125.67039999999,128125.67039999999,0,0,0,13,1,1,1
55,4,14,ok,1638,128125.6704,128125.6704,0,0,0,1,2,1,7
55,4,15,ok,1544,129357.64800000002,129357.64800000002,0,0,0,15,1,1,1
55,4,16,ok,1434,128125.6704,128125.6704,0,0,0,4,4,1,1
55,8,1,ok,45864,256251.34080000001,256251.34080000001,0,0,0,1,1,1,1
55,8,2,ok,22932,256251.34080000001,256251.34080000001,0,0,0,1,2,1,1
55,8,3,ok,15325,256867.32960000003,256867.32960000003,0,0,0,3,1,1,1
55,8,4,ok,11466,256251.34080000001,256251.34080000001,0,0,0,2,2,1,1
55,8,5,ok,9206,257175.32399999999,257175.32399999999,0,0,0,5,1,1,1
55,8,6,ok,7663,256867.32960000003,256867.32960000003,0,0,0,3,2,1,1
55,8,7,ok,6552,256251.34080000001,256251.34080000001,0,0,0,1,1,1,7
55,8,8,ok,5733,256251.34080000001,256251.34080000001,0,0,0,2,4,1,1
55,8,9,ok,5127,257791.31280000001,257791.31280000001,0,0,0,9,1,1,1
55,8,10,ok,4603,257175.32399999999,257175.32399999999,0,0,0,5,2,1,1
55,8,11,ok,4190,257483.31840000002,257483.31840000002,0,0,0,11,1,1,1
55,8,12,ok,3832,256867.32960000003,256867.32960000003,0,0,0,3,4,1,1
55,8,13,ok,3528,256251.34079999998,256251.34079999998,0,0,0,13,1,1,1
55,8,14,ok,3276,256251.34080000001,256251.34080000001,0,0,0,1,2,1,7
55,8,15,ok,3087,258715.29600000003,258715.29600000003,0,0,0,15,1,1,1
55,8,16,ok,2867,256251.34080000001,256251.34080000001,0,0,0,4,4,1,1
55,16,1,ok,91728,512502.68160000001,512502.68160000001,0,0,0,1,1,1,1
55,16,2,ok,45864,512502.68160000001,512502.68160000001,0,0,0,1,2,1,1
55,16,3,ok,30650,513734.65920000005,513734.65920000005,0,0,0,3,1,1,1
55,16,4,ok,22932,512502.68160000001,512502.68160000001,0,0,0,2,2,1,1
55,16,5,ok,18412,514350.64799999999,514350.64799999999,0,0,0,5,1,1,1
55,16,6,ok,15325,513734.65920000005,513734.65920000005,0,0,0,3,2,1,1
55,16,7,ok,13104,512502.68160000001,512502.68160000001,0,0,0,1,1,1,7
55,16,8,ok,11466,512502.68160000001,512502.68160000001,0,0,0,2,4,1,1
55,16,9,ok,10254,515582.62560000003,515582.62560000003,0,0,0,9,1,1,1
55,16,10,ok,9206,514350.64799999999,514350.64799999999,0,0,0,5,2,1,1
55,16,11,ok,8379,514966.63680000004,514966.63680000004,0,0,0,11,1,1,1
55,16,12,ok,7663,513734.65920000005,513734.65920000005,0,0,0,3,4,1,1
55,16,13,ok,7056,512502.68159999995,512502.68159999995,0,0,0,13,1,1,1
55,16,14,ok,6552,512502.68160000001,512502.68160000001,0,0,0,1,2,1,7
55,16,15,ok,6174,517430.59200000006,517430.59200000006,0,0,0,15,1,1,1
55,16,16,ok,5733,512502.68160000001,512502.68160000001,0,0,0,4,4,1,1
55,32,1,ok,183456,1025005.3632,1025005.3632,0,0,0,1,1,1,1
55,32,2,ok,91728,1025005.3632,1025005.3632,0,0,0,1,2,1,1
55,32,3,ok,61299,1027469.3184000001,1027469.3184000001,0,0,0,3,1,1,1
55,32,4,ok,45864,1025005.3632,1025005.3632,0,0,0,2,2,1,1
55,32,5,ok,36824,1028701.296,1028701.296,0,0,0,5,1,1,1
55,32,6,ok,30650,1027469.3184000001,1027469.3184000001,0,0,0,3,2,1,1
55,32,7,ok,26208,1025005.3632,1025005.3632,0,0,0,1,1,1,7
55,32,8,ok,22932,1025005.3632,1025005.3632,0,0,0,2,4,1,1
55,32,9,ok,20507,1031165.2512000001,1031165.2512000001,0,0,0,9,1,1,1
55,32,10,ok,18412,1028701.296,1028701.296,0,0,0,5,2,1,1
55,32,11,ok,16758,1029933.2736000001,1029933.2736000001,0,0,0,11,1,1,1
55,32,12,ok,15325,1027469.3184000001,1027469.3184000001,0,0,0,3,4,1,1
55,32,13,ok,14112,1025005.3631999999,1025005.3631999999,0,0,0,13,1,1,1
55,32,14,ok,13104,1025005.3632,1025005.3632,0,0,0,1,2,1,7
55,32,15,ok,12348,1034861.1840000001,1034861.1840000001,0,0,0,15,1,1,1
55,32,16,ok,11466,1025005.3632,1025005.3632,0,0,0,4,4,1,1
55,64,1,ok,366912,2050010.7264,2050010.7264,0,0,0,1,1,1,1
55,64,2,ok,183456,2050010.7264,2050010.7264,0,0,0,1,2,1,1
55,64,3,ok,122598,2054938.6368000002,2054938.6368000002,0,0,0,3,1,1,1
55,64,4,ok,91728,2050010.7264,2050010.7264,0,0,0,2,2,1,1
55,64,5,ok,73647,2057402.5919999999,2057402.5919999999,0,0,0,5,1,1,1
55,64,6,ok,61299,2054938.6368000002,2054938.6368000002,0,0,0,3,2,1,1
55,64,7,ok,52416,2050010.7264,2050010.7264,0,0,0,1,1,1,7
55,64,8,ok,45864,2050010.7264,2050010.7264,0,0,0,2,4,1,1
55,64,9,ok,41013,2062330.5024000001,2062330.5024000001,0,0,0,9,1,1,1
55,64,10,ok,36824,2057402.5919999999,2057402.5919999999,0,0,0,5,2,1,1
55,64,11,ok,33516,2059866.5472000001,2059866.5472000001,0,0,0,11,1,1,1
55,64,12,ok,30650,2054938.6368000002,2054938.6368000002,0,0,0,3,4,1,1
55,64,13,ok,28224,2050010.7263999998,2050010.7263999998,0,0,0,13,1,1,1
55,64,14,ok,26208,2050010.7264,2050010.7264,0,0,0,1,2,1,7
55,64,15,ok,24696,2069722.3680000002,2069722.3680000002,0,0,0,15,1,1,1
55,64,16,ok,22932,2050010.7264,2050010.7264,0,0,0,4,4,1,1
56,1,1,ok,10192,2848714.3871999998,187858.94399999999,2369983.6543999994,0,290871.78880000004,1,1,1,1
56,1,2,ok,5096,2945371.2383999997,187858.94399999999,2423683.2639999995,0,333829.03040000005,2,1,1,1
56,1,3,ok,3822,3122922.4190999996,189326.59199999998,2554872.7226999998,0,378723.10440000001,3,1,1,1
56,1,4,ok,2548,3138684.9408,187858.94399999999,2531082.4831999997,0,419743.51360000006,4,1,1,1
56,1,5,ok,2548,3397130.4509999999,190794.23999999999,2739761.7910000002,0,466574.42000000004,5,1,1,1
56,1,6,ok,2184,3461438.1759000001,189326.59199999998,2764516.7546999999,0,507594.82920000004,6,1,1,1
56,1,7,ok,1820,3511877.16145,190060.41599999997,2770296.2584500001,0,551520.48699999996,7,1,1,1
56,1,8,ok,1274,3525312.3455999997,187858.94399999999,2745880.9215999995,0,591572.47999999998,8,1,1,1
56,1,9,ok,1274,3729174.8125499994,191528.06399999998,2898274.9459499996,0,639371.80260000005,9,1,1,1
56,1,10,ok,1274,3880414.7070000004,190794.23999999999,3008259.8390000006,0,681360.62800000003,10,1,1,1
56,1,11,ok,1092,3755205.0492000002,193729.53599999996,2833283.9788000002,0,728191.5344,11,1,1,1
56,1,12,ok,1092,3859102.2971999999,193729.53599999999,2894223.9852,0,771148.77600000007,12,1,1,1
56,1,13,ok,1092,3923418.7070000004,190794.23999999999,2922392.1142000002,0,810232.35280000011,13,1,1,1
56,1,14,ok,728,4932863.4880000008,187858.94399999999,3064597.4912000005,0,1680407.0528000002,2,1,1,7
56,1,15,ok,1092,4230165.2985000005,198132.47999999998,3126201.8204999999,0,905830.99800000014,15,1,1,1
56,1,16,ok,728,3942115.7247999995,187858.94399999999,2819026.3679999993,0,935230.41280000005,16,1,1,1
56,2,1,ok,20384,5420368.7807999998,375717.88799999998,4687336.9855999993,0,357313.90720000002,1,1,1,1
56,2,2,ok,10192,5613682.4831999997,375717.88799999998,4794736.2047999995,0,443228.39040000003,2,1,1,1
56,2,3,ok,7644,5966620.3134000003,378653.18399999995,5056703.9478000002,0,531263.18160000001,3,1,1,1
56,2,4,ok,5096,5890742.4767999994,375717.88799999998,4847366.527999999,0,667658.06080000009,2,2,1,1
56,2,5,ok,5096,6376269.0940000014,381588.47999999998,5289468.1580000008,0,705212.45600000012,5,1,1,1
56,2,6,ok,3822,6245844.8381999992,378653.18399999995,5109745.4453999996,0,757446.20880000002,3,2,1,1
56,2,7,ok,2912,7732993.3183999993,375717.88799999998,5653383.5007999996,0,1703891.9295999999,1,1,1,7
56,2,8,ok,2548,6277369.8816,375717.88799999998,5062164.9663999993,0,839487.02720000013,4,2,1,1
56,2,9,ok,2548,7175878.3034999995,383056.12799999997,5742891.632699999,0,1049930.5428000002,9,1,1,1
56,2,10,ok,2548,6794260.9019999998,381588.47999999998,5479523.5820000004,0,933148.84000000008,5,2,1,1
56,2,11,ok,2184,7061866.9176000003,387459.07199999993,5449467.8743999992,0,1224939.9712,11,1,1,1
56,2,12,ok,2184,6922876.3518000003,378653.18399999995,5529033.5093999999,0,1015189.6584000001,6,2,1,1
56,2,13,ok,2184,7405090.3419999992,381588.47999999998,5630973.5403999994,0,1392528.3216000001,13,1,1,1
56,2,14,ok,1456,7926307.0207999982,375717.88799999998,5760782.7199999997,0,1789806.4128,2,1,1,7
56,2,15,ok,2184,8001593.2530000005,396264.95999999996,6030369.4649999999,0,1574958.8280000002,15,1,1,1
56,2,16,ok,1274,7050624.6911999993,375717.88799999998,5491761.8431999991,0,1183144.96,8,2,1,1
56,4,1,ok,40768,10563677.567999998,751435.77599999995,9322043.6479999982,0,490198.14400000003,1,1,1,1
56,4,2,ok,20384,10785998.284799999,751435.77599999995,9372535.3983999975,0,662027.11040000001,2,1,1,1
56,4,3,ok,14014,11139783.692399999,757306.3679999999,9546133.9883999992,0,836343.33600000013,3,1,1,1
56,4,4,ok,10192,11227364.966399999,751435.77599999995,9589472.409599999,0,886456.78080000007,2,2,1,1
56,4,5,ok,8918,11782451.148000002,763176.95999999996,9836785.6600000001,0,1182488.5280000002,5,1,1,1
56,4,6,ok,7644,11933240.626800001,757306.3679999999,10113407.8956,0,1062526.3632,3,2,1,1
56,4,7,ok,6370,12201056.620200001,760241.66399999987,9915912.125,0,1524902.8312000001,7,1,1,1
56,4,8,ok,5096,11781484.953599999,751435.77599999995,9694733.055999998,0,1335316.1216000002,2,4,1,1
56,4,9,ok,5096,12780370.603799999,766112.25599999994,10143210.3246,0,1871048.0232000002,9,1,1,1
56,4,10,ok,5096,12752538.188000003,763176.95999999996,10578936.316000002,0,1410424.9120000002,5,2,1,1
56,4,11,ok,3822,13138722.379199998,774918.14399999985,10145367.3904,0,2218436.8448000001,11,1,1,1
56,4,12,ok,3822,12491689.676399998,757306.3679999999,10219490.890799999,0,1514892.4176,3,4,1,1
56,4,13,ok,3822,13840093.643999999,763176.95999999996,10519796.424800001,0,2557120.2592000002,13,1,1,1
56,4,14,ok,2912,13913194.086399999,751435.77599999995,11153153.1776,0,2008605.1327999998,2,1,1,7
56,4,15,ok,3822,14995788.425999999,792529.91999999993,11290044.017999999,0,2913214.4880000004,15,1,1,1
56,4,16,ok,2548,12554739.7632,751435.77599999995,10124329.932799999,0,1678974.0544000003,4,4,1,1
56,8,1,ok,81536,20850295.1424,1502871.5519999999,18591456.972799998,0,755966.6176,1,1,1,1
56,8,2,ok,40768,21127355.135999996,1502871.5519999999,18644087.295999996,0,980396.28800000006,1,2,1,1
56,8,3,ok,28028,21841218.367199995,1514612.7359999998,18880101.986399997,0,1446503.6448000001,3,1,1,1
56,8,4,ok,20384,21571996.569599997,1502871.5519999999,18745070.796799995,0,1324054.2208,2,2,1,1
56,8,5,ok,17836,23123155.223999999,1526353.9199999999,19459760.631999999,0,2137040.6719999998,5,1,1,1
56,8,6,ok,14014,22279567.384799998,1514612.7359999998,19092267.976799998,0,1672686.6720000003,3,2,1,1
56,8,7,ok,11648,25113713.408000004,1502871.5519999999,21508297.216000002,0,2102544.6400000001,1,1,1,7
56,8,8,ok,10192,22454729.932799999,1502871.5519999999,19178944.819199998,0,1772913.5616000001,2,4,1,1
56,8,9,ok,10192,25117295.108399998,1532224.5119999999,20071787.612399995,0,3513282.9840000006,9,1,1,1
56,8,10,ok,8918,23564902.296000004,1526353.9199999999,19673571.32,0,2364977.0560000003,5,2,1,1
56,8,11,ok,7644,25828901.577600002,1549836.2879999997,20073634.6976,0,4205430.5920000002,11,1,1,1
56,8,12,ok,7644,23866481.253600001,1514612.7359999998,20226815.791200001,0,2125052.7264,3,4,1,1
56,8,13,ok,7644,27238440.216000002,1526353.9199999999,20825782.161600001,0,4886304.1344000008,13,1,1,1
56,8,14,ok,5824,25886968.217600003,1502871.5519999999,21937894.092800003,0,2446202.5728000002,2,1,1,7
56,8,15,ok,7644,28030590.314999998,1717148.1599999999,23481890.678999998,0,2831551.4760000003,5,3,1,1
56,8,16,ok,5096,23562969.907199997,1502871.5519999999,19389466.111999996,0,2670632.2432000004,2,8,1,1
56,16,1,ok,163072,41423530.291199997,3005743.1039999998,37130283.622399993,0,1287503.5648000001,1,1,1,1
56,16,2,ok,81536,41700590.2848,3005743.1039999998,37182913.945599996,0,1511933.2352,1,2,1,1
56,16,3,ok,56056,43244087.716799989,3029225.4719999996,37548037.982399993,0,2666824.2624000004,3,1,1,1
56,16,4,ok,40768,42254710.271999992,3005743.1039999998,37288174.591999993,0,1960792.5760000001,1,4,1,1
56,16,5,ok,35672,45804563.376000002,3052707.8399999999,38705710.576000005,0,4046144.96,5,1,1,1
56,16,6,ok,28028,43682436.734399989,3029225.4719999996,37760203.972799994,0,2893007.2896000003,3,2,1,1
56,16,7,ok,23296,48288006.860799998,3005743.1039999998,42648182.169600002,0,2634081.5872000004,1,1,1,7
56,16,8,ok,20384,43143993.139199995,3005743.1039999998,37490141.59359999,0,2648108.4416,2,4,1,1
56,16,9,ok,20384,48783319.027199998,3381460.9919999996,42186032.870399997,0,3215825.1648000004,1,9,1,1
56,16,10,ok,17836,46246310.447999999,3052707.8399999999,38919521.263999999,0,4274081.3439999996,5,2,1,1
56,16,11,ok,15288,51209259.974399999,3099672.5759999994,39930169.311999999,0,8179418.0863999994,11,1,1,1
56,16,12,ok,14014,44559134.769599997,3029225.4719999996,38184535.953599997,0,3345373.3440000005,3,4,1,1
56,16,13,ok,15288,54035133.359999999,3052707.8399999999,41437753.635200001,0,9544671.884800002,13,1,1,1
56,16,14,ok,11648,49650962.636800013,3005743.1039999998,43323822.080000013,0,3321397.4528000006,2,1,1,7
56,16,15,ok,14014,55698918.46199999,3786531.8399999999,47730669.941999994,0,4181716.6800000002,3,5,1,1
56,16,16,ok,10192,44909459.865599997,3005743.1039999998,38357889.638399996,0,3545827.1232000003,2,8,1,1
56,32,1,ok,326144,82570000.588799983,6011486.2079999996,74207936.921599984,0,2350577.4592000004,1,1,1,1
56,32,2,ok,163072,82847060.582399994,6011486.2079999996,74260567.244799986,0,2575007.1296000001,1,2,1,1
56,32,3,ok,112112,85695774.969599992,6199345.1519999998,76630550.899199992,0,2865878.9184000003,1,3,1,1
56,32,4,ok,81536,83401180.569600001,6011486.2079999996,74365827.891199991,0,3023866.4704,1,4,1,1
56,32,5,ok,71344,91167379.680000007,6105415.6799999997,77197610.464000002,0,7864353.5360000003,5,1,1,1
56,32,6,ok,56056,86488175.433599979,6058450.9439999992,75096075.964799985,0,5333648.5248000007,3,2,1,1
56,32,7,ok,46592,94636593.766400024,6011486.2079999996,84927952.076800019,0,3697155.4816000001,1,1,1,7
56,32,8,ok,40768,84509420.543999985,6011486.2079999996,74576349.183999985,0,3921585.1520000002,1,8,1,1
56,32,9,ok,42042,89995089.980699986,6247777.5359999994,78034940.815499991,0,5712371.6292000003,3,3,1,1
56,32,10,ok,35672,91609126.752000004,6105415.6799999997,77411421.15200001,0,8092289.9199999999,5,2,1,1
56,32,11,ok,30576,87912254.918400005,6199345.1519999988,77051593.484799996,0,4661316.2816000003,1,11,1,1
56,32,12,ok,28028,87364873.468799978,6058450.9439999992,75520407.945599988,0,5786014.5792000005,3,4,1,1
56,32,13,ok,30576,103896301.26719999,7326498.8159999996,91060974.118400007,0,5508828.3328000009,1,13,1,1
56,32,14,ok,23296,96257268.531200007,6011486.2079999996,85173995.110400006,0,5071787.2127999999,2,1,1,7
56,32,15,ok,26754,95282304.819000021,6296209.9199999999,80427230.559000015,0,8558864.3399999999,5,3,1,1
56,32,16,ok,20384,86287986.278399989,6011486.2079999996,74980283.18719998,0,5296216.8832,2,8,1,1
56,64,1,ok,652288,164862941.18399999,12022972.415999999,148363243.51999998,0,4476725.2480000006,1,1,1,1
56,64,2,ok,326144,165140001.17759997,12022972.415999999,148415873.84319997,0,4701154.9184000008,1,2,1,1
56,64,3,ok,224224,170560369.95840001,12398690.304,153103210.82880002,0,5058468.8256000001,1,3,1,1
56,64,4,ok,163072,165694121.16479999,12022972.415999999,148521134.48959997,0,5150014.2592000002,1,4,1,1
56,64,5,ok,132496,168542835.55200005,12210831.359999999,150891118.14399999,0,5440886.0480000004,1,5,1,1
56,64,6,ok,112112,171391549.93919998,12398690.304,153261101.79839998,0,5731757.8368000006,1,6,1,1
56,64,7,ok,93184,187333767.5776,12022972.415999999,169487491.89120001,0,5823303.2704000007,1,1,1,7
56,64,8,ok,81536,166802361.1392,12022972.415999999,148731655.78239998,0,6047732.9408,1,8,1,1
56,64,9,ok,84084,178675132.9086,12495555.071999999,155433383.65979999,0,10746194.176800001,3,3,1,1
56,64,10,ok,66248,174825530.88,12210831.359999999,154381592.76800001,0,8233106.7520000003,2,5,1,1
56,64,11,ok,61152,172776849.90720001,12398690.303999998,153524253.41440001,0,6853906.1888000006,1,11,1,1
56,64,12,ok,56056,172976350.86719996,12116901.887999998,150192151.92959997,0,10667297.049600001,3,4,1,1
56,64,13,ok,50960,170759315.50080001,12210831.359999999,151312160.72960001,0,7236323.4112,1,13,1,1
56,64,14,ok,46592,189273187.53280005,12022972.415999999,169855904.15360004,0,7394310.9632000001,1,2,1,7
56,64,15,ok,49686,186236485.75350001,12306228.479999999,162884237.11950001,0,11046020.154000001,3,5,1,1
56,64,16,ok,40768,169018841.08799997,12022972.415999999,149152698.36799997,0,7843170.3040000005,1,16,1,1
57,1,1,ok,6370,1816692.8112000001,117411.84,1501377.1376,0,197903.83360000001,1,1,1,1
57,1,2,ok,3640,2012765.1760000002,117411.84,1654492.2608,0,240861.07520000002,2,1,1,1
57,1,3,ok,2548,2090900.8431000002,118879.488,1686266.2058999999,0,285755.14919999999,3,1,1,1
57,1,4,ok,1820,2125529.4639999997,117411.84,1681342.0655999999,0,326775.55840000004,4,1,1,1
57,1,5,ok,1274,2203320.216,117411.84,1716175.5759999997,0,369732.79999999999,5,1,1,1
57,1,6,ok,1274,2380871.3967000004,118879.488,1847365.0347000002,0,414626.87400000007,6,1,1,1
57,1,7,ok,1092,2320409.4735499998,118145.66399999999,1745648.1101500001,0,456615.69940000004,7,1,1,1
57,1,8,ok,910,2801528.3840000001,134184.95999999999,2173655.4624000001,0,493687.96160000004,4,1,1,2
57,1,9,ok,1092,2538099.1791000003,118879.48799999998,1875721.0923000001,0,543498.59880000004,9,1,1,1
57,1,10,ok,728,2463822.3279999997,117411.84,1761891.4799999995,0,584519.00800000003,10,1,1,1
57,1,11,ok,728,2601357.25575,121080.95999999999,1847957.9651500001,0,632318.33059999999,11,1,1,1
57,1,12,ok,728,2719101.7644000002,123282.432,1917638.5116000003,0,678180.8208000001,12,1,1,1
57,1,13,ok,728,2817055.8539499999,124016.25599999999,1970933.1193499998,0,722106.47860000003,13,1,1,1
57,1,14,ok,546,3026575.5940000005,135023.61600000001,2248723.8452000003,0,642828.13280000002,7,1,1,2
57,1,15,ok,546,3147108.0720000002,150958.07999999999,2280318.8879999998,0,715831.10400000005,5,1,1,3
57,1,16,ok,546,3131679.2960000001,134184.95999999999,2307430.4128,0,690063.92320000008,8,1,1,2
57,2,1,ok,12740,3460223.1264,234823.67999999999,2969860.3232,0,255539.1232,1,1,1,1
57,2,2,ok,6370,3633385.6224000002,234823.67999999999,3002754.2752,0,395807.66720000003,1,2,1,1
57,2,3,ok,5096,3934309.8078000005,237758.976,3267062.4342,0,429488.39760000003,3,1,1,1
57,2,4,ok,3640,3979214.5760000004,234823.67999999999,3231108.3232,0,513282.57280000008,4,1,1,1
57,2,5,ok,2548,4233477.9359999988,234823.67999999999,3399457.1999999993,0,599197.0560000001,5,1,1,1
57,2,6,ok,2548,4181801.6862000003,237758.976,3372532.4117999999,0,571510.29839999997,3,2,1,1
57,2,7,ok,1820,4905613.4623999996,234823.67999999999,3573639.3951999997,0,1097150.3872000002,1,1,1,7
57,2,8,ok,1820,4251058.9279999994,234823.67999999999,3362684.1311999997,0,653551.11680000008,4,2,1,1
57,2,9,ok,2184,4800955.9518000009,237758.97599999997,3618221.679,0,944975.29680000013,9,1,1,1
57,2,10,ok,1274,4406640.432,234823.67999999999,3432351.1519999993,0,739465.59999999998,5,2,1,1
57,2,11,ok,1456,4922375.0235000001,242161.91999999998,3560228.3783,0,1119984.7252000002,11,1,1,1
57,2,12,ok,1274,4761742.7934000008,237758.976,3694730.0694000004,0,829253.74800000014,6,2,1,1
57,2,13,ok,1456,5346976.1110999994,248032.51199999999,3802889.2914999998,0,1296054.3075999999,13,1,1,1
57,2,14,ok,1092,4640818.9470999995,236291.32799999998,3491296.2203000002,0,913231.39880000008,7,2,1,1
57,2,15,ok,1092,5774728.6559999995,301916.15999999997,4461955.9199999999,0,1010856.5760000002,5,1,1,3
57,2,16,ok,910,5603056.7680000002,268369.91999999998,4347310.9248000002,0,987375.92320000008,4,2,1,2
57,4,1,ok,25480,6747283.7568000006,469647.35999999999,5906826.6944000004,0,370809.70240000001,1,1,1,1
57,4,2,ok,12740,6910395.3600000003,469647.35999999999,5898109.3311999999,0,542638.6688000001,2,1,1,1
57,4,3,ok,8918,7264180.7676000008,475517.95199999999,6071707.9211999997,0,716954.89440000011,3,1,1,1
57,4,4,ok,6370,7266771.2448000005,469647.35999999999,6005508.5504000001,0,791615.33440000005,1,4,1,1
57,4,5,ok,5096,7586981.0879999995,469647.35999999999,6059208.1599999983,0,1058125.5680000002,5,1,1,1
57,4,6,ok,5096,7868619.6156000011,475517.95199999999,6534124.8684,0,858976.79520000005,3,2,1,1
57,4,7,ok,3822,8133843.3918000013,472582.65599999996,6258233.6054000007,0,1403027.1304000001,7,1,1,1
57,4,8,ok,3640,7958429.1520000007,469647.35999999999,6462216.6464,0,1026565.1456000002,4,2,1,1
57,4,9,ok,3822,8997473.0555999987,475517.95199999993,6774026.4107999988,0,1747928.6928000003,9,1,1,1
57,4,10,ok,2548,8466955.8719999976,469647.35999999999,6798914.3999999985,0,1198394.1120000002,5,2,1,1
57,4,11,ok,2548,9229117.8870000001,484323.83999999997,6649476.5326000005,0,2095317.5144000002,11,1,1,1
57,4,12,ok,2548,8363603.3724000007,475517.95199999999,6745064.8235999998,0,1143020.5967999999,3,4,1,1
57,4,13,ok,2548,10063395.646199999,496065.02399999998,7123380.6566000003,0,2443949.9655999998,13,1,1,1
57,4,14,ok,1820,9354292.1919999998,469647.35999999999,7500394.8991999999,0,1384249.9328000001,2,1,1,7
57,4,15,ok,2184,10290380.064000001,603832.31999999995,8085640.2240000004,0,1600907.52,5,1,1,3
57,4,16,ok,1820,8502117.8559999987,469647.35999999999,6725368.2623999994,0,1307102.2336000002,4,4,1,1
57,8,1,ok,50960,13321405.017600002,939294.71999999997,11780759.436800001,0,601350.86080000002,1,1,1,1
57,8,2,ok,25480,13494567.513600001,939294.71999999997,11813653.388800001,0,741619.40480000002,1,2,1,1
57,8,3,ok,17836,14253119.128800001,951035.90399999998,12010195.336800002,0,1291887.888,3,1,1,1
57,8,4,ok,12740,13820790.720000001,939294.71999999997,11796218.6624,0,1085277.3376000002,2,2,1,1
57,8,5,ok,10192,14902117.823999999,939294.71999999997,11986840.511999998,0,1975982.5920000002,5,1,1,1
57,8,6,ok,8918,14528361.535200002,951035.90399999998,12143415.842399999,0,1433909.7888000002,3,2,1,1
57,8,7,ok,7280,15986041.433600003,939294.71999999997,13603784.588800002,0,1442962.1248000001,1,1,1,7
57,8,8,ok,6370,14533542.489600001,939294.71999999997,12011017.1008,0,1583230.6688000001,1,8,1,1
57,8,9,ok,6370,16350235.300800001,1056706.5600000001,13512394.238400001,0,1781134.5024000001,1,9,1,1
57,8,10,ok,5096,15173962.175999999,939294.71999999997,12118416.319999997,0,2116251.1360000004,5,2,1,1
57,8,11,ok,5096,18177896.286000002,968647.67999999993,13163265.5132,0,4045983.0928000007,11,1,1,1
57,8,12,ok,5096,15737239.231200002,951035.90399999998,13068249.7368,0,1717953.5904000001,3,4,1,1
57,8,13,ok,5096,19839655.695600003,992130.04799999995,14107784.366,0,4739741.2816000003,13,1,1,1
57,8,14,ok,3640,16805673.920000002,939294.71999999997,14079759.1424,0,1786620.0576000002,2,1,1,7
57,8,15,ok,3822,18790906.967999998,1056706.5599999998,15248216.471999999,0,2485983.9360000002,5,3,1,1
57,8,16,ok,3640,15916858.304000001,939294.71999999997,12924433.2928,0,2053130.2912000003,4,4,1,1
57,16,1,ok,101920,26469647.5392,1878589.4399999999,23528624.921599999,0,1062433.1776000001,1,1,1,1
57,16,2,ok,50960,26642810.035200004,1878589.4399999999,23561518.873600002,0,1202701.7216,1,2,1,1
57,16,3,ok,35672,28230995.851199999,1902071.808,23887170.167999998,0,2441753.8752000006,3,1,1,1
57,16,4,ok,25480,26989135.027200002,1878589.4399999999,23627306.777600002,0,1483238.8096,1,4,1,1
57,16,5,ok,20384,29532391.295999996,1878589.4399999999,23842105.215999998,0,3811696.6400000006,5,1,1,1
57,16,6,ok,17836,28506238.257600002,1902071.808,24020390.673600003,0,2583775.7760000001,3,2,1,1
57,16,7,ok,14560,30759945.395199999,1878589.4399999999,26977311.513599999,0,1904044.4416000003,1,1,1,7
57,16,8,ok,12740,27641581.440000001,1878589.4399999999,23592437.3248,0,2170554.6752000004,2,4,1,1
57,16,9,ok,12740,31142008.137600001,2113413.1200000001,26728742.908799998,0,2299852.1088,1,9,1,1
57,16,10,ok,10192,29804235.647999998,1878589.4399999999,23973681.023999996,0,3951965.1840000004,5,2,1,1
57,16,11,ok,10192,36075453.084000006,1937295.3599999999,26190843.474400003,0,7947314.2496000007,11,1,1,1
57,16,12,ok,8918,29056723.070400003,1902071.808,24286831.684799999,0,2867819.5776000004,3,4,1,1
57,16,13,ok,10192,39392175.794400007,1984260.0959999999,28076591.784800004,0,9331323.9135999996,13,1,1,1
57,16,14,ok,7280,31708437.376000002,1878589.4399999999,27238487.628800005,0,2591360.3072000006,2,1,1,7
57,16,15,ok,7644,37062326.448000006,2113413.1199999996,30397751.088000003,0,4551162.2400000002,5,3,1,1
57,16,16,ok,6370,29067084.979200002,1878589.4399999999,24022034.2016,0,3166461.3376000002,1,16,1,1
57,32,1,ok,203840,52766132.582400002,3757178.8799999999,47024355.891199999,0,1984597.8112000001,1,1,1,1
57,32,2,ok,101920,52939295.078400001,3757178.8799999999,47057249.843199998,0,2124866.3552000001,1,2,1,1
57,32,3,ok,70070,54755987.889599994,3874590.7199999997,48558626.980800003,0,2322770.1888000001,1,3,1,1
57,32,4,ok,50960,53285620.070400007,3757178.8799999999,47123037.747200005,0,2405403.4432000001,1,4,1,1
57,32,5,ok,40768,58792938.240000002,3757178.8799999999,47552634.623999998,0,7483124.7360000014,5,1,1,1
57,32,6,ok,35672,56461991.702399999,3804143.6159999999,47774340.335999995,0,4883507.7504000012,3,2,1,1
57,32,7,ok,29120,60307753.318399996,3757178.8799999999,53724365.363200001,0,2826209.0752000003,1,1,1,7
57,32,8,ok,25480,53978270.054400004,3757178.8799999999,47254613.555200003,0,2966477.6192000001,1,8,1,1
57,32,9,ok,25480,60725553.811200008,4226826.2400000002,53161440.249600001,0,3337287.3215999999,1,9,1,1
57,32,10,ok,20384,59064782.591999993,3757178.8799999999,47684210.431999996,0,7623393.2800000012,5,2,1,1
57,32,11,ok,19110,56141287.857600003,3874590.7199999997,48821778.596800007,0,3444918.5408000005,1,11,1,1
57,32,12,ok,17836,57012476.515200004,3804143.6159999999,48040781.347200006,0,5167551.5520000001,3,4,1,1
57,32,13,ok,19110,66348794.740800008,4579061.7599999998,57698465.614400014,0,4071267.3664000006,1,13,1,1
57,32,14,ok,14560,61513964.288000003,3757178.8799999999,53555944.601600006,0,4200840.806400001,2,1,1,7
57,32,15,ok,15288,61409260.344000004,3874590.7199999997,49541543.544,0,7993126.080000001,5,3,1,1
57,32,16,ok,12740,55283162.880000003,3757178.8799999999,47184874.649599999,0,4341109.3504000008,2,8,1,1
57,64,1,ok,407680,105359102.66880001,7514357.7599999998,94015817.830400005,0,3828927.0784000005,1,1,1,1
57,64,2,ok,203840,105532265.1648,7514357.7599999998,94048711.782399997,0,3969195.6224000002,1,2,1,1
57,64,3,ok,140140,108992488.2912,7749181.4399999995,97018572.105600014,0,4224734.7456,1,3,1,1
57,64,4,ok,101920,105878590.1568,7514357.7599999998,94114499.686399996,0,4249732.7104000002,1,4,1,1
57,64,5,ok,82810,107695282.96799999,7631769.5999999996,95615876.824000001,0,4447636.5439999998,1,5,1,1
57,64,6,ok,70070,109511975.77919999,7749181.4399999995,97117253.961600006,0,4645540.3776000002,1,6,1,1
57,64,7,ok,58240,119403369.1648,7514357.7599999998,107218473.06240001,0,4670538.3424000004,1,1,1,7
57,64,8,ok,50960,106571240.14080001,7514357.7599999998,94246075.49440001,0,4810806.8864000002,1,8,1,1
57,64,9,ok,50960,119892645.15840001,8453652.4800000004,106026834.93120001,0,5412157.7472000001,1,9,1,1
57,64,10,ok,40768,117585876.48,7514357.7599999998,95105269.247999996,0,14966249.472000003,5,2,1,1
57,64,11,ok,38220,110377788.25919999,7749181.4399999995,97281723.721599996,0,5346883.0976000009,1,11,1,1
57,64,12,ok,35672,112923983.4048,7608287.2319999998,95548680.671999991,0,9767015.5008000024,3,4,1,1
57,64,13,ok,31850,109080582.93599999,7631769.5999999996,95879028.439999998,0,5569784.8960000006,1,13,1,1
57,64,14,ok,29120,120615506.63679999,7514357.7599999998,107448730.7264,0,5652418.1504000006,1,2,1,7
57,64,15,ok,30576,122002987.63200001,7749181.4399999995,98688359.664000005,0,15565446.528000001,5,3,1,1
57,64,16,ok,25480,107956540.10880001,7514357.7599999998,94509227.110400006,0,5932955.2384000001,1,16,1,1
58,1,1,ok,22050,5764931.9040000001,406425.59999999998,4835344.2400000002,0,523162.06400000007,1,1,1,1
58,1,2,ok,11025,5783519.7599999988,406425.59999999998,4845671.0879999995,0,531423.07200000004,2,1,1,1
58,1,3,ok,8820,6035938.8511500005,407695.67999999999,5086950.0253499998,0,541293.14580000006,3,1,1,1
58,1,4,ok,6615,6039995.9519999996,406425.59999999998,5085625.2639999995,0,547945.08799999999,4,1,1,1
58,1,5,ok,4410,5839283.3279999997,406425.59999999998,4876651.6319999993,0,556206.09600000014,5,1,1,1
58,1,6,ok,4410,6135294.6845999993,411505.91999999993,5152885.3973999992,0,570903.36719999998,6,1,1,1
58,1,7,ok,3780,6739596.5343000004,408965.75999999995,5705118.4827000005,0,625512.29160000011,7,1,1,1
58,1,8,ok,3150,6671073.648,406425.59999999998,5627012.0159999998,0,637636.03200000012,8,1,1,1
58,1,9,ok,3150,6895941.4205999998,411505.91999999998,5825021.3333999999,0,659414.16720000014,9,1,1,1
58,1,10,ok,2205,5932222.6080000009,406425.59999999998,4928285.8719999995,0,597511.13600000006,10,1,1,1
58,1,11,ok,2205,6205768.2555000009,419126.39999999991,5164779.0535000004,0,621862.80200000003,11,1,1,1
58,1,12,ok,2205,6246821.8205999993,411505.91999999993,5214846.4853999997,0,620469.41519999993,12,1,1,1
58,1,13,ok,2205,6389590.6717499997,412775.99999999994,5346475.1827499997,0,630339.48900000006,13,1,1,1
58,1,14,ok,1890,6880551.8943000007,408965.75999999995,5738680.7387000006,0,732905.39560000005,14,1,1,1
58,1,15,ok,1890,7118263.0395,419126.39999999997,5938016.8455000008,0,761119.79399999999,15,1,1,1
58,1,16,ok,1890,7051465.9679999994,406425.59999999998,5884669.3599999994,0,760371.00800000003,16,1,1,1
58,2,1,ok,44100,10930455.168,812851.19999999995,9556824.8000000007,0,560779.16800000006,1,1,1,1
58,2,2,ok,22050,10967630.879999999,812851.19999999995,9577478.4959999993,0,577301.18400000001,2,1,1,1
58,2,3,ok,17640,11470595.9103,815391.35999999999,10059680.546700001,0,595524.00360000005,3,1,1,1
58,2,4,ok,11025,11567039.519999998,812851.19999999995,9691342.175999999,0,1062846.1440000001,2,2,1,1
58,2,5,ok,8820,11079158.015999999,812851.19999999995,9639439.5839999989,0,626867.23199999996,5,1,1,1
58,2,6,ok,8820,11663688.121199999,823011.83999999985,10190483.8188,0,650192.46240000008,6,1,1,1
58,2,7,ok,7560,12532312.140600001,817931.5199999999,10951935.6534,0,762444.96720000007,7,1,1,1
58,2,8,ok,6300,12401147.616,812851.19999999995,10798569.312000001,0,789727.10400000005,8,1,1,1
58,2,9,ok,6300,12839120.665200001,823011.83999999997,11188894.762800001,0,827214.06240000005,9,1,1,1
58,2,10,ok,4410,11265036.576000001,812851.19999999995,9742708.0639999993,0,709477.31200000015,10,1,1,1
58,2,11,ok,4410,11793396.351000002,838252.79999999981,10212136.187000001,0,743007.36400000006,11,1,1,1
58,2,12,ok,4410,11886742.393199999,823011.83999999985,10314405.994800001,0,749324.5584000001,12,1,1,1
58,2,13,ok,4410,12170406.943499999,825551.99999999988,10577307.565499999,0,767547.37800000014,13,1,1,1
58,2,14,ok,3780,12814222.860600002,817931.5199999999,11019060.165400002,0,977231.17520000006,14,1,1,1
58,2,15,ok,3780,13266120.158999998,838252.79999999993,11406346.011,0,1021521.3480000001,15,1,1,1
58,2,16,ok,3150,13342147.296,812851.19999999995,11254024.032,0,1275272.0640000002,8,2,1,1
58,4,1,ok,88200,21261501.695999995,1625702.3999999999,18999785.919999998,0,636013.37600000005,1,1,1,1
58,4,2,ok,44100,21335853.119999997,1625702.3999999999,19041093.311999999,0,669057.40800000005,2,1,1,1
58,4,3,ok,30870,22061838.108600002,1630782.72,19627937.573400002,0,803117.81519999995,3,1,1,1
58,4,4,ok,22050,21702224.831999999,1625702.3999999999,19341376.960000001,0,735145.47200000007,4,1,1,1
58,4,5,ok,17640,21558907.391999997,1625702.3999999999,19165015.487999998,0,768189.50399999996,5,1,1,1
58,4,6,ok,15435,22222551.218399998,1646023.6799999997,19767756.885600001,0,808770.65280000004,6,1,1,1
58,4,7,ok,13230,22158780.025200002,1635863.0399999998,19684870.858800001,0,838046.12640000007,7,1,1,1
58,4,8,ok,11025,21875708.351999998,1625702.3999999999,19382684.351999998,0,867321.59999999998,8,1,1,1
58,4,9,ok,11025,22681614.578400001,1646023.6799999999,20127688.149599999,0,907902.74880000006,9,1,1,1
58,4,10,ok,8820,21930664.512000002,1625702.3999999999,19371552.447999999,0,933409.66400000011,10,1,1,1
58,4,11,ok,8820,22968652.542000003,1676505.5999999996,20306850.454,0,985296.4879999999,11,1,1,1
58,4,12,ok,8820,23140677.9384,1646023.6799999997,20487619.413600001,0,1007034.8448000001,12,1,1,1
58,4,13,ok,8820,23676220.814999998,1651103.9999999998,20983153.658999998,0,1041963.1560000001,13,1,1,1
58,4,14,ok,6615,22462376.185200002,1635863.0399999998,19757158.794800002,0,1069354.3504000001,14,1,1,1
58,4,15,ok,6615,23263266.077999998,1676505.5999999999,20469287.862,0,1117472.6160000002,15,1,1,1
58,4,16,ok,6615,23099877.311999995,1625702.3999999999,20342501.055999998,0,1131673.8560000001,16,1,1,1
58,8,1,ok,176400,41923594.751999997,3251404.7999999998,37885708.159999996,0,786481.79200000013,1,1,1,1
58,8,2,ok,88200,42072297.599999994,3251404.7999999998,37968322.943999998,0,852569.85600000015,2,1,1,1
58,8,3,ok,61740,43179735.913200006,3261565.4399999999,38798997.130800001,0,1119173.3424000002,3,1,1,1
58,8,4,ok,44100,42463449.983999997,3251404.7999999998,38227299.200000003,0,984745.98400000005,4,1,1,1
58,8,5,ok,35280,42518406.144000001,3251404.7999999998,38216167.296000004,0,1050834.048,5,1,1,1
58,8,6,ok,30870,43492340.260799997,3292047.3599999994,39074365.867200002,0,1125927.0336,6,1,1,1
58,8,7,ok,26460,43370679.122399993,3271726.0799999996,38911440.405599996,0,1187512.6368,7,1,1,1
58,8,8,ok,22050,42810417.023999996,3251404.7999999998,38309913.983999997,0,1249098.24,8,1,1,1
58,8,9,ok,22050,44410466.980800003,3292047.3599999999,39794228.395199999,0,1324191.2256,9,1,1,1
58,8,10,ok,17640,42983900.544000007,3251404.7999999998,38351221.376000002,0,1381274.3680000002,10,1,1,1
58,8,11,ok,17640,44989858.716000006,3353011.1999999993,40166972.780000001,0,1469874.7360000003,11,1,1,1
58,8,12,ok,15435,44445102.436799996,3292047.3599999994,39535513.771200001,0,1617541.3056000001,6,2,1,1
58,8,13,ok,17640,46396738.829999998,3302207.9999999995,41503736.118000001,0,1590794.7120000001,13,1,1,1
58,8,14,ok,13230,43977871.442400008,3271726.0799999996,39056016.277600005,0,1650129.0848000001,14,1,1,1
58,8,15,ok,13230,45556126.235999994,3353011.1999999997,40468888.044,0,1734226.9920000003,15,1,1,1
58,8,16,ok,11025,43751416.703999996,3251404.7999999998,38765368.703999996,0,1734643.2,8,2,1,1
58,16,1,ok,352800,83247780.863999993,6502809.5999999996,75657552.640000001,0,1087418.6240000001,1,1,1,1
58,16,2,ok,176400,83545186.560000002,6502809.5999999996,75822782.208000004,0,1219594.7520000001,2,1,1,1
58,16,3,ok,123480,85415531.522399992,6523130.8799999999,77141116.2456,0,1751284.3968,3,1,1,1
58,16,4,ok,88200,83985900.287999988,6502809.5999999996,75999143.679999992,0,1483947.0080000001,4,1,1,1
58,16,5,ok,70560,84159383.808000013,6502809.5999999996,76040451.071999997,0,1616123.1360000002,5,1,1,1
58,16,6,ok,61740,86031918.345599994,6584094.7199999988,77687583.83039999,0,1760239.7952000001,6,1,1,1
58,16,7,ok,52920,85794477.316799983,6543452.1599999992,77364579.499199986,0,1886445.6576,7,1,1,1
58,16,8,ok,44100,84679834.367999986,6502809.5999999996,76164373.247999996,0,2012651.5200000003,8,1,1,1
58,16,9,ok,44100,87868171.785600007,6584094.7199999997,79127308.886399999,0,2156768.1792000001,9,1,1,1
58,16,10,ok,35280,85026801.407999992,6502809.5999999996,76246988.03199999,0,2277003.7760000001,10,1,1,1
58,16,11,ok,35280,89009311.511999995,6706022.3999999985,79864257.88000001,0,2439031.2320000003,11,1,1,1
58,16,12,ok,30870,86984680.521599993,6584094.7199999988,78148731.734400004,0,2251854.0671999999,6,2,1,1
58,16,13,ok,35280,91837774.859999999,6604415.9999999991,82544901.035999998,0,2688457.824,13,1,1,1
58,16,14,ok,26460,86741358.244799986,6543452.1599999992,77822880.811199993,0,2375025.2736,7,2,1,1
58,16,15,ok,26460,90141846.552000016,6706022.3999999994,80468088.408000007,0,2967735.7440000004,15,1,1,1
58,16,16,ok,22050,85620834.047999993,6502809.5999999996,76619827.967999995,0,2498196.48,8,2,1,1
58,32,1,ok,705600,165896153.08799997,13005619.199999999,151201241.59999999,0,1689292.2880000002,1,1,1,1
58,32,2,ok,352800,166490964.47999999,13005619.199999999,151531700.736,0,1953644.5440000002,2,1,1,1
58,32,3,ok,242550,172260493.63199997,13412044.799999999,156150449.51999998,0,2697999.3119999999,1,3,1,1
58,32,4,ok,176400,167030800.89599997,13005619.199999999,151542832.63999999,0,2482349.0560000003,4,1,1,1
58,32,5,ok,141120,167377767.93599999,13005619.199999999,151625447.42399997,0,2746701.3119999999,5,1,1,1
58,32,6,ok,121275,172873892.88,13412044.799999999,156491235.50400001,0,2970612.5760000004,2,3,1,1
58,32,7,ok,105840,170642073.70559999,13086904.319999998,154270857.6864,0,3284311.6992000001,7,1,1,1
58,32,8,ok,88200,167971800.57599998,13005619.199999999,151998287.35999998,0,2967894.0160000003,4,2,1,1
58,32,9,ok,88200,174783581.39519998,13168189.439999999,157793469.86879998,0,3821922.0863999999,9,1,1,1
58,32,10,ok,70560,168318767.61600003,13005619.199999999,152080902.14399999,0,3232246.2720000003,5,2,1,1
58,32,11,ok,66150,177055762.752,13412044.799999997,157061358.96000001,0,6582358.9920000015,1,11,1,1
58,32,12,ok,61740,172063836.69119999,13168189.439999998,155375167.66079998,0,3520479.5904000001,6,2,1,1
58,32,13,ok,70560,182719846.92000002,13208831.999999998,164627230.87200001,0,4883784.0480000004,13,1,1,1
58,32,14,ok,52920,171588954.63359997,13086904.319999998,154729158.99839997,0,3772891.3152000001,7,2,1,1
58,32,15,ok,48510,174714090.62400001,13412044.799999999,157513593.456,0,3788452.3680000002,5,3,1,1
58,32,16,ok,44100,169359668.73599997,13005619.199999999,152328746.49599999,0,4025303.0400000005,8,2,1,1
58,64,1,ok,1411200,331192897.53599995,26011238.399999999,302288619.51999998,0,2893039.6160000004,1,1,1,1
58,64,2,ok,705600,331792306.17599994,26011238.399999999,302402483.19999999,0,3378584.5760000004,1,2,1,1
58,64,3,ok,485100,342722761.34399998,26824089.599999998,311959308,0,3939363.7440000004,1,3,1,1
58,64,4,ok,352800,332981928.95999998,26011238.399999999,303063401.472,0,3907289.0880000005,2,2,1,1
58,64,5,ok,282240,333814536.19200003,26011238.399999999,302795440.12800002,0,5007857.6640000008,5,1,1,1
58,64,6,ok,242550,343949559.83999997,26824089.599999998,312640879.96799994,0,4484590.2719999999,2,3,1,1
58,64,7,ok,211680,340337266.48320001,26173808.639999997,308083414.06080008,0,6080043.7824000008,7,1,1,1
58,64,8,ok,176400,334061601.79199994,26011238.399999999,303085665.27999997,0,4964698.1120000007,4,2,1,1
58,64,9,ok,176400,348614400.61439997,26336378.879999999,315125791.83359998,0,7152229.9007999999,9,1,1,1
58,64,10,ok,141120,334755535.87199998,26011238.399999999,303250894.84799993,0,5493402.6239999998,5,2,1,1
58,64,11,ok,132300,347518030.46399999,26824089.599999994,312870217.44000006,0,7823723.4240000006,1,11,1,1
58,64,12,ok,121275,345747785.75999999,26824089.599999998,312982471.00800002,0,5941225.1520000007,2,6,1,1
58,64,13,ok,110250,343551324.47999996,26417663.999999996,308376464.23999995,0,8757196.2400000002,1,13,1,1
58,64,14,ok,105840,341284147.41119999,26173808.639999997,308541715.37279999,0,6568623.3984000003,7,2,1,1
58,64,15,ok,97020,347629955.32800007,26824089.599999998,314685595.87200004,0,6120269.8560000006,5,3,1,1
58,64,16,ok,88200,335943601.15199995,26011238.399999999,303996574.71999997,0,5935788.0320000006,4,4,1,1
59,1,1,ok,1274,440664.04319999996,23482.367999999999,343235.11519999994,0,73946.559999999998,1,1,1,1
59,1,2,ok,728,492764.46559999994,23482.367999999999,352378.29599999991,0,116903.80160000001,2,1,1,1
59,1,3,ok,546,629421.61440000008,30191.615999999998,456063.77760000003,0,143166.22080000001,1,1,1,3
59,1,4,ok,364,605528.75359999994,23482.367999999999,379228.10079999996,0,202818.28480000002,4,1,1,1
59,1,5,ok,364,707434.89425000013,25683.84,433070.27925000002,0,248680.77499999999,5,1,1,1
59,1,6,ok,312,782495.05440000002,30191.615999999998,553906.47840000002,0,198396.96000000002,2,1,3,1
59,1,7,ok,182,689100.57440000004,23482.367999999999,423349.39360000007,0,242268.81279999999,1,1,1,7
59,1,8,ok,182,766503.23200000008,26836.991999999998,483827.87840000005,0,255838.36160000003,4,1,1,2
59,1,9,ok,182,885986.45280000009,30191.615999999998,544306.36320000002,0,311488.47359999997,1,1,1,9
59,1,10,ok,182,889948.98999999999,29352.959999999999,550089.07799999998,0,310506.95200000005,5,1,1,2
59,1,11,ok,364,1120967.54715,24216.191999999995,592263.96294999996,0,504487.39220000006,11,1,1,1
59,1,12,ok,156,927477.71039999987,30191.615999999998,588427.65599999996,0,308858.43840000004,4,1,3,1
59,1,13,ok,364,1324779.8284499999,28619.135999999999,699948.31984999997,0,596212.37260000012,13,1,1,1
59,1,14,ok,104,1014057.0607999999,23482.367999999999,705348.63839999982,0,285226.05440000002,2,1,7,1
59,1,15,ok,182,1072463.0857499999,33022.079999999994,667107.87675000005,0,372333.12900000002,5,1,1,3
59,1,16,ok,104,940267.43039999984,26836.991999999998,601484.65919999988,0,311945.77919999999,4,1,4,1
59,2,1,ok,2548,846695.58719999983,46964.735999999997,679891.43999999983,0,119839.41120000002,1,1,1,1
59,2,2,ok,1274,881328.08639999991,46964.735999999997,686470.23039999988,0,147893.12,1,2,1,1
59,2,3,ok,1092,1154945.7312,60383.231999999996,892391.18400000001,0,202171.31520000004,1,1,1,3
59,2,4,ok,728,985528.93119999988,46964.735999999997,704756.59199999983,0,233807.60320000001,2,2,1,1
59,2,5,ok,728,1355403.8365,51367.68,837358.35050000006,0,466677.80599999998,5,1,1,1
59,2,6,ok,546,1258843.2288000002,60383.231999999996,912127.55520000006,0,286332.44160000002,1,2,1,3
59,2,7,ok,364,1135773.6543999999,46964.735999999997,800647.25440000009,0,288161.66400000005,1,1,1,7
59,2,8,ok,364,1211057.5071999999,46964.735999999997,758456.20159999991,0,405636.56960000005,4,2,1,1
59,2,9,ok,364,1460280.4128,60383.231999999996,1029403.6128000001,0,370493.56800000003,1,1,1,9
59,2,10,ok,364,1414869.7885000003,51367.68,866140.55850000004,0,497361.54999999999,5,2,1,1
59,2,11,ok,728,2185867.1967000002,48432.383999999991,1157390.4155000001,0,980044.39720000001,11,1,1,1
59,2,12,ok,312,1564990.1088,60383.231999999996,1107812.9568,0,396793.92000000004,2,2,3,1
59,2,13,ok,728,2583297.5960999997,57238.271999999997,1367825.0365000002,0,1158234.2875999999,13,1,1,1
59,2,14,ok,182,1378201.1488000001,46964.735999999997,846698.78720000014,0,484537.62559999997,1,2,1,7
59,2,15,ok,364,1966528.3154999998,66044.159999999989,1247869.1295,0,652615.02600000007,5,1,1,3
59,2,16,ok,182,1533006.4640000002,53673.983999999997,967655.75680000009,0,511676.72320000007,4,2,1,2
59,4,1,ok,5096,1517396.2175999999,93929.471999999994,1211841.6319999998,0,211625.11360000004,1,1,1,1
59,4,2,ok,2548,1693391.1743999997,93929.471999999994,1359782.8799999997,0,239678.82240000003,1,2,1,1
59,4,3,ok,2184,2058076.0128000001,120766.46399999999,1617128.0448,0,320181.50400000002,1,1,1,3
59,4,4,ok,1274,1762656.1727999998,93929.471999999994,1372940.4607999998,0,295786.23999999999,1,4,1,1
59,4,5,ok,1274,2203320.216,117411.84,1716175.5759999997,0,369732.79999999999,1,5,1,1
59,4,6,ok,1092,2309891.4624000001,120766.46399999999,1784782.368,0,404342.63040000008,1,2,1,3
59,4,7,ok,728,2006175.5840000003,93929.471999999994,1532298.7456000003,0,379947.3664,1,1,1,7
59,4,8,ok,728,1971057.8623999998,93929.471999999994,1409513.1839999997,0,467615.20640000002,2,4,1,1
59,4,9,ok,728,2579368.6080000005,120766.46399999999,1970098.3872000005,0,488503.75680000003,1,1,1,9
59,4,10,ok,728,2463822.3279999997,117411.84,1761891.4799999995,0,584519.00800000003,2,5,1,1
59,4,11,ok,1274,4248607.9614000004,96864.767999999982,2220584.7862000004,0,1931158.4072000002,11,1,1,1
59,4,12,ok,546,2517686.4576000003,120766.46399999999,1824255.1104000001,0,572664.88320000004,1,4,1,3
59,4,13,ok,1274,5021082.1362000005,114476.54399999999,2624327.4746000003,0,2282278.1176000005,13,1,1,1
59,4,14,ok,364,2231704.1600000001,93929.471999999994,1585998.3552000001,0,551776.33280000009,2,1,1,7
59,4,15,ok,728,2953592.77575,121080.95999999999,2028364.5187499998,0,804147.29700000002,3,5,1,1
59,4,16,ok,364,2422115.0143999998,93929.471999999994,1516912.4031999998,0,811273.13920000009,4,4,1,1
59,8,1,ok,10192,2980423.5647999998,187858.94399999999,2397368.1023999997,0,395196.51840000006,1,1,1,1
59,8,2,ok,5096,3034792.4351999997,187858.94399999999,2423683.2639999995,0,423250.22720000008,1,2,1,1
59,8,3,ok,3822,3758181.3936000001,211341.31199999998,3049643.2944,0,497196.78720000002,1,3,1,1
59,8,4,ok,2548,3386782.3487999993,187858.94399999999,2719565.7599999993,0,479357.64480000007,1,4,1,1
59,8,5,ok,2548,4233477.9359999988,234823.67999999999,3399457.1999999993,0,599197.0560000001,1,5,1,1
59,8,6,ok,2184,4108666.9680000003,211341.31199999998,3013513.6944000004,0,883811.96160000004,2,3,1,1
59,8,7,ok,1456,3631769.0751999998,187858.94399999999,2880391.3599999999,0,563518.77119999996,1,1,1,7
59,8,8,ok,1274,3525312.3455999997,187858.94399999999,2745880.9215999995,0,591572.47999999998,1,8,1,1
59,8,9,ok,1274,3965976.3887999998,211341.31199999998,3089116.0367999994,0,665519.04000000004,1,9,1,1
59,8,10,ok,1274,4406640.432,234823.67999999999,3432351.1519999993,0,739465.59999999998,1,10,1,1
59,8,11,ok,2548,8441148.0252,193729.53599999996,4414032.0619999999,0,3833386.4272000007,11,1,1,1
59,8,12,ok,1092,4619782.9248000002,241532.92799999999,3569564.736,0,808685.26080000016,1,4,1,3
59,8,13,ok,2548,9975902.2116,228953.08799999999,5216583.3459999999,0,4530365.7776000006,13,1,1,1
59,8,14,ok,728,4012351.1680000005,187858.94399999999,3064597.4912000005,0,759894.7328,1,2,1,7
59,8,15,ok,1092,6010118.3362499988,231154.55999999997,3724939.2652499997,0,2054024.5109999999,5,3,1,1
59,8,16,ok,728,3942115.7247999995,187858.94399999999,2819026.3679999993,0,935230.41280000005,2,8,1,1
59,16,1,ok,20384,5906478.2591999993,375717.88799999998,4768421.0431999993,0,762339.3280000001,1,1,1,1
59,16,2,ok,10192,5960847.1295999996,375717.88799999998,4794736.2047999995,0,790393.03680000012,1,2,1,1
59,16,3,ok,7644,7412465.2896000016,422682.62399999995,6079550.217600001,0,910232.44799999997,1,3,1,1
59,16,4,ok,5096,6069584.8703999994,375717.88799999998,4847366.527999999,0,846500.45440000016,1,4,1,1
59,16,5,ok,5096,7586981.0879999995,469647.35999999999,6059208.1599999983,0,1058125.5680000002,1,5,1,1
59,16,6,ok,3822,7516362.7872000001,422682.62399999995,6099286.5888,0,994393.57440000004,1,6,1,1
59,16,7,ok,2912,6882956.0575999999,375717.88799999998,5576576.5888,0,930661.5808,1,1,1,7
59,16,8,ok,2548,6773564.6975999987,375717.88799999998,5439131.5199999986,0,958715.28960000013,1,8,1,1
59,16,9,ok,2548,7620260.2847999986,422682.62399999995,6119022.9599999981,0,1078554.7008000002,1,9,1,1
59,16,10,ok,2548,8466955.8719999976,469647.35999999999,6798914.3999999985,0,1198394.1120000002,1,10,1,1
59,16,11,ok,5096,16826228.152800001,387459.07199999993,8800926.6136000007,0,7637842.4672000008,11,1,1,1
59,16,12,ok,2184,8217333.9360000007,422682.62399999995,6027027.3888000008,0,1767623.9232000001,2,6,1,1
59,16,13,ok,5096,19885542.362400003,457906.17599999998,10401095.0888,0,9026541.0976000018,13,1,1,1
59,16,14,ok,1456,7263538.1503999997,375717.88799999998,5760782.7199999997,0,1127037.5423999999,1,2,1,7
59,16,15,ok,2184,11841838.816499999,462309.11999999994,7363531.9064999986,0,4015997.79,5,3,1,1
59,16,16,ok,1274,7050624.6911999993,375717.88799999998,5491761.8431999991,0,1183144.96,1,16,1,1
59,32,1,ok,40768,11758587.648,751435.77599999995,9510526.9247999992,0,1496624.9472000003,1,1,1,1
59,32,2,ok,20384,11812956.518399999,751435.77599999995,9536842.0863999985,0,1524678.6560000002,1,2,1,1
59,32,3,ok,15288,12281852.0688,774918.14399999997,9908308.7087999992,0,1598625.216,1,3,1,1
59,32,4,ok,10192,11921694.259199999,751435.77599999995,9589472.409599999,0,1580786.0736000002,1,4,1,1
59,32,5,ok,8918,14384266.535999998,821882.88,11815865.319999998,0,1746518.3360000001,1,5,1,1
59,32,6,ok,7644,14142462.820800003,774918.14399999997,10351330.488000002,0,3016214.1888000001,2,3,1,1
59,32,7,ok,5824,13385330.022400001,751435.77599999995,10968947.046400001,0,1664947.2,1,1,1,7
59,32,8,ok,5096,12139169.740799999,751435.77599999995,9694733.055999998,0,1693000.9088000003,1,8,1,1
59,32,9,ok,5096,13656565.958399998,845365.24799999991,10906574.687999997,0,1904626.0224000004,1,9,1,1
59,32,10,ok,5096,15127991.752000002,821882.88,11056087.080000002,0,3250021.7920000004,2,5,1,1
59,32,11,ok,3822,13779998.4432,774918.14399999985,11182025.412799999,0,1823054.8864000002,1,11,1,1
59,32,12,ok,3822,15032725.5744,845365.24799999991,12198573.1776,0,1988787.1488000001,1,12,1,1
59,32,13,ok,3822,16285452.705599999,915812.35199999996,13215120.942400001,0,2154519.4112,1,13,1,1
59,32,14,ok,2912,13765912.1152,751435.77599999995,11153153.1776,0,1861323.1616,1,2,1,7
59,32,15,ok,3822,21027952.790250003,847566.71999999997,12894432.81525,0,7285953.2550000008,5,3,1,1
59,32,16,ok,2548,13547129.395199997,751435.77599999995,10878263.039999997,0,1917430.5792000003,1,16,1,1
59,64,1,ok,81536,23462806.4256,1502871.5519999999,18994738.687999997,0,2965196.1856000004,1,1,1,1
59,64,2,ok,40768,23517175.296,1502871.5519999999,19021053.849599998,0,2993249.8944000006,1,2,1,1
59,64,3,ok,30576,24400597.526400004,1549836.2879999999,19737671.932800002,0,3113089.3056000001,1,3,1,1
59,64,4,ok,20384,23625913.036799997,1502871.5519999999,19073684.172799997,0,3049357.3120000004,1,4,1,1
59,64,5,ok,16562,26565212.855999999,1526353.9199999999,21915555.063999999,0,3123303.8720000004,1,5,1,1
59,64,6,ok,15288,24563704.137600001,1549836.2879999999,19816617.417599998,0,3197250.432,1,6,1,1
59,64,7,ok,11648,26390077.952,1502871.5519999999,21753687.961600002,0,3133518.4384000003,1,1,1,7
59,64,8,ok,10192,23843388.518399999,1502871.5519999999,19178944.819199998,0,3161572.1472000005,1,8,1,1
59,64,9,ok,10192,26823812.0832,1690730.4959999998,21576312.921599999,0,3556768.6656000004,1,9,1,1
59,64,10,ok,8918,28768533.071999997,1643765.76,23631730.639999997,0,3493036.6720000003,1,10,1,1
59,64,11,ok,7644,27179039.395200003,1549836.2879999997,22291684.131200001,0,3337518.9759999998,1,11,1,1
59,64,12,ok,7644,28284925.641600005,1549836.2879999999,20702660.976000004,0,6032428.3776000002,2,6,1,1
59,64,13,ok,6370,26842272.849600002,1526353.9199999999,21968185.387200002,0,3347733.5424000002,1,13,1,1
59,64,14,ok,5824,26770660.044800002,1502871.5519999999,21937894.092800003,0,3329894.3999999999,1,2,1,7
59,64,15,ok,6370,30971853.288000003,1761177.5999999999,25347906.216000002,0,3862769.4720000001,1,15,1,1
59,64,16,ok,5096,24278339.481599998,1502871.5519999999,19389466.111999996,0,3386001.8176000006,1,16,1,1
60,1,1,ok,4900,1296968.7903999998,90316.799999999988,1085358.4703999998,0,121293.52,1,1,1,1
60,1,2,ok,2450,1300686.3615999999,90316.799999999988,1087423.8399999999,0,122945.7216,2,1,1,1
60,1,3,ok,2100,1520590.6783499999,91022.399999999994,1295538.6205500001,0,134029.65780000002,3,1,1,1
60,1,4,ok,1225,1308121.504,90316.799999999988,1091554.5791999998,0,126250.12480000001,4,1,1,1
60,1,5,ok,1225,1389155.6255000001,91728,1167655.9035,0,129771.72200000001,5,1,1,1
60,1,6,ok,1050,1566825.7278000002,93139.199999999997,1323399.1350000002,0,150287.39280000003,6,1,1,1
60,1,7,ok,700,2283756.6304000001,90316.800000000003,1424753.0304,0,768686.80000000005,1,1,1,7
60,1,8,ok,700,1510036.8831999998,90316.799999999988,1264202.3871999998,0,155517.69600000003,8,1,1,1
60,1,9,ok,700,1613060.7772500003,95256,1351259.6494500001,0,166545.12780000002,9,1,1,1
60,1,10,ok,700,1601777.0494999997,91728,1343692.8634999997,0,166356.18600000002,10,1,1,1
60,1,11,ok,700,1657172.7678000003,93139.199999999983,1391323.439,0,172710.12880000001,11,1,1,1
60,1,12,ok,525,1963809.8879999996,116121.59999999999,1500397.1903999997,0,347291.09759999998,4,1,1,3
60,1,13,ok,700,1710810.3935,91727.999999999985,1439272.5659,0,179809.82760000002,13,1,1,1
60,1,14,ok,350,2287474.2016000003,90316.800000000003,1426818.4000000001,0,770339.00160000008,2,1,1,7
60,1,15,ok,525,2072401.9184999999,117936,1599756.9044999999,0,354709.01400000002,5,1,1,3
60,1,16,ok,350,1557125.2671999999,90316.799999999988,1275414.3935999998,0,191394.07360000003,16,1,1,1
60,2,1,ok,9800,2460735.6608000002,180633.59999999998,2145413.9007999999,0,134688.16,1,1,1,1
60,2,2,ok,4900,2468170.8032,180633.59999999998,2149544.6399999997,0,137992.5632,2,1,1,1
60,2,3,ok,4200,2830436.6367000001,182044.79999999999,2489074.3611000003,0,159317.47560000001,3,1,1,1
60,2,4,ok,2450,2483041.0879999995,180633.59999999998,2157806.1183999996,0,144601.36960000001,4,1,1,1
60,2,5,ok,2450,2643028.0509999995,183456,2309613.4069999997,0,149958.64400000003,5,1,1,1
60,2,6,ok,2100,2918005.6956000007,186278.39999999999,2542423.2300000004,0,189304.06560000003,6,1,1,1
60,2,7,ok,1400,3635099.8207999999,180633.60000000001,2672384.7807999998,0,782081.43999999994,1,1,1,7
60,2,8,ok,1225,2616243.0079999999,180633.59999999998,2183109.1583999996,0,252500.24960000001,4,2,1,1
60,2,9,ok,1400,3005574.7545000003,190512,2595772.0989000006,0,219290.6556,9,1,1,1
60,2,10,ok,1225,2778311.2510000002,183456,2335311.807,0,259543.44400000002,5,2,1,1
60,2,11,ok,1400,3098699.7756000003,186278.39999999997,2678271.838,0,234149.53760000004,11,1,1,1
60,2,12,ok,1050,3133651.4556000005,186278.39999999999,2646798.2700000005,0,300574.78560000006,6,2,1,1
60,2,13,ok,1400,3209242.3870000006,183455.99999999997,2775751.5318000005,0,250034.85520000002,13,1,1,1
60,2,14,ok,700,3642534.9631999996,180633.60000000001,2676515.52,0,785385.8432,2,1,1,7
60,2,15,ok,1050,3738954.2369999997,235872,3122418.6089999997,0,380663.62800000003,5,1,1,3
60,2,16,ok,700,2905139.4944000002,180633.59999999998,2449616.6272,0,274889.26720000006,16,1,1,1
60,4,1,ok,19600,4788269.4016000004,361267.19999999995,4265524.7615999999,0,161477.44,1,1,1,1
60,4,2,ok,9800,4803139.6863999991,361267.19999999995,4273786.2399999993,0,168086.2464,2,1,1,1
60,4,3,ok,7350,5027434.9853999997,364089.59999999998,4487440.4214000003,0,175904.96399999998,3,1,1,1
60,4,4,ok,4900,4832880.2559999991,361267.19999999995,4290309.1967999991,0,181303.85920000001,4,1,1,1
60,4,5,ok,4900,5150772.9019999998,366912,4593528.4139999999,0,190332.48800000001,5,1,1,1
60,4,6,ok,3675,5144269.3751999997,372556.79999999999,4572351.4583999999,0,199361.11680000002,6,1,1,1
60,4,7,ok,2800,6337786.2015999993,361267.20000000001,5167648.2815999994,0,808870.72000000009,1,1,1,7
60,4,8,ok,2450,4918701.6447999999,361267.19999999995,4349695.3599999994,0,207739.08480000001,8,1,1,1
60,4,9,ok,2450,5261103.7649999997,381024,4657262.4953999994,0,222817.26960000003,9,1,1,1
60,4,10,ok,2450,5240258.4380000001,366912,4649969.9180000005,0,223376.52000000002,10,1,1,1
60,4,11,ok,2450,5431307.4551999997,372556.79999999993,4826345.5064000003,0,232405.14880000002,11,1,1,1
60,4,12,ok,2100,5836011.3912000014,372556.79999999999,5084846.4600000009,0,378608.13120000006,6,2,1,1
60,4,13,ok,2450,5631781.7660000008,366911.99999999994,5021666.8268000009,0,243202.93920000002,13,1,1,1
60,4,14,ok,1400,6352656.4863999989,361267.20000000001,5175909.7599999998,0,815479.52640000009,2,1,1,7
60,4,15,ok,2450,6044150.4210000001,381024,5400656.3130000001,0,262470.10800000001,15,1,1,1
60,4,16,ok,1225,4988095.0527999997,361267.19999999995,4366218.3167999992,0,260609.53600000002,16,1,1,1
60,8,1,ok,39200,9422667.2383999992,722534.39999999991,8485076.8383999988,0,215056,1,1,1,1
60,8,2,ok,19600,9452407.8080000002,722534.39999999991,8501599.7951999996,0,228273.6128,2,1,1,1
60,8,3,ok,14700,9844125.2507999986,728179.19999999995,8872877.9627999999,0,243068.08799999999,3,1,1,1
60,8,4,ok,9800,9511888.9472000003,722534.39999999991,8534645.7087999992,0,254708.83840000001,4,1,1,1
60,8,5,ok,9800,10145269.995999999,733824,9140365.8200000003,0,271080.17599999998,5,1,1,1
60,8,6,ok,7350,10054869.970799999,728179.19999999995,8974880.8428000007,0,351809.92799999996,3,2,1,1
60,8,7,ok,5600,11743158.963199999,722534.40000000002,10158175.283199999,0,862449.28000000003,1,1,1,7
60,8,8,ok,4900,9628292.2495999988,722534.39999999991,8598178.5599999987,0,307579.28960000002,8,1,1,1
60,8,9,ok,4900,10301660.73,762048,9207777.7907999996,0,331834.93920000002,9,1,1,1
60,8,10,ok,4900,10268138.476,733824,9197146.2359999996,0,337168.23999999999,10,1,1,1
60,8,11,ok,4900,10646969.1504,745113.59999999986,9548315.9727999996,0,353539.57760000002,11,1,1,1
60,8,12,ok,3675,10288538.750399999,745113.59999999998,9144702.9167999998,0,398722.23360000004,6,2,1,1
60,8,13,ok,4900,11051185.132000001,733823.99999999988,9940540.0536000021,0,376821.07840000006,13,1,1,1
60,8,14,ok,2800,11772899.5328,722534.40000000002,10174698.24,0,875666.89280000003,2,1,1,7
60,8,15,ok,3675,11690701.429500001,825551.99999999988,10354712.7315,0,510436.69800000009,5,3,1,1
60,8,16,ok,2450,9767079.0655999985,722534.39999999991,8631224.4735999983,0,413320.19200000004,16,1,1,1
60,16,1,ok,78400,18636223.436799999,1445068.7999999998,16868941.516799998,0,322213.12,1,1,1,1
60,16,2,ok,39200,18695704.576000001,1445068.7999999998,16901987.430399999,0,348648.3456,2,1,1,1
60,16,3,ok,29400,19477505.781599998,1456358.3999999999,17643753.045599997,0,377394.33600000001,3,1,1,1
60,16,4,ok,19600,18814666.854399998,1445068.7999999998,16968079.257599998,0,401518.79680000001,4,1,1,1
60,16,5,ok,19600,20078161.592,1467648,18177938.039999999,0,432575.55200000003,5,1,1,1
60,16,6,ok,14700,19688250.501599997,1456358.3999999999,17745755.9256,0,486136.17599999998,3,2,1,1
60,16,7,ok,11200,22553904.486400001,1445068.8,20139229.286400001,0,969606.40000000014,1,1,1,7
60,16,8,ok,9800,19023777.894400001,1445068.7999999998,17069291.417599998,0,509417.67680000002,4,2,1,1
60,16,9,ok,9800,20382774.660000004,1524096,18308808.3816,0,549870.27839999995,9,1,1,1
60,16,10,ok,9800,20290539.991999999,1467648,18280731.640000001,0,542160.35199999996,5,2,1,1
60,16,11,ok,9800,21078292.540800001,1490227.1999999997,18992256.9056,0,595808.43519999995,11,1,1,1
60,16,12,ok,7350,20109739.941599999,1456358.3999999999,17949761.685600001,0,703619.85599999991,3,4,1,1
60,16,13,ok,9800,21889991.864000004,1467647.9999999998,19778286.507200003,0,644057.35680000007,13,1,1,1
60,16,14,ok,5600,22613385.625600003,1445068.8,20172275.199999999,0,996041.62560000014,2,1,1,7
60,16,15,ok,7350,22975553.259,1651103.9999999998,20632330.262999997,0,692118.99600000004,5,3,1,1
60,16,16,ok,4900,19256584.499199998,1445068.7999999998,17196357.119999997,0,615158.57920000004,8,2,1,1
60,32,1,ok,156800,37063335.833600007,2890137.5999999996,33636670.873600006,0,536527.3600000001,1,1,1,1
60,32,2,ok,78400,37182298.112000003,2890137.5999999996,33702762.700800002,0,589397.81120000011,2,1,1,1
60,32,3,ok,53900,38803912.483199999,2980454.3999999999,35057738.323200002,0,765719.76000000001,1,3,1,1
60,32,4,ok,39200,37391409.152000003,2890137.5999999996,33803974.860799998,0,697296.6912,2,2,1,1
60,32,5,ok,34300,41397850.063999996,3161088,37228455.263999999,0,1008306.8,1,5,1,1
60,32,6,ok,26950,38926592.332800001,2980454.3999999999,35125895.519999996,0,820242.41280000005,2,3,1,1
60,32,7,ok,22400,44175395.532799996,2890137.6000000001,40101337.292800002,0,1183920.6400000001,1,1,1,7
60,32,8,ok,19600,37629333.708799995,2890137.5999999996,33936158.515199997,0,803037.59360000002,4,2,1,1
60,32,9,ok,19600,40545002.520000003,3048192,36510869.563199997,0,985940.95680000004,9,1,1,1
60,32,10,ok,17150,41527965.056000002,3161088,37300743.200000003,0,1066133.8560000001,2,5,1,1
60,32,11,ok,14700,39869527.843199998,2980454.3999999994,35260162.643199995,0,1628910.8000000003,1,11,1,1
60,32,12,ok,13475,39171952.032000005,2980454.3999999999,35262209.913599998,0,929287.71840000013,4,3,1,1
60,32,13,ok,14700,47118532.905599996,3522355.1999999997,41671101.305600002,0,1925076.4000000001,1,13,1,1
60,32,14,ok,11200,44294357.8112,2890137.6000000001,40167429.120000005,0,1236791.0912000001,2,1,1,7
60,32,15,ok,13475,41783639.641500004,3027023.9999999995,37761692.815499999,0,994922.826,5,3,1,1
60,32,16,ok,9800,38047555.788800001,2890137.5999999996,34138582.835199997,0,1018835.3536,4,4,1,1
60,64,1,ok,313600,73917560.627200007,5780275.1999999993,67172129.587200001,0,965155.84000000008,1,1,1,1
60,64,2,ok,156800,74126671.667200014,5780275.1999999993,67273341.747200012,0,1073054.7200000002,1,2,1,1
60,64,3,ok,107800,77208219.206400007,5960908.7999999998,70039567.5264,0,1207742.8800000001,1,3,1,1
60,64,4,ok,78400,74364596.224000007,5780275.1999999993,67405525.401600003,0,1178795.6224000002,2,2,1,1
60,64,5,ok,63700,76310856.175999999,5870592,69030118.175999999,0,1410146,1,5,1,1
60,64,6,ok,53900,77453578.905600011,5960908.7999999998,70175881.920000002,0,1316788.1856,2,3,1,1
60,64,7,ok,44800,87177111.347199991,5780275.2000000002,79784287.027199998,0,1612549.1200000001,1,1,1,7
60,64,8,ok,39200,74782818.304000005,5780275.1999999993,67607949.721599996,0,1394593.3824,2,4,1,1
60,64,9,ok,39200,80869458.239999995,6096384,72914991.926399991,0,1858082.3136000002,9,1,1,1
60,64,10,ok,31850,76552498.304000005,5870592,69164367.200000003,0,1517539.1039999998,2,5,1,1
60,64,11,ok,29400,78273834.566399992,5960908.7999999989,70241991.846399993,0,2070933.9200000004,1,11,1,1
60,64,12,ok,26950,77853184.665600002,5960908.7999999998,70251791.039999992,0,1640484.8256000001,2,6,1,1
60,64,13,ok,24500,77376471.536000013,5870591.9999999991,69232542.496000007,0,2273337.04,1,13,1,1
60,64,14,ok,22400,87415035.903999999,5780275.2000000002,79916470.681600004,0,1718290.0224000001,2,1,1,7
60,64,15,ok,24500,89280544.080000013,6773759.9999999991,79883702.88000001,0,2623081.2000000002,1,15,1,1
60,64,16,ok,19600,75258667.417599991,5780275.1999999993,67872317.030399993,0,1606075.1872,4,4,1,1
61,1,1,ok,5733,32031.417600000001,32031.417600000001,0,0,0,1,1,1,1
61,1,2,ok,2867,32031.417600000001,32031.417600000001,0,0,0,2,1,1,1
61,1,3,ok,1916,32108.416200000003,32108.416200000003,0,0,0,3,1,1,1
61,1,4,ok,1434,32031.417600000001,32031.417600000001,0,0,0,4,1,1,1
61,1,5,ok,1151,32146.915499999999,32146.915499999999,0,0,0,5,1,1,1
61,1,6,ok,958,32108.416200000003,32108.416200000003,0,0,0,6,1,1,1
61,1,7,ok,819,32031.417600000001,32031.417600000001,0,0,0,1,1,1,7
61,1,8,ok,717,32031.417600000001,32031.417600000001,0,0,0,8,1,1,1
61,1,9,ok,641,32223.914100000002,32223.914100000002,0,0,0,9,1,1,1
61,1,10,ok,579,32339.412000000004,32339.412000000004,0,0,0,10,1,1,1
61,1,11,ok,524,32185.414800000002,32185.414800000002,0,0,0,11,1,1,1
61,1,12,ok,483,32339.412,32339.412,0,0,0,12,1,1,1
61,1,13,ok,441,32031.417599999997,32031.417599999997,0,0,0,13,1,1,1
61,1,14,ok,410,32031.417600000001,32031.417600000001,0,0,0,2,1,1,7
61,1,15,ok,386,32339.412000000004,32339.412000000004,0,0,0,15,1,1,1
61,1,16,ok,359,32031.417600000001,32031.417600000001,0,0,0,16,1,1,1
61,2,1,ok,11466,64062.835200000001,64062.835200000001,0,0,0,1,1,1,1
61,2,2,ok,5733,64062.835200000001,64062.835200000001,0,0,0,1,2,1,1
61,2,3,ok,3832,64216.832400000007,64216.832400000007,0,0,0,3,1,1,1
61,2,4,ok,2867,64062.835200000001,64062.835200000001,0,0,0,2,2,1,1
61,2,5,ok,2302,64293.830999999998,64293.830999999998,0,0,0,5,1,1,1
61,2,6,ok,1916,64216.832400000007,64216.832400000007,0,0,0,3,2,1,1
61,2,7,ok,1638,64062.835200000001,64062.835200000001,0,0,0,1,1,1,7
61,2,8,ok,1434,64062.835200000001,64062.835200000001,0,0,0,4,2,1,1
61,2,9,ok,1282,64447.828200000004,64447.828200000004,0,0,0,9,1,1,1
61,2,10,ok,1151,64293.830999999998,64293.830999999998,0,0,0,5,2,1,1
61,2,11,ok,1048,64370.829600000005,64370.829600000005,0,0,0,11,1,1,1
61,2,12,ok,958,64216.832400000007,64216.832400000007,0,0,0,6,2,1,1
61,2,13,ok,882,64062.835199999994,64062.835199999994,0,0,0,13,1,1,1
61,2,14,ok,819,64062.835200000001,64062.835200000001,0,0,0,1,2,1,7
61,2,15,ok,772,64678.824000000008,64678.824000000008,0,0,0,15,1,1,1
61,2,16,ok,717,64062.835200000001,64062.835200000001,0,0,0,8,2,1,1
61,4,1,ok,22932,128125.6704,128125.6704,0,0,0,1,1,1,1
61,4,2,ok,11466,128125.6704,128125.6704,0,0,0,1,2,1,1
61,4,3,ok,7663,128433.66480000001,128433.66480000001,0,0,0,3,1,1,1
61,4,4,ok,5733,128125.6704,128125.6704,0,0,0,2,2,1,1
61,4,5,ok,4603,128587.662,128587.662,0,0,0,5,1,1,1
61,4,6,ok,3832,128433.66480000001,128433.66480000001,0,0,0,3,2,1,1
61,4,7,ok,3276,128125.6704,128125.6704,0,0,0,1,1,1,7
61,4,8,ok,2867,128125.6704,128125.6704,0,0,0,2,4,1,1
61,4,9,ok,2564,128895.65640000001,128895.65640000001,0,0,0,9,1,1,1
61,4,10,ok,2302,128587.662,128587.662,0,0,0,5,2,1,1
61,4,11,ok,2095,128741.65920000001,128741.65920000001,0,0,0,11,1,1,1
61,4,12,ok,1916,128433.66480000001,128433.66480000001,0,0,0,3,4,1,1
61,4,13,ok,1764,128125.67039999999,128125.67039999999,0,0,0,13,1,1,1
61,4,14,ok,1638,128125.6704,128125.6704,0,0,0,1,2,1,7
61,4,15,ok,1544,129357.64800000002,129357.64800000002,0,0,0,15,1,1,1
61,4,16,ok,1434,128125.6704,128125.6704,0,0,0,4,4,1,1
61,8,1,ok,45864,256251.34080000001,256251.34080000001,0,0,0,1,1,1,1
61,8,2,ok,22932,256251.34080000001,256251.34080000001,0,0,0,1,2,1,1
61,8,3,ok,15325,256867.32960000003,256867.32960000003,0,0,0,3,1,1,1
61,8,4,ok,11466,256251.34080000001,256251.34080000001,0,0,0,2,2,1,1
61,8,5,ok,9206,257175.32399999999,257175.32399999999,0,0,0,5,1,1,1
61,8,6,ok,7663,256867.32960000003,256867.32960000003,0,0,0,3,2,1,1
61,8,7,ok,6552,256251.34080000001,256251.34080000001,0,0,0,1,1,1,7
61,8,8,ok,5733,256251.34080000001,256251.34080000001,0,0,0,2,4,1,1
61,8,9,ok,5127,257791.31280000001,257791.31280000001,0,0,0,9,1,1,1
61,8,10,ok,4603,257175.32399999999,257175.32399999999,0,0,0,5,2,1,1
61,8,11,ok,4190,257483.31840000002,257483.31840000002,0,0,0,11,1,1,1
61,8,12,ok,3832,256867.32960000003,256867.32960000003,0,0,0,3,4,1,1
61,8,13,ok,3528,256251.34079999998,256251.34079999998,0,0,0,13,1,1,1
61,8,14,ok,3276,256251.34080000001,256251.34080000001,0,0,0,1,2,1,7
61,8,15,ok,3087,258715.29600000003,258715.29600000003,0,0,0,15,1,1,1
61,8,16,ok,2867,256251.34080000001,256251.34080000001,0,0,0,4,4,1,1
61,16,1,ok,91728,512502.68160000001,512502.68160000001,0,0,0,1,1,1,1
61,16,2,ok,45864,512502.68160000001,512502.68160000001,0,0,0,1,2,1,1
61,16,3,ok,30650,513734.65920000005,513734.65920000005,0,0,0,3,1,1,1
61,16,4,ok,22932,512502.68160000001,512502.68160000001,0,0,0,2,2,1,1
61,16,5,ok,18412,514350.64799999999,514350.64799999999,0,0,0,5,1,1,1
61,16,6,ok,15325,513734.65920000005,513734.65920000005,0,0,0,3,2,1,1
61,16,7,ok,13104,512502.68160000001,512502.68160000001,0,0,0,1,1,1,7
61,16,8,ok,11466,512502.68160000001,512502.68160000001,0,0,0,2,4,1,1
61,16,9,ok,10254,515582.62560000003,515582.62560000003,0,0,0,9,1,1,1
61,16,10,ok,9206,514350.64799999999,514350.64799999999,0,0,0,5,2,1,1
61,16,11,ok,8379,514966.63680000004,514966.63680000004,0,0,0,11,1,1,1
61,16,12,ok,7663,513734.65920000005,513734.65920000005,0,0,0,3,4,1,1
61,16,13,ok,7056,512502.68159999995,512502.68159999995,0,0,0,13,1,1,1
61,16,14,ok,6552,512502.68160000001,512502.68160000001,0,0,0,1,2,1,7
61,16,15,ok,6174,517430.59200000006,517430.59200000006,0,0,0,15,1,1,1
61,16,16,ok,5733,512502.68160000001,512502.68160000001,0,0,0,4,4,1,1
61,32,1,ok,183456,1025005.3632,1025005.3632,0,0,0,1,1,1,1
61,32,2,ok,91728,1025005.3632,1025005.3632,0,0,0,1,2,1,1
61,32,3,ok,61299,1027469.3184000001,1027469.3184000001,0,0,0,3,1,1,1
61,32,4,ok,45864,1025005.3632,1025005.3632,0,0,0,2,2,1,1
61,32,5,ok,36824,1028701.296,1028701.296,0,0,0,5,1,1,1
61,32,6,ok,30650,1027469.3184000001,1027469.3184000001,0,0,0,3,2,1,1
61,32,7,ok,26208,1025005.3632,1025005.3632,0,0,0,1,1,1,7
61,32,8,ok,22932,1025005.3632,1025005.3632,0,0,0,2,4,1,1
61,32,9,ok,20507,1031165.2512000001,1031165.2512000001,0,0,0,9,1,1,1
61,32,10,ok,18412,1028701.296,1028701.296,0,0,0,5,2,1,1
61,32,11,ok,16758,1029933.2736000001,1029933.2736000001,0,0,0,11,1,1,1
61,32,12,ok,15325,1027469.3184000001,1027469.3184000001,0,0,0,3,4,1,1
61,32,13,ok,14112,1025005.3631999999,1025005.3631999999,0,0,0,13,1,1,1
61,32,14,ok,13104,1025005.3632,1025005.3632,0,0,0,1,2,1,7
61,32,15,ok,12348,1034861.1840000001,1034861.1840000001,0,0,0,15,1,1,1
61,32,16,ok,11466,1025005.3632,1025005.3632,0,0,0,4,4,1,1
61,64,1,ok,366912,2050010.7264,2050010.7264,0,0,0,1,1,1,1
61,64,2,ok,183456,2050010.7264,2050010.7264,0,0,0,1,2,1,1
61,64,3,ok,122598,2054938.6368000002,2054938.6368000002,0,0,0,3,1,1,1
61,64,4,ok,91728,2050010.7264,2050010.7264,0,0,0,2,2,1,1
61,64,5,ok,73647,2057402.5919999999,2057402.5919999999,0,0,0,5,1,1,1
61,64,6,ok,61299,2054938.6368000002,2054938.6368000002,0,0,0,3,2,1,1
61,64,7,ok,52416,2050010.7264,2050010.7264,0,0,0,1,1,1,7
61,64,8,ok,45864,2050010.7264,2050010.7264,0,0,0,2,4,1,1
61,64,9,ok,41013,2062330.5024000001,2062330.5024000001,0,0,0,9,1,1,1
61,64,10,ok,36824,2057402.5919999999,2057402.5919999999,0,0,0,5,2,1,1
61,64,11,ok,33516,2059866.5472000001,2059866.5472000001,0,0,0,11,1,1,1
61,64,12,ok,30650,2054938.6368000002,2054938.6368000002,0,0,0,3,4,1,1
61,64,13,ok,28224,2050010.7263999998,2050010.7263999998,0,0,0,13,1,1,1
61,64,14,ok,26208,2050010.7264,2050010.7264,0,0,0,1,2,1,7
61,64,15,ok,24696,2069722.3680000002,2069722.3680000002,0,0,0,15,1,1,1
61,64,16,ok,22932,2050010.7264,2050010.7264,0,0,0,4,4,1,1
62,1,1,ok,5096,1472685.6191999998,93929.471999999994,1211841.6319999998,0,166914.51520000002,1,1,1,1
62,1,2,ok,2548,1569342.4704,93929.471999999994,1265541.2415999998,0,209871.75680000003,2,1,1,1
62,1,3,ok,2184,1730719.0879500001,94663.295999999988,1382258.37735,0,253797.41460000002,3,1,1,1
62,1,4,ok,1274,1762656.1727999998,93929.471999999994,1372940.4607999998,0,295786.23999999999,4,1,1,1
62,1,5,ok,1274,1940207.3535000002,95397.119999999995,1504129.9195000003,0,340680.31400000001,5,1,1,1
62,1,6,ok,1092,1929551.1486,96864.767999999996,1447111.9926,0,385574.38800000004,6,1,1,1
62,1,7,ok,728,2466431.7440000004,93929.471999999994,1532298.7456000003,0,840203.52640000009,1,1,1,7
62,1,8,ok,728,1971057.8623999998,93929.471999999994,1409513.1839999997,0,467615.20640000002,8,1,1,1
62,1,9,ok,728,2128383.2092499998,99066.239999999991,1511965.6078500003,0,517351.36140000005,9,1,1,1
62,1,10,ok,728,2166966.0414999998,95397.119999999995,1516102.3994999998,0,555466.522,10,1,1,1
62,1,11,ok,728,2274815.3405999998,96864.767999999982,1577589.9765999999,0,600360.59600000002,11,1,1,1
62,1,12,ok,546,2512391.5919999997,110702.59199999998,1861842.6575999998,0,539846.34239999996,6,1,1,2
62,1,13,ok,728,2431142.6814999995,95397.119999999995,1651407.3147,0,684338.24679999996,13,1,1,1
62,1,14,ok,364,2563088.5951999999,93929.471999999994,1585998.3552000001,0,883160.76800000004,2,1,1,7
62,1,15,ok,546,2749894.8945000004,122653.44,1993849.8645000001,0,633391.58999999997,5,1,1,3
62,1,16,ok,364,2422115.0143999998,93929.471999999994,1516912.4031999998,0,811273.13920000009,16,1,1,1
62,2,1,ok,10192,2806841.2415999998,187858.94399999999,2397368.1023999997,0,221614.19520000002,1,1,1,1
62,2,2,ok,5096,2945371.2383999997,187858.94399999999,2423683.2639999995,0,333829.03040000005,1,2,1,1
62,2,3,ok,4368,3242263.6670999997,189326.59199999998,2658433.7594999997,0,394503.31560000009,3,1,1,1
62,2,4,ok,2548,3138684.9408,187858.94399999999,2531082.4831999997,0,419743.51360000006,2,2,1,1
62,2,5,ok,2548,3739720.1789999995,190794.23999999999,2981533.503,0,567392.4360000001,5,1,1,1
62,2,6,ok,2184,3461438.1759000001,189326.59199999998,2764516.7546999999,0,507594.82920000004,3,2,1,1
62,2,7,ok,1456,3963153.5103999991,187858.94399999999,2880391.3599999999,0,894903.20640000002,1,1,1,7
62,2,8,ok,1274,3525312.3455999997,187858.94399999999,2745880.9215999995,0,591572.47999999998,4,2,1,1
62,2,9,ok,1456,4027397.7464999999,198132.47999999998,2912914.1277000001,0,916351.13880000007,9,1,1,1
62,2,10,ok,1274,3880414.7070000004,190794.23999999999,3008259.8390000006,0,681360.62800000003,5,2,1,1
62,2,11,ok,1456,4325359.0908000004,193729.53599999996,3046629.9116000002,0,1084999.6432000003,11,1,1,1
62,2,12,ok,1092,3859102.2971999999,193729.53599999999,2894223.9852,0,771148.77600000007,6,2,1,1
62,2,13,ok,1456,4641411.8269999996,190794.23999999999,3195909.2853999999,0,1254708.3015999999,13,1,1,1
62,2,14,ok,728,4156467.2127999994,187858.94399999999,2987790.5792,0,980817.68960000016,2,1,1,7
62,2,15,ok,1092,5077706.2050000001,245306.88,3907520.7209999999,0,924878.60400000005,5,1,1,3
62,2,16,ok,728,3942115.7247999995,187858.94399999999,2819026.3679999993,0,935230.41280000005,8,2,1,1
62,4,1,ok,20384,5392999.1423999993,375717.88799999998,4686267.6991999988,0,331013.5552,1,1,1,1
62,4,2,ok,10192,5613682.4831999997,375717.88799999998,4794736.2047999995,0,443228.39040000003,1,2,1,1
62,4,3,ok,7644,6003214.9181999993,378653.18399999995,4948646.6165999994,0,675915.11760000011,3,1,1,1
62,4,4,ok,5096,5890742.4767999994,375717.88799999998,4847366.527999999,0,667658.06080000009,1,4,1,1
62,4,5,ok,5096,6613430.6940000001,381588.47999999998,5211025.534,0,1020816.6800000001,5,1,1,1
62,4,6,ok,3822,6777155.6856000004,387459.07199999999,5194563.7080000006,0,1195132.9056000002,6,1,1,1
62,4,7,ok,2912,6956597.0431999993,375717.88799999998,5576576.5888,0,1004302.5663999999,1,1,1,7
62,4,8,ok,2548,6277369.8816,375717.88799999998,5062164.9663999993,0,839487.02720000013,2,4,1,1
62,4,9,ok,2548,7551096.4530000007,396264.95999999996,5440480.7994000008,0,1714350.6936000001,9,1,1,1
62,4,10,ok,2548,7479440.3579999991,381588.47999999998,5963067.0060000001,0,1134784.8720000002,5,2,1,1
62,4,11,ok,2548,8158212.4535999997,387459.07199999993,5716475.6439999994,0,2054277.7376000003,11,1,1,1
62,4,12,ok,2184,6922876.3518000003,378653.18399999995,5529033.5093999999,0,1015189.6584000001,3,4,1,1
62,4,13,ok,2548,8797780.1339999996,381588.47999999998,6020743.2428000001,0,2395448.4112,13,1,1,1
62,4,14,ok,1456,7343224.4479999999,375717.88799999998,5791375.0272000004,0,1176131.5327999999,2,1,1,7
62,4,15,ok,2184,8653595.4397500008,473316.47999999998,6911291.8867500005,0,1268987.0730000001,3,5,1,1
62,4,16,ok,1274,7050624.6911999993,375717.88799999998,5491761.8431999991,0,1183144.96,4,4,1,1
62,8,1,ok,40768,10568522.803199999,751435.77599999995,9267274.7519999985,0,549812.27520000003,1,1,1,1
62,8,2,ok,20384,10785998.284799999,751435.77599999995,9372535.3983999975,0,662027.11040000001,1,2,1,1
62,8,3,ok,15288,11787255.327599999,757306.3679999999,9791210.2379999999,0,1238738.7216000003,3,1,1,1
62,8,4,ok,10192,11227364.966399999,751435.77599999995,9589472.409599999,0,886456.78080000007,1,4,1,1
62,8,5,ok,10192,13005987.852,763176.95999999996,10315145.724000001,0,1927665.1680000001,5,1,1,1
62,8,6,ok,7644,12006429.836399999,757306.3679999999,9897293.2331999987,0,1351830.2352000002,3,2,1,1
62,8,7,ok,5824,12943484.108800001,751435.77599999995,10968947.046400001,0,1223101.2864000001,1,1,1,7
62,8,8,ok,5096,11781484.953599999,751435.77599999995,9694733.055999998,0,1335316.1216000002,1,8,1,1
62,8,9,ok,5096,13254170.572799999,845365.24799999991,10906574.687999997,0,1502230.6368000002,1,9,1,1
62,8,10,ok,5096,13226861.388,763176.95999999996,10422051.068,0,2041633.3600000001,5,2,1,1
62,8,11,ok,5096,16092153.3168,774918.14399999985,11324401.246399999,0,3992833.9264000002,11,1,1,1
62,8,12,ok,3822,13554311.371200001,774918.14399999997,10389127.416000001,0,2390265.8112000003,6,2,1,1
62,8,13,ok,5096,17374686.732000001,763176.95999999996,11934581.141600002,0,4676928.6304000001,13,1,1,1
62,8,14,ok,2912,13624961.996799998,751435.77599999995,11306767.001599999,0,1566759.2192000002,2,1,1,7
62,8,15,ok,3822,16617699.013499999,858574.07999999996,13376811.259499997,0,2382313.6740000001,5,3,1,1
62,8,16,ok,2548,12554739.7632,751435.77599999995,10124329.932799999,0,1678974.0544000003,2,8,1,1
62,16,1,ok,81536,20919570.124799997,1502871.5519999999,18429288.857599996,0,987409.71520000009,1,1,1,1
62,16,2,ok,40768,21137045.606399998,1502871.5519999999,18534549.503999997,0,1099624.5504000001,1,2,1,1
62,16,3,ok,30576,23355336.146399993,1514612.7359999998,19476337.480799995,0,2364385.9296000004,3,1,1,1
62,16,4,ok,20384,21571996.569599997,1502871.5519999999,18745070.796799995,0,1324054.2208,1,4,1,1
62,16,5,ok,20384,25791102.168000001,1526353.9199999999,20523386.104000002,0,3741362.1440000003,5,1,1,1
62,16,6,ok,15288,23574510.655199997,1514612.7359999998,19582420.476,0,2477477.4432000006,3,2,1,1
62,16,7,ok,11648,24825481.318400007,1502871.5519999999,21661911.040000007,0,1660698.7264000003,1,1,1,7
62,16,8,ok,10192,22454729.932799999,1502871.5519999999,19178944.819199998,0,1772913.5616000001,1,8,1,1
62,16,9,ok,10192,25261571.174399998,1690730.4959999998,21576312.921599999,0,1994527.7568000001,1,9,1,1
62,16,10,ok,10192,26011975.704,1526353.9199999999,20630291.448000003,0,3855330.3360000001,5,2,1,1
62,16,11,ok,10192,31960035.043199997,1549836.2879999997,22540252.451199997,0,7869946.3040000014,11,1,1,1
62,16,12,ok,7644,24012859.672799997,1514612.7359999998,19794586.466399997,0,2703660.4704000005,3,4,1,1
62,16,13,ok,10192,34528499.927999996,1526353.9199999999,23762256.939200003,0,9239889.0687999986,13,1,1,1
62,16,14,ok,5824,25727595.622400001,1502871.5519999999,21876709.478399999,0,2348014.5920000002,2,1,1,7
62,16,15,ok,7644,30016074.590999998,1893265.9199999999,24743233.082999997,0,3379575.5880000005,3,5,1,1
62,16,16,ok,5096,23562969.907199997,1502871.5519999999,19389466.111999996,0,2670632.2432000004,1,16,1,1
62,32,1,ok,163072,41621664.767999999,3005743.1039999998,36753317.068799995,0,1862604.5952000001,1,1,1,1
62,32,2,ok,81536,41839140.249599993,3005743.1039999998,36858577.715199992,0,1974819.4304000002,1,2,1,1
62,32,3,ok,56056,44442725.529600002,3099672.5759999999,39201319.008000001,0,2141733.9456000002,1,3,1,1
62,32,4,ok,40768,42274091.212799996,3005743.1039999998,37069099.007999994,0,2199249.1008000001,1,4,1,1
62,32,5,ok,35672,47388096.767999992,3287531.52,41625002.272,0,2475562.9760000003,1,5,1,1
62,32,6,ok,28028,47632401.619199999,3099672.5759999999,40973406.124799997,0,3559322.9184000003,2,3,1,1
62,32,7,ok,23296,48128634.265600003,3005743.1039999998,42586997.555200003,0,2535893.6063999999,1,1,1,7
62,32,8,ok,20384,43143993.139199995,3005743.1039999998,37490141.59359999,0,2648108.4416,1,8,1,1
62,32,9,ok,20384,48536992.281599991,3381460.9919999996,42176409.292799987,0,2979121.9967999998,1,9,1,1
62,32,10,ok,17836,50771086.559999995,3287531.52,43504488.607999995,0,3979066.4320000005,2,5,1,1
62,32,11,ok,15288,45550965.504000001,3099672.5759999994,39411840.300800003,0,3039452.6272,1,11,1,1
62,32,12,ok,15288,47149021.310399994,3029225.4719999996,39164840.952,0,4954954.8864000011,3,4,1,1
62,32,13,ok,15288,53832959.232000001,3663249.4079999998,46577629.446400002,0,3592080.3776000002,1,13,1,1
62,32,14,ok,11648,49650962.636800013,3005743.1039999998,43323822.080000013,0,3321397.4528000006,1,2,1,7
62,32,15,ok,15288,52033898.510250002,3313215.3599999994,43230519.047250003,0,5490164.1030000011,3,5,1,1
62,32,16,ok,10192,44909459.865599997,3005743.1039999998,38357889.638399996,0,3545827.1232000003,1,16,1,1
62,64,1,ok,326144,83025854.054399997,6011486.2079999996,73401373.491199985,0,3612994.3552000001,1,1,1,1
62,64,2,ok,163072,83243329.535999998,6011486.2079999996,73506634.13759999,0,3725209.1904000002,1,2,1,1
62,64,3,ok,112112,88469861.068800002,6199345.1519999998,78323692.531199992,0,3946823.3856000002,1,3,1,1
62,64,4,ok,81536,83678280.499199986,6011486.2079999996,73717155.430399984,0,3949638.8608000004,1,4,1,1
62,64,5,ok,66248,87412765.439999998,6105415.6799999997,77190796.384000003,0,4116553.3760000002,1,5,1,1
62,64,6,ok,56056,88885451.059200004,6199345.1519999998,78402638.016000003,0,4283467.8912000004,1,6,1,1
62,64,7,ok,46592,94734940.159999996,6011486.2079999996,84437170.585600004,0,4286283.3664000006,1,1,1,7
62,64,8,ok,40768,84548182.425599992,6011486.2079999996,74138198.015999988,0,4398498.2016000003,1,8,1,1
62,64,9,ok,40768,95116705.228799999,6762921.9839999992,83405472.767999992,0,4948310.4768000003,1,9,1,1
62,64,10,ok,33124,93695460.768000022,6105415.6799999997,80681271.008000016,0,6908774.0800000001,2,5,1,1
62,64,11,ok,30576,89578101.043200001,6199345.1519999988,78534213.824000016,0,4844542.0672000004,1,11,1,1
62,64,12,ok,28028,95264803.238399997,6199345.1519999998,81946812.249599993,0,7118645.8368000006,2,6,1,1
62,64,13,ok,25480,88521005.414400011,6105415.6799999997,77401317.676799998,0,5014272.0575999999,1,13,1,1
62,64,14,ok,23296,96257268.531200007,6011486.2079999996,85173995.110400006,0,5071787.2127999999,1,2,1,7
62,64,15,ok,25480,102139621.63200001,7044710.3999999994,89309212.703999996,0,5785698.5279999999,1,15,1,1
62,64,16,ok,20384,86287986.278399989,6011486.2079999996,74980283.18719998,0,5296216.8832,1,16,1,1
63,1,1,ok,15288,4224743.1551999999,281788.41599999997,3528125.6767999995,0,414829.06240000005,1,1,1,1
63,1,2,ok,7644,4321400.0063999994,281788.41599999997,3581825.2863999996,0,457786.30400000006,2,1,1,1
63,1,3,ok,5096,4418056.8575999998,281788.41599999997,3635524.8959999993,0,500743.54560000007,3,1,1,1
63,1,4,ok,3822,4514713.7088000001,281788.41599999997,3689224.5055999998,0,543700.78720000002,4,1,1,1
63,1,5,ok,3640,4883484.7967499997,282522.23999999999,4013336.1117499997,0,587626.44500000007,5,1,1,1
63,1,6,ok,2548,4708027.4112,281788.41599999997,3796623.7247999995,0,629615.27040000004,6,1,1,1
63,1,7,ok,2548,4940161.6351499986,282522.23999999999,3984098.4669499993,0,673540.92820000008,7,1,1,1
63,1,8,ok,2184,5011059.2832000004,281788.41599999997,4013741.1135999998,0,715529.75360000005,8,1,1,1
63,1,9,ok,2184,5192157.2638499998,283989.88799999998,4146775.1320500001,0,761392.24380000005,9,1,1,1
63,1,10,ok,1820,5214871.5644999994,286191.35999999999,4121425.4704999994,0,807254.73400000005,10,1,1,1
63,1,11,ok,1820,5300969.5007499997,282522.23999999999,4173077.3661500001,0,845369.8946,11,1,1,1
63,1,12,ok,1274,5287968.5183999995,281788.41599999997,4118821.3823999995,0,887358.71999999997,12,1,1,1
63,1,13,ok,1274,5500601.4141000006,286191.35999999999,4278283.5953000002,0,936126.45880000014,13,1,1,1
63,1,14,ok,1274,5678152.5947999991,287659.00800000003,4409473.0539999995,0,981020.53279999993,14,1,1,1
63,1,15,ok,1274,5820622.0605000006,286191.35999999999,4512389.7585000005,0,1022040.942,15,1,1,1
63,1,16,ok,1092,5462116.4352000002,281788.41599999997,4121140.3328,0,1059187.6864,16,1,1,1
63,2,1,ok,30576,8033896.3200000003,563576.83199999994,6977305.8687999994,0,493013.61920000007,1,1,1,1
63,2,2,ok,15288,8227210.0223999992,563576.83199999994,7084705.0879999995,0,578928.10240000009,2,1,1,1
63,2,3,ok,10192,8420523.7248,563576.83199999994,7192104.3071999997,0,664842.58560000011,3,1,1,1
63,2,4,ok,7644,8613837.4272000007,563576.83199999994,7299503.5263999999,0,750757.06880000012,4,1,1,1
63,2,5,ok,7280,9112844.1214999985,565044.47999999998,7710067.9354999997,0,837731.70600000001,5,1,1,1
63,2,6,ok,5096,8836113.7151999995,563576.83199999994,7271049.7919999985,0,1001487.0912000001,3,2,1,1
63,2,7,ok,5096,9306695.9614999983,565044.47999999998,7732090.8090999983,0,1009560.6724000002,7,1,1,1
63,2,8,ok,3822,9029427.4176000003,563576.83199999994,7378449.0111999996,0,1087401.5744,4,2,1,1
63,2,9,ok,4368,9726791.0012999997,567979.77599999995,7975301.2784999991,0,1183509.9468000003,9,1,1,1
63,2,10,ok,3640,9766969.5934999995,565044.47999999998,8026672.2234999994,0,1175252.8900000001,5,2,1,1
63,2,11,ok,3640,9947813.5295000002,565044.47999999998,8029550.4442999987,0,1353218.6052000001,11,1,1,1
63,2,12,ok,2548,9416054.8223999999,563576.83199999994,7593247.449599999,0,1259230.5408000001,6,2,1,1
63,2,13,ok,2548,10579119.244199999,572382.71999999997,8476388.182599999,0,1530348.3415999999,13,1,1,1
63,2,14,ok,2548,9880323.2702999972,565044.47999999998,7968196.9338999987,0,1347081.8564000002,7,2,1,1
63,2,15,ok,2548,11219160.536999999,572382.71999999997,8944600.5089999996,0,1702177.3080000002,15,1,1,1
63,2,16,ok,2184,10022118.566400001,563576.83199999994,8027482.2271999996,0,1431059.5072000001,8,2,1,1
63,4,1,ok,61152,15652202.649599999,1127153.6639999999,13875666.252799999,0,649382.73280000011,1,1,1,1
63,4,2,ok,30576,16038830.054400001,1127153.6639999999,14090464.691199999,0,821211.69920000015,2,1,1,1
63,4,3,ok,20384,16178997.427199997,1127153.6639999999,14058803.097599996,0,993040.66559999995,3,1,1,1
63,4,4,ok,15288,16404526.003199998,1127153.6639999999,14112502.707199998,0,1164869.632,4,1,1,1
63,4,5,ok,12740,16789213.203000002,1130088.96,14321182.015000001,0,1337942.2280000001,5,1,1,1
63,4,6,ok,10192,16841047.4496,1127153.6639999999,14384208.614399999,0,1329685.1712000002,3,2,1,1
63,4,7,ok,8918,17176916.882999998,1130088.96,14365227.7622,0,1681600.1608,7,1,1,1
63,4,8,ok,7644,17227674.854400001,1127153.6639999999,14599007.0528,0,1501514.1376000002,4,2,1,1
63,4,9,ok,7644,18009644.754599996,1135959.5519999999,14845939.849799998,0,2027745.3528000002,9,1,1,1
63,4,10,ok,6370,18079114.482000001,1144765.4399999999,14731043.833999999,0,2203305.2080000001,10,1,1,1
63,4,11,ok,6370,18459152.018999998,1130088.96,14960147.032599999,0,2368916.0263999999,11,1,1,1
63,4,12,ok,5096,17672227.430399999,1127153.6639999999,14542099.583999997,0,2002974.1824000003,3,4,1,1
63,4,13,ok,5096,18882407.153999999,1144765.4399999999,15018849.606800001,0,2718792.1072,13,1,1,1
63,4,14,ok,4368,20483163.724800002,1127153.6639999999,16514931.328000002,0,2841078.7328000003,2,1,1,7
63,4,15,ok,5096,19840292.082000002,1144765.4399999999,15633076.602000002,0,3062450.04,15,1,1,1
63,4,16,ok,3822,18058854.835200001,1127153.6639999999,14756898.022399999,0,2174803.1488000001,4,4,1,1
63,8,1,ok,122304,30888815.308800004,2254307.3279999997,27672387.020800002,0,962120.9600000002,1,1,1,1
63,8,2,ok,61152,31304405.299199998,2254307.3279999997,27751332.505599998,0,1298765.4656000002,1,2,1,1
63,8,3,ok,40768,31705568.409599997,2254307.3279999997,27801824.255999997,0,1649436.8256000001,3,1,1,1
63,8,4,ok,30576,32077660.108800001,2254307.3279999997,28180929.382399999,0,1642423.3984000003,2,2,1,1
63,8,5,ok,25480,32924300.934,2260177.9199999999,28325759.741999999,0,2338363.2719999999,5,1,1,1
63,8,6,ok,20384,32357994.854399994,2254307.3279999997,28117606.195199993,0,1986081.3311999999,3,2,1,1
63,8,7,ok,17836,33699708.294,2260177.9199999999,28413851.236399997,0,3025679.1376,7,1,1,1
63,8,8,ok,15288,32809052.006399997,2254307.3279999997,28225005.414399996,0,2329739.264,4,2,1,1
63,8,9,ok,15288,35361765.982799999,2271919.1039999998,29373630.713999998,0,3716216.1648000008,9,1,1,1
63,8,10,ok,12740,33578426.406000003,2260177.9199999999,28642364.030000001,0,2675884.4560000002,5,2,1,1
63,8,11,ok,12740,36264178.565999992,2260177.9199999999,29603689.777199995,0,4400310.8688000003,11,1,1,1
63,8,12,ok,10192,33682094.8992,2254307.3279999997,28768417.228799999,0,2659370.3424000004,3,4,1,1
63,8,13,ok,10192,37102193.700000003,2289530.8799999999,29716983.181600004,0,5095679.6384000005,13,1,1,1
63,8,14,ok,8918,34353833.765999995,2260177.9199999999,28730455.5244,0,3363200.3215999999,7,2,1,1
63,8,15,ok,10192,39017963.556000002,2289530.8799999999,30945437.172000002,0,5782995.5040000007,15,1,1,1
63,8,16,ok,7644,34455349.708800003,2254307.3279999997,29198014.105599999,0,3003028.2752000005,4,4,1,1
63,16,1,ok,244608,61362040.627199993,4508614.6559999995,55265828.556799993,0,1587597.4144000001,1,1,1,1
63,16,2,ok,122304,61777630.617600009,4508614.6559999995,55344774.041600004,0,1924241.9200000004,1,2,1,1
63,16,3,ok,81536,62758710.37439999,4508614.6559999995,55287866.572799988,0,2962229.1456000004,3,1,1,1
63,16,4,ok,61152,62608810.598399997,4508614.6559999995,55502665.011199996,0,2597530.9312000005,1,4,1,1
63,16,5,ok,50960,65194476.396000005,4520355.8399999999,56334915.196000002,0,4339205.3600000013,5,1,1,1
63,16,6,ok,40768,63411136.819199994,4508614.6559999995,55603648.511999995,0,3298873.6512000002,3,2,1,1
63,16,7,ok,35672,66745291.115999997,4520355.8399999999,56511098.184800006,0,5713837.0911999997,7,1,1,1
63,16,8,ok,30576,64155320.217600003,4508614.6559999995,56361858.764799997,0,3284846.7968000006,2,4,1,1
63,16,9,ok,30576,70066008.439199984,4543838.2079999996,58429012.442399986,0,7093157.7888000002,9,1,1,1
63,16,10,ok,25480,65848601.868000001,4520355.8399999999,56651519.483999997,0,4676726.5439999998,5,2,1,1
63,16,11,ok,25480,71874231.659999982,4520355.8399999999,58890775.266399994,0,8463100.5536000021,11,1,1,1
63,16,12,ok,20384,64715989.708799988,4508614.6559999995,56235212.390399985,0,3972162.6623999998,3,4,1,1
63,16,13,ok,20384,73541766.791999996,4579061.7599999998,59113250.331200004,0,9849454.7008000016,13,1,1,1
63,16,14,ok,17836,67399416.588,4520355.8399999999,56827702.472799994,0,6051358.2752,7,2,1,1
63,16,15,ok,20384,77373306.504000008,4579061.7599999998,61570158.312000006,0,11224086.432000002,15,1,1,1
63,16,16,ok,15288,65618104.012799993,4508614.6559999995,56450010.828799993,0,4659478.5279999999,4,4,1,1
63,32,1,ok,489216,122308491.264,9017229.311999999,110452711.6288,0,2838550.3232000005,1,1,1,1
63,32,2,ok,244608,122724081.25439999,9017229.311999999,110531657.11359999,0,3175194.8288000003,1,2,1,1
63,32,3,ok,163072,124864994.30399999,9017229.311999999,110259951.20639998,0,5587813.7856000001,3,1,1,1
63,32,4,ok,122304,123555261.23520002,9017229.311999999,110689548.08320001,0,3848483.8400000008,1,4,1,1
63,32,5,ok,101920,129734827.31999999,9040711.6799999997,112353226.10399999,0,8340889.5360000012,5,1,1,1
63,32,6,ok,81536,125517420.74879998,9017229.311999999,110575733.14559998,0,5924458.2912000008,3,2,1,1
63,32,7,ok,71344,132836456.75999999,9040711.6799999997,112705592.08160001,0,11090152.998400001,7,1,1,1
63,32,8,ok,61152,125217621.19679999,9017229.311999999,111005330.02239999,0,5195061.8624000009,1,8,1,1
63,32,9,ok,56056,133328176.5888,9299017.7280000001,117603957.02399999,0,6425201.8368000006,3,3,1,1
63,32,10,ok,50960,130388952.79200001,9040711.6799999997,112669830.392,0,8678410.7200000025,5,2,1,1
63,32,11,ok,45864,130273544.3328,9299017.7279999983,114691346.6688,0,6283179.9360000007,1,11,1,1
63,32,12,ok,40768,126822273.63839999,9017229.311999999,111207297.02399999,0,6597747.3024000004,3,4,1,1
63,32,13,ok,40768,146420912.97599998,9158123.5199999996,117905784.6304,0,19357004.825599998,13,1,1,1
63,32,14,ok,35672,133490582.23199999,9040711.6799999997,113022196.36960001,0,11427674.182399999,7,2,1,1
63,32,15,ok,35672,142164290.30399999,9862594.5600000005,124875006.816,0,7426688.9280000003,3,5,1,1
63,32,16,ok,30576,128310640.43520001,9017229.311999999,112723717.52959999,0,6569693.5936000012,2,8,1,1
63,64,1,ok,978432,244201392.53759998,18034458.623999998,220826477.77279997,0,5340456.1408000011,1,1,1,1
63,64,2,ok,489216,244616982.528,18034458.623999998,220905423.25760001,0,5677100.6464000009,1,2,1,1
63,64,3,ok,326144,249077562.16319999,18034458.623999998,220204120.47359997,0,10838983.0656,3,1,1,1
63,64,4,ok,244608,245448162.50879997,18034458.623999998,221063314.22719997,0,6350389.6576000005,1,4,1,1
63,64,5,ok,198744,249672905.66399997,18316247.039999999,224591439.90399998,0,6765218.7200000007,1,5,1,1
63,64,6,ok,163072,249729988.60799998,18034458.623999998,220519902.41279995,0,11175627.5712,3,2,1,1
63,64,7,ok,142688,265018788.04800001,18081423.359999999,225094579.8752,0,21842784.812799998,7,1,1,1
63,64,8,ok,122304,247110522.47040004,18034458.623999998,221379096.16640002,0,7696967.6800000016,1,8,1,1
63,64,9,ok,112112,265409583.20639998,18598035.456,234971077.59359998,0,11840470.1568,3,3,1,1
63,64,10,ok,99372,255955600.99199998,18316247.039999999,228081914.528,0,9557439.4240000006,2,5,1,1
63,64,11,ok,91728,255975598.77119997,18598035.455999997,228514293.00479999,0,8863270.3104000017,1,11,1,1
63,64,12,ok,81536,251034841.49759996,18034458.623999998,221151466.29119995,0,11848916.582400002,3,4,1,1
63,64,13,ok,76440,252997625.58719999,18316247.039999999,225223003.78240001,0,9458374.7648000009,1,13,1,1
63,64,14,ok,71344,265672913.51999998,18081423.359999999,225411184.16320002,0,22180305.996800002,7,2,1,1
63,64,15,ok,66248,262238296.31999999,18316247.039999999,231572389.15200001,0,12349660.128,3,5,1,1
63,64,16,ok,61152,250435242.39359999,18034458.623999998,222010660.04479998,0,10390123.724800002,1,16,1,1
64,1,1,ok,7644,2160700.0031999997,140894.20799999998,1790912.6431999998,0,228893.15200000003,1,1,1,1
64,1,2,ok,3822,2257356.8544000001,140894.20799999998,1844612.2527999999,0,271850.39360000001,2,1,1,1
64,1,3,ok,2548,2354013.7056,140894.20799999998,1898311.8623999998,0,314807.63520000002,3,1,1,1
64,1,4,ok,2184,2505529.6416000002,140894.20799999998,2006870.5567999999,0,357764.87680000003,4,1,1,1
64,1,5,ok,1820,2607435.7822499997,143095.67999999999,2060712.7352499997,0,403627.36700000003,5,1,1,1
64,1,6,ok,1274,2643984.2591999997,140894.20799999998,2059410.6911999998,0,443679.35999999999,6,1,1,1
64,1,7,ok,1274,2839076.2973999996,143829.50400000002,2204736.5269999998,0,490510.26639999996,7,1,1,1
64,1,8,ok,1092,2731058.2176000001,140894.20799999998,2060570.1664,0,529593.8432,8,1,1,1
64,1,9,ok,1092,2894326.7228999999,145297.152,2170667.9889000002,0,578361.58200000005,9,1,1,1
64,1,10,ok,910,3433730.4300000006,163537.91999999998,2662373.5580000002,0,607818.95200000005,5,1,1,2
64,1,11,ok,1092,3102121.2189000002,145297.15199999997,2292548.0016999999,0,664276.06520000007,11,1,1,1
64,1,12,ok,728,2956586.7935999995,140894.20799999998,2114269.7759999996,0,701422.80960000004,12,1,1,1
64,1,13,ok,728,3074331.3022500002,143095.67999999999,2183950.3224500003,0,747285.29980000004,13,1,1,1
64,1,14,ok,546,3747976.0416000006,140894.20799999998,2325297.9232000001,0,1281783.9104000002,2,1,1,7
64,1,15,ok,728,3250449.06225,143095.67999999999,2274153.59925,0,833199.78300000005,15,1,1,1
64,1,16,ok,546,3568031.6160000004,161021.95199999999,2657483.3408000004,0,749526.3232000001,8,1,1,2
64,2,1,ok,15288,4113605.0111999996,281788.41599999997,3542352.5439999998,0,289464.05120000005,1,1,1,1
64,2,2,ok,7644,4306918.7136000004,281788.41599999997,3649751.7631999999,0,375378.53440000006,2,1,1,1
64,2,3,ok,5096,4500232.4159999993,281788.41599999997,3757150.9823999992,0,461293.01760000002,3,1,1,1
64,2,4,ok,3822,4514713.7088000001,281788.41599999997,3689224.5055999998,0,543700.78720000002,2,2,1,1
64,2,5,ok,3640,4883561.2604999989,286191.35999999999,3961067.4544999991,0,636302.446,5,1,1,1
64,2,6,ok,2548,4708027.4112,281788.41599999997,3796623.7247999995,0,629615.27040000004,3,2,1,1
64,2,7,ok,2184,5848073.4144000011,281788.41599999997,4266887.4304000009,0,1299397.5680000002,1,1,1,7
64,2,8,ok,2184,5011059.2832000004,281788.41599999997,4013741.1135999998,0,715529.75360000005,4,2,1,1
64,2,9,ok,2184,5452246.0602000011,290594.304,4178510.9154000003,0,983140.84080000012,9,1,1,1
64,2,10,ok,1820,5214871.5644999994,286191.35999999999,4121425.4704999994,0,807254.73400000005,5,2,1,1
64,2,11,ok,2184,5867835.0522000007,290594.30399999995,4422270.9409999996,0,1154969.8072000002,11,1,1,1
64,2,12,ok,1274,5287968.5183999995,281788.41599999997,4118821.3823999995,0,887358.71999999997,6,2,1,1
64,2,13,ok,1456,5817352.3004999999,286191.35999999999,4207542.6288999999,0,1323618.3116000001,13,1,1,1
64,2,14,ok,1092,6041387.1168000009,281788.41599999997,4374286.6496000011,0,1385312.0512000001,2,1,1,7
64,2,15,ok,1456,6169587.8204999994,286191.35999999999,4387949.1824999992,0,1495447.2779999999,15,1,1,1
64,2,16,ok,1092,5462116.4352000002,281788.41599999997,4121140.3328,0,1059187.6864,8,2,1,1
64,4,1,ok,30576,8019415.0272000004,563576.83199999994,7045232.3455999997,0,410605.84960000007,1,1,1,1
64,4,2,ok,15288,8202263.0015999991,563576.83199999994,7056251.3535999991,0,582434.81599999999,2,1,1,1
64,4,3,ok,10192,8427791.5775999986,563576.83199999994,7109950.9631999983,0,754263.78240000003,3,1,1,1
64,4,4,ok,7644,8613837.4272000007,563576.83199999994,7299503.5263999999,0,750757.06880000012,2,2,1,1
64,4,5,ok,6370,9039557.2410000004,572382.71999999997,7365521.9169999994,0,1101652.6040000001,5,1,1,1
64,4,6,ok,5096,9000464.8319999985,563576.83199999994,7514301.9647999983,0,922586.03520000004,3,2,1,1
64,4,7,ok,4368,10241581.862400001,563576.83199999994,8257465.6640000008,0,1420539.3664000002,1,1,1,7
64,4,8,ok,3822,9029427.4176000003,563576.83199999994,7378449.0111999996,0,1087401.5744,2,4,1,1
64,4,9,ok,3822,10165733.5284,581188.60800000001,7791845.5619999999,0,1792699.3584,9,1,1,1
64,4,10,ok,3640,9767122.5209999979,572382.71999999997,7922134.9089999981,0,1272604.892,5,2,1,1
64,4,11,ok,3822,10996911.512399999,581188.60799999989,8279365.6131999996,0,2136357.2912000003,11,1,1,1
64,4,12,ok,2548,9416054.8223999999,563576.83199999994,7593247.449599999,0,1259230.5408000001,3,4,1,1
64,4,13,ok,2548,10907139.321,572382.71999999997,7858472.2658000011,0,2476284.3352000001,13,1,1,1
64,4,14,ok,2184,10628209.267200001,563576.83199999994,8472264.1024000011,0,1592368.3328000002,2,1,1,7
64,4,15,ok,2548,11611610.361,572382.71999999997,8219285.3730000006,0,2819942.2679999997,15,1,1,1
64,4,16,ok,2184,10022118.566400001,563576.83199999994,8027482.2271999996,0,1431059.5072000001,4,4,1,1
64,8,1,ok,61152,15831035.0592,1127153.6639999999,14050991.948800001,0,652889.44640000002,1,1,1,1
64,8,2,ok,30576,16038830.054400001,1127153.6639999999,14090464.691199999,0,821211.69920000015,1,2,1,1
64,8,3,ok,20384,16529369.932799999,1127153.6639999999,14062010.956799999,0,1340205.3120000002,3,1,1,1
64,8,4,ok,15288,16404526.003199998,1127153.6639999999,14112502.707199998,0,1164869.632,2,2,1,1
64,8,5,ok,12740,17747804.177999996,1144765.4399999999,14570685.817999998,0,2032352.9200000002,5,1,1,1
64,8,6,ok,10192,16855583.155199997,1127153.6639999999,14219901.926399997,0,1508527.5648000001,3,2,1,1
64,8,7,ok,8736,19028598.758400001,1127153.6639999999,16238622.131200001,0,1662822.9632000001,1,1,1,7
64,8,8,ok,7644,17227674.854400001,1127153.6639999999,14599007.0528,0,1501514.1376000002,2,4,1,1
64,8,9,ok,7644,19446300.028799996,1268047.872,16118213.788799997,0,2060038.3680000002,1,9,1,1
64,8,10,ok,6370,18079114.482000001,1144765.4399999999,14731043.833999999,0,2203305.2080000001,5,2,1,1
64,8,11,ok,7644,21657415.639199998,1162377.2159999998,16395906.163999999,0,4099132.2592000007,11,1,1,1
64,8,12,ok,5096,18000929.663999997,1127153.6639999999,15028603.929599997,0,1845172.0704000001,3,4,1,1
64,8,13,ok,5096,21482968.338,1144765.4399999999,15556586.515600001,0,4781616.3824000005,13,1,1,1
64,8,14,ok,4368,19801853.568000004,1127153.6639999999,16668219.008000001,0,2006480.8960000002,2,1,1,7
64,8,15,ok,5096,22501162.079999998,1408942.0799999998,18785754.911999997,0,2306465.0880000005,3,5,1,1
64,8,16,ok,3822,18058854.835200001,1127153.6639999999,14756898.022399999,0,2174803.1488000001,2,8,1,1
64,16,1,ok,122304,31454275.123199999,2254307.3279999997,28062511.155199997,0,1137456.6400000001,1,1,1,1
64,16,2,ok,61152,31662070.1184,2254307.3279999997,28101983.897600003,0,1305778.8928,1,2,1,1
64,16,3,ok,40768,32732526.643199995,2254307.3279999997,27966130.943999995,0,2512088.3711999999,3,1,1,1
64,16,4,ok,30576,32077660.108800001,2254307.3279999997,28180929.382399999,0,1642423.3984000003,1,4,1,1
64,16,5,ok,25480,35164298.052000001,2289530.8799999999,28981013.619999997,0,3893753.5520000006,5,1,1,1
64,16,6,ok,20384,33058739.865599997,2254307.3279999997,28124021.913599998,0,2680410.6240000003,3,2,1,1
64,16,7,ok,17472,36602632.550400004,2254307.3279999997,32200935.065600004,0,2147390.1568,1,1,1,7
64,16,8,ok,15288,32809052.006399997,2254307.3279999997,28225005.414399996,0,2329739.264,2,4,1,1
64,16,9,ok,15288,37022445.100799993,2536095.7439999999,31881172.895999998,0,2605176.4608000005,1,9,1,1
64,16,10,ok,12740,35495608.355999991,2289530.8799999999,29141371.635999996,0,4064705.8400000003,5,2,1,1
64,16,11,ok,15288,42978423.892800003,2324754.4319999996,32628987.2656,0,8024682.1952000009,11,1,1,1
64,16,12,ok,10192,33711166.310399994,2254307.3279999997,28439803.852799993,0,3017055.1296000001,3,4,1,1
64,16,13,ok,10192,42634626.372000001,2289530.8799999999,30952815.015200004,0,9392280.4768000003,13,1,1,1
64,16,14,ok,8736,37689279.129600003,2254307.3279999997,32600265.779200003,0,2834706.0224000001,2,1,1,7
64,16,15,ok,10192,42138957.887999989,2817884.1599999997,35549754.815999992,0,3771318.9120000005,3,5,1,1
64,16,16,ok,7644,34455349.708800003,2254307.3279999997,29198014.105599999,0,3003028.2752000005,2,8,1,1
64,32,1,ok,244608,62700755.251200005,4508614.6559999995,56085549.568000004,0,2106591.0272000004,1,1,1,1
64,32,2,ok,122304,62908550.246399999,4508614.6559999995,56125022.310399994,0,2274913.2800000003,1,2,1,1
64,32,3,ok,81536,65138840.063999996,4508614.6559999995,55774370.91839999,0,4855854.4896,3,1,1,1
64,32,4,ok,61152,63324140.2368,4508614.6559999995,56203967.795200005,0,2611557.7856000001,1,4,1,1
64,32,5,ok,50960,69997285.799999997,4579061.7599999998,57801669.223999992,0,7616554.8160000006,5,1,1,1
64,32,6,ok,40768,65465053.28639999,4508614.6559999995,55932261.887999989,0,5024176.7423999999,3,2,1,1
64,32,7,ok,34944,71750700.13440001,4508614.6559999995,64125560.934400007,0,3116524.5440000007,1,1,1,7
64,32,8,ok,30576,64155320.217600003,4508614.6559999995,56361858.764799997,0,3284846.7968000006,1,8,1,1
64,32,9,ok,28028,71448602.428800002,4649508.8640000001,61460109.187200002,0,5338984.3776000002,3,3,1,1
64,32,10,ok,25480,70328596.104000002,4579061.7599999998,57962027.239999995,0,7787507.1040000012,5,2,1,1
64,32,11,ok,22932,66731610.211199999,4649508.8639999991,58231716.892799996,0,3850384.4544000002,1,11,1,1
64,32,12,ok,20384,66117479.731199995,4508614.6559999995,56248043.827199996,0,5360821.2480000006,3,4,1,1
64,32,13,ok,20384,84937942.440000013,4579061.7599999998,61745272.014400005,0,18613608.665600002,13,1,1,1
64,32,14,ok,17472,73095065.702399999,4508614.6559999995,64095294.771200001,0,4491156.2752,2,1,1,7
64,32,15,ok,17836,76156629.839999989,4931297.2800000003,65256732.912,0,5968599.648000001,3,5,1,1
64,32,16,ok,15288,65618104.012799993,4508614.6559999995,56450010.828799993,0,4659478.5279999999,2,8,1,1
64,64,1,ok,489216,125193715.50719997,9017229.311999999,112131626.39359999,0,4044859.8016000008,1,1,1,1
64,64,2,ok,244608,125401510.50240001,9017229.311999999,112171099.13600001,0,4213182.0544000007,1,2,1,1
64,64,3,ok,163072,129951466.90559998,9017229.311999999,111390850.86719999,0,9543386.726400001,3,1,1,1
64,64,4,ok,122304,125817100.4928,9017229.311999999,112250044.62079999,0,4549826.5600000005,1,4,1,1
64,64,5,ok,99372,127977800.49599999,9158123.5199999996,114040957.264,0,4778719.7120000003,1,5,1,1
64,64,6,ok,81536,130277680.12799999,9017229.311999999,111548741.83679998,0,9711708.9791999999,3,2,1,1
64,64,7,ok,69888,142046835.30239999,9017229.311999999,127974812.67200001,0,5054793.3184000012,1,1,1,7
64,64,8,ok,61152,126648280.4736,9017229.311999999,112407935.59040001,0,5223115.5712000001,1,8,1,1
64,64,9,ok,56056,142273819.87199998,9299017.7280000001,122801800.14719999,0,10173001.9968,3,3,1,1
64,64,10,ok,49686,134260495.824,9158123.5199999996,117531431.888,0,7570940.4160000002,2,5,1,1
64,64,11,ok,45864,131177475.4752,9299017.7279999983,116029233.61919999,0,5849224.1280000005,1,11,1,1
64,64,12,ok,40768,130930106.57279998,9017229.311999999,111864523.77599998,0,10048353.4848,3,4,1,1
64,64,13,ok,38220,129640160.4576,9158123.5199999996,114356739.20320001,0,6125297.7344000004,1,13,1,1
64,64,14,ok,34944,143501400.26880002,9017229.311999999,128251121.86880001,0,6233049.0880000014,1,2,1,7
64,64,15,ok,33124,140543191.15200004,9158123.5199999996,121021906.51200001,0,10363161.120000001,3,5,1,1
64,64,16,ok,30576,128310640.43520001,9017229.311999999,112723717.52959999,0,6569693.5936000012,1,16,1,1
65,1,1,ok,31752,8297360.352,585252.86399999994,6957869.0111999996,0,754238.47680000006,1,1,1,1
65,1,2,ok,15876,8297360.352,585252.86399999994,6957869.0111999996,0,754238.47680000006,2,1,1,1
65,1,3,ok,10584,8319665.7792000026,585252.86399999994,6970261.2288000006,0,764151.68640000012,3,1,1,1
65,1,4,ok,7938,8341971.2063999996,585252.86399999994,6982653.4463999998,0,774064.89600000007,4,1,1,1
65,1,5,ok,7938,8776397.1487499978,586776.95999999996,7403729.5517499987,0,785890.63699999999,5,1,1,1
65,1,6,ok,5292,8386582.0608000001,585252.86399999994,7007437.8816,0,793891.31520000007,6,1,1,1
65,1,7,ok,5292,8689427.7151500005,586776.95999999996,7296933.6989500001,0,805717.05619999999,7,1,1,1
65,1,8,ok,4536,9545698.0800000001,585252.86399999994,8078751.1871999996,0,881694.02879999997,8,1,1,1
65,1,9,ok,4536,9827962.1662500016,589825.152,8332295.1448500017,0,905841.86940000008,9,1,1,1
65,1,10,ok,3780,9781275.5325000007,594397.43999999994,8256888.3825000003,0,929989.71000000008,10,1,1,1
65,1,11,ok,3780,9868698.2047499996,586776.95999999996,8343083.9453500006,0,938837.29940000002,11,1,1,1
65,1,12,ok,2646,8520414.6239999998,585252.86399999994,7081791.1872000005,0,853370.57279999997,12,1,1,1
65,1,13,ok,2646,8778578.2460999992,594397.43999999994,7309421.8352999995,0,874758.97080000013,13,1,1,1
65,1,14,ok,2646,8967223.2635999992,597445.63199999998,7481280.3883999996,0,888497.24320000003,14,1,1,1
65,1,15,ok,2646,9086349.6765000019,594397.43999999994,7597366.8465,0,894585.39000000013,15,1,1,1
65,1,16,ok,2268,9739008.2879999988,585252.86399999994,8124779.4239999996,0,1028976,16,1,1,1
65,2,1,ok,63504,15731572.262400001,1170505.7279999999,13751774.3232,0,809292.21120000014,1,1,1,1
65,2,2,ok,31752,15731572.262400001,1170505.7279999999,13751774.3232,0,809292.21120000014,2,1,1,1
65,2,3,ok,21168,15776183.116800003,1170505.7279999999,13776558.758400002,0,829118.63040000014,3,1,1,1
65,2,4,ok,15876,15820793.971199999,1170505.7279999999,13801343.193599999,0,848945.04960000003,4,1,1,1
65,2,5,ok,15876,16687398.073499996,1173553.9199999999,14643068.415499998,0,870775.73800000001,5,1,1,1
65,2,6,ok,10584,15910015.680000002,1170505.7279999999,13850912.063999999,0,888597.88800000004,6,1,1,1
65,2,7,ok,10584,16513459.2063,1173553.9199999999,14429476.709899999,0,910428.57640000002,7,1,1,1
65,2,8,ok,7938,16683942.412799999,1170505.7279999999,13965306.8928,0,1548129.7920000001,4,2,1,1
65,2,9,ok,9072,18290298.5469,1179650.304,16003611.627300002,0,1107036.6156000001,9,1,1,1
65,2,10,ok,7560,18186339.033,1188794.8799999999,15847674.237000002,0,1149869.9160000002,10,1,1,1
65,2,11,ok,7560,18378828.1215,1173553.9199999999,16028605.138700001,0,1176669.0628,11,1,1,1
65,2,12,ok,5292,16177680.806400001,1170505.7279999999,13999618.6752,0,1007556.4032000001,12,1,1,1
65,2,13,ok,5292,16680521.3562,1188794.8799999999,14452318.0386,0,1039408.4376000001,13,1,1,1
65,2,14,ok,5292,17053315.826399997,1194891.264,14795181.167199999,0,1063243.3951999999,14,1,1,1
65,2,15,ok,5292,17296064.217,1188794.8799999999,15028208.060999999,0,1079061.2760000001,15,1,1,1
65,2,16,ok,4536,18122977.036800001,1170505.7279999999,15593704.051200001,0,1358767.2575999999,16,1,1,1
65,4,1,ok,127008,30599996.083199997,2341011.4559999998,27339584.947199997,0,919399.68000000005,1,1,1,1
65,4,2,ok,63504,30599996.083199997,2341011.4559999998,27339584.947199997,0,919399.68000000005,2,1,1,1
65,4,3,ok,42336,30689217.792000007,2341011.4559999998,27389153.817600004,0,959052.51839999994,3,1,1,1
65,4,4,ok,31752,30778439.500799999,2341011.4559999998,27438722.687999997,0,998705.35680000007,4,1,1,1
65,4,5,ok,26460,31761111.122999996,2347107.8399999999,28175193.150999997,0,1238810.1320000002,5,1,1,1
65,4,6,ok,21168,30956882.918400005,2341011.4559999998,27537860.428800002,0,1078011.0336,6,1,1,1
65,4,7,ok,18522,31473395.666999999,2347107.8399999999,28006436.210200001,0,1119851.6168000002,7,1,1,1
65,4,8,ok,15876,31329804.211199999,2341011.4559999998,27831476.044799998,0,1157316.7104,8,1,1,1
65,4,9,ok,15876,32363499.666600008,2359300.608,28800666.275400005,0,1203532.7832000002,9,1,1,1
65,4,10,ok,13230,32081392.241999999,2377589.7599999998,28454053.626000002,0,1249748.8560000001,10,1,1,1
65,4,11,ok,13230,32471057.619000003,2347107.8399999999,28845486.808600001,0,1278462.9704,11,1,1,1
65,4,12,ok,10584,31492213.1712,2341011.4559999998,27835273.6512,0,1315928.064,12,1,1,1
65,4,13,ok,10584,32484407.576399993,2377589.7599999998,28738110.445199996,0,1368707.3712000002,13,1,1,1
65,4,14,ok,10584,33026918.412599999,2347107.8399999999,28858953.419799998,0,1820857.1528,7,2,1,1
65,4,15,ok,10584,33657420.402000003,2377589.7599999998,29831817.593999997,0,1448013.048,15,1,1,1
65,4,16,ok,7938,31746164.659199998,2341011.4559999998,27930613.785599999,0,1474539.4176,16,1,1,1
65,8,1,ok,254016,60336843.724799998,4682022.9119999995,54515206.195199996,0,1139614.6176,1,1,1,1
65,8,2,ok,127008,60336843.724799998,4682022.9119999995,54515206.195199996,0,1139614.6176,2,1,1,1
65,8,3,ok,84672,60515287.142400011,4682022.9119999995,54614343.936000004,0,1218920.2944,3,1,1,1
65,8,4,ok,63504,60693730.559999995,4682022.9119999995,54713481.676799998,0,1298225.9712,4,1,1,1
65,8,5,ok,52920,62163653.957999989,4694215.6799999997,55692823.549999997,0,1776614.7279999999,5,1,1,1
65,8,6,ok,42336,61050617.395199999,4682022.9119999995,54911757.158399999,0,1456837.3248000001,6,1,1,1
65,8,7,ok,37044,61588223.045999996,4694215.6799999997,55355309.668399997,0,1538697.6976000001,7,1,1,1
65,8,8,ok,31752,61304568.883200005,4682022.9119999995,55007097.292800002,0,1615448.6784000001,8,1,1,1
65,8,9,ok,31752,63361373.547600001,4718601.216,56940353.888399996,0,1702418.4432000001,9,1,1,1
65,8,10,ok,26460,62786572.452,4755179.5199999996,56242004.724000007,0,1789388.2080000001,10,1,1,1
65,8,11,ok,26460,63583546.950000003,4694215.6799999997,57033410.865200005,0,1855920.4048000001,11,1,1,1
65,8,12,ok,21168,61720929.331200019,4682022.9119999995,55106235.03360001,0,1932671.3856000002,12,1,1,1
65,8,13,ok,21168,63625163.939999998,4755179.5199999996,56842679.18159999,0,2027305.2384000001,13,1,1,1
65,8,14,ok,18522,62946791.333999999,4694215.6799999997,56012872.420400001,0,2239703.2336000004,7,2,1,1
65,8,15,ok,21168,65938628.772000007,4755179.5199999996,58997532.660000004,0,2185916.5920000002,15,1,1,1
65,8,16,ok,15876,62137289.779199995,4682022.9119999995,55205372.774399996,0,2249894.0928000002,16,1,1,1
65,16,1,ok,508032,119810539.008,9364045.8239999991,108866448.6912,0,1580044.4928000001,1,1,1,1
65,16,2,ok,254016,119810539.008,9364045.8239999991,108866448.6912,0,1580044.4928000001,2,1,1,1
65,16,3,ok,169344,120167425.84320003,9364045.8239999991,109064724.17280002,0,1738655.8464000002,3,1,1,1
65,16,4,ok,127008,120524312.67839999,9364045.8239999991,109262999.65439999,0,1897267.2000000002,4,1,1,1
65,16,5,ok,105840,122968739.62799999,9388431.3599999994,110728084.34799999,0,2852223.9199999999,5,1,1,1
65,16,6,ok,84672,120837737.77920002,9364045.8239999991,109259202.04800001,0,2214489.9072000002,6,1,1,1
65,16,7,ok,74088,121817877.80399999,9388431.3599999994,110053056.5848,0,2376389.8592000003,7,1,1,1
65,16,8,ok,63504,121254098.22719999,9364045.8239999991,109358339.78879999,0,2531712.6144000003,8,1,1,1
65,16,9,ok,63504,125357121.30960001,9437202.432,113219729.11440001,0,2700189.7631999999,9,1,1,1
65,16,10,ok,52920,124196932.87199998,9510359.0399999991,111817906.92,0,2868666.912,10,1,1,1
65,16,11,ok,52920,125808525.612,9388431.3599999994,113409258.97840001,0,3010835.2736000004,11,1,1,1
65,16,12,ok,42336,122086819.12320001,9364045.8239999991,109556615.27040002,0,3166158.0288000004,12,1,1,1
65,16,13,ok,42336,125874115.848,9510359.0399999991,113019255.8352,0,3344500.9728000001,13,1,1,1
65,16,14,ok,37044,123176446.09199999,9388431.3599999994,110710619.33679999,0,3077395.3952000001,7,2,1,1
65,16,15,ok,42336,130501045.51199999,9510359.0399999991,117328962.792,0,3661723.6800000002,15,1,1,1
65,16,16,ok,31752,122609137.76640001,9364045.8239999991,110014194.5856,0,3230897.3568000002,8,2,1,1
65,32,1,ok,1016064,238757929.57439998,18728091.647999998,217568933.68319997,0,2460904.2432000004,1,1,1,1
65,32,2,ok,508032,238757929.57439998,18728091.647999998,217568933.68319997,0,2460904.2432000004,2,1,1,1
65,32,3,ok,338688,239471703.24480003,18728091.647999998,217965484.64640003,0,2778126.9504000004,3,1,1,1
65,32,4,ok,254016,239621078.016,18728091.647999998,217732897.38240001,0,3160088.9856000002,2,2,1,1
65,32,5,ok,211680,244578910.96799999,18776862.719999999,220798605.94400001,0,5003442.3040000005,5,1,1,1
65,32,6,ok,169344,240320436.01920006,18728091.647999998,217862549.29920003,0,3729795.0720000006,6,1,1,1
65,32,7,ok,148176,242277187.31999999,18776862.719999999,219448550.41760001,0,4051774.1824000003,7,1,1,1
65,32,8,ok,127008,241048625.35679999,18728091.647999998,218525999.30879998,0,3794534.4000000004,4,2,1,1
65,32,9,ok,116424,248654517.46559998,19313344.512000002,225099709.57439998,0,4241463.3792000003,3,3,1,1
65,32,10,ok,105840,245937479.25599998,18776862.719999999,221456168.69599998,0,5704447.8399999999,5,2,1,1
65,32,11,ok,95256,254823625.90079996,19313344.511999998,226002475.98719996,0,9507805.4016000014,1,11,1,1
65,32,12,ok,84672,241675475.55840003,18728091.647999998,218518404.09600002,0,4428979.8144000005,6,2,1,1
65,32,13,ok,84672,250372019.66399997,19020718.079999998,225372409.1424,0,5978892.4416000005,13,1,1,1
65,32,14,ok,74088,243635755.60799998,18776862.719999999,220106113.16960001,0,4752779.7184000006,7,2,1,1
65,32,15,ok,74088,265293849.02400005,20483850.239999998,239040232.03200001,0,5769766.7520000003,3,5,1,1
65,32,16,ok,63504,242508196.45439997,18728091.647999998,218716679.57759997,0,5063425.2288000006,8,2,1,1
65,64,1,ok,2032128,476652710.70719999,37456183.295999996,434973903.66719997,0,4222623.7440000009,1,1,1,1
65,64,2,ok,1016064,476652710.70719999,37456183.295999996,434973903.66719997,0,4222623.7440000009,2,1,1,1
65,64,3,ok,677376,478080258.0480001,37456183.295999996,435767005.59360003,0,4857069.158400001,3,1,1,1
65,64,4,ok,508032,477515859.14879996,37456183.295999996,435137867.36639994,0,4921808.4864000008,2,2,1,1
65,64,5,ok,412776,487539516.38399994,38041436.159999996,442423663.77600002,0,7074416.4479999999,1,5,1,1
65,64,6,ok,338688,478943406.48960006,37456183.295999996,435930969.29280007,0,5556253.9008000009,3,2,1,1
65,64,7,ok,296352,483195806.352,37553725.439999998,438239538.08319998,0,7402542.8288000003,7,1,1,1
65,64,8,ok,254016,479242156.03200001,37456183.295999996,435465794.76480001,0,6320177.9712000005,2,4,1,1
65,64,9,ok,232848,494719589.60640007,38626689.024000004,449707528.05120003,0,6385372.5312000001,3,3,1,1
65,64,10,ok,206388,487539516.38399994,38041436.159999996,442423663.77600002,0,7074416.4479999999,2,5,1,1
65,64,11,ok,190512,500152618.94399989,38626689.023999996,450201351.28319991,0,11324578.6368,1,11,1,1
65,64,12,ok,169344,480640872.03840011,37456183.295999996,435725098.59840006,0,7459590.1440000013,6,2,1,1
65,64,13,ok,158760,494444703.91679996,38041436.159999996,443735373.3696,0,12667894.3872,1,13,1,1
65,64,14,ok,148176,484554374.63999999,37553725.439999998,438897100.83520001,0,8103548.3648000006,7,2,1,1
65,64,15,ok,137592,488989369.15200001,38041436.159999996,443229157.92000002,0,7718775.0719999997,3,5,1,1
65,64,16,ok,127008,482097250.71359998,37456183.295999996,437051998.61759996,0,7589068.8000000007,4,4,1,1
66,1,1,ok,2184,626382.41040000005,35223.551999999996,501717.63919999998,0,89441.219200000007,1,1,1,1
66,1,2,ok,1092,682764.55440000002,35223.551999999996,515142.5416,0,132398.4608,2,1,1,1
66,1,3,ok,728,739146.69839999988,35223.551999999996,528567.4439999999,0,175355.70240000001,3,1,1,1
66,1,4,ok,546,892007.9040000001,40255.487999999998,664370.83520000009,0,187381.58080000003,2,1,1,2
66,1,5,ok,728,935054.87749999983,36691.199999999997,635156.65949999995,0,263207.01799999998,5,1,1,1
66,1,6,ok,364,908293.13039999991,35223.551999999996,568842.15119999996,0,304227.42720000003,6,1,1,1
66,1,7,ok,364,990408.85195000004,35957.376000000004,606298.39095000003,0,348153.08499999996,7,1,1,1
66,1,8,ok,312,1152654.2015999998,40255.487999999998,840856.00639999995,0,271542.70720000006,2,1,4,1
66,1,9,ok,312,1173742.5816000002,45287.423999999999,830859.71760000009,0,297595.44000000006,3,1,3,1
66,1,10,ok,364,1184994.1000000001,41932.799999999996,804681.348,0,338379.95200000005,5,1,1,2
66,1,11,ok,364,1338662.1572499999,40360.32,772509.28864999989,0,525792.54859999998,11,1,1,1
66,1,12,ok,182,1149754.8480000002,40255.487999999998,725741.81760000007,0,383757.54240000003,6,1,1,2
66,1,13,ok,364,1453417.5526000001,38158.847999999998,806456.92139999988,0,608801.78320000006,13,1,1,1
66,1,14,ok,182,1113656.0231999999,35223.551999999996,693550.63120000006,0,384881.84000000008,2,1,1,7
66,1,15,ok,364,1677020.253,44029.439999999995,930527.21699999983,0,702463.59600000014,15,1,1,1
66,1,16,ok,182,1272749.7408,40255.487999999998,792629.29280000005,0,439864.96000000008,2,1,1,8
66,2,1,ok,4368,1171211.5152,70447.103999999992,963962.53600000008,0,136801.87520000001,1,1,1,1
66,2,2,ok,2184,1252764.8208000001,70447.103999999992,1003435.2784,0,178882.43840000001,1,2,1,1
66,2,3,ok,1456,1396740.0911999997,70447.103999999992,1017662.1455999997,0,308630.84160000004,3,1,1,1
66,2,4,ok,1092,1365529.1088,70447.103999999992,1030285.0832,0,264796.9216,2,2,1,1
66,2,5,ok,1456,1785158.395,73382.399999999994,1229195.879,0,482580.11599999998,5,1,1,1
66,2,6,ok,728,1478293.3967999998,70447.103999999992,1057134.8879999998,0,350711.40480000002,3,2,1,1
66,2,7,ok,728,1670357.1024000002,70447.103999999992,1210624.7440000002,0,389285.25440000003,1,1,1,7
66,2,8,ok,546,1784015.8080000002,80510.975999999995,1328741.6704000002,0,374763.16160000005,2,2,1,2
66,2,9,ok,624,2102825.2464000001,90574.847999999998,1543301.2080000001,0,468949.19040000002,3,1,3,1
66,2,10,ok,728,1870109.7549999997,73382.399999999994,1270313.3189999999,0,526414.03599999996,5,2,1,1
66,2,11,ok,728,2583877.8185000001,80720.639999999999,1499789.3933000001,0,1003367.7852,11,1,1,1
66,2,12,ok,364,1816586.2607999998,70447.103999999992,1137684.3023999999,0,608454.85440000007,6,2,1,1
66,2,13,ok,728,2818485.6908,76317.695999999996,1570151.7051999997,0,1172016.2896000003,13,1,1,1
66,2,14,ok,364,1863670.8048,70447.103999999992,1318023.9631999999,0,475199.73760000011,2,1,1,7
66,2,15,ok,728,3252098.8739999998,88058.87999999999,1811713.5059999998,0,1352326.4880000001,15,1,1,1
66,2,16,ok,312,2305308.4031999996,80510.975999999995,1681712.0127999999,0,543085.41440000013,2,2,4,1
66,4,1,ok,7644,2163330.0384,140894.20799999998,1790912.6431999998,0,231523.18720000001,1,1,1,1
66,4,2,ok,3822,2388858.6143999998,140894.20799999998,1844612.2527999999,0,403352.15360000002,2,1,1,1
66,4,3,ok,2548,2614387.1903999997,140894.20799999998,1898311.8623999998,0,575181.12,3,1,1,1
66,4,4,ok,2184,2505529.6416000002,140894.20799999998,2006870.5567999999,0,357764.87680000003,1,4,1,1
66,4,5,ok,2184,3131912.0520000001,176117.75999999998,2508588.196,0,447206.09600000002,1,5,1,1
66,4,6,ok,1456,2793480.1823999994,140894.20799999998,2035324.2911999994,0,617261.68320000009,3,2,1,1
66,4,7,ok,1092,2896499.0880000005,140894.20799999998,2271598.3136,0,484006.56640000007,1,1,1,7
66,4,8,ok,1092,2731058.2176000001,140894.20799999998,2060570.1664,0,529593.8432,2,4,1,1
66,4,9,ok,1092,3522061.9872000008,181149.696,2529255.6000000001,0,811656.69120000012,3,1,1,3
66,4,10,ok,1092,3413822.7719999999,176117.75999999998,2575712.7080000001,0,661992.304,2,5,1,1
66,4,11,ok,1274,4962544.9170000004,161441.28,2842585.3785999999,0,1958518.2584000002,11,1,1,1
66,4,12,ok,728,2956586.7935999995,140894.20799999998,2114269.7759999996,0,701422.80960000004,3,4,1,1
66,4,13,ok,1274,5442953.9736000001,152635.39199999999,2991873.2791999993,0,2298445.3024000004,13,1,1,1
66,4,14,ok,546,3122027.6640000003,140894.20799999998,2325297.9232000001,0,655835.53280000004,2,1,1,7
66,4,15,ok,728,3695733.4919999996,176117.75999999998,2642837.2199999993,0,876778.5120000001,3,5,1,1
66,4,16,ok,546,3568031.6160000004,161021.95199999999,2657483.3408000004,0,749526.3232000001,2,1,1,8
66,8,1,ok,15288,4245106.7711999994,281788.41599999997,3542352.5439999998,0,420965.81120000005,1,1,1,1
66,8,2,ok,7644,4326660.0767999999,281788.41599999997,3581825.2863999996,0,463046.37440000003,1,2,1,1
66,8,3,ok,5096,5147221.0751999989,281788.41599999997,3757150.9823999992,0,1108281.6768,3,1,1,1
66,8,4,ok,3822,4777717.2287999997,281788.41599999997,3689224.5055999998,0,806704.30720000004,2,2,1,1
66,8,5,ok,4368,5856057.5760000004,352235.51999999996,4819812.6800000006,0,684009.37600000005,1,5,1,1
66,8,6,ok,2548,5228774.3807999995,281788.41599999997,3796623.7247999995,0,1150362.24,3,2,1,1
66,8,7,ok,2184,5222125.0368000008,281788.41599999997,4266887.4304000009,0,673449.19040000008,1,1,1,7
66,8,8,ok,2184,5011059.2832000004,281788.41599999997,4013741.1135999998,0,715529.75360000005,1,8,1,1
66,8,9,ok,2184,5637441.6936000008,317011.96799999999,4515458.7527999999,0,804970.97280000011,1,9,1,1
66,8,10,ok,2184,6263824.1040000003,352235.51999999996,5017176.392,0,894412.19200000004,1,10,1,1
66,8,11,ok,2548,9831643.3379999995,322882.56,5639941.5732000005,0,3868819.2047999999,11,1,1,1
66,8,12,ok,1456,5586960.3647999987,281788.41599999997,4070648.5823999988,0,1234523.3664000002,3,4,1,1
66,8,13,ok,2548,10797558.5328,305270.78399999999,5940984.4207999995,0,4551303.3280000007,13,1,1,1
66,8,14,ok,1092,5673182.1888000006,281788.41599999997,4374286.6496000011,0,1017107.1232000001,2,1,1,7
66,8,15,ok,1456,6983700.4559999993,352235.51999999996,5088310.7279999992,0,1543154.2080000001,3,5,1,1
66,8,16,ok,1092,5462116.4352000002,281788.41599999997,4121140.3328,0,1059187.6864,2,8,1,1
66,16,1,ok,30576,8408660.2368000001,563576.83199999994,7045232.3455999997,0,799851.05920000013,1,1,1,1
66,16,2,ok,15288,8490213.5423999988,563576.83199999994,7084705.0879999995,0,841931.62240000011,1,2,1,1
66,16,3,ok,10192,10212888.844799999,563576.83199999994,7474829.2223999985,0,2174482.7904000003,3,1,1,1
66,16,4,ok,7644,8653320.1535999998,563576.83199999994,7163650.5727999993,0,926092.74880000006,1,4,1,1
66,16,5,ok,7644,10816650.192,704471.03999999992,8954563.2159999982,0,1157615.936,1,5,1,1
66,16,6,ok,5096,10294442.150399998,563576.83199999994,7514301.9647999983,0,2216563.3536,3,2,1,1
66,16,7,ok,4368,9873376.9344000015,563576.83199999994,8257465.6640000008,0,1052334.4384000001,1,1,1,7
66,16,8,ok,3822,9555434.4575999994,563576.83199999994,7378449.0111999996,0,1613408.6144000001,2,4,1,1
66,16,9,ok,4368,10540903.6368,634023.93599999999,8675662.824000001,0,1231216.8768000002,1,9,1,1
66,16,10,ok,3822,11944293.071999999,704471.03999999992,9223061.2639999986,0,2016760.7680000002,2,5,1,1
66,16,11,ok,5096,19569840.18,645765.12,11234653.962400001,0,7689421.0976,11,1,1,1
66,16,12,ok,2548,10457548.761599999,563576.83199999994,7593247.449599999,0,2300724.48,3,4,1,1
66,16,13,ok,5096,21506767.651199996,610541.56799999997,11839206.703999998,0,9057019.3792000003,13,1,1,1
66,16,14,ok,2184,10444250.073600002,563576.83199999994,8533774.8608000018,0,1346898.3808000002,1,2,1,7
66,16,15,ok,2548,13071935.952,704471.03999999992,9491559.311999999,0,2875905.6000000001,3,5,1,1
66,16,16,ok,2184,10022118.566400001,563576.83199999994,8027482.2271999996,0,1431059.5072000001,1,16,1,1
66,32,1,ok,61152,16735767.168000001,1127153.6639999999,14050991.948800001,0,1557621.5552000001,1,1,1,1
66,32,2,ok,30576,16817320.4736,1127153.6639999999,14090464.691199999,0,1599702.1184000003,1,2,1,1
66,32,3,ok,22932,17492472.727200001,1162377.216,14640952.173600001,0,1689143.3376000002,1,3,1,1
66,32,4,ok,15288,16980427.084799998,1127153.6639999999,14169410.175999999,0,1683863.2448000002,1,4,1,1
66,32,5,ok,15288,18745237.547999997,1232824.3199999998,15644387.451999998,0,1868025.7760000001,1,5,1,1
66,32,6,ok,10192,20425777.689599998,1127153.6639999999,14949658.444799997,0,4348965.5808000006,3,2,1,1
66,32,7,ok,8736,19175880.729600001,1127153.6639999999,16238622.131200001,0,1810104.9344000001,1,1,1,7
66,32,8,ok,7644,17306640.3072,1127153.6639999999,14327301.145599999,0,1852185.4976000001,1,8,1,1
66,32,9,ok,7644,19469970.345600002,1268047.872,16118213.788799997,0,2083708.6848000002,1,9,1,1
66,32,10,ok,7644,20718612.588,1232824.3199999998,16114259.035999998,0,3371529.2320000008,2,5,1,1
66,32,11,ok,6552,18876446.82,1162377.2159999998,15688281.760799998,0,2025787.8432,1,11,1,1
66,32,12,ok,5096,20588884.300799996,1127153.6639999999,15028603.929599997,0,4433126.7072000001,3,4,1,1
66,32,13,ok,6552,22308528.059999999,1373718.5279999999,18540696.626399998,0,2394112.9056000002,1,13,1,1
66,32,14,ok,4368,19746753.868800003,1127153.6639999999,16514931.328000002,0,2104668.8768000002,1,2,1,7
66,32,15,ok,5096,22691987.628000002,1232824.3200000001,16584130.620000001,0,4875032.6880000001,3,5,1,1
66,32,16,ok,3822,19110868.915199999,1127153.6639999999,14756898.022399999,0,3226817.2288000002,2,8,1,1
66,64,1,ok,122304,33389981.030400001,2254307.3279999997,28062511.155199997,0,3073162.5472000004,1,1,1,1
66,64,2,ok,61152,33471534.336000003,2254307.3279999997,28101983.897600003,0,3115243.1104000001,1,2,1,1
66,64,3,ok,45864,34740285.537600003,2324754.432,29163486.120000005,0,3252044.9856000002,1,3,1,1
66,64,4,ok,30576,33634640.9472,2254307.3279999997,28180929.382399999,0,3199404.2368000005,1,4,1,1
66,64,5,ok,28392,35821658.339999996,2289530.8799999999,30243282.004000001,0,3288845.4560000002,1,5,1,1
66,64,6,ok,22932,34984945.454400003,2324754.432,29281904.347200003,0,3378286.6752000004,1,6,1,1
66,64,7,ok,17472,37780888.320000008,2254307.3279999997,32200935.065600004,0,3325645.9264000002,1,1,1,7
66,64,8,ok,15288,33960854.169599995,2254307.3279999997,28338820.351999998,0,3367726.4896000004,1,8,1,1
66,64,9,ok,15288,38205960.940799996,2536095.7439999999,31881172.895999998,0,3788692.3008000003,1,9,1,1
66,64,10,ok,14196,39486497.699999996,2289530.8799999999,31115900.659999996,0,6081066.1600000001,2,5,1,1
66,64,11,ok,13104,36855807.278399996,2324754.4319999996,30942363.355199996,0,3588689.4912,1,11,1,1
66,64,12,ok,10192,40851555.379199997,2254307.3279999997,29899316.889599994,0,8697931.1616000012,3,4,1,1
66,64,13,ok,10920,36474084.7848,2289530.8799999999,30559063.9432,0,3625489.9616,1,13,1,1
66,64,14,ok,8736,38351761.459200002,2254307.3279999997,32477244.262400001,0,3620209.8688000003,1,2,1,7
66,64,15,ok,9464,43151337.059999995,2289530.8799999999,31988519.315999996,0,8873286.8640000001,3,5,1,1
66,64,16,ok,7644,34613280.614399999,2254307.3279999997,28654602.291199997,0,3704370.9952000002,1,16,1,1
67,1,1,ok,8400,2194300.4448000002,135475.19999999998,1871780.8447999998,0,187044.40000000002,1,1,1,1
67,1,2,ok,4200,2194300.4448000002,135475.19999999998,1871780.8447999998,0,187044.40000000002,2,1,1,1
67,1,3,ok,4200,2406237.6703499998,136533.59999999998,2074576.6717499997,0,195127.39860000001,3,1,1,1
67,1,4,ok,2100,2224572.0959999999,135475.19999999998,1888598.8543999998,0,200498.04160000003,4,1,1,1
67,1,5,ok,2100,2359185.1214999999,137592,2011655.9034999998,0,209937.21800000002,5,1,1,1
67,1,6,ok,2100,2493798.1469999999,139708.79999999999,2134712.9526,0,219376.39439999999,6,1,1,1
67,1,7,ok,1400,3786393.0159999998,135475.19999999998,2503758.8351999996,0,1147158.9808,1,1,1,7
67,1,8,ok,1050,3004780.1855999995,154828.79999999999,2467517.2863999996,0,382434.0992,4,1,2,1
67,1,9,ok,1400,2800078.19325,142883.99999999997,2413568.8030499998,0,243625.39020000002,9,1,1,1
67,1,10,ok,1050,3173530.548,157248,2617251.6200000001,0,399030.92800000007,5,1,2,1
67,1,11,ok,1400,2857790.9117999994,139708.79999999999,2465071.6133999997,0,253010.49839999998,11,1,1,1
67,1,12,ok,900,3719437.6320000007,174182.39999999999,3010017.7728000004,0,535237.45920000004,4,1,1,3
67,1,13,ok,1400,2932610.5055,137592,2531266.7210999997,0,263751.78440000006,13,1,1,1
67,1,14,ok,700,3791969.3727999995,135475.19999999998,2506856.8895999994,0,1149637.2831999999,2,1,1,7
67,1,15,ok,900,3905937.6705,176903.99999999997,3177324.9044999997,0,551708.76599999995,5,1,1,3
67,1,16,ok,700,2696445.9712000005,135475.19999999998,2279750.8800000004,0,281219.89120000001,16,1,1,1
67,2,1,ok,16800,4074934.3295999994,270950.39999999997,3591743.4495999995,0,212240.48000000001,1,1,1,1
67,2,2,ok,8400,4074934.3295999994,270950.39999999997,3591743.4495999995,0,212240.48000000001,2,1,1,1
67,2,3,ok,8400,4496358.2607000005,273067.19999999995,3996149.0235000001,0,227142.03720000002,3,1,1,1
67,2,4,ok,4200,4135477.6319999993,270950.39999999997,3625379.4687999994,0,239147.76320000002,4,1,1,1
67,2,5,ok,4200,4399802.6430000011,275184,3869121.4070000006,0,255497.236,5,1,1,1
67,2,6,ok,4200,4664127.6539999992,279417.59999999998,4112863.3451999994,0,271846.70880000002,6,1,1,1
67,2,7,ok,2800,6174165.8719999986,270950.39999999997,4741835.7503999993,0,1161379.7216,1,1,1,7
67,2,8,ok,2100,4449144.1919999998,270950.39999999997,3777197.7087999997,0,400996.08320000005,4,2,1,1
67,2,9,ok,2800,5269336.1864999998,285767.99999999994,4667016.8061000006,0,316551.38040000002,9,1,1,1
67,2,10,ok,2100,4718370.2429999998,275184,4023311.8069999996,0,419874.43600000005,5,2,1,1
67,2,11,ok,2800,5392113.1835999992,279417.59999999998,4773580.6667999998,0,339114.91680000001,11,1,1,1
67,2,12,ok,2100,4987596.2939999998,279417.59999999998,4269425.9051999999,0,438752.78879999998,6,2,1,1
67,2,13,ok,2800,5546653.4109999994,275184,4908343.0421999991,0,363126.3688,13,1,1,1
67,2,14,ok,1400,6185318.5855999989,270950.39999999997,4748031.8591999998,0,1166336.3264000001,2,1,1,7
67,2,15,ok,1800,6856172.5409999993,353807.99999999994,5892078.6089999992,0,610285.93200000003,5,1,1,3
67,2,16,ok,1050,6009560.371199999,309657.59999999998,4935034.5727999993,0,764868.19839999999,4,2,2,1
67,4,1,ok,29400,7196997.3887999989,541900.79999999993,6426452.095999999,0,228644.49280000001,1,1,1,1
67,4,2,ok,14700,7196997.3887999989,541900.79999999993,6426452.095999999,0,228644.49280000001,2,1,1,1
67,4,3,ok,14700,7994760.5357999988,546134.39999999991,7208437.0421999991,0,240189.09360000002,3,1,1,1
67,4,4,ok,7350,7241608.2431999994,541900.79999999993,6451236.5311999992,0,248470.91200000001,4,1,1,1
67,4,5,ok,7350,7718326.71,550368,6906311.8059999999,0,261646.90400000004,5,1,1,1
67,4,6,ok,7350,8195045.1767999995,558835.19999999995,7361387.0807999996,0,274822.89600000007,6,1,1,1
67,4,7,ok,4200,10204454.668799998,541900.79999999993,8462819.4559999984,0,1199734.4128,1,1,1,7
67,4,8,ok,4200,8270955.2639999986,541900.79999999993,7250758.9375999989,0,478295.52640000003,4,2,1,1
67,4,9,ok,4900,9413603.7569999993,571535.99999999988,8532611.0585999992,0,309456.69840000005,9,1,1,1
67,4,10,ok,4200,8799605.2860000022,550368,7738242.8140000012,0,510994.47200000001,5,2,1,1
67,4,11,ok,4900,9635088.2231999971,558835.19999999995,8751864.0791999996,0,324388.94400000002,11,1,1,1
67,4,12,ok,3150,10169912.678400002,696729.59999999998,8876266.2144000009,0,596916.86400000006,4,1,1,3
67,4,13,ok,4900,9913252.3099999987,550368,9021931.7291999981,0,340952.58080000005,13,1,1,1
67,4,14,ok,2100,10204454.668799998,541900.79999999993,8462819.4559999984,0,1199734.4128,2,1,1,7
67,4,15,ok,3150,10796262.57,707615.99999999988,9470453.9220000003,0,618192.64800000004,5,1,1,3
67,4,16,ok,2100,8898288.3839999996,541900.79999999993,7554395.4175999993,0,801992.1664000001,4,4,1,1
67,8,1,ok,58800,14080328.217599997,1083801.5999999999,12701085.951999998,0,295440.66560000001,1,1,1,1
67,8,2,ok,29400,14080328.217599997,1083801.5999999999,12701085.951999998,0,295440.66560000001,2,1,1,1
67,8,3,ok,25200,17866704.643199999,1219276.7999999998,15935118.163200002,0,712309.68000000005,1,3,1,1
67,8,4,ok,14700,14169549.926399998,1083801.5999999999,12750654.822399998,0,335093.50400000002,4,1,1,1
67,8,5,ok,14700,15118085.82,1100736,13658433.211999999,0,358916.60800000007,5,1,1,1
67,8,6,ok,12600,17866704.643199999,1219276.7999999998,15935118.163200002,0,712309.68000000005,2,3,1,1
67,8,7,ok,8400,18213243.417599995,1083801.5999999999,15862911.231999997,0,1266530.5856000001,1,1,1,7
67,8,8,ok,7350,14483216.486399999,1083801.5999999999,12902473.062399998,0,496941.82400000002,4,2,1,1
67,8,9,ok,8400,19748704.003200002,1219276.7999999998,16846027.6032,0,1683399.6000000001,1,9,1,1
67,8,10,ok,7350,15436653.42,1100736,13812623.612,0,523293.80800000008,5,2,1,1
67,8,11,ok,9800,18946707.806399997,1117670.3999999999,17347165.5984,0,481871.80800000008,11,1,1,1
67,8,12,ok,6300,18139149.504000001,1219276.7999999998,16086480.249600001,0,833392.45440000016,4,3,1,1
67,8,13,ok,9800,19507937.019999996,1100736,17889673.058399998,0,517527.96160000004,13,1,1,1
67,8,14,ok,4200,18213243.417599995,1083801.5999999999,15862911.231999997,0,1266530.5856000001,2,1,1,7
67,8,15,ok,6300,19321260.493500002,1238328,17179760.7315,0,903171.7620000001,5,3,1,1
67,8,16,ok,4200,16541910.527999997,1083801.5999999999,14501517.875199998,0,956591.05280000006,4,4,1,1
67,16,1,ok,117600,27846989.875199996,2167603.1999999997,25250353.663999997,0,429033.01120000007,1,1,1,1
67,16,2,ok,58800,27846989.875199996,2167603.1999999997,25250353.663999997,0,429033.01120000007,2,1,1,1
67,16,3,ok,50400,34792409.606400006,2438553.5999999996,31414781.606400006,0,939074.40000000014,1,3,1,1
67,16,4,ok,29400,28025433.292799998,2167603.1999999997,25349491.404799998,0,508338.68800000008,4,1,1,1
67,16,5,ok,29400,29917604.039999999,2201472,27162676.023999996,0,553456.01600000006,5,1,1,1
67,16,6,ok,25200,34792409.606400006,2438553.5999999996,31414781.606400006,0,939074.40000000014,2,3,1,1
67,16,7,ok,16800,34230820.915199988,2167603.1999999997,30663094.783999991,0,1400122.9312,1,1,1,7
67,16,8,ok,14700,28339099.852799997,2167603.1999999997,25501309.644799996,0,670187.00800000003,4,2,1,1
67,16,9,ok,16800,36674408.966399997,2438553.5999999996,32325691.046399996,0,1910164.3200000001,1,9,1,1
67,16,10,ok,14700,30236171.640000001,2201472,27316866.423999999,0,717833.21600000013,5,2,1,1
67,16,11,ok,19600,37569946.972799994,2235340.7999999998,34537768.636799999,0,796837.53600000008,11,1,1,1
67,16,12,ok,12600,35337299.327999994,2438553.5999999996,31717505.779200003,0,1181239.9488000001,4,3,1,1
67,16,13,ok,19600,38697306.439999998,2201472,35625155.716799997,0,870678.72320000001,13,1,1,1
67,16,14,ok,8400,34230820.915199988,2167603.1999999997,30663094.783999991,0,1400122.9312,2,1,1,7
67,16,15,ok,12600,37686818.186999999,2476656,33896950.262999997,0,1313211.9240000001,5,3,1,1
67,16,16,ok,7350,28966432.972799998,2167603.1999999997,25804946.124799997,0,993883.64800000004,4,4,1,1
67,32,1,ok,235200,55380313.190399989,4335206.3999999994,50348889.087999992,0,696217.70240000007,1,1,1,1
67,32,2,ok,117600,55380313.190399989,4335206.3999999994,50348889.087999992,0,696217.70240000007,2,1,1,1
67,32,3,ok,88200,57869161.257599995,4470681.5999999996,52361866.272,0,1036613.3856000002,1,3,1,1
67,32,4,ok,58800,55693979.750399992,4335206.3999999994,50500707.327999994,0,858066.02240000013,2,2,1,1
67,32,5,ok,58800,59516640.480000004,4402944,54171161.648000002,0,942534.83200000005,5,1,1,1
67,32,6,ok,44100,57869161.257599995,4470681.5999999996,52361866.272,0,1036613.3856000002,2,3,1,1
67,32,7,ok,33600,66265975.910399996,4335206.3999999994,60263461.887999997,0,1667307.6224000002,1,1,1,7
67,32,8,ok,29400,56050866.585599996,4335206.3999999994,50698982.809599996,0,1016677.3760000002,4,2,1,1
67,32,9,ok,29400,64772976.499199986,4877107.1999999993,57838068.863999993,0,2057800.4352000002,1,9,1,1
67,32,10,ok,29400,59835208.079999998,4402944,54325352.047999993,0,1106912.0320000001,5,2,1,1
67,32,11,ok,25200,65511250.358400002,4470681.5999999996,58428766.598400012,0,2611802.1600000001,1,11,1,1
67,32,12,ok,22050,58237200.806399994,4470681.5999999996,52566337.862399995,0,1200181.344,4,3,1,1
67,32,13,ok,25200,77422386.787200004,5283532.7999999998,69052178.707200006,0,3086675.2800000003,1,13,1,1
67,32,14,ok,16800,66265975.910399996,4335206.3999999994,60263461.887999997,0,1667307.6224000002,2,1,1,7
67,32,15,ok,22050,62146595.857500002,4540535.9999999991,56310453.199500009,0,1295606.6580000003,5,3,1,1
67,32,16,ok,14700,56678199.705599993,4335206.3999999994,51002619.289599992,0,1340374.0160000001,4,4,1,1
67,64,1,ok,470400,110446959.82079999,8670412.7999999989,100545959.93599999,0,1230587.0848000001,1,1,1,1
67,64,2,ok,235200,110446959.82079999,8670412.7999999989,100545959.93599999,0,1230587.0848000001,2,1,1,1
67,64,3,ok,176400,114797322.83520001,8941363.1999999993,104268277.824,0,1587681.8112000001,1,3,1,1
67,64,4,ok,117600,110760626.38079998,8670412.7999999989,100697778.17599998,0,1392435.4048000001,2,2,1,1
67,64,5,ok,117600,114125869.96799999,8805888,103425302.55999999,0,1894679.4080000001,1,5,1,1
67,64,6,ok,88200,114797322.83520001,8941363.1999999993,104268277.824,0,1587681.8112000001,2,3,1,1
67,64,7,ok,67200,130336285.90079997,8670412.7999999989,119464196.09599997,0,2201677.0048000002,1,1,1,7
67,64,8,ok,58800,111387959.50079998,8670412.7999999989,101001414.65599999,0,1716132.0448000003,2,4,1,1
67,64,9,ok,58800,126722953.95839998,9754214.3999999985,114309773.56799997,0,2658965.9904,1,9,1,1
67,64,10,ok,58800,114125869.96799999,8805888,103425302.55999999,0,1894679.4080000001,2,5,1,1
67,64,11,ok,50400,127572168.55680001,8941363.1999999993,115187532.55680001,0,3443272.8000000007,1,11,1,1
67,64,12,ok,44100,115533401.93279998,8941363.1999999993,104677221.00479999,0,1914817.7280000004,4,3,1,1
67,64,13,ok,42000,126318867.79200001,8805888,113771206.43200001,0,3741773.3600000003,1,13,1,1
67,64,14,ok,33600,130336285.90079997,8670412.7999999989,119464196.09599997,0,2201677.0048000002,2,1,1,7
67,64,15,ok,44100,123337488.91500001,9081071.9999999981,112158335.19900002,0,2098081.7160000005,5,3,1,1
67,64,16,ok,29400,112101733.17119999,8670412.7999999989,101397965.61919999,0,2033354.7520000003,4,4,1,1
68,1,1,ok,5733,32031.417600000001,32031.417600000001,0,0,0,1,1,1,1
68,1,2,ok,2867,32031.417600000001,32031.417600000001,0,0,0,2,1,1,1
68,1,3,ok,1916,32108.416200000003,32108.416200000003,0,0,0,3,1,1,1
68,1,4,ok,1434,32031.417600000001,32031.417600000001,0,0,0,4,1,1,1
68,1,5,ok,1151,32146.915499999999,32146.915499999999,0,0,0,5,1,1,1
68,1,6,ok,958,32108.416200000003,32108.416200000003,0,0,0,6,1,1,1
68,1,7,ok,819,32031.417600000001,32031.417600000001,0,0,0,1,1,1,7
68,1,8,ok,717,32031.417600000001,32031.417600000001,0,0,0,8,1,1,1
68,1,9,ok,641,32223.914100000002,32223.914100000002,0,0,0,9,1,1,1
68,1,10,ok,579,32339.412000000004,32339.412000000004,0,0,0,10,1,1,1
68,1,11,ok,524,32185.414800000002,32185.414800000002,0,0,0,11,1,1,1
68,1,12,ok,483,32339.412,32339.412,0,0,0,12,1,1,1
68,1,13,ok,441,32031.417599999997,32031.417599999997,0,0,0,13,1,1,1
68,1,14,ok,410,32031.417600000001,32031.417600000001,0,0,0,2,1,1,7
68,1,15,ok,386,32339.412000000004,32339.412000000004,0,0,0,15,1,1,1
68,1,16,ok,359,32031.417600000001,32031.417600000001,0,0,0,16,1,1,1
68,2,1,ok,11466,64062.835200000001,64062.835200000001,0,0,0,1,1,1,1
68,2,2,ok,5733,64062.835200000001,64062.835200000001,0,0,0,1,2,1,1
68,2,3,ok,3832,64216.832400000007,64216.832400000007,0,0,0,3,1,1,1
68,2,4,ok,2867,64062.835200000001,64062.835200000001,0,0,0,2,2,1,1
68,2,5,ok,2302,64293.830999999998,64293.830999999998,0,0,0,5,1,1,1
68,2,6,ok,1916,64216.832400000007,64216.832400000007,0,0,0,3,2,1,1
68,2,7,ok,1638,64062.835200000001,64062.835200000001,0,0,0,1,1,1,7
68,2,8,ok,1434,64062.835200000001,64062.835200000001,0,0,0,4,2,1,1
68,2,9,ok,1282,64447.828200000004,64447.828200000004,0,0,0,9,1,1,1
68,2,10,ok,1151,64293.830999999998,64293.830999999998,0,0,0,5,2,1,1
68,2,11,ok,1048,64370.829600000005,64370.829600000005,0,0,0,11,1,1,1
68,2,12,ok,958,64216.832400000007,64216.832400000007,0,0,0,6,2,1,1
68,2,13,ok,882,64062.835199999994,64062.835199999994,0,0,0,13,1,1,1
68,2,14,ok,819,64062.835200000001,64062.835200000001,0,0,0,1,2,1,7
68,2,15,ok,772,64678.824000000008,64678.824000000008,0,0,0,15,1,1,1
68,2,16,ok,717,64062.835200000001,64062.835200000001,0,0,0,8,2,1,1
68,4,1,ok,22932,128125.6704,128125.6704,0,0,0,1,1,1,1
68,4,2,ok,11466,128125.6704,128125.6704,0,0,0,1,2,1,1
68,4,3,ok,7663,128433.66480000001,128433.66480000001,0,0,0,3,1,1,1
68,4,4,ok,5733,128125.6704,128125.6704,0,0,0,2,2,1,1
68,4,5,ok,4603,128587.662,128587.662,0,0,0,5,1,1,1
68,4,6,ok,3832,128433.66480000001,128433.66480000001,0,0,0,3,2,1,1
68,4,7,ok,3276,128125.6704,128125.6704,0,0,0,1,1,1,7
68,4,8,ok,2867,128125.6704,128125.6704,0,0,0,2,4,1,1
68,4,9,ok,2564,128895.65640000001,128895.65640000001,0,0,0,9,1,1,1
68,4,10,ok,2302,128587.662,128587.662,0,0,0,5,2,1,1
68,4,11,ok,2095,128741.65920000001,128741.65920000001,0,0,0,11,1,1,1
68,4,12,ok,1916,128433.66480000001,128433.66480000001,0,0,0,3,4,1,1
68,4,13,ok,1764,128125.67039999999,128125.67039999999,0,0,0,13,1,1,1
68,4,14,ok,1638,128125.6704,128125.6704,0,0,0,1,2,1,7
68,4,15,ok,1544,129357.64800000002,129357.64800000002,0,0,0,15,1,1,1
68,4,16,ok,1434,128125.6704,128125.6704,0,0,0,4,4,1,1
68,8,1,ok,45864,256251.34080000001,256251.34080000001,0,0,0,1,1,1,1
68,8,2,ok,22932,256251.34080000001,256251.34080000001,0,0,0,1,2,1,1
68,8,3,ok,15325,256867.32960000003,256867.32960000003,0,0,0,3,1,1,1
68,8,4,ok,11466,256251.34080000001,256251.34080000001,0,0,0,2,2,1,1
68,8,5,ok,9206,257175.32399999999,257175.32399999999,0,0,0,5,1,1,1
68,8,6,ok,7663,256867.32960000003,256867.32960000003,0,0,0,3,2,1,1
68,8,7,ok,6552,256251.34080000001,256251.34080000001,0,0,0,1,1,1,7
68,8,8,ok,5733,256251.34080000001,256251.34080000001,0,0,0,2,4,1,1
68,8,9,ok,5127,257791.31280000001,257791.31280000001,0,0,0,9,1,1,1
68,8,10,ok,4603,257175.32399999999,257175.32399999999,0,0,0,5,2,1,1
68,8,11,ok,4190,257483.31840000002,257483.31840000002,0,0,0,11,1,1,1
68,8,12,ok,3832,256867.32960000003,256867.32960000003,0,0,0,3,4,1,1
68,8,13,ok,3528,256251.34079999998,256251.34079999998,0,0,0,13,1,1,1
68,8,14,ok,3276,256251.34080000001,256251.34080000001,0,0,0,1,2,1,7
68,8,15,ok,3087,258715.29600000003,258715.29600000003,0,0,0,15,1,1,1
68,8,16,ok,2867,256251.34080000001,256251.34080000001,0,0,0,4,4,1,1
68,16,1,ok,91728,512502.68160000001,512502.68160000001,0,0,0,1,1,1,1
68,16,2,ok,45864,512502.68160000001,512502.68160000001,0,0,0,1,2,1,1
68,16,3,ok,30650,513734.65920000005,513734.65920000005,0,0,0,3,1,1,1
68,16,4,ok,22932,512502.68160000001,512502.68160000001,0,0,0,2,2,1,1
68,16,5,ok,18412,514350.64799999999,514350.64799999999,0,0,0,5,1,1,1
68,16,6,ok,15325,513734.65920000005,513734.65920000005,0,0,0,3,2,1,1
68,16,7,ok,13104,512502.68160000001,512502.68160000001,0,0,0,1,1,1,7
68,16,8,ok,11466,512502.68160000001,512502.68160000001,0,0,0,2,4,1,1
68,16,9,ok,10254,515582.62560000003,515582.62560000003,0,0,0,9,1,1,1
68,16,10,ok,9206,514350.64799999999,514350.64799999999,0,0,0,5,2,1,1
68,16,11,ok,8379,514966.63680000004,514966.63680000004,0,0,0,11,1,1,1
68,16,12,ok,7663,513734.65920000005,513734.65920000005,0,0,0,3,4,1,1
68,16,13,ok,7056,512502.68159999995,512502.68159999995,0,0,0,13,1,1,1
68,16,14,ok,6552,512502.68160000001,512502.68160000001,0,0,0,1,2,1,7
68,16,15,ok,6174,517430.59200000006,517430.59200000006,0,0,0,15,1,1,1
68,16,16,ok,5733,512502.68160000001,512502.68160000001,0,0,0,4,4,1,1
68,32,1,ok,183456,1025005.3632,1025005.3632,0,0,0,1,1,1,1
68,32,2,ok,91728,1025005.3632,1025005.3632,0,0,0,1,2,1,1
68,32,3,ok,61299,1027469.3184000001,1027469.3184000001,0,0,0,3,1,1,1
68,32,4,ok,45864,1025005.3632,1025005.3632,0,0,0,2,2,1,1
68,32,5,ok,36824,1028701.296,1028701.296,0,0,0,5,1,1,1
68,32,6,ok,30650,1027469.3184000001,1027469.3184000001,0,0,0,3,2,1,1
68,32,7,ok,26208,1025005.3632,1025005.3632,0,0,0,1,1,1,7
68,32,8,ok,22932,1025005.3632,1025005.3632,0,0,0,2,4,1,1
68,32,9,ok,20507,1031165.2512000001,1031165.2512000001,0,0,0,9,1,1,1
68,32,10,ok,18412,1028701.296,1028701.296,0,0,0,5,2,1,1
68,32,11,ok,16758,1029933.2736000001,1029933.2736000001,0,0,0,11,1,1,1
68,32,12,ok,15325,1027469.3184000001,1027469.3184000001,0,0,0,3,4,1,1
68,32,13,ok,14112,1025005.3631999999,1025005.3631999999,0,0,0,13,1,1,1
68,32,14,ok,13104,1025005.3632,1025005.3632,0,0,0,1,2,1,7
68,32,15,ok,12348,1034861.1840000001,1034861.1840000001,0,0,0,15,1,1,1
68,32,16,ok,11466,1025005.3632,1025005.3632,0,0,0,4,4,1,1
68,64,1,ok,366912,2050010.7264,2050010.7264,0,0,0,1,1,1,1
68,64,2,ok,183456,2050010.7264,2050010.7264,0,0,0,1,2,1,1
68,64,3,ok,122598,2054938.6368000002,2054938.6368000002,0,0,0,3,1,1,1
68,64,4,ok,91728,2050010.7264,2050010.7264,0,0,0,2,2,1,1
68,64,5,ok,73647,2057402.5919999999,2057402.5919999999,0,0,0,5,1,1,1
68,64,6,ok,61299,2054938.6368000002,2054938.6368000002,0,0,0,3,2,1,1
68,64,7,ok,52416,2050010.7264,2050010.7264,0,0,0,1,1,1,7
68,64,8,ok,45864,2050010.7264,2050010.7264,0,0,0,2,4,1,1
68,64,9,ok,41013,2062330.5024000001,2062330.5024000001,0,0,0,9,1,1,1
68,64,10,ok,36824,2057402.5919999999,2057402.5919999999,0,0,0,5,2,1,1
68,64,11,ok,33516,2059866.5472000001,2059866.5472000001,0,0,0,11,1,1,1
68,64,12,ok,30650,2054938.6368000002,2054938.6368000002,0,0,0,3,4,1,1
68,64,13,ok,28224,2050010.7263999998,2050010.7263999998,0,0,0,13,1,1,1
68,64,14,ok,26208,2050010.7264,2050010.7264,0,0,0,1,2,1,7
68,64,15,ok,24696,2069722.3680000002,2069722.3680000002,0,0,0,15,1,1,1
68,64,16,ok,22932,2050010.7264,2050010.7264,0,0,0,4,4,1,1
69,1,1,ok,5096,1472685.6191999998,93929.471999999994,1211841.6319999998,0,166914.51520000002,1,1,1,1
69,1,2,ok,2548,1569342.4704,93929.471999999994,1265541.2415999998,0,209871.75680000003,2,1,1,1
69,1,3,ok,2184,1730719.0879500001,94663.295999999988,1382258.37735,0,253797.41460000002,3,1,1,1
69,1,4,ok,1274,1762656.1727999998,93929.471999999994,1372940.4607999998,0,295786.23999999999,4,1,1,1
69,1,5,ok,1274,1940207.3535000002,95397.119999999995,1504129.9195000003,0,340680.31400000001,5,1,1,1
69,1,6,ok,1092,1929551.1486,96864.767999999996,1447111.9926,0,385574.38800000004,6,1,1,1
69,1,7,ok,728,2466431.7440000004,93929.471999999994,1532298.7456000003,0,840203.52640000009,1,1,1,7
69,1,8,ok,728,1971057.8623999998,93929.471999999994,1409513.1839999997,0,467615.20640000002,8,1,1,1
69,1,9,ok,728,2128383.2092499998,99066.239999999991,1511965.6078500003,0,517351.36140000005,9,1,1,1
69,1,10,ok,728,2166966.0414999998,95397.119999999995,1516102.3994999998,0,555466.522,10,1,1,1
69,1,11,ok,728,2274815.3405999998,96864.767999999982,1577589.9765999999,0,600360.59600000002,11,1,1,1
69,1,12,ok,546,2512391.5919999997,110702.59199999998,1861842.6575999998,0,539846.34239999996,6,1,1,2
69,1,13,ok,728,2431142.6814999995,95397.119999999995,1651407.3147,0,684338.24679999996,13,1,1,1
69,1,14,ok,364,2563088.5951999999,93929.471999999994,1585998.3552000001,0,883160.76800000004,2,1,1,7
69,1,15,ok,546,2749894.8945000004,122653.44,1993849.8645000001,0,633391.58999999997,5,1,1,3
69,1,16,ok,364,2422115.0143999998,93929.471999999994,1516912.4031999998,0,811273.13920000009,16,1,1,1
69,2,1,ok,10192,2806841.2415999998,187858.94399999999,2397368.1023999997,0,221614.19520000002,1,1,1,1
69,2,2,ok,5096,2945371.2383999997,187858.94399999999,2423683.2639999995,0,333829.03040000005,1,2,1,1
69,2,3,ok,4368,3242263.6670999997,189326.59199999998,2658433.7594999997,0,394503.31560000009,3,1,1,1
69,2,4,ok,2548,3138684.9408,187858.94399999999,2531082.4831999997,0,419743.51360000006,2,2,1,1
69,2,5,ok,2548,3739720.1789999995,190794.23999999999,2981533.503,0,567392.4360000001,5,1,1,1
69,2,6,ok,2184,3461438.1759000001,189326.59199999998,2764516.7546999999,0,507594.82920000004,3,2,1,1
69,2,7,ok,1456,3963153.5103999991,187858.94399999999,2880391.3599999999,0,894903.20640000002,1,1,1,7
69,2,8,ok,1274,3525312.3455999997,187858.94399999999,2745880.9215999995,0,591572.47999999998,4,2,1,1
69,2,9,ok,1456,4027397.7464999999,198132.47999999998,2912914.1277000001,0,916351.13880000007,9,1,1,1
69,2,10,ok,1274,3880414.7070000004,190794.23999999999,3008259.8390000006,0,681360.62800000003,5,2,1,1
69,2,11,ok,1456,4325359.0908000004,193729.53599999996,3046629.9116000002,0,1084999.6432000003,11,1,1,1
69,2,12,ok,1092,3859102.2971999999,193729.53599999999,2894223.9852,0,771148.77600000007,6,2,1,1
69,2,13,ok,1456,4641411.8269999996,190794.23999999999,3195909.2853999999,0,1254708.3015999999,13,1,1,1
69,2,14,ok,728,4156467.2127999994,187858.94399999999,2987790.5792,0,980817.68960000016,2,1,1,7
69,2,15,ok,1092,5077706.2050000001,245306.88,3907520.7209999999,0,924878.60400000005,5,1,1,3
69,2,16,ok,728,3942115.7247999995,187858.94399999999,2819026.3679999993,0,935230.41280000005,8,2,1,1
69,4,1,ok,20384,5392999.1423999993,375717.88799999998,4686267.6991999988,0,331013.5552,1,1,1,1
69,4,2,ok,10192,5613682.4831999997,375717.88799999998,4794736.2047999995,0,443228.39040000003,1,2,1,1
69,4,3,ok,7644,6003214.9181999993,378653.18399999995,4948646.6165999994,0,675915.11760000011,3,1,1,1
69,4,4,ok,5096,5890742.4767999994,375717.88799999998,4847366.527999999,0,667658.06080000009,1,4,1,1
69,4,5,ok,5096,6613430.6940000001,381588.47999999998,5211025.534,0,1020816.6800000001,5,1,1,1
69,4,6,ok,3822,6777155.6856000004,387459.07199999999,5194563.7080000006,0,1195132.9056000002,6,1,1,1
69,4,7,ok,2912,6956597.0431999993,375717.88799999998,5576576.5888,0,1004302.5663999999,1,1,1,7
69,4,8,ok,2548,6277369.8816,375717.88799999998,5062164.9663999993,0,839487.02720000013,2,4,1,1
69,4,9,ok,2548,7551096.4530000007,396264.95999999996,5440480.7994000008,0,1714350.6936000001,9,1,1,1
69,4,10,ok,2548,7479440.3579999991,381588.47999999998,5963067.0060000001,0,1134784.8720000002,5,2,1,1
69,4,11,ok,2548,8158212.4535999997,387459.07199999993,5716475.6439999994,0,2054277.7376000003,11,1,1,1
69,4,12,ok,2184,6922876.3518000003,378653.18399999995,5529033.5093999999,0,1015189.6584000001,3,4,1,1
69,4,13,ok,2548,8797780.1339999996,381588.47999999998,6020743.2428000001,0,2395448.4112,13,1,1,1
69,4,14,ok,1456,7343224.4479999999,375717.88799999998,5791375.0272000004,0,1176131.5327999999,2,1,1,7
69,4,15,ok,2184,8653595.4397500008,473316.47999999998,6911291.8867500005,0,1268987.0730000001,3,5,1,1
69,4,16,ok,1274,7050624.6911999993,375717.88799999998,5491761.8431999991,0,1183144.96,4,4,1,1
69,8,1,ok,40768,10568522.803199999,751435.77599999995,9267274.7519999985,0,549812.27520000003,1,1,1,1
69,8,2,ok,20384,10785998.284799999,751435.77599999995,9372535.3983999975,0,662027.11040000001,1,2,1,1
69,8,3,ok,15288,11787255.327599999,757306.3679999999,9791210.2379999999,0,1238738.7216000003,3,1,1,1
69,8,4,ok,10192,11227364.966399999,751435.77599999995,9589472.409599999,0,886456.78080000007,1,4,1,1
69,8,5,ok,10192,13005987.852,763176.95999999996,10315145.724000001,0,1927665.1680000001,5,1,1,1
69,8,6,ok,7644,12006429.836399999,757306.3679999999,9897293.2331999987,0,1351830.2352000002,3,2,1,1
69,8,7,ok,5824,12943484.108800001,751435.77599999995,10968947.046400001,0,1223101.2864000001,1,1,1,7
69,8,8,ok,5096,11781484.953599999,751435.77599999995,9694733.055999998,0,1335316.1216000002,1,8,1,1
69,8,9,ok,5096,13254170.572799999,845365.24799999991,10906574.687999997,0,1502230.6368000002,1,9,1,1
69,8,10,ok,5096,13226861.388,763176.95999999996,10422051.068,0,2041633.3600000001,5,2,1,1
69,8,11,ok,5096,16092153.3168,774918.14399999985,11324401.246399999,0,3992833.9264000002,11,1,1,1
69,8,12,ok,3822,13554311.371200001,774918.14399999997,10389127.416000001,0,2390265.8112000003,6,2,1,1
69,8,13,ok,5096,17374686.732000001,763176.95999999996,11934581.141600002,0,4676928.6304000001,13,1,1,1
69,8,14,ok,2912,13624961.996799998,751435.77599999995,11306767.001599999,0,1566759.2192000002,2,1,1,7
69,8,15,ok,3822,16617699.013499999,858574.07999999996,13376811.259499997,0,2382313.6740000001,5,3,1,1
69,8,16,ok,2548,12554739.7632,751435.77599999995,10124329.932799999,0,1678974.0544000003,2,8,1,1
69,16,1,ok,81536,20919570.124799997,1502871.5519999999,18429288.857599996,0,987409.71520000009,1,1,1,1
69,16,2,ok,40768,21137045.606399998,1502871.5519999999,18534549.503999997,0,1099624.5504000001,1,2,1,1
69,16,3,ok,30576,23355336.146399993,1514612.7359999998,19476337.480799995,0,2364385.9296000004,3,1,1,1
69,16,4,ok,20384,21571996.569599997,1502871.5519999999,18745070.796799995,0,1324054.2208,1,4,1,1
69,16,5,ok,20384,25791102.168000001,1526353.9199999999,20523386.104000002,0,3741362.1440000003,5,1,1,1
69,16,6,ok,15288,23574510.655199997,1514612.7359999998,19582420.476,0,2477477.4432000006,3,2,1,1
69,16,7,ok,11648,24825481.318400007,1502871.5519999999,21661911.040000007,0,1660698.7264000003,1,1,1,7
69,16,8,ok,10192,22454729.932799999,1502871.5519999999,19178944.819199998,0,1772913.5616000001,1,8,1,1
69,16,9,ok,10192,25261571.174399998,1690730.4959999998,21576312.921599999,0,1994527.7568000001,1,9,1,1
69,16,10,ok,10192,26011975.704,1526353.9199999999,20630291.448000003,0,3855330.3360000001,5,2,1,1
69,16,11,ok,10192,31960035.043199997,1549836.2879999997,22540252.451199997,0,7869946.3040000014,11,1,1,1
69,16,12,ok,7644,24012859.672799997,1514612.7359999998,19794586.466399997,0,2703660.4704000005,3,4,1,1
69,16,13,ok,10192,34528499.927999996,1526353.9199999999,23762256.939200003,0,9239889.0687999986,13,1,1,1
69,16,14,ok,5824,25727595.622400001,1502871.5519999999,21876709.478399999,0,2348014.5920000002,2,1,1,7
69,16,15,ok,7644,30016074.590999998,1893265.9199999999,24743233.082999997,0,3379575.5880000005,3,5,1,1
69,16,16,ok,5096,23562969.907199997,1502871.5519999999,19389466.111999996,0,2670632.2432000004,1,16,1,1
69,32,1,ok,163072,41621664.767999999,3005743.1039999998,36753317.068799995,0,1862604.5952000001,1,1,1,1
69,32,2,ok,81536,41839140.249599993,3005743.1039999998,36858577.715199992,0,1974819.4304000002,1,2,1,1
69,32,3,ok,56056,44442725.529600002,3099672.5759999999,39201319.008000001,0,2141733.9456000002,1,3,1,1
69,32,4,ok,40768,42274091.212799996,3005743.1039999998,37069099.007999994,0,2199249.1008000001,1,4,1,1
69,32,5,ok,35672,47388096.767999992,3287531.52,41625002.272,0,2475562.9760000003,1,5,1,1
69,32,6,ok,28028,47632401.619199999,3099672.5759999999,40973406.124799997,0,3559322.9184000003,2,3,1,1
69,32,7,ok,23296,48128634.265600003,3005743.1039999998,42586997.555200003,0,2535893.6063999999,1,1,1,7
69,32,8,ok,20384,43143993.139199995,3005743.1039999998,37490141.59359999,0,2648108.4416,1,8,1,1
69,32,9,ok,20384,48536992.281599991,3381460.9919999996,42176409.292799987,0,2979121.9967999998,1,9,1,1
69,32,10,ok,17836,50771086.559999995,3287531.52,43504488.607999995,0,3979066.4320000005,2,5,1,1
69,32,11,ok,15288,45550965.504000001,3099672.5759999994,39411840.300800003,0,3039452.6272,1,11,1,1
69,32,12,ok,15288,47149021.310399994,3029225.4719999996,39164840.952,0,4954954.8864000011,3,4,1,1
69,32,13,ok,15288,53832959.232000001,3663249.4079999998,46577629.446400002,0,3592080.3776000002,1,13,1,1
69,32,14,ok,11648,49650962.636800013,3005743.1039999998,43323822.080000013,0,3321397.4528000006,1,2,1,7
69,32,15,ok,15288,52033898.510250002,3313215.3599999994,43230519.047250003,0,5490164.1030000011,3,5,1,1
69,32,16,ok,10192,44909459.865599997,3005743.1039999998,38357889.638399996,0,3545827.1232000003,1,16,1,1
69,64,1,ok,326144,83025854.054399997,6011486.2079999996,73401373.491199985,0,3612994.3552000001,1,1,1,1
69,64,2,ok,163072,83243329.535999998,6011486.2079999996,73506634.13759999,0,3725209.1904000002,1,2,1,1
69,64,3,ok,112112,88469861.068800002,6199345.1519999998,78323692.531199992,0,3946823.3856000002,1,3,1,1
69,64,4,ok,81536,83678280.499199986,6011486.2079999996,73717155.430399984,0,3949638.8608000004,1,4,1,1
69,64,5,ok,66248,87412765.439999998,6105415.6799999997,77190796.384000003,0,4116553.3760000002,1,5,1,1
69,64,6,ok,56056,88885451.059200004,6199345.1519999998,78402638.016000003,0,4283467.8912000004,1,6,1,1
69,64,7,ok,46592,94734940.159999996,6011486.2079999996,84437170.585600004,0,4286283.3664000006,1,1,1,7
69,64,8,ok,40768,84548182.425599992,6011486.2079999996,74138198.015999988,0,4398498.2016000003,1,8,1,1
69,64,9,ok,40768,95116705.228799999,6762921.9839999992,83405472.767999992,0,4948310.4768000003,1,9,1,1
69,64,10,ok,33124,93695460.768000022,6105415.6799999997,80681271.008000016,0,6908774.0800000001,2,5,1,1
69,64,11,ok,30576,89578101.043200001,6199345.1519999988,78534213.824000016,0,4844542.0672000004,1,11,1,1
69,64,12,ok,28028,95264803.238399997,6199345.1519999998,81946812.249599993,0,7118645.8368000006,2,6,1,1
69,64,13,ok,25480,88521005.414400011,6105415.6799999997,77401317.676799998,0,5014272.0575999999,1,13,1,1
69,64,14,ok,23296,96257268.531200007,6011486.2079999996,85173995.110400006,0,5071787.2127999999,1,2,1,7
69,64,15,ok,25480,102139621.63200001,7044710.3999999994,89309212.703999996,0,5785698.5279999999,1,15,1,1
69,64,16,ok,20384,86287986.278399989,6011486.2079999996,74980283.18719998,0,5296216.8832,1,16,1,1
70,1,1,ok,784,4380.3648000000003,4380.3648000000003,0,0,0,1,1,1,1
70,1,2,ok,392,4380.3648000000003,4380.3648000000003,0,0,0,2,1,1,1
70,1,3,ok,262,4388.9202000000005,4388.9202000000005,0,0,0,3,1,1,1
70,1,4,ok,196,4380.3648000000003,4380.3648000000003,0,0,0,4,1,1,1
70,1,5,ok,157,4384.6424999999999,4384.6424999999999,0,0,0,5,1,1,1
70,1,6,ok,131,4388.9202000000005,4388.9202000000005,0,0,0,6,1,1,1
70,1,7,ok,113,4401.7533000000003,4401.7533000000003,0,0,0,7,1,1,1
70,1,8,ok,98,4380.3648000000003,4380.3648000000003,0,0,0,8,1,1,1
70,1,9,ok,88,4388.9202000000005,4388.9202000000005,0,0,0,9,1,1,1
70,1,10,ok,79,4406.0310000000009,4406.0310000000009,0,0,0,10,1,1,1
70,1,11,ok,72,4423.1418000000003,4423.1418000000003,0,0,0,11,1,1,1
70,1,12,ok,66,4414.5864000000001,4414.5864000000001,0,0,0,12,1,1,1
70,1,13,ok,61,4393.1979000000001,4393.1979000000001,0,0,0,13,1,1,1
70,1,14,ok,57,4431.6972000000005,4431.6972000000005,0,0,0,14,1,1,1
70,1,15,ok,53,4427.4195,4427.4195,0,0,0,15,1,1,1
70,1,16,ok,49,4380.3648000000003,4380.3648000000003,0,0,0,16,1,1,1
70,2,1,ok,1568,8760.7296000000006,8760.7296000000006,0,0,0,1,1,1,1
70,2,2,ok,784,8760.7296000000006,8760.7296000000006,0,0,0,1,2,1,1
70,2,3,ok,524,8777.840400000001,8777.840400000001,0,0,0,3,1,1,1
70,2,4,ok,392,8760.7296000000006,8760.7296000000006,0,0,0,2,2,1,1
70,2,5,ok,314,8769.2849999999999,8769.2849999999999,0,0,0,5,1,1,1
70,2,6,ok,262,8777.840400000001,8777.840400000001,0,0,0,3,2,1,1
70,2,7,ok,226,8803.5066000000006,8803.5066000000006,0,0,0,7,1,1,1
70,2,8,ok,196,8760.7296000000006,8760.7296000000006,0,0,0,4,2,1,1
70,2,9,ok,175,8777.840400000001,8777.840400000001,0,0,0,9,1,1,1
70,2,10,ok,157,8769.2849999999999,8769.2849999999999,0,0,0,5,2,1,1
70,2,11,ok,144,8846.2836000000007,8846.2836000000007,0,0,0,11,1,1,1
70,2,12,ok,131,8777.840400000001,8777.840400000001,0,0,0,6,2,1,1
70,2,13,ok,121,8786.3958000000002,8786.3958000000002,0,0,0,13,1,1,1
70,2,14,ok,113,8803.5066000000006,8803.5066000000006,0,0,0,7,2,1,1
70,2,15,ok,106,8854.8389999999999,8854.8389999999999,0,0,0,15,1,1,1
70,2,16,ok,98,8760.7296000000006,8760.7296000000006,0,0,0,8,2,1,1
70,4,1,ok,3136,17521.459200000001,17521.459200000001,0,0,0,1,1,1,1
70,4,2,ok,1568,17521.459200000001,17521.459200000001,0,0,0,1,2,1,1
70,4,3,ok,1048,17555.680800000002,17555.680800000002,0,0,0,3,1,1,1
70,4,4,ok,784,17521.459200000001,17521.459200000001,0,0,0,2,2,1,1
70,4,5,ok,628,17538.57,17538.57,0,0,0,5,1,1,1
70,4,6,ok,524,17555.680800000002,17555.680800000002,0,0,0,3,2,1,1
70,4,7,ok,451,17607.013200000001,17607.013200000001,0,0,0,7,1,1,1
70,4,8,ok,392,17521.459200000001,17521.459200000001,0,0,0,2,4,1,1
70,4,9,ok,350,17555.680800000002,17555.680800000002,0,0,0,9,1,1,1
70,4,10,ok,314,17538.57,17538.57,0,0,0,5,2,1,1
70,4,11,ok,288,17692.567200000001,17692.567200000001,0,0,0,11,1,1,1
70,4,12,ok,262,17555.680800000002,17555.680800000002,0,0,0,3,4,1,1
70,4,13,ok,242,17572.7916,17572.7916,0,0,0,13,1,1,1
70,4,14,ok,226,17607.013200000001,17607.013200000001,0,0,0,7,2,1,1
70,4,15,ok,212,17709.678,17709.678,0,0,0,15,1,1,1
70,4,16,ok,196,17521.459200000001,17521.459200000001,0,0,0,4,4,1,1
70,8,1,ok,6272,35042.918400000002,35042.918400000002,0,0,0,1,1,1,1
70,8,2,ok,3136,35042.918400000002,35042.918400000002,0,0,0,1,2,1,1
70,8,3,ok,2095,35111.361600000004,35111.361600000004,0,0,0,3,1,1,1
70,8,4,ok,1568,35042.918400000002,35042.918400000002,0,0,0,2,2,1,1
70,8,5,ok,1256,35077.139999999999,35077.139999999999,0,0,0,5,1,1,1
70,8,6,ok,1048,35111.361600000004,35111.361600000004,0,0,0,3,2,1,1
70,8,7,ok,901,35214.026400000002,35214.026400000002,0,0,0,7,1,1,1
70,8,8,ok,784,35042.918400000002,35042.918400000002,0,0,0,2,4,1,1
70,8,9,ok,699,35111.361600000004,35111.361600000004,0,0,0,9,1,1,1
70,8,10,ok,628,35077.139999999999,35077.139999999999,0,0,0,5,2,1,1
70,8,11,ok,576,35385.134400000003,35385.134400000003,0,0,0,11,1,1,1
70,8,12,ok,524,35111.361600000004,35111.361600000004,0,0,0,3,4,1,1
70,8,13,ok,484,35145.583200000001,35145.583200000001,0,0,0,13,1,1,1
70,8,14,ok,451,35214.026400000002,35214.026400000002,0,0,0,7,2,1,1
70,8,15,ok,423,35419.356,35419.356,0,0,0,15,1,1,1
70,8,16,ok,392,35042.918400000002,35042.918400000002,0,0,0,4,4,1,1
70,16,1,ok,12544,70085.836800000005,70085.836800000005,0,0,0,1,1,1,1
70,16,2,ok,6272,70085.836800000005,70085.836800000005,0,0,0,1,2,1,1
70,16,3,ok,4190,70222.723200000008,70222.723200000008,0,0,0,3,1,1,1
70,16,4,ok,3136,70085.836800000005,70085.836800000005,0,0,0,2,2,1,1
70,16,5,ok,2512,70154.279999999999,70154.279999999999,0,0,0,5,1,1,1
70,16,6,ok,2095,70222.723200000008,70222.723200000008,0,0,0,3,2,1,1
70,16,7,ok,1801,70428.052800000005,70428.052800000005,0,0,0,7,1,1,1
70,16,8,ok,1568,70085.836800000005,70085.836800000005,0,0,0,2,4,1,1
70,16,9,ok,1397,70222.723200000008,70222.723200000008,0,0,0,9,1,1,1
70,16,10,ok,1256,70154.279999999999,70154.279999999999,0,0,0,5,2,1,1
70,16,11,ok,1152,70770.268800000005,70770.268800000005,0,0,0,11,1,1,1
70,16,12,ok,1048,70222.723200000008,70222.723200000008,0,0,0,3,4,1,1
70,16,13,ok,968,70291.166400000002,70291.166400000002,0,0,0,13,1,1,1
70,16,14,ok,901,70428.052800000005,70428.052800000005,0,0,0,7,2,1,1
70,16,15,ok,846,70838.712,70838.712,0,0,0,15,1,1,1
70,16,16,ok,784,70085.836800000005,70085.836800000005,0,0,0,4,4,1,1
70,32,1,ok,25088,140171.67360000001,140171.67360000001,0,0,0,1,1,1,1
70,32,2,ok,12544,140171.67360000001,140171.67360000001,0,0,0,1,2,1,1
70,32,3,ok,8379,140445.44640000002,140445.44640000002,0,0,0,3,1,1,1
70,32,4,ok,6272,140171.67360000001,140171.67360000001,0,0,0,2,2,1,1
70,32,5,ok,5023,140308.56,140308.56,0,0,0,5,1,1,1
70,32,6,ok,4190,140445.44640000002,140445.44640000002,0,0,0,3,2,1,1
70,32,7,ok,3602,140856.10560000001,140856.10560000001,0,0,0,7,1,1,1
70,32,8,ok,3136,140171.67360000001,140171.67360000001,0,0,0,2,4,1,1
70,32,9,ok,2793,140445.44640000002,140445.44640000002,0,0,0,9,1,1,1
70,32,10,ok,2512,140308.56,140308.56,0,0,0,5,2,1,1
70,32,11,ok,2303,141540.53760000001,141540.53760000001,0,0,0,11,1,1,1
70,32,12,ok,2095,140445.44640000002,140445.44640000002,0,0,0,3,4,1,1
70,32,13,ok,1936,140582.3328,140582.3328,0,0,0,13,1,1,1
70,32,14,ok,1801,140856.10560000001,140856.10560000001,0,0,0,7,2,1,1
70,32,15,ok,1691,141677.424,141677.424,0,0,0,15,1,1,1
70,32,16,ok,1568,140171.67360000001,140171.67360000001,0,0,0,4,4,1,1
70,64,1,ok,50176,280343.34720000002,280343.34720000002,0,0,0,1,1,1,1
70,64,2,ok,25088,280343.34720000002,280343.34720000002,0,0,0,1,2,1,1
70,64,3,ok,16758,280890.89280000003,280890.89280000003,0,0,0,3,1,1,1
70,64,4,ok,12544,280343.34720000002,280343.34720000002,0,0,0,2,2,1,1
70,64,5,ok,10045,280617.12,280617.12,0,0,0,5,1,1,1
70,64,6,ok,8379,280890.89280000003,280890.89280000003,0,0,0,3,2,1,1
70,64,7,ok,7203,281712.21120000002,281712.21120000002,0,0,0,7,1,1,1
70,64,8,ok,6272,280343.34720000002,280343.34720000002,0,0,0,2,4,1,1
70,64,9,ok,5586,280890.89280000003,280890.89280000003,0,0,0,9,1,1,1
70,64,10,ok,5023,280617.12,280617.12,0,0,0,5,2,1,1
70,64,11,ok,4606,283081.07520000002,283081.07520000002,0,0,0,11,1,1,1
70,64,12,ok,4190,280890.89280000003,280890.89280000003,0,0,0,3,4,1,1
70,64,13,ok,3871,281164.66560000001,281164.66560000001,0,0,0,13,1,1,1
70,64,14,ok,3602,281712.21120000002,281712.21120000002,0,0,0,7,2,1,1
70,64,15,ok,3381,283354.848,283354.848,0,0,0,15,1,1,1
70,64,16,ok,3136,280343.34720000002,280343.34720000002,0,0,0,4,4,1,1
71,1,1,ok,4008,1879424.2252,18432,777973.24759999989,0,1083018.9776000001,1,1,1,1
71,1,2,ok,2004,1879424.2252,18432,777973.24759999989,0,1083018.9776000001,2,1,1,1
71,1,3,ok,1340,1887090.6170999999,18468.863999999998,782362.06469999999,0,1086259.6884000001,3,1,1,1
71,1,4,ok,1004,1884279.8284,18432,780670.87319999991,0,1085176.9552,4,1,1,1
71,1,5,ok,804,1891481.5180000002,18432,786793.57399999991,0,1086255.9440000001,5,1,1,1
71,1,6,ok,672,1899147.9098999999,18468.863999999998,791182.39109999989,0,1089496.6548000001,6,1,1,1
71,1,7,ok,576,1898160.76835,18450.432000000001,790215.55374999996,0,1089494.7825999998,7,1,1,1
71,1,8,ok,504,1893991.0348,18432,786066.12439999997,0,1089492.9103999999,8,1,1,1
71,1,9,ok,452,1917373.1976000001,18579.455999999998,799574.95439999993,0,1099218.7872000001,9,1,1,1
71,1,10,ok,404,1911577.0060000005,18432,801494.11800000002,0,1091650.888,10,1,1,1
71,1,11,ok,368,1904689.3827500003,18450.432000000001,792428.21295000007,0,1093810.7378000002,11,1,1,1
71,1,12,ok,340,1924656.6024,18579.455999999998,803621.39280000003,0,1102455.7536000002,12,1,1,1
71,1,13,ok,312,1919092.76195,18450.431999999997,804673.61454999994,0,1095968.7154000001,13,1,1,1
71,1,14,ok,292,1939059.9816000001,18579.455999999998,815866.7943999999,0,1104613.7312,14,1,1,1
71,1,15,ok,272,1940790.7297499999,18524.16,819816.43274999992,0,1102450.1369999999,15,1,1,1
71,1,16,ok,256,1928002.6248000001,18579.455999999998,802651.45999999996,0,1106771.7088000001,16,1,1,1
71,2,1,ok,4016,2426829.2503999998,36864,1302916.0951999999,0,1087049.1551999999,1,1,1,1
71,2,2,ok,2008,2426829.2503999998,36864,1302916.0951999999,0,1087049.1551999999,2,1,1,1
71,2,3,ok,1344,2439497.9958000001,36937.727999999996,1311187.6686000002,0,1091372.5992000001,3,1,1,1
71,2,4,ok,1008,2436540.4567999998,36864,1308311.3463999999,0,1091365.1103999999,4,1,1,1
71,2,5,ok,808,2450943.8360000001,36864,1320556.7480000001,0,1093523.0880000002,5,1,1,1
71,2,6,ok,676,2463612.5814000005,36937.727999999996,1328828.3214,0,1097846.5320000001,6,1,1,1
71,2,7,ok,580,2462970.3175000008,36900.864000000001,1327147.6771,0,1098921.7764000001,7,1,1,1
71,2,8,ok,508,2455962.8695999999,36864,1319101.8488,0,1099997.0208000001,8,1,1,1
71,2,9,ok,456,2492071.0415999996,37158.911999999997,1344095.2656,0,1110816.8640000001,9,1,1,1
71,2,10,ok,408,2491134.8119999999,36864,1349957.8359999999,0,1104312.976,10,1,1,1
71,2,11,ok,372,2476027.5463,36900.864000000001,1331572.9955000002,0,1107553.6868,11,1,1,1
71,2,12,ok,344,2506637.8511999999,37158.911999999997,1352188.1424,0,1117290.7967999999,12,1,1,1
71,2,13,ok,316,2504834.3046999997,36900.863999999994,1356063.7986999999,0,1111869.642,13,1,1,1
71,2,14,ok,296,2535444.6096000005,37158.911999999997,1376678.9456,0,1121606.7520000001,14,1,1,1
71,2,15,ok,276,2542902.1635000003,37048.32,1385337.3135000002,0,1120516.5300000003,15,1,1,1
71,2,16,ok,260,2513329.8960000002,37158.911999999997,1350248.2768000001,0,1125922.7072000003,16,1,1,1
71,4,1,ok,4096,3521639.3007999999,73728,2352801.7903999998,0,1095109.5104,1,1,1,1
71,4,2,ok,2048,3521639.3007999999,73728,2352801.7903999998,0,1095109.5104,2,1,1,1
71,4,3,ok,1408,3544312.7532000002,73875.455999999991,2368838.8764,0,1101598.4208,3,1,1,1
71,4,4,ok,1024,3541061.7136000004,73728,2363592.2927999999,0,1103741.4208000002,4,1,1,1
71,4,5,ok,896,3569868.4720000001,73728,2388083.0960000004,0,1108057.3760000002,5,1,1,1
71,4,6,ok,768,3592541.9243999999,73875.455999999991,2404120.182,0,1114546.2864000001,6,1,1,1
71,4,7,ok,640,3592589.4158000005,73801.728000000003,2401011.9238000005,0,1117775.764,7,1,1,1
71,4,8,ok,516,3579906.5392000005,73728,2385173.2976000002,0,1121005.2416000001,8,1,1,1
71,4,9,ok,512,3641466.7296000007,74317.823999999993,2433135.8880000003,0,1134013.0175999999,9,1,1,1
71,4,10,ok,416,4321138.3599999994,73728,3117773.2079999996,0,1129637.152,10,1,1,1
71,4,11,ok,384,3618703.8734000004,73801.728000000003,2409862.5606000004,0,1135039.5848000001,11,1,1,1
71,4,12,ok,384,3670600.3488000007,74317.823999999993,2449321.6416000002,0,1146960.8832000003,12,1,1,1
71,4,13,ok,324,4342190.2862,73801.727999999988,3124717.0630000001,0,1143671.4952000002,13,1,1,1
71,4,14,ok,304,4369893.2256000005,74317.823999999993,3139982.608,0,1155592.7936000002,14,1,1,1
71,4,15,ok,288,4377706.7910000002,74096.639999999999,3146960.8350000004,0,1156649.3160000001,15,1,1,1
71,4,16,ok,268,3683984.4384000003,74317.823999999993,2445441.9104000004,0,1164224.7040000001,16,1,1,1
71,8,1,ok,8192,5711259.4016000004,147456,4452573.1808000002,0,1111230.2208000002,1,1,1,1
71,8,2,ok,4096,5711259.4016000004,147456,4452573.1808000002,0,1111230.2208000002,2,1,1,1
71,8,3,ok,2816,5753942.2680000011,147750.91199999998,4484141.2920000004,0,1122050.064,3,1,1,1
71,8,4,ok,2048,5750104.2272000005,147456,4474154.1856000004,0,1128494.0416000001,4,1,1,1
71,8,5,ok,1792,5807717.7439999999,147456,4523135.7920000004,0,1137125.952,5,1,1,1
71,8,6,ok,1344,6573143.2919999994,147750.91199999998,5225655.1223999998,0,1199737.2576000001,6,1,1,1
71,8,7,ok,1280,5851827.6124000009,147603.45600000001,4548740.417200001,0,1155483.7392000002,7,1,1,1
71,8,8,ok,1024,5827793.8783999998,147456,4517316.1952,0,1163021.6832000001,8,1,1,1
71,8,9,ok,896,6575299.4880000008,148635.64799999999,5246258.5152000003,0,1180405.3248000001,9,1,1,1
71,8,10,ok,832,6551166.3200000012,147456,5223424.8160000006,0,1180285.5040000002,10,1,1,1
71,8,11,ok,768,5904056.5276000015,147603.45600000001,4566441.6908000009,0,1190011.3808000002,11,1,1,1
71,8,12,ok,768,5998525.3440000005,148635.64799999999,4643588.6400000006,0,1206301.0560000003,12,1,1,1
71,8,13,ok,640,6591179.0620000008,147603.45599999998,5236300.4044000003,0,1207275.2016000003,13,1,1,1
71,8,14,ok,576,6631947.1679999996,148635.64799999999,5259746.6431999998,0,1223564.8768,14,1,1,1
71,8,15,ok,576,6653847.6300000008,148193.28,5276739.4620000003,0,1228914.888,15,1,1,1
71,8,16,ok,512,6025293.5231999997,148635.64799999999,4635829.1776000001,0,1240828.6976000001,16,1,1,1
71,16,1,ok,16384,10090499.6032,294912,8652115.9616,0,1143471.6416,1,1,1,1
71,16,2,ok,8192,10090499.6032,294912,8652115.9616,0,1143471.6416,2,1,1,1
71,16,3,ok,5632,10173201.297600001,295501.82399999996,8714746.1232000012,0,1162953.3504000001,3,1,1,1
71,16,4,ok,4096,10168189.2544,294912,8695277.9712000005,0,1177999.2831999999,4,1,1,1
71,16,5,ok,3200,10979396.32,294912,9402902.1119999997,0,1281582.2080000001,5,1,1,1
71,16,6,ok,2688,11050993.963199999,295501.82399999996,9437164.4015999995,0,1318327.7376000001,6,1,1,1
71,16,7,ok,2304,11086354.9496,295206.91200000001,9439401.6024000011,0,1351746.4351999999,7,1,1,1
71,16,8,ok,2048,10323568.556800002,294912,8781601.9904000014,0,1247054.5664000001,8,1,1,1
71,16,9,ok,1792,11042759.6928,297271.29599999997,9472298.4575999994,0,1273189.9392000001,9,1,1,1
71,16,10,ok,1664,11011222.240000002,294912,9434728.0320000015,0,1281582.2080000001,10,1,1,1
71,16,11,ok,1536,10474761.835999999,295206.91200000001,8879599.9512000009,0,1299954.9728000001,11,1,1,1
71,16,12,ok,1408,11148928.012799999,297271.29599999997,9526675.3151999991,0,1324981.4016,12,1,1,1
71,16,13,ok,1280,11089156.613600001,295206.91199999995,9459467.0872000009,0,1334482.6144000001,13,1,1,1
71,16,14,ok,1152,11156055.0528,297271.29599999997,9499274.7136000004,0,1359509.0432000002,14,1,1,1
71,16,15,ok,1152,11206129.308000002,296386.56,9536296.7160000019,0,1373446.0320000001,15,1,1,1
71,16,16,ok,1024,10707911.6928,297271.29599999997,9016603.7120000012,0,1394036.6847999999,16,1,1,1
71,32,1,ok,32768,18848980.0064,589824,17051201.523200002,0,1207954.4831999999,1,1,1,1
71,32,2,ok,16384,18848980.0064,589824,17051201.523200002,0,1207954.4831999999,2,1,1,1
71,32,3,ok,10752,19870740.873600002,591003.64799999993,17827811.452800002,0,1451925.7727999999,3,1,1,1
71,32,4,ok,8192,19004359.308800004,589824,17137525.542400002,0,1277009.7664000001,4,1,1,1
71,32,5,ok,6400,19867682.239999998,589824,17793682.623999998,0,1484175.6160000002,5,1,1,1
71,32,6,ok,5376,20006695.305600002,591003.64799999993,17860182.960000001,0,1555508.6976000001,6,1,1,1
71,32,7,ok,4608,20079508.388800003,590413.82400000002,17865669.483200002,0,1623425.0815999999,7,1,1,1
71,32,8,ok,4096,19315117.913600001,589824,17310173.580800001,0,1415120.3328,8,1,1,1
71,32,9,ok,3584,19977680.102400005,594542.59199999995,17924378.342399999,0,1458759.1679999998,9,1,1,1
71,32,10,ok,3328,19931334.080000002,589824,17857334.464000002,0,1484175.6160000002,10,1,1,1
71,32,11,ok,3072,19616172.452800006,590413.82400000002,17505916.472000003,0,1519842.1568000005,11,1,1,1
71,32,12,ok,2816,20190016.742399998,594542.59199999995,18033132.057599999,0,1562342.0928,12,1,1,1
71,32,13,ok,2560,20085111.716800008,590413.82399999991,17905800.452800002,0,1588897.4399999999,13,1,1,1
71,32,14,ok,2304,20204270.8224,594542.59199999995,17978330.854400001,0,1631397.3760000002,14,1,1,1
71,32,15,ok,2304,20310692.664000001,592773.12,18055411.223999999,0,1662508.3200000001,15,1,1,1
71,32,16,ok,2048,20073148.032000005,594542.59199999995,17778152.780800004,0,1700452.6592000001,16,1,1,1
71,64,1,ok,65536,36365940.812799998,1179648,33849372.646399997,0,1336920.1664000002,1,1,1,1
71,64,2,ok,32768,36365940.812799998,1179648,33849372.646399997,0,1336920.1664000002,2,1,1,1
71,64,3,ok,21504,37646189.126400009,1182007.2959999999,34641477.062400006,0,1822704.7680000002,3,1,1,1
71,64,4,ok,16384,36676699.417599998,1179648,34022020.684799999,0,1475030.7328000001,4,1,1,1
71,64,5,ok,12800,37644254.080000006,1179648,34575243.648000002,0,1889362.432,5,1,1,1
71,64,6,ok,10752,37918097.990400001,1182007.2959999999,34706220.076800004,0,2029870.6176,6,1,1,1
71,64,7,ok,9216,38065815.267200008,1180827.648,34718205.244800009,0,2166782.3744000001,7,1,1,1
71,64,8,ok,8192,37298216.6272,1179648,34367316.761600003,0,1751251.8656000001,8,1,1,1
71,64,9,ok,7168,37847520.921599999,1189085.1839999999,34828538.112000003,0,1829897.6256000004,9,1,1,1
71,64,10,ok,6656,37771557.759999998,1179648,34702547.328000002,0,1889362.432,10,1,1,1
71,64,11,ok,6144,37898993.686400004,1180827.648,34758549.513600007,0,1959616.5248000002,11,1,1,1
71,64,12,ok,5376,40013390.611200005,1182007.2959999999,35720365.920000002,0,3111017.3952000001,6,2,1,1
71,64,13,ok,5120,38077021.923200011,1180827.6479999998,34798467.184000008,0,2097727.0912000001,13,1,1,1
71,64,14,ok,4608,38300702.361599997,1189085.1839999999,34936443.136,0,2175174.0416000001,14,1,1,1
71,64,15,ok,4608,38519819.376000002,1185546.24,35093640.239999995,0,2240632.8960000002,15,1,1,1
71,64,16,ok,4096,38532896.409600005,1189085.1839999999,35030526.617600001,0,2313284.6080000005,16,1,1,1
