layer_id,batch,tiles,status,cycles,energy_pj,mac_pj,buffer_pj,bus_pj,ubuf_pj,K,B,H,W
0,1,1,ok,307328,58895249.022399999,2124251.1359999999,55206008.211199999,0,1564989.6752000002,1,1,1,1
0,1,2,ok,153664,58910477.987199999,2124251.1359999999,55213094.182399996,0,1573132.6688000001,1,1,2,1
0,1,3,ok,104272,59981338.069800004,2162184.1919999998,56206568.560800008,0,1612585.317,1,1,1,3
0,1,4,ok,76832,58971880.239999995,2124251.1359999999,55254670.015999995,0,1592959.0880000002,1,1,2,2
0,1,5,ok,63112,60550213.559499986,2181150.7199999997,56730037.021999992,0,1639025.8175000001,1,1,1,5
0,1,6,ok,52136,60034920.061200008,2162184.1919999998,56232212.750400007,0,1640523.1188000001,1,1,2,3
0,1,7,ok,43904,59029056.184000008,2124251.1359999999,55287416.979200006,0,1617388.0688,1,1,1,7
0,1,8,ok,38416,59082735.409599997,2124251.1359999999,55331182.995200001,0,1627301.2784000002,1,1,1,8
0,1,9,ok,35672,61651464.153299987,2219083.7759999996,57726058.942799993,0,1706321.4345000002,1,1,1,9
0,1,10,ok,31556,60654094.543000005,2181150.7199999997,56787750.140000001,0,1685193.6830000002,2,1,1,5
0,1,11,ok,30184,63830605.276899993,2294949.8879999998,59754221.978,0,1781433.4109,1,1,1,11
0,1,12,ok,26068,60150060.448800012,2162184.1919999998,56296181.251200005,0,1691695.0055999998,2,1,2,3
0,1,13,ok,24696,61820224.857299991,2219083.7759999996,57855166.80839999,0,1745974.2729,1,1,1,13
0,1,14,ok,21952,59130227.228800006,2124251.1359999999,55343624.537600003,0,1662351.5552000003,2,1,1,7
0,1,15,ok,22344,61980985.121999994,2220099.8399999999,57972867.023999996,0,1788018.2580000001,1,1,5,3
0,1,16,ok,19208,59183906.454399996,2124251.1359999999,55387390.553599998,0,1672264.7648,2,1,1,8
0,2,1,ok,614656,117771285.96799999,4248502.2719999999,110402717.5552,0,3120066.1408000002,1,1,1,1
0,2,2,ok,307328,117782531.82080001,4248502.2719999999,110407590.6304,0,3126438.9184000003,1,1,2,1
0,2,3,ok,208544,119905039.9092,4324368.3839999996,112385240.52000001,0,3195431.0052000005,1,1,1,3
0,2,4,ok,153664,117820955.9744,4248502.2719999999,110426188.36479999,0,3146265.3376000002,1,2,2,1
0,2,5,ok,126224,121004366.735,4362301.4399999995,113413579.70799999,0,3228485.5870000003,1,1,1,5
0,2,6,ok,104272,119954567.66159999,4324368.3839999996,112408632.2976,0,3221566.9799999995,1,1,2,3
0,2,7,ok,87808,117923627.83040002,4248502.2719999999,110509741.888,0,3165383.6704000002,1,1,1,7
0,2,8,ok,76832,117943760.47999999,4248502.2719999999,110509340.03199999,0,3185918.1760000004,1,2,2,2
0,2,9,ok,71344,123130019.6154,4438167.5519999992,115368428.0808,0,3323423.9826000002,1,1,1,9
0,2,10,ok,63112,121100427.11899997,4362301.4399999995,113460074.04399998,0,3278051.6350000002,1,2,1,5
0,2,11,ok,60368,127449877.70899999,4589899.7759999996,119406156.41679999,0,3453821.5162,1,1,1,11
0,2,12,ok,52136,120069840.12240002,4324368.3839999996,112464425.50080001,0,3281046.2376000001,1,2,2,3
0,2,13,ok,49392,123390692.71620001,4438167.5519999992,115589448.3432,0,3363076.821,1,1,1,13
0,2,14,ok,43904,118058112.36800002,4248502.2719999999,110574833.95840001,0,3234776.1376,1,2,1,7
0,2,15,ok,44688,123673789.09200001,4440199.6799999997,115806251.04000001,0,3427338.3720000004,1,1,5,3
0,2,16,ok,38416,118165470.81919999,4248502.2719999999,110662365.9904,0,3254602.5568000004,1,2,1,8
0,4,1,ok,1229312,235523359.8592,8497004.5439999998,220796136.2432,0,6230219.0720000006,1,1,1,1
0,4,2,ok,614656,235526639.48800001,8497004.5439999998,220796583.5264,0,6233051.4176000003,1,1,2,1
0,4,3,ok,417088,239734519.58400005,8648736.7679999992,224732626.40640002,0,6353156.4095999999,1,1,3,1
0,4,4,ok,307328,235533198.74559999,8497004.5439999998,220797478.09279999,0,6238716.1088000005,1,1,4,1
0,4,5,ok,252448,241863595.45599997,8724602.879999999,226753399.03999999,0,6385593.5360000003,1,1,1,5
0,4,6,ok,208544,239765495.42399999,8648736.7679999992,224776347.80160004,0,6340410.8543999996,1,1,1,6
0,4,7,ok,175616,235584550.43200001,8497004.5439999998,220847413.60640001,0,6240132.2816000003,1,1,1,7
0,4,8,ok,153664,235546317.2608,8497004.5439999998,220799267.2256,0,6250045.4912,1,1,1,8
0,4,9,ok,141512,244218366.20159996,8803178.4959999993,228889633.88159999,0,6525553.824,1,1,3,3
0,4,10,ok,126224,241959655.83999997,8724602.879999999,226799893.37599999,0,6435159.5840000007,1,1,2,5
0,4,11,ok,120736,254510404.82559997,9179799.5519999992,238554957.13279995,0,6775648.1408000002,1,1,1,11
0,4,12,ok,104272,239876701.41120002,8648736.7679999992,224799245.29920003,0,6428719.3439999996,1,1,4,3
0,4,13,ok,98784,246182981.99039999,8876335.1039999984,230731555.89119998,0,6575090.9951999998,1,1,1,13
0,4,14,ok,87808,235799458.3168,8497004.5439999998,220992929.02399999,0,6309524.7488000002,1,1,2,7
0,4,15,ok,85652,246471471.204,8880399.3599999994,230993202.86399999,0,6597868.9800000004,1,1,3,5
0,4,16,ok,76832,235791926.27200001,8497004.5439999998,220965570.56,0,6329351.1680000005,1,1,2,8
0,8,1,ok,2458624,471027507.64160001,16994009.088,441582973.61919999,0,12450524.934400002,1,1,1,1
0,8,2,ok,1229312,471014854.82239997,16994009.088,441574569.31839997,0,12446276.416000001,1,1,2,1
0,8,3,ok,834176,479411402.93760014,17297473.535999998,449437356.21120012,0,12676573.190400001,1,1,3,1
0,8,4,ok,614656,470989549.18400002,16994009.088,441557760.71680003,0,12437779.3792,1,1,4,1
0,8,5,ok,504896,483631130.52799994,17449205.759999998,453460303.74399996,0,12721621.024000002,1,1,1,5
0,8,6,ok,417088,479415718.38720006,17297473.535999998,449496902.40000004,0,12621342.451199999,1,1,1,6
0,8,7,ok,351232,471034616.32639998,16994009.088,441629735.14239997,0,12410872.096000001,1,1,1,7
0,8,8,ok,307328,470938937.90719998,16994009.088,441524143.51359999,0,12420785.305600001,1,1,1,8
0,8,9,ok,283024,488263823.71199995,17606356.991999999,457695577.95839995,0,12961888.761599999,1,1,3,3
0,8,10,ok,252448,483727190.91199994,17449205.759999998,453506798.07999998,0,12771187.072000001,1,2,1,5
0,8,11,ok,241472,508809476.8064,18359599.103999998,477007626.72640002,0,13442250.976000002,1,1,1,11
0,8,12,ok,208544,479522857.90079999,17297473.535999998,449486904.19200003,0,12738480.172800001,1,1,4,3
0,8,13,ok,197568,492116206.98239994,17752670.207999997,461342226.50879991,0,13021310.2656,1,1,1,13
0,8,14,ok,175616,471169100.86400002,16994009.088,441694827.21280003,0,12480264.563200001,1,2,1,7
0,8,15,ok,171304,492654761.25599998,17760798.719999999,461846922.72000003,0,13047039.816000002,1,1,3,5
0,8,16,ok,153664,471092634.52160001,16994009.088,441598534.45120001,0,12500090.9824,1,2,1,8
0,16,1,ok,4917248,942035803.20639992,33988018.175999999,883156648.37119997,0,24891136.659200002,1,1,1,1
0,16,2,ok,2458624,941991285.49119997,33988018.175999999,883130540.90240002,0,24872726.412800003,1,1,2,1
0,16,3,ok,1668352,958765169.64480007,34594947.071999997,898846815.82080007,0,25323406.752000004,1,1,3,1
0,16,4,ok,1229312,941902250.06079996,33988018.175999999,883078325.9648,0,24835905.920000002,1,1,4,1
0,16,5,ok,1009792,967166200.67199993,34898411.519999996,906874113.15199995,0,25393676.000000007,1,1,1,5
0,16,6,ok,834176,958716164.31360018,34594947.071999997,898938011.59680009,0,25183205.6448,1,1,1,6
0,16,7,ok,702464,941934748.11520004,33988018.175999999,883194378.21440005,0,24752351.724800006,1,1,1,7
0,16,8,ok,614656,941724179.19999993,33988018.175999999,882973896.08959997,0,24762264.934400003,1,1,1,8
0,16,9,ok,566048,976354738.73280001,35212713.983999997,915307466.11199999,0,25834558.636799999,1,1,3,3
0,16,10,ok,504896,967262261.05599988,34898411.519999996,906920607.48799992,0,25443242.048000004,1,2,1,5
0,16,11,ok,482944,1017407620.768,36719198.207999997,953912965.91359997,0,26775456.646400001,1,1,1,11
0,16,12,ok,417088,958815170.87999988,34594947.071999997,898862221.9776001,0,25358001.830399998,1,1,4,3
0,16,13,ok,395136,983982656.96639979,35505340.415999994,922563567.74399984,0,25913748.806400001,1,1,1,13
0,16,14,ok,351232,942069232.65279996,33988018.175999999,883259470.28479993,0,24821744.192000002,1,2,1,7
0,16,15,ok,342608,985021341.36000001,35521597.439999998,923554362.43200004,0,25945381.488000002,1,1,3,5
0,16,16,ok,307328,941877875.81439996,33988018.175999999,883048287.02719998,0,24841570.611200001,1,2,1,8
0,32,1,ok,9834496,1884052394.336,67976036.351999998,1766303997.8752,0,49772360.108800001,1,1,1,1
0,32,2,ok,4917248,1883944146.8288,67976036.351999998,1766242484.0704,0,49725626.406400003,1,1,2,1
0,32,3,ok,3336704,1917472703.0592003,69189894.143999994,1797665735.0400002,0,50617073.875200003,1,1,3,1
0,32,4,ok,2458624,1883727651.8144,67976036.351999998,1766119456.4607999,0,49632159.001600005,1,1,4,1
0,32,5,ok,2019584,1934236340.9599998,69796823.039999992,1813701731.9679999,0,50737785.952000007,1,1,1,5
0,32,6,ok,1668352,1917317056.1664,69189894.143999994,1797820229.9904003,0,50306932.032000005,1,1,1,6
0,32,7,ok,1404928,1883735011.6928,67976036.351999998,1766323664.3584001,0,49435310.9824,1,1,1,7
0,32,8,ok,1229312,1883294661.7855999,67976036.351999998,1765873401.2416,0,49445224.192000002,1,1,1,8
0,32,9,ok,1132096,1952536568.7743998,70425427.967999995,1830531242.4191999,0,51579898.387199998,1,1,3,3
0,32,10,ok,1009792,1934332401.3439999,69796823.039999992,1813748226.3039999,0,50787352.000000015,1,2,1,5
0,32,11,ok,921984,1943120552.0495999,70100287.488000005,1821593695.8911998,0,51426568.670400009,1,11,1,1
0,32,12,ok,834176,1917399796.8383999,69189894.143999994,1797612857.5488002,0,50597045.145599999,1,1,4,3
0,32,13,ok,790272,1967715556.9343998,71010680.831999987,1845006250.2143998,0,51698625.888000004,1,1,1,13
0,32,14,ok,702464,1883869496.2304001,67976036.351999998,1766388756.4288001,0,49504703.449600011,1,2,1,7
0,32,15,ok,685216,1969754501.5680001,71043194.879999995,1846969241.8559999,0,51742064.832000002,1,1,3,5
0,32,16,ok,614656,1883448358.3999999,67976036.351999998,1765947792.1791999,0,49524529.868800007,1,2,1,8
0,64,1,ok,19668992,3768085576.5952001,135952072.704,3532598696.8832002,0,99534807.008000001,1,1,1,1
0,64,2,ok,9834496,3767849869.5040002,135952072.704,3532466370.4064002,0,99431426.393600002,1,1,2,1
0,64,3,ok,6673408,3834887769.8880005,138379788.28799999,3595303573.4784007,0,101204408.1216,1,1,3,1
0,64,4,ok,4917248,3767378455.3216004,135952072.704,3532201717.4528003,0,99224665.164800003,1,1,4,1
0,64,5,ok,3995264,3827038461.8480005,138076323.84,3587832601.6960001,0,101129536.31200001,1,5,1,1
0,64,6,ok,3336704,3834518839.8720002,138379788.28799999,3595584666.7776003,0,100554384.8064,1,1,1,6
0,64,7,ok,2809856,3767335538.8480005,135952072.704,3532582236.6464,0,98801229.497600004,1,1,1,7
0,64,8,ok,2458624,3766435626.9568,135952072.704,3531672411.5455999,0,98811142.707200006,1,1,1,8
0,64,9,ok,2264192,3904900228.8575993,140850855.93599999,3660978795.0335999,0,103070577.888,1,1,3,3
0,64,10,ok,1997632,3826875619.9520006,138076323.84,3587735257.7920003,0,101064038.32000001,1,5,2,1
0,64,11,ok,1843968,3886029771.2543993,140200574.97600001,3643085104.2431998,0,102744092.03520003,1,11,1,1
0,64,12,ok,1668352,3834569048.7552004,138379788.28799999,3595114128.6912003,0,101075131.77599999,1,1,4,3
0,64,13,ok,1536640,3827192158.4623995,138076323.84,3587906992.6335998,0,101208841.9888,1,13,1,1
0,64,14,ok,1404928,3767470023.3856001,135952072.704,3532647328.7168002,0,98870621.9648,1,2,1,7
0,64,15,ok,1355536,3895328800.7129998,140541972.47999999,3651753160.3559999,0,103033667.877,1,5,1,3
0,64,16,ok,1229312,3766589323.5711999,135952072.704,3531746802.4832001,0,98890448.384000003,1,2,1,8
1,1,1,ok,28224,157693.13279999999,157693.13279999999,0,0,0,1,1,1,1
1,1,2,ok,14112,157693.13279999999,157693.13279999999,0,0,0,1,1,1,2
1,1,3,ok,9576,160509.0816,160509.0816,0,0,0,1,1,1,3
1,1,4,ok,7056,157693.13279999999,157693.13279999999,0,0,0,2,1,1,2
1,1,5,ok,5733,160157.08799999999,160157.08799999999,0,0,0,5,1,1,1
1,1,6,ok,4788,160509.0816,160509.0816,0,0,0,2,1,1,3
1,1,7,ok,4032,157693.13280000002,157693.13280000002,0,0,0,1,1,1,7
1,1,8,ok,3528,157693.13279999999,157693.13279999999,0,0,0,2,1,2,2
1,1,9,ok,3249,163375.31520000001,163375.31520000001,0,0,0,1,1,3,3
1,1,10,ok,2867,160157.08799999999,160157.08799999999,0,0,0,5,1,1,2
1,1,11,ok,2646,162621.04320000001,162621.04320000001,0,0,0,11,1,1,1
1,1,12,ok,2394,160509.0816,160509.0816,0,0,0,4,1,1,3
1,1,13,ok,2205,160157.08799999999,160157.08799999999,0,0,0,13,1,1,1
1,1,14,ok,2016,157693.13280000002,157693.13280000002,0,0,0,2,1,1,7
1,1,15,ok,1946,163017.03600000002,163017.03600000002,0,0,0,5,1,1,3
1,1,16,ok,1764,157693.13279999999,157693.13279999999,0,0,0,4,1,2,2
1,2,1,ok,56448,315386.26559999998,315386.26559999998,0,0,0,1,1,1,1
1,2,2,ok,28224,315386.26559999998,315386.26559999998,0,0,0,1,1,1,2
1,2,3,ok,19152,321018.16320000001,321018.16320000001,0,0,0,1,1,1,3
1,2,4,ok,14112,315386.26559999998,315386.26559999998,0,0,0,1,2,1,2
1,2,5,ok,11466,320314.17599999998,320314.17599999998,0,0,0,5,1,1,1
1,2,6,ok,9576,321018.16320000001,321018.16320000001,0,0,0,1,2,1,3
1,2,7,ok,8064,315386.26560000004,315386.26560000004,0,0,0,1,1,1,7
1,2,8,ok,7056,315386.26559999998,315386.26559999998,0,0,0,1,2,2,2
1,2,9,ok,6498,326750.63040000002,326750.63040000002,0,0,0,1,1,3,3
1,2,10,ok,5733,320314.17599999998,320314.17599999998,0,0,0,5,1,1,2
1,2,11,ok,5292,325242.08640000003,325242.08640000003,0,0,0,11,1,1,1
1,2,12,ok,4788,321018.16320000001,321018.16320000001,0,0,0,2,2,1,3
1,2,13,ok,4410,320314.17599999998,320314.17599999998,0,0,0,13,1,1,1
1,2,14,ok,4032,315386.26560000004,315386.26560000004,0,0,0,1,2,1,7
1,2,15,ok,3891,326034.07200000004,326034.07200000004,0,0,0,5,1,1,3
1,2,16,ok,3528,315386.26559999998,315386.26559999998,0,0,0,2,2,2,2
1,4,1,ok,112896,630772.53119999997,630772.53119999997,0,0,0,1,1,1,1
1,4,2,ok,56448,630772.53119999997,630772.53119999997,0,0,0,1,1,1,2
1,4,3,ok,38304,642036.32640000002,642036.32640000002,0,0,0,1,1,1,3
1,4,4,ok,28224,630772.53119999997,630772.53119999997,0,0,0,1,2,1,2
1,4,5,ok,22932,640628.35199999996,640628.35199999996,0,0,0,5,1,1,1
1,4,6,ok,19152,642036.32640000002,642036.32640000002,0,0,0,1,2,1,3
1,4,7,ok,16128,630772.53120000008,630772.53120000008,0,0,0,1,1,1,7
1,4,8,ok,14112,630772.53119999997,630772.53119999997,0,0,0,1,2,2,2
1,4,9,ok,12996,653501.26080000005,653501.26080000005,0,0,0,1,1,3,3
1,4,10,ok,11466,640628.35199999996,640628.35199999996,0,0,0,5,1,1,2
1,4,11,ok,10584,650484.17280000006,650484.17280000006,0,0,0,11,1,1,1
1,4,12,ok,9576,642036.32640000002,642036.32640000002,0,0,0,2,2,1,3
1,4,13,ok,8820,640628.35199999996,640628.35199999996,0,0,0,13,1,1,1
1,4,14,ok,8064,630772.53120000008,630772.53120000008,0,0,0,1,2,1,7
1,4,15,ok,7781,652068.14400000009,652068.14400000009,0,0,0,5,1,1,3
1,4,16,ok,7056,630772.53119999997,630772.53119999997,0,0,0,2,2,2,2
1,8,1,ok,225792,1261545.0623999999,1261545.0623999999,0,0,0,1,1,1,1
1,8,2,ok,112896,1261545.0623999999,1261545.0623999999,0,0,0,1,1,1,2
1,8,3,ok,76608,1284072.6528,1284072.6528,0,0,0,1,1,1,3
1,8,4,ok,56448,1261545.0623999999,1261545.0623999999,0,0,0,1,2,1,2
1,8,5,ok,45864,1281256.7039999999,1281256.7039999999,0,0,0,5,1,1,1
1,8,6,ok,38304,1284072.6528,1284072.6528,0,0,0,1,2,1,3
1,8,7,ok,32256,1261545.0624000002,1261545.0624000002,0,0,0,1,1,1,7
1,8,8,ok,28224,1261545.0623999999,1261545.0623999999,0,0,0,1,2,2,2
1,8,9,ok,25992,1307002.5216000001,1307002.5216000001,0,0,0,1,1,3,3
1,8,10,ok,22932,1281256.7039999999,1281256.7039999999,0,0,0,5,1,1,2
1,8,11,ok,21168,1300968.3456000001,1300968.3456000001,0,0,0,11,1,1,1
1,8,12,ok,19152,1284072.6528,1284072.6528,0,0,0,2,2,1,3
1,8,13,ok,17640,1281256.7039999999,1281256.7039999999,0,0,0,13,1,1,1
1,8,14,ok,16128,1261545.0624000002,1261545.0624000002,0,0,0,1,2,1,7
1,8,15,ok,15561,1304136.2880000002,1304136.2880000002,0,0,0,5,1,1,3
1,8,16,ok,14112,1261545.0623999999,1261545.0623999999,0,0,0,2,2,2,2
1,16,1,ok,451584,2523090.1247999999,2523090.1247999999,0,0,0,1,1,1,1
1,16,2,ok,225792,2523090.1247999999,2523090.1247999999,0,0,0,1,1,1,2
1,16,3,ok,153216,2568145.3056000001,2568145.3056000001,0,0,0,1,1,1,3
1,16,4,ok,112896,2523090.1247999999,2523090.1247999999,0,0,0,1,2,1,2
1,16,5,ok,91728,2562513.4079999998,2562513.4079999998,0,0,0,5,1,1,1
1,16,6,ok,76608,2568145.3056000001,2568145.3056000001,0,0,0,1,2,1,3
1,16,7,ok,64512,2523090.1248000003,2523090.1248000003,0,0,0,1,1,1,7
1,16,8,ok,56448,2523090.1247999999,2523090.1247999999,0,0,0,1,2,2,2
1,16,9,ok,51984,2614005.0432000002,2614005.0432000002,0,0,0,1,1,3,3
1,16,10,ok,45864,2562513.4079999998,2562513.4079999998,0,0,0,5,1,1,2
1,16,11,ok,42336,2601936.6912000002,2601936.6912000002,0,0,0,11,1,1,1
1,16,12,ok,38304,2568145.3056000001,2568145.3056000001,0,0,0,2,2,1,3
1,16,13,ok,35280,2562513.4079999998,2562513.4079999998,0,0,0,13,1,1,1
1,16,14,ok,32256,2523090.1248000003,2523090.1248000003,0,0,0,1,2,1,7
1,16,15,ok,31122,2608272.5760000004,2608272.5760000004,0,0,0,5,1,1,3
1,16,16,ok,28224,2523090.1247999999,2523090.1247999999,0,0,0,2,2,2,2
1,32,1,ok,903168,5046180.2495999997,5046180.2495999997,0,0,0,1,1,1,1
1,32,2,ok,451584,5046180.2495999997,5046180.2495999997,0,0,0,1,1,1,2
1,32,3,ok,306432,5136290.6112000002,5136290.6112000002,0,0,0,1,1,1,3
1,32,4,ok,225792,5046180.2495999997,5046180.2495999997,0,0,0,1,2,1,2
1,32,5,ok,183456,5125026.8159999996,5125026.8159999996,0,0,0,5,1,1,1
1,32,6,ok,153216,5136290.6112000002,5136290.6112000002,0,0,0,1,2,1,3
1,32,7,ok,129024,5046180.2496000007,5046180.2496000007,0,0,0,1,1,1,7
1,32,8,ok,112896,5046180.2495999997,5046180.2495999997,0,0,0,1,2,2,2
1,32,9,ok,103968,5228010.0864000004,5228010.0864000004,0,0,0,1,1,3,3
1,32,10,ok,91728,5125026.8159999996,5125026.8159999996,0,0,0,5,1,1,2
1,32,11,ok,84672,5203873.3824000005,5203873.3824000005,0,0,0,1,11,1,1
1,32,12,ok,76608,5136290.6112000002,5136290.6112000002,0,0,0,2,2,1,3
1,32,13,ok,70560,5125026.8159999996,5125026.8159999996,0,0,0,13,1,1,1
1,32,14,ok,64512,5046180.2496000007,5046180.2496000007,0,0,0,1,2,1,7
1,32,15,ok,62244,5216545.1520000007,5216545.1520000007,0,0,0,5,1,1,3
1,32,16,ok,56448,5046180.2495999997,5046180.2495999997,0,0,0,2,2,2,2
1,64,1,ok,1806336,10092360.499199999,10092360.499199999,0,0,0,1,1,1,1
1,64,2,ok,903168,10092360.499199999,10092360.499199999,0,0,0,1,1,1,2
1,64,3,ok,612864,10272581.2224,10272581.2224,0,0,0,1,1,1,3
1,64,4,ok,451584,10092360.499199999,10092360.499199999,0,0,0,1,2,1,2
1,64,5,ok,366912,10250053.631999999,10250053.631999999,0,0,0,1,5,1,1
1,64,6,ok,306432,10272581.2224,10272581.2224,0,0,0,1,2,1,3
1,64,7,ok,258048,10092360.499200001,10092360.499200001,0,0,0,1,1,1,7
1,64,8,ok,225792,10092360.499199999,10092360.499199999,0,0,0,1,2,2,2
1,64,9,ok,207936,10456020.172800001,10456020.172800001,0,0,0,1,1,3,3
1,64,10,ok,183456,10250053.631999999,10250053.631999999,0,0,0,1,5,1,2
1,64,11,ok,169344,10407746.764800001,10407746.764800001,0,0,0,1,11,1,1
1,64,12,ok,153216,10272581.2224,10272581.2224,0,0,0,2,2,1,3
1,64,13,ok,141120,10250053.631999999,10250053.631999999,0,0,0,1,13,1,1
1,64,14,ok,129024,10092360.499200001,10092360.499200001,0,0,0,1,2,1,7
1,64,15,ok,124488,10433090.304000001,10433090.304000001,0,0,0,1,5,1,3
1,64,16,ok,112896,10092360.499199999,10092360.499199999,0,0,0,2,2,2,2
2,1,1,ok,12544,3920254.7711999998,231211.00799999997,3097487.9743999997,0,591555.78879999998,1,1,1,1
2,1,2,ok,6272,3940764.6719999993,231211.00799999997,3113681.9199999995,0,595871.74400000006,1,1,1,2
2,1,3,ok,4256,4200580.0703999996,235339.77599999995,3354566.1696000006,0,610674.12479999999,1,1,1,3
2,1,4,ok,3136,4021800.7552,231211.00799999997,3186086.0927999998,0,604503.65440000012,1,1,2,2
2,1,5,ok,2688,4338013.6960000005,247726.07999999996,3439522.3040000005,0,650765.31200000003,1,1,1,5
2,1,6,ok,2128,4240679.5008000005,235339.77599999995,3381717.7344,0,623621.99040000001,1,1,2,3
2,1,7,ok,1792,4143354.8799999999,231211.008,3294692.352,0,617451.52000000014,1,1,1,7
2,1,8,ok,1568,4164935.8847999997,231211.00799999997,3311957.4015999995,0,621767.47519999999,1,1,2,4
2,1,9,ok,1520,4324525.0848000003,239542.27199999997,3437739.2736,0,647243.5392,1,1,3,3
2,1,10,ok,1344,4481526.2720000008,247726.07999999996,3561455.1040000003,0,672345.08800000011,1,1,2,5
2,1,11,ok,1344,4929678.8992000008,272498.68799999997,3917600.6144000003,0,739579.59680000017,1,1,1,11
2,1,12,ok,1120,4290866.1503999997,235339.77599999995,3406008.6528000003,0,649517.72160000005,1,1,3,4
2,1,13,ok,1120,4883947.4944000002,268369.91999999998,3877852.4928000001,0,737725.08160000003,1,1,1,13
2,1,14,ok,896,4245134.7456,231211.008,3366260.5311999996,0,647663.20640000002,1,1,2,7
2,1,15,ok,896,4548358.6559999995,247726.08000000002,3606707.7119999994,0,693924.86400000006,1,1,1,15
2,1,16,ok,784,4271867.6991999997,231211.00799999997,3384361.5743999998,0,656295.11680000008,1,1,2,8
2,2,1,ok,25088,7819999.6415999988,462422.01599999995,6178782.0031999992,0,1178795.6224000002,1,1,1,1
2,2,2,ok,12544,7840509.5423999997,462422.01599999995,6194975.9487999994,0,1183111.5776,1,1,1,2
2,2,3,ok,8512,8376066.8160000015,470679.55199999991,6696986.8800000008,0,1208400.3840000001,1,1,1,3
2,2,4,ok,6272,7881529.3439999986,462422.01599999995,6227363.8399999989,0,1191743.4880000001,1,2,1,2
2,2,5,ok,5376,8573477.8880000003,495452.15999999992,6798074.8799999999,0,1279950.8480000002,1,1,1,5
2,2,6,ok,4256,8401160.1407999992,470679.55199999991,6709132.3392000012,0,1221348.2496,1,2,1,3
2,2,7,ok,3584,8143140.4544000002,462422.016,6476027.0848000003,0,1204691.3536,1,1,1,7
2,2,8,ok,3136,8043601.5104,462422.01599999995,6372172.1855999995,0,1209007.3088000002,1,2,2,2
2,2,9,ok,3040,8573770.1952000018,479084.54399999994,6839042.1696000006,0,1255643.4816000001,1,1,3,3
2,2,10,ok,2688,8676027.3920000009,495452.15999999992,6879044.6080000009,0,1301530.6240000001,1,2,1,5
2,2,11,ok,2688,9767348.9408000018,544997.37599999993,7790667.8784000017,0,1431683.6864,1,1,1,11
2,2,12,ok,2128,8481359.001600001,470679.55199999991,6763435.4687999999,0,1247243.9808,1,2,2,3
2,2,13,ok,2240,9659157.2480000015,536739.83999999997,7703074.6624000007,0,1419342.7456,1,1,1,13
2,2,14,ok,1792,8286709.7599999998,462422.016,6589384.7039999999,0,1234903.0400000003,1,2,1,7
2,2,15,ok,1792,8971250.6879999992,495452.16000000003,7152688.1280000005,0,1323110.4000000001,1,1,1,15
2,2,16,ok,1568,8329871.7695999993,462422.01599999995,6623914.803199999,0,1243534.9504,1,2,2,4
2,4,1,ok,50176,15619489.382399999,924844.03199999989,12341370.060799999,0,2353275.2896000003,1,1,1,1
2,4,2,ok,25088,15639999.283199998,924844.03199999989,12357564.006399998,0,2357591.2448000005,1,1,1,2
2,4,3,ok,17024,16697028.096000001,941359.10399999982,13351816.089600001,0,2403852.9024,1,1,1,3
2,4,4,ok,12544,15681019.084799999,924844.03199999989,12389951.897599999,0,2366223.1551999999,1,2,1,2
2,4,5,ok,10752,17044406.272000004,990904.31999999983,13515180.032000002,0,2538321.9199999999,1,1,1,5
2,4,6,ok,8512,16722121.4208,941359.10399999982,13363961.548800001,0,2416800.7680000002,1,1,2,3
2,4,7,ok,7168,16142711.6032,924844.03200000001,12838696.5504,0,2379171.0208000001,1,1,1,7
2,4,8,ok,6272,15763058.687999997,924844.03199999989,12454727.679999998,0,2383486.9760000003,1,4,1,2
2,4,9,ok,5776,17072260.415999997,958169.08799999987,13641647.961599998,0,2472443.3664000002,1,1,3,3
2,4,10,ok,5376,17146955.776000001,990904.31999999983,13596149.76,0,2559901.6960000005,1,2,1,5
2,4,11,ok,5376,19387666.636800002,1089994.7519999999,15481780.019200001,0,2815891.8656000001,1,1,1,11
2,4,12,ok,4256,16802320.281599998,941359.10399999982,13418264.678400002,0,2442696.4992,1,4,1,3
2,4,13,ok,4480,19144550.297600001,1073479.6799999999,15288492.544,0,2782578.0736000002,1,1,1,13
2,4,14,ok,3584,16286280.9088,924844.03200000001,12952054.169600001,0,2409382.7072000001,1,2,1,7
2,4,15,ok,3584,17666973.695999999,990904.32000000007,14094587.903999999,0,2581481.4720000001,1,1,1,15
2,4,16,ok,3136,16087203.0208,924844.03199999989,12744344.371199999,0,2418014.6176000005,1,4,2,2
2,8,1,ok,100352,31218468.863999996,1849688.0639999998,24666546.175999999,0,4702234.6239999998,1,1,1,1
2,8,2,ok,50176,31238978.764799997,1849688.0639999998,24682740.121599998,0,4706550.5792000005,1,1,1,2
2,8,3,ok,34048,33368962.867199995,1882718.2079999996,26691486.719999999,0,4794757.9391999999,1,1,1,3
2,8,4,ok,25088,31279998.566399995,1849688.0639999998,24715128.012799997,0,4715182.4896000009,1,2,1,2
2,8,5,ok,21504,33986263.040000007,1981808.6399999997,26949390.336000003,0,5055064.0640000002,1,1,1,5
2,8,6,ok,17024,33394056.192000002,1882718.2079999996,26703632.179200001,0,4807705.8048,1,2,1,3
2,8,7,ok,14336,32141853.900800001,1849688.064,25564035.481600001,0,4728130.355200001,1,1,1,7
2,8,8,ok,12544,31362038.169599999,1849688.0639999998,24779903.795199998,0,4732446.3103999998,1,4,1,2
2,8,9,ok,11552,34069240.857600003,1916338.1759999997,27246859.545599997,0,4906043.1359999999,1,1,3,3
2,8,10,ok,10752,34088812.544000007,1981808.6399999997,27030360.064000003,0,5076643.8399999999,1,2,1,5
2,8,11,ok,10752,38683324.416000009,2179989.5039999997,30919026.688000005,0,5584308.2240000004,1,1,1,11
2,8,12,ok,8512,33444242.841600001,1882718.2079999996,26727923.097600002,0,4833601.5360000003,1,2,2,3
2,8,13,ok,8960,38180362.854400009,2146959.3599999999,30524354.764800005,0,5509048.7296000002,1,1,1,13
2,8,14,ok,7168,32285423.2064,1849688.064,25677393.1008,0,4758342.0416000001,1,2,1,7
2,8,15,ok,7168,35208480.767999999,1981808.6400000001,28128448.511999998,0,5098223.6160000004,1,1,1,15
2,8,16,ok,6272,31526117.375999995,1849688.0639999998,24909455.359999996,0,4766973.9520000005,1,8,1,2
2,16,1,ok,200704,62416427.827199996,3699376.1279999996,49316898.406399995,0,9400153.2928000018,1,1,1,1
2,16,2,ok,100352,62436937.727999993,3699376.1279999996,49333092.351999998,0,9404469.2479999997,1,1,1,2
2,16,3,ok,68096,66712832.409599997,3765436.4159999993,53370827.980800003,0,9576568.0128000006,1,1,1,3
2,16,4,ok,50176,62477957.529599994,3699376.1279999996,49365480.243199997,0,9413101.158400001,1,2,1,2
2,16,5,ok,43008,67869976.576000005,3963617.2799999993,53817810.944000006,0,10088548.352000002,1,1,1,5
2,16,6,ok,34048,66737925.734399989,3765436.4159999993,53382973.439999998,0,9589515.8783999998,1,2,1,3
2,16,7,ok,28672,64140138.495999992,3699376.128,51014713.343999997,0,9426049.0240000002,1,1,1,7
2,16,8,ok,25088,62559997.13279999,3699376.1279999996,49430256.025599994,0,9430364.9792000018,1,4,1,2
2,16,9,ok,23104,68063201.740800008,3832676.3519999995,54457282.71360001,0,9773242.6752000004,1,1,3,3
2,16,10,ok,21504,67972526.080000013,3963617.2799999993,53898780.672000006,0,10110128.128,1,2,1,5
2,16,11,ok,21504,77274639.974400014,4359979.0079999994,61793520.025600001,0,11121140.9408,1,1,1,11
2,16,12,ok,17024,66788112.384000003,3765436.4159999993,53407264.358400002,0,9615411.6096000001,1,4,1,3
2,16,13,ok,17920,76251987.96800001,4293918.7199999997,60996079.206400007,0,10961990.0416,1,1,1,13
2,16,14,ok,14336,64283707.801600002,3699376.128,51128070.963200003,0,9456260.7104000021,1,2,1,7
2,16,15,ok,14336,70291494.912,3963617.2800000003,56196169.728,0,10131707.904000001,1,1,1,15
2,16,16,ok,12544,62724076.339199997,3699376.1279999996,49559807.590399995,0,9464892.6207999997,1,8,1,2
2,32,1,ok,401408,124812345.75359999,7398752.2559999991,98617602.867199987,0,18795990.630400002,1,1,1,1
2,32,2,ok,200704,124832855.65439999,7398752.2559999991,98633796.81279999,0,18800306.585600004,1,1,1,2
2,32,3,ok,137984,128753110.42559999,7629963.2640000004,101731284.7872,0,19391862.374400001,1,3,1,1
2,32,4,ok,100352,124873875.45599999,7398752.2559999991,98666184.703999996,0,18808938.495999999,1,2,1,2
2,32,5,ok,86016,135637403.64800003,7927234.5599999987,107554652.16000003,0,20155516.927999999,1,1,1,5
2,32,6,ok,68992,128814640.12799999,7629963.2640000004,101779866.62399998,0,19404810.240000002,1,3,1,2
2,32,7,ok,57344,128136707.68639998,7398752.2560000001,101916069.0688,0,18821886.361600004,1,1,1,7
2,32,8,ok,50176,124955915.05919999,7398752.2559999991,98730960.486399993,0,18826202.316800002,1,4,1,2
2,32,9,ok,46208,136051123.5072,7665352.703999999,108878129.04960001,0,19507641.753600001,1,1,3,3
2,32,10,ok,43008,135739953.15200001,7927234.5599999987,107635621.88800001,0,20177096.704000004,1,2,1,5
2,32,11,ok,37632,128917189.63199998,7629963.2639999995,101860836.35199997,0,19426390.016000003,1,11,1,1
2,32,12,ok,34496,130258236.8256,7629963.2640000004,103197567.59040001,0,19430705.9712,1,3,2,2
2,32,13,ok,35840,152395238.19520003,8587837.4399999995,121939528.08960001,0,21867872.665600002,1,1,1,13
2,32,14,ok,28672,128280276.99199998,7398752.2560000001,102029426.68799999,0,18852098.048,1,2,1,7
2,32,15,ok,28672,140457523.19999999,7927234.5600000005,112331612.16,0,20198676.48,1,1,1,15
2,32,16,ok,25088,125119994.26559998,7398752.2559999991,98860512.051199988,0,18860729.958400004,1,8,1,2
2,64,1,ok,802816,249604181.60639998,14797504.511999998,197219011.78879997,0,37587665.305600002,1,1,1,1
2,64,2,ok,401408,249624691.50719997,14797504.511999998,197235205.73439997,0,37591981.260800004,1,1,1,2
2,64,3,ok,275968,257444691.14880002,15259926.528000001,203413987.7376,0,38770776.883200005,1,3,1,1
2,64,4,ok,200704,249665711.30879998,14797504.511999998,197267593.62559998,0,37600613.171200007,1,2,1,2
2,64,5,ok,163072,253585966.07999998,15028715.52,200365081.59999996,0,38192168.960000001,1,5,1,1
2,64,6,ok,137984,257506220.85119998,15259926.528000001,203462569.57440001,0,38783724.748800002,1,3,1,2
2,64,7,ok,114688,256129846.06720001,14797504.512,203718780.51840001,0,37613561.036800005,1,1,1,7
2,64,8,ok,100352,249747750.91199997,14797504.511999998,197332369.40799999,0,37617876.991999999,1,4,1,2
2,64,9,ok,92416,272026967.04000002,15330705.407999998,217719821.7216,0,38976439.910399996,1,1,3,3
2,64,10,ok,81536,253688515.58399999,15028715.52,200446051.32799998,0,38213748.736000001,1,5,1,2
2,64,11,ok,75264,257608770.35519996,15259926.527999999,203543539.30239996,0,38805304.524800003,1,11,1,1
2,64,12,ok,68992,257629280.25599998,15259926.528000001,203559733.24799997,0,38809620.480000004,1,6,1,2
2,64,13,ok,62720,253750045.28639999,15028715.519999998,200494633.16479999,0,38226696.601600006,1,13,1,1
2,64,14,ok,57344,256273415.37279996,14797504.512,203832138.1376,0,37643772.723200008,1,2,1,7
2,64,15,ok,55328,271532105.08799994,15297085.439999998,217318073.472,0,38916946.175999999,1,5,1,3
2,64,16,ok,50176,249911830.11839998,14797504.511999998,197461920.97279999,0,37652404.633600004,1,8,1,2
3,1,1,ok,112896,26898232.934400003,2080899.0719999999,24168591.667200003,0,648742.19520000007,1,1,1,1
3,1,2,ok,56448,26973512.908800002,2080899.0719999999,24205028.044800002,0,687585.79200000013,1,1,2,1
3,1,3,ok,38304,27602867.174400002,2118057.9840000002,24770552.140799999,0,714257.04960000003,1,1,1,3
3,1,4,ok,28224,27124072.8576,2080899.0719999999,24277900.800000001,0,765272.98560000001,1,1,4,1
3,1,5,ok,24192,29135098.367999997,2229534.7199999997,26082160.127999999,0,823403.52000000014,1,1,1,5
3,1,6,ok,19152,27780488.985600002,2118057.9840000002,24831643.161600001,0,830787.84000000008,1,1,2,3
3,1,7,ok,16128,27304648.089600004,2080899.0719999997,24364604.006400004,0,859145.01120000007,1,1,1,7
3,1,8,ok,14112,27375109.939199999,2080899.0719999999,24396222.259199999,0,897988.60800000001,1,1,2,4
3,1,9,ok,12996,28411671.887999997,2155880.4479999999,25297799.126399998,0,957992.31359999999,1,1,3,3
3,1,10,ok,12096,29431134.719999999,2229534.7199999997,26183978.495999999,0,1017621.5040000002,1,1,2,5
3,1,11,ok,12096,32374248.192000002,2452488.1919999998,28802376.345599998,0,1119383.6544000001,1,1,1,11
3,1,12,ok,9576,28135732.608000003,2118057.9840000002,24953825.203200001,0,1063849.4208,1,1,3,4
3,1,13,ok,10080,32036396.620800003,2415329.2799999998,28434482.918400005,0,1186584.4224,1,1,1,13
3,1,14,ok,8064,27640316.928000003,2080899.0719999997,24428367.667200003,0,1131050.1888000001,1,1,2,7
3,1,15,ok,8064,29614625.280000001,2229534.7199999997,26173251.072000001,0,1211839.4880000001,1,1,1,15
3,1,16,ok,7056,27758731.468800001,2080899.0719999999,24469095.014400002,0,1208737.3824,1,1,4,4
3,2,1,ok,225792,53721185.894400001,4161798.1439999999,48300746.956799999,0,1258640.7936,1,1,1,1
3,2,2,ok,112896,53796465.868800007,4161798.1439999999,48337183.334400006,0,1297484.3904000001,1,1,2,1
3,2,3,ok,76608,55003350.528000012,4236115.9680000003,49409124.480000004,0,1358110.0800000001,1,1,3,1
3,2,4,ok,56448,53947025.817600004,4161798.1439999999,48410056.089600004,0,1375171.5840000003,1,2,2,1
3,2,5,ok,48384,57918468.095999993,4459069.4399999995,51958255.103999987,0,1501143.5519999999,1,1,5,1
3,2,6,ok,38304,55205734.348800004,4236115.9680000003,49541104.281599998,0,1428514.0992000001,1,2,1,3
3,2,7,ok,32256,54273627.34080001,4161798.1439999994,48665444.352000006,0,1446384.8448000003,1,1,1,7
3,2,8,ok,28224,54248145.7152,4161798.1439999999,48555801.600000001,0,1530545.9712,1,2,4,1
3,2,9,ok,25992,56391769.555199988,4311760.8959999997,50513616.403199993,0,1566392.2560000001,1,1,3,3
3,2,10,ok,24192,58270196.735999994,4459069.4399999995,52164320.255999997,0,1646807.0400000003,1,2,1,5
3,2,11,ok,24192,64221016.7808,4904976.3839999996,57504552.652800001,0,1811487.7440000004,1,1,1,11
3,2,12,ok,19152,55560977.971200004,4236115.9680000003,49663286.323200002,0,1661575.6800000002,1,2,2,3
3,2,13,ok,20160,63449408.256000005,4830658.5599999996,56750547.609600008,0,1868202.0863999999,1,1,1,13
3,2,14,ok,16128,54609296.179200009,4161798.1439999994,48729208.012800008,0,1718290.0224000001,1,2,1,7
3,2,15,ok,16128,58509960.192000009,4459069.4399999995,52209865.728000008,0,1841025.0240000002,1,1,1,15
3,2,16,ok,14112,54750219.878399998,4161798.1439999999,48792444.518399999,0,1795977.216,1,2,2,4
3,4,1,ok,451584,107158095.0528,8323596.2879999997,96446695.8336,0,2387802.9312000005,1,1,1,1
3,4,2,ok,225792,107233375.0272,8323596.2879999997,96483132.211199999,0,2426646.5279999999,1,1,1,2
3,4,3,ok,153216,109254611.8656,8472231.9360000007,98274944.102400005,0,2507435.8272000002,1,1,1,3
3,4,4,ok,112896,107473971.60960001,8323596.2879999997,96646041.600000009,0,2504333.7216000003,1,1,2,2
3,4,5,ok,96768,115107987.456,8918138.879999999,103478888.44799998,0,2710960.1280000005,1,1,1,5
3,4,6,ok,76608,109615506.7392,8472231.9360000007,98519308.185600013,0,2623966.6176,1,1,2,3
3,4,7,ok,64512,107609774.89920001,8323596.2879999988,96665314.099199995,0,2620864.5120000001,1,1,1,7
3,4,8,ok,56448,107775091.5072,8323596.2879999997,96791787.110400006,0,2659708.1088000005,1,1,2,4
3,4,9,ok,51984,111776230.54079998,8623521.7919999994,100369516.60799998,0,2783192.1408000002,1,1,3,3
3,4,10,ok,48384,115709478.91199999,8918138.879999999,103886161.91999999,0,2905178.1119999997,1,1,2,5
3,4,11,ok,48384,127280426.80319998,9809952.7679999992,114274778.11199997,0,3195695.9232000001,1,1,1,11
3,4,12,ok,38304,110337296.48640001,8472231.9360000007,99008036.351999998,0,2857028.1984000001,1,1,3,4
3,4,13,ok,40320,125710121.472,9661317.1199999992,112817366.93760002,0,3231437.4144000001,1,1,1,13
3,4,14,ok,32256,108136734.72,8323596.2879999988,96920368.742399991,0,2892769.6896000006,1,1,2,7
3,4,15,ok,32256,115860787.19999999,8918138.879999999,103843252.22399999,0,3099396.0960000004,1,1,1,15
3,4,16,ok,28224,108377331.30240001,8323596.2879999997,97083278.131200001,0,2970456.8832,1,1,4,4
3,8,1,ok,903168,214240910.13120002,16647192.575999999,192856955.28960001,0,4736762.2656000005,1,1,1,1
3,8,2,ok,451584,214316190.1056,16647192.575999999,192893391.6672,0,4775605.8624000009,1,1,1,2
3,8,3,ok,306432,218283383.80800003,16944463.872000001,196440579.07200003,0,4898340.8640000001,1,1,1,3
3,8,4,ok,225792,214466750.0544,16647192.575999999,192966264.4224,0,4853293.0559999999,1,2,1,2
3,8,5,ok,193536,229839575.04000002,17836277.759999998,206775595.00799999,0,5227702.2719999999,1,1,1,5
3,8,6,ok,153216,218509223.73120001,16944463.872000001,196549888.20480001,0,5014871.6544000003,1,2,1,3
3,8,7,ok,129024,214692589.97760001,16647192.575999998,193075573.55520001,0,4969823.8464000002,1,1,1,7
3,8,8,ok,112896,214947943.21920002,16647192.575999999,193292083.20000002,0,5008667.4432000006,1,2,2,2
3,8,9,ok,103968,222874941.31199998,17247043.583999999,200411105.81759998,0,5216791.9104000004,1,1,3,3
3,8,10,ok,96768,230215974.912,17836277.759999998,206957776.89599997,0,5421920.256000001,1,2,1,5
3,8,11,ok,96768,253732773.88799998,19619905.535999998,228148756.07039997,0,5964112.2816000003,1,1,1,11
3,8,12,ok,76608,219231013.47839999,16944463.872000001,197038616.37120003,0,5247933.2352,1,2,2,3
3,8,13,ok,80640,250441603.27680004,19322634.239999998,225161060.96640003,0,5957908.0704000005,1,1,1,13
3,8,14,ok,64512,215219549.79840001,16647192.575999998,193330628.19839999,0,5241729.0240000002,1,2,1,7
3,8,15,ok,64512,230592374.78400001,17836277.759999998,207139958.78400001,0,5616138.2400000002,1,1,1,15
3,8,16,ok,56448,215550183.01440001,16647192.575999999,193583574.22080001,0,5319416.217600001,1,2,2,4
3,16,1,ok,1806336,428406540.28800005,33294385.151999999,385677474.20160002,0,9434680.9343999997,1,1,1,1
3,16,2,ok,903168,428481820.26240003,33294385.151999999,385713910.57920003,0,9473524.531200001,1,1,1,2
3,16,3,ok,612864,436340927.69280005,33888927.744000003,392771849.01120001,0,9680150.9375999998,1,1,1,3
3,16,4,ok,451584,428632380.2112,33294385.151999999,385786783.3344,0,9551211.7248000018,1,2,1,2
3,16,5,ok,387072,459302750.208,35672555.519999996,413369008.12799996,0,10261186.560000001,1,1,1,5
3,16,6,ok,306432,436566767.61600006,33888927.744000003,392881158.14400005,0,9796681.7280000001,1,2,1,3
3,16,7,ok,258048,428858220.13440001,33294385.151999995,385896092.46720004,0,9667742.5152000021,1,1,1,7
3,16,8,ok,225792,428933500.10879999,33294385.151999999,385932528.8448,0,9706586.1119999997,1,4,1,2
3,16,9,ok,207936,445072362.85439998,34494087.167999998,400494284.23679996,0,10083991.4496,1,1,3,3
3,16,10,ok,193536,459679150.08000004,35672555.519999996,413551190.01599997,0,10455404.544,1,2,1,5
3,16,11,ok,193536,506637468.05759996,39239811.071999997,455896711.9871999,0,11500944.998400001,1,1,1,11
3,16,12,ok,153216,437018447.46240002,33888927.744000003,393099776.40960002,0,10029743.308800001,1,4,1,3
3,16,13,ok,161280,499904566.8864001,38645268.479999997,449848449.02400005,0,11410849.3824,1,1,1,13
3,16,14,ok,129024,429385179.95520002,33294385.151999995,386151147.11040002,0,9939647.6928000003,1,2,1,7
3,16,15,ok,129024,460055549.95200002,35672555.519999996,413733371.90399998,0,10649622.528000001,1,1,1,15
3,16,16,ok,112896,429895886.43840003,33294385.151999999,386584166.40000004,0,10017334.886400001,1,4,2,2
3,32,1,ok,3612672,856737800.60160005,66588770.303999998,771318512.02560008,0,18830518.272,1,1,1,1
3,32,2,ok,1806336,856813080.57600009,66588770.303999998,771354948.40320003,0,18869361.868799999,1,1,1,2
3,32,3,ok,1225728,872456015.46239996,67777855.488000005,785434388.88960004,0,19243771.084800001,1,1,1,3
3,32,4,ok,903168,856963640.52480006,66588770.303999998,771427821.15840006,0,18947049.062400002,1,2,1,2
3,32,5,ok,774144,918229100.54399991,71345111.039999992,826555834.36799991,0,20328155.136,1,1,1,5
3,32,6,ok,612864,872681855.38560009,67777855.488000005,785543698.02240002,0,19360301.8752,1,2,1,3
3,32,7,ok,516096,857189480.44800019,66588770.30399999,771537130.29120016,0,19063579.8528,1,1,1,7
3,32,8,ok,451584,857264760.4224,66588770.303999998,771573566.6688,0,19102423.449600004,1,4,1,2
3,32,9,ok,415872,889467205.93919992,68988174.335999995,800660641.07519996,0,19818390.528000001,1,1,3,3
3,32,10,ok,387072,918605500.41600001,71345111.039999992,826738016.25599992,0,20522373.120000001,1,2,1,5
3,32,11,ok,338688,885985527.39840007,68669669.375999987,796761924.71039999,0,20553933.312000003,1,11,1,1
3,32,12,ok,306432,873133535.23200011,67777855.488000005,785762316.28800011,0,19593363.456,1,4,1,3
3,32,13,ok,322560,998830494.1056,77290536.959999993,899223225.13919997,0,22316732.0064,1,1,1,13
3,32,14,ok,258048,857716440.26880002,66588770.30399999,771792184.93440008,0,19335485.030400004,1,2,1,7
3,32,15,ok,258048,918981900.28800011,71345111.039999992,826920198.14400005,0,20716591.104000002,1,1,1,15
3,32,16,ok,225792,857867000.21759999,66588770.303999998,771865057.68959999,0,19413172.223999999,1,8,1,2
3,64,1,ok,7225344,1713400321.2288003,133177540.608,1542600587.6736002,0,37622192.9472,1,1,1,1
3,64,2,ok,3612672,1713475601.2032001,133177540.608,1542637024.0512002,0,37661036.544,1,1,1,2
3,64,3,ok,2451456,1744686191.0016003,135555710.97600001,1570759468.6464002,0,38371011.379200004,1,1,1,3
3,64,4,ok,1806336,1713626161.1520002,133177540.608,1542709896.8064001,0,37738723.737599999,1,2,1,2
3,64,5,ok,1467648,1743868342.2720001,135258439.67999998,1568772275.7120001,0,39837626.880000003,1,5,1,1
3,64,6,ok,1225728,1744912030.9247999,135555710.97600001,1570868777.7792001,0,38487542.169600002,1,2,1,3
3,64,7,ok,1032192,1713852001.0752003,133177540.60799998,1542819205.9392002,0,37855254.528000005,1,1,1,7
3,64,8,ok,903168,1713927281.0496001,133177540.608,1542855642.3168001,0,37894098.124800004,1,4,1,2
3,64,9,ok,831744,1778256892.1087997,137976348.67199999,1600993354.7519996,0,39287188.684800006,1,1,3,3
3,64,10,ok,733824,1744244742.1440003,135258439.67999998,1568954457.6000001,0,40031844.864,1,5,2,1
3,64,11,ok,677376,1771142975.0784001,137339338.75199997,1593123049.2671998,0,40680587.059200004,1,11,1,1
3,64,12,ok,612864,1745363710.7712002,135555710.97600001,1571087396.0448,0,38720603.750399999,1,4,1,3
3,64,13,ok,564480,1744470582.0672002,135258439.68000001,1569063766.7328002,0,40148375.654399998,1,13,1,1
3,64,14,ok,516096,1714378960.8960004,133177540.60799998,1543074260.5824003,0,38127159.705600001,1,2,1,7
3,64,15,ok,497952,1781398294.2720003,137673768.95999998,1602790544.4480002,0,40933980.864,1,5,3,1
3,64,16,ok,451584,1714529520.8448,133177540.608,1543147133.3376,0,38204846.899200007,1,8,1,2
4,1,1,ok,50176,14848298.1888,924844.03199999989,12191676.415999999,0,1731777.7408000003,1,1,1,1
4,1,2,ok,25088,14930337.791999998,924844.03199999989,12256452.198399998,0,1749041.5616000001,1,1,1,2
4,1,3,ok,17024,15349281.024,941359.10399999982,12611000.217600003,0,1796921.7023999998,1,1,1,3
4,1,4,ok,12544,15098365.132799998,924844.03199999989,12389951.897599999,0,1783569.2032000001,1,1,2,2
4,1,5,ok,10752,16229301.248000003,990904.31999999983,13315098.624000002,0,1923298.304,1,1,1,5
4,1,6,ok,8512,15509678.7456,941359.10399999982,12719606.4768,0,1848713.1648000001,1,1,2,3
4,1,7,ok,7168,15178730.291199997,924844.03200000001,12418525.593599999,0,1835360.6656000004,1,1,1,7
4,1,8,ok,6272,15232196.198399998,924844.03199999989,12454727.679999998,0,1852624.4864000003,1,1,2,4
4,1,9,ok,6080,15819113.952000001,958169.08799999987,12929277.196800001,0,1931667.6672,1,1,3,3
4,1,10,ok,5376,16396590.080000002,990904.31999999983,13396068.352000002,0,2009617.4080000003,1,1,2,5
4,1,11,ok,4704,18079369.6512,953745.40799999994,13231519.2064,0,3894105.0368000004,11,1,1,1
4,1,12,ok,4256,15994025.164800003,941359.10399999982,12988694.630400002,0,2063971.4304000002,2,1,2,3
4,1,13,ok,4480,17878815.385600001,1073479.6799999999,14590845.235199999,0,2214490.4704000005,1,1,1,13
4,1,14,ok,3584,15552991.6416,924844.03200000001,12671940.1984,0,1956207.4112000002,1,1,2,7
4,1,15,ok,3584,16663919.615999999,990904.32000000007,13577078.784,0,2095936.5120000001,1,1,1,15
4,1,16,ok,3136,15659923.455999998,924844.03199999989,12744344.371199999,0,1990735.0528000002,1,1,2,8
4,2,1,ok,100352,29614556.774399996,1849688.0639999998,24318577.049599998,0,3446291.6608000002,1,1,1,1
4,2,2,ok,50176,29696596.377599999,1849688.0639999998,24383352.831999999,0,3463555.4816000005,1,1,1,2
4,2,3,ok,34048,30598188.748799995,1882718.2079999996,25173418.5984,0,3542051.9424000001,1,1,1,3
4,2,4,ok,25088,29860675.583999995,1849688.0639999998,24512904.396799996,0,3498083.1232000003,1,2,1,2
4,2,5,ok,21504,32291313.664000005,1981808.6399999997,26549227.520000003,0,3760277.5040000002,1,1,1,5
4,2,6,ok,17024,30698562.048,1882718.2079999996,25222000.435200006,0,3593843.4047999997,1,2,1,3
4,2,7,ok,14336,30123256.217600003,1849688.064,24723693.568,0,3549874.5856000003,1,1,1,7
4,2,8,ok,12544,30196730.265599996,1849688.0639999998,24779903.795199998,0,3567138.4064000002,1,2,2,2
4,2,9,ok,12160,31337108.006400004,1916338.1759999997,25712808.883200001,0,3707960.9472000003,1,1,3,3
4,2,10,ok,10752,32458602.496000007,1981808.6399999997,26630197.248000003,0,3846596.608,1,2,1,5
4,2,11,ok,9408,36074135.961600006,1907490.8159999999,26396238.387199998,0,7770406.7584000006,11,1,1,1
4,2,12,ok,8512,31019357.4912,1882718.2079999996,25439212.953600001,0,3697426.3296000003,1,2,2,3
4,2,13,ok,8960,35322679.808000006,2146959.3599999999,28971169.177600004,0,4204551.2703999998,1,1,1,13
4,2,14,ok,7168,30357460.582399994,1849688.064,24837051.187199999,0,3670721.3312000008,1,2,1,7
4,2,15,ok,7168,32825972.735999998,1981808.6400000001,26911248.384,0,3932915.7120000008,1,1,1,15
4,2,16,ok,6272,30464392.396799996,1849688.0639999998,24909455.359999996,0,3705248.9728000006,1,2,2,4
4,4,1,ok,200704,59147073.945599996,3699376.1279999996,48572378.316799998,0,6875319.5008000005,1,1,1,1
4,4,2,ok,100352,59229113.548799992,3699376.1279999996,48637154.099199995,0,6892583.3216000004,1,1,1,2
4,4,3,ok,68096,60975955.353600003,3765436.4159999993,50178206.515200004,0,7032312.4224000005,1,1,1,3
4,4,4,ok,50176,59393192.755199999,3699376.1279999996,48766705.663999997,0,6927110.963200001,1,2,1,2
4,4,5,ok,43008,64215257.088000014,3963617.2799999993,52817403.904000007,0,7434235.904000001,1,1,1,5
4,4,6,ok,34048,61076328.652799994,3765436.4159999993,50226788.351999998,0,7084103.8848000001,1,1,2,3
4,4,7,ok,28672,60012308.0704,3699376.128,49334029.516800001,0,6978902.4256000007,1,1,1,7
4,4,8,ok,25088,59721351.16799999,3699376.1279999996,49025808.793599993,0,6996166.2464000005,1,4,1,2
4,4,9,ok,23104,62373096.115199998,3832676.3519999995,51279872.255999997,0,7260547.5072000008,1,1,3,3
4,4,10,ok,21504,64382545.920000002,3963617.2799999993,52898373.632000007,0,7520555.0080000004,1,1,2,5
4,4,11,ok,18816,72063668.582399994,3814981.6319999998,52725676.748799995,0,15523010.2016,11,1,1,1
4,4,12,ok,17024,61397124.096000001,3765436.4159999993,50444000.870400012,0,7187686.8095999993,1,4,1,3
4,4,13,ok,17920,69950302.822400004,4293918.7199999997,57471711.232000001,0,8184672.8704000004,1,1,1,13
4,4,14,ok,14336,60246512.435200006,3699376.128,49447387.136,0,7099749.1712000007,1,2,1,7
4,4,15,ok,14336,64549834.752000004,3963617.2800000003,52979343.359999999,0,7606874.1120000007,1,1,1,15
4,4,16,ok,12544,60393460.531199992,3699376.1279999996,49559807.590399995,0,7134276.8128000004,1,4,2,2
4,8,1,ok,401408,118212108.28799999,7398752.2559999991,97079980.851199985,0,13733375.180800002,1,1,1,1
4,8,2,ok,200704,118294147.89119999,7398752.2559999991,97144756.633599997,0,13750639.001600001,1,1,1,2
4,8,3,ok,136192,121851537.40799999,7530872.8319999985,100307831.1936,0,14012833.382400002,1,1,1,3
4,8,4,ok,100352,118458227.09759998,7398752.2559999991,97274308.198399991,0,13785166.643200001,1,2,1,2
4,8,5,ok,86016,128263225.34400003,7927234.5599999987,105553838.08000001,0,14782152.704,1,1,1,5
4,8,6,ok,68096,121951910.70720001,7530872.8319999985,100356413.03040001,0,14064624.844800001,1,2,1,3
4,8,7,ok,57344,119790411.77599999,7398752.2560000001,98554701.414399996,0,13836958.105600003,1,1,1,7
4,8,8,ok,50176,118786385.5104,7398752.2559999991,97533411.327999994,0,13854221.926400002,1,4,1,2
4,8,9,ok,46208,124445072.3328,7665352.703999999,102413999.00159998,0,14365720.6272,1,1,3,3
4,8,10,ok,43008,128430514.17600003,7927234.5599999987,105634807.80800001,0,14868471.808000002,1,2,1,5
4,8,11,ok,37632,144042733.824,7629963.2639999995,105384553.472,0,31028217.088000003,11,1,1,1
4,8,12,ok,34048,122152657.30559999,7530872.8319999985,100453576.704,0,14168207.7696,1,2,2,3
4,8,13,ok,35840,139465654.6816,8587837.4399999995,114732901.17120001,0,16144916.070400001,1,1,1,13
4,8,14,ok,28672,120024616.1408,7398752.2560000001,98668059.033600003,0,13957804.851200001,1,2,1,7
4,8,15,ok,28672,128597803.008,7927234.5600000005,105715777.536,0,14954790.912,1,1,1,15
4,8,16,ok,25088,119442702.33599998,7398752.2559999991,98051617.587199986,0,13992332.492800001,1,8,1,2
4,16,1,ok,802816,236342176.97279999,14797504.511999998,194095185.91999999,0,27449486.540800001,1,1,1,1
4,16,2,ok,401408,236424216.57599998,14797504.511999998,194159961.70239997,0,27466750.361600004,1,1,1,2
4,16,3,ok,272384,243602701.51679999,15061745.663999997,200567080.55040002,0,27973875.3024,1,1,1,3
4,16,4,ok,200704,236588295.78239998,14797504.511999998,194289513.26719999,0,27501278.003200002,1,2,1,2
4,16,5,ok,172032,256359161.85600007,15854469.119999997,211026706.43200004,0,29477986.304000001,1,1,1,5
4,16,6,ok,136192,243703074.81599998,15061745.663999997,200615662.3872,0,28025666.764800005,1,2,1,3
4,16,7,ok,114688,239346619.18720001,14797504.512,196996045.2096,0,27553069.465600003,1,1,1,7
4,16,8,ok,100352,236916454.19519997,14797504.511999998,194548616.39679998,0,27570333.286400001,1,4,1,2
4,16,9,ok,92416,248589024.76800004,15330705.407999998,204682252.4928,0,28576066.867200002,1,1,3,3
4,16,10,ok,86016,256526450.68800005,15854469.119999997,211107676.16000003,0,29564305.408,1,2,1,5
4,16,11,ok,75264,288000864.30719995,15259926.527999999,210702306.91839999,0,62038630.860799998,11,1,1,1
4,16,12,ok,68096,243903821.41440001,15061745.663999997,200712826.06080002,0,28129249.689600002,1,4,1,3
4,16,13,ok,71680,278496358.40000004,17175674.879999999,229255281.04960003,0,32065402.470399998,1,1,1,13
4,16,14,ok,57344,239580823.55199999,14797504.512,197109402.82879999,0,27673916.211200006,1,2,1,7
4,16,15,ok,57344,256693739.51999998,15854469.120000001,211188645.88800001,0,29650624.512000006,1,1,1,15
4,16,16,ok,50176,237572771.02079999,14797504.511999998,195066822.65599999,0,27708443.852800004,1,8,1,2
4,32,1,ok,1605632,472602314.34239995,29595009.023999996,388125596.05759996,0,54881709.260800004,1,1,1,1
4,32,2,ok,802816,472684353.94559997,29595009.023999996,388190371.83999997,0,54898973.081600003,1,1,1,2
4,32,3,ok,544768,487105029.73440003,30123491.327999994,401085579.264,0,55895959.142400004,1,1,1,3
4,32,4,ok,401408,472848433.15199995,29595009.023999996,388319923.40479994,0,54933500.723200008,1,2,1,2
4,32,5,ok,344064,512551034.88000005,31708938.239999995,421972443.13600004,0,58869653.504000008,1,1,1,5
4,32,6,ok,272384,487205403.03359997,30123491.327999994,401134161.10080004,0,55947750.604800001,1,2,1,3
4,32,7,ok,229376,478459034.00959998,29595009.024,393878732.80000001,0,54985292.185600005,1,1,1,7
4,32,8,ok,200704,473176591.56479996,29595009.023999996,388579026.53439999,0,55002556.006400004,1,4,1,2
4,32,9,ok,184832,496876929.63840008,30661410.815999996,409218759.4752,0,56996759.347200006,1,1,3,3
4,32,10,ok,172032,512718323.71200013,31708938.239999995,422053412.86400008,0,58955972.608000003,1,2,1,5
4,32,11,ok,150528,488188968.95999998,30519853.055999998,400900254.51519996,0,56768861.38880001,1,11,1,1
4,32,12,ok,136192,487406149.63199997,30123491.327999994,401231324.7744,0,56051333.529600009,1,4,1,3
4,32,13,ok,143360,556557765.8368001,34351349.759999998,458300040.8064,0,63906375.270400003,1,1,1,13
4,32,14,ok,114688,478693238.37440002,29595009.024,393992090.4192,0,55106138.931200005,1,2,1,7
4,32,15,ok,114688,512885612.54400003,31708938.240000002,422134382.59200001,0,59042291.712000005,1,1,1,15
4,32,16,ok,100352,473832908.39039993,29595009.023999996,389097232.79359996,0,55140666.572800003,1,8,1,2
4,64,1,ok,3211264,945122589.08159983,59190018.047999993,776186416.33279991,0,109746154.7008,1,1,1,1
4,64,2,ok,1605632,945204628.68479991,59190018.047999993,776251192.11519992,0,109763418.52160001,1,1,1,2
4,64,3,ok,1089536,974109686.16959989,60246982.655999988,802122576.69120002,0,111740126.8224,1,1,1,3
4,64,4,ok,802816,945368707.89119995,59190018.047999993,776380743.67999995,0,109797946.16320001,1,2,1,2
4,64,5,ok,652288,960217006.0799998,60114862.079999998,788572420.09599984,0,111529723.904,1,5,1,1
4,64,6,ok,544768,974210059.46880007,60246982.655999988,802171158.528,0,111791918.28480001,1,2,1,3
4,64,7,ok,458752,956683863.65439987,59190018.048,787644107.98079991,0,109849737.62560001,1,1,1,7
4,64,8,ok,401408,945696866.3039999,59190018.047999993,776639846.80959988,0,109867001.44640002,1,4,1,2
4,64,9,ok,369664,993452739.37919998,61322821.631999992,818291773.43999994,0,113838144.3072,1,1,3,3
4,64,10,ok,326144,960627204.09599996,60114862.079999998,788896299.0079999,0,111616043.00799999,1,5,1,2
4,64,11,ok,301056,975475502.28479993,61039706.111999996,801087975.42399991,0,113347820.74880002,1,11,1,1
4,64,12,ok,272384,974410806.06719995,60246982.655999988,802268322.20160007,0,111895501.2096,1,4,1,3
4,64,13,ok,250880,960873322.90559983,60114862.079999991,789090626.35519993,0,111667834.47040001,1,13,1,1
4,64,14,ok,229376,956918068.01919997,59190018.048,787757465.60000002,0,109970584.37120001,1,2,1,7
4,64,15,ok,221312,991680868.60800004,61188341.75999999,816800103.93599999,0,113692422.912,1,5,1,3
4,64,16,ok,200704,946353183.12959993,59190018.047999993,777158053.06879997,0,110005112.01280001,1,8,1,2
5,1,1,ok,50176,14848298.1888,924844.03199999989,12191676.415999999,0,1731777.7408000003,1,1,1,1
5,1,2,ok,25088,14930337.791999998,924844.03199999989,12256452.198399998,0,1749041.5616000001,1,1,1,2
5,1,3,ok,17024,15349281.024,941359.10399999982,12611000.217600003,0,1796921.7023999998,1,1,1,3
5,1,4,ok,12544,15098365.132799998,924844.03199999989,12389951.897599999,0,1783569.2032000001,1,1,2,2
5,1,5,ok,10752,16229301.248000003,990904.31999999983,13315098.624000002,0,1923298.304,1,1,1,5
5,1,6,ok,8512,15509678.7456,941359.10399999982,12719606.4768,0,1848713.1648000001,1,1,2,3
5,1,7,ok,7168,15178730.291199997,924844.03200000001,12418525.593599999,0,1835360.6656000004,1,1,1,7
5,1,8,ok,6272,15232196.198399998,924844.03199999989,12454727.679999998,0,1852624.4864000003,1,1,2,4
5,1,9,ok,6080,15819113.952000001,958169.08799999987,12929277.196800001,0,1931667.6672,1,1,3,3
5,1,10,ok,5376,16396590.080000002,990904.31999999983,13396068.352000002,0,2009617.4080000003,1,1,2,5
5,1,11,ok,4704,18079369.6512,953745.40799999994,13231519.2064,0,3894105.0368000004,11,1,1,1
5,1,12,ok,4256,15994025.164800003,941359.10399999982,12988694.630400002,0,2063971.4304000002,2,1,2,3
5,1,13,ok,4480,17878815.385600001,1073479.6799999999,14590845.235199999,0,2214490.4704000005,1,1,1,13
5,1,14,ok,3584,15552991.6416,924844.03200000001,12671940.1984,0,1956207.4112000002,1,1,2,7
5,1,15,ok,3584,16663919.615999999,990904.32000000007,13577078.784,0,2095936.5120000001,1,1,1,15
5,1,16,ok,3136,15659923.455999998,924844.03199999989,12744344.371199999,0,1990735.0528000002,1,1,2,8
5,2,1,ok,100352,29614556.774399996,1849688.0639999998,24318577.049599998,0,3446291.6608000002,1,1,1,1
5,2,2,ok,50176,29696596.377599999,1849688.0639999998,24383352.831999999,0,3463555.4816000005,1,1,1,2
5,2,3,ok,34048,30598188.748799995,1882718.2079999996,25173418.5984,0,3542051.9424000001,1,1,1,3
5,2,4,ok,25088,29860675.583999995,1849688.0639999998,24512904.396799996,0,3498083.1232000003,1,2,1,2
5,2,5,ok,21504,32291313.664000005,1981808.6399999997,26549227.520000003,0,3760277.5040000002,1,1,1,5
5,2,6,ok,17024,30698562.048,1882718.2079999996,25222000.435200006,0,3593843.4047999997,1,2,1,3
5,2,7,ok,14336,30123256.217600003,1849688.064,24723693.568,0,3549874.5856000003,1,1,1,7
5,2,8,ok,12544,30196730.265599996,1849688.0639999998,24779903.795199998,0,3567138.4064000002,1,2,2,2
5,2,9,ok,12160,31337108.006400004,1916338.1759999997,25712808.883200001,0,3707960.9472000003,1,1,3,3
5,2,10,ok,10752,32458602.496000007,1981808.6399999997,26630197.248000003,0,3846596.608,1,2,1,5
5,2,11,ok,9408,36074135.961600006,1907490.8159999999,26396238.387199998,0,7770406.7584000006,11,1,1,1
5,2,12,ok,8512,31019357.4912,1882718.2079999996,25439212.953600001,0,3697426.3296000003,1,2,2,3
5,2,13,ok,8960,35322679.808000006,2146959.3599999999,28971169.177600004,0,4204551.2703999998,1,1,1,13
5,2,14,ok,7168,30357460.582399994,1849688.064,24837051.187199999,0,3670721.3312000008,1,2,1,7
5,2,15,ok,7168,32825972.735999998,1981808.6400000001,26911248.384,0,3932915.7120000008,1,1,1,15
5,2,16,ok,6272,30464392.396799996,1849688.0639999998,24909455.359999996,0,3705248.9728000006,1,2,2,4
5,4,1,ok,200704,59147073.945599996,3699376.1279999996,48572378.316799998,0,6875319.5008000005,1,1,1,1
5,4,2,ok,100352,59229113.548799992,3699376.1279999996,48637154.099199995,0,6892583.3216000004,1,1,1,2
5,4,3,ok,68096,60975955.353600003,3765436.4159999993,50178206.515200004,0,7032312.4224000005,1,1,1,3
5,4,4,ok,50176,59393192.755199999,3699376.1279999996,48766705.663999997,0,6927110.963200001,1,2,1,2
5,4,5,ok,43008,64215257.088000014,3963617.2799999993,52817403.904000007,0,7434235.904000001,1,1,1,5
5,4,6,ok,34048,61076328.652799994,3765436.4159999993,50226788.351999998,0,7084103.8848000001,1,1,2,3
5,4,7,ok,28672,60012308.0704,3699376.128,49334029.516800001,0,6978902.4256000007,1,1,1,7
5,4,8,ok,25088,59721351.16799999,3699376.1279999996,49025808.793599993,0,6996166.2464000005,1,4,1,2
5,4,9,ok,23104,62373096.115199998,3832676.3519999995,51279872.255999997,0,7260547.5072000008,1,1,3,3
5,4,10,ok,21504,64382545.920000002,3963617.2799999993,52898373.632000007,0,7520555.0080000004,1,1,2,5
5,4,11,ok,18816,72063668.582399994,3814981.6319999998,52725676.748799995,0,15523010.2016,11,1,1,1
5,4,12,ok,17024,61397124.096000001,3765436.4159999993,50444000.870400012,0,7187686.8095999993,1,4,1,3
5,4,13,ok,17920,69950302.822400004,4293918.7199999997,57471711.232000001,0,8184672.8704000004,1,1,1,13
5,4,14,ok,14336,60246512.435200006,3699376.128,49447387.136,0,7099749.1712000007,1,2,1,7
5,4,15,ok,14336,64549834.752000004,3963617.2800000003,52979343.359999999,0,7606874.1120000007,1,1,1,15
5,4,16,ok,12544,60393460.531199992,3699376.1279999996,49559807.590399995,0,7134276.8128000004,1,4,2,2
5,8,1,ok,401408,118212108.28799999,7398752.2559999991,97079980.851199985,0,13733375.180800002,1,1,1,1
5,8,2,ok,200704,118294147.89119999,7398752.2559999991,97144756.633599997,0,13750639.001600001,1,1,1,2
5,8,3,ok,136192,121851537.40799999,7530872.8319999985,100307831.1936,0,14012833.382400002,1,1,1,3
5,8,4,ok,100352,118458227.09759998,7398752.2559999991,97274308.198399991,0,13785166.643200001,1,2,1,2
5,8,5,ok,86016,128263225.34400003,7927234.5599999987,105553838.08000001,0,14782152.704,1,1,1,5
5,8,6,ok,68096,121951910.70720001,7530872.8319999985,100356413.03040001,0,14064624.844800001,1,2,1,3
5,8,7,ok,57344,119790411.77599999,7398752.2560000001,98554701.414399996,0,13836958.105600003,1,1,1,7
5,8,8,ok,50176,118786385.5104,7398752.2559999991,97533411.327999994,0,13854221.926400002,1,4,1,2
5,8,9,ok,46208,124445072.3328,7665352.703999999,102413999.00159998,0,14365720.6272,1,1,3,3
5,8,10,ok,43008,128430514.17600003,7927234.5599999987,105634807.80800001,0,14868471.808000002,1,2,1,5
5,8,11,ok,37632,144042733.824,7629963.2639999995,105384553.472,0,31028217.088000003,11,1,1,1
5,8,12,ok,34048,122152657.30559999,7530872.8319999985,100453576.704,0,14168207.7696,1,2,2,3
5,8,13,ok,35840,139465654.6816,8587837.4399999995,114732901.17120001,0,16144916.070400001,1,1,1,13
5,8,14,ok,28672,120024616.1408,7398752.2560000001,98668059.033600003,0,13957804.851200001,1,2,1,7
5,8,15,ok,28672,128597803.008,7927234.5600000005,105715777.536,0,14954790.912,1,1,1,15
5,8,16,ok,25088,119442702.33599998,7398752.2559999991,98051617.587199986,0,13992332.492800001,1,8,1,2
5,16,1,ok,802816,236342176.97279999,14797504.511999998,194095185.91999999,0,27449486.540800001,1,1,1,1
5,16,2,ok,401408,236424216.57599998,14797504.511999998,194159961.70239997,0,27466750.361600004,1,1,1,2
5,16,3,ok,272384,243602701.51679999,15061745.663999997,200567080.55040002,0,27973875.3024,1,1,1,3
5,16,4,ok,200704,236588295.78239998,14797504.511999998,194289513.26719999,0,27501278.003200002,1,2,1,2
5,16,5,ok,172032,256359161.85600007,15854469.119999997,211026706.43200004,0,29477986.304000001,1,1,1,5
5,16,6,ok,136192,243703074.81599998,15061745.663999997,200615662.3872,0,28025666.764800005,1,2,1,3
5,16,7,ok,114688,239346619.18720001,14797504.512,196996045.2096,0,27553069.465600003,1,1,1,7
5,16,8,ok,100352,236916454.19519997,14797504.511999998,194548616.39679998,0,27570333.286400001,1,4,1,2
5,16,9,ok,92416,248589024.76800004,15330705.407999998,204682252.4928,0,28576066.867200002,1,1,3,3
5,16,10,ok,86016,256526450.68800005,15854469.119999997,211107676.16000003,0,29564305.408,1,2,1,5
5,16,11,ok,75264,288000864.30719995,15259926.527999999,210702306.91839999,0,62038630.860799998,11,1,1,1
5,16,12,ok,68096,243903821.41440001,15061745.663999997,200712826.06080002,0,28129249.689600002,1,4,1,3
5,16,13,ok,71680,278496358.40000004,17175674.879999999,229255281.04960003,0,32065402.470399998,1,1,1,13
5,16,14,ok,57344,239580823.55199999,14797504.512,197109402.82879999,0,27673916.211200006,1,2,1,7
5,16,15,ok,57344,256693739.51999998,15854469.120000001,211188645.88800001,0,29650624.512000006,1,1,1,15
5,16,16,ok,50176,237572771.02079999,14797504.511999998,195066822.65599999,0,27708443.852800004,1,8,1,2
5,32,1,ok,1605632,472602314.34239995,29595009.023999996,388125596.05759996,0,54881709.260800004,1,1,1,1
5,32,2,ok,802816,472684353.94559997,29595009.023999996,388190371.83999997,0,54898973.081600003,1,1,1,2
5,32,3,ok,544768,487105029.73440003,30123491.327999994,401085579.264,0,55895959.142400004,1,1,1,3
5,32,4,ok,401408,472848433.15199995,29595009.023999996,388319923.40479994,0,54933500.723200008,1,2,1,2
5,32,5,ok,344064,512551034.88000005,31708938.239999995,421972443.13600004,0,58869653.504000008,1,1,1,5
5,32,6,ok,272384,487205403.03359997,30123491.327999994,401134161.10080004,0,55947750.604800001,1,2,1,3
5,32,7,ok,229376,478459034.00959998,29595009.024,393878732.80000001,0,54985292.185600005,1,1,1,7
5,32,8,ok,200704,473176591.56479996,29595009.023999996,388579026.53439999,0,55002556.006400004,1,4,1,2
5,32,9,ok,184832,496876929.63840008,30661410.815999996,409218759.4752,0,56996759.347200006,1,1,3,3
5,32,10,ok,172032,512718323.71200013,31708938.239999995,422053412.86400008,0,58955972.608000003,1,2,1,5
5,32,11,ok,150528,488188968.95999998,30519853.055999998,400900254.51519996,0,56768861.38880001,1,11,1,1
5,32,12,ok,136192,487406149.63199997,30123491.327999994,401231324.7744,0,56051333.529600009,1,4,1,3
5,32,13,ok,143360,556557765.8368001,34351349.759999998,458300040.8064,0,63906375.270400003,1,1,1,13
5,32,14,ok,114688,478693238.37440002,29595009.024,393992090.4192,0,55106138.931200005,1,2,1,7
5,32,15,ok,114688,512885612.54400003,31708938.240000002,422134382.59200001,0,59042291.712000005,1,1,1,15
5,32,16,ok,100352,473832908.39039993,29595009.023999996,389097232.79359996,0,55140666.572800003,1,8,1,2
5,64,1,ok,3211264,945122589.08159983,59190018.047999993,776186416.33279991,0,109746154.7008,1,1,1,1
5,64,2,ok,1605632,945204628.68479991,59190018.047999993,776251192.11519992,0,109763418.52160001,1,1,1,2
5,64,3,ok,1089536,974109686.16959989,60246982.655999988,802122576.69120002,0,111740126.8224,1,1,1,3
5,64,4,ok,802816,945368707.89119995,59190018.047999993,776380743.67999995,0,109797946.16320001,1,2,1,2
5,64,5,ok,652288,960217006.0799998,60114862.079999998,788572420.09599984,0,111529723.904,1,5,1,1
5,64,6,ok,544768,974210059.46880007,60246982.655999988,802171158.528,0,111791918.28480001,1,2,1,3
5,64,7,ok,458752,956683863.65439987,59190018.048,787644107.98079991,0,109849737.62560001,1,1,1,7
5,64,8,ok,401408,945696866.3039999,59190018.047999993,776639846.80959988,0,109867001.44640002,1,4,1,2
5,64,9,ok,369664,993452739.37919998,61322821.631999992,818291773.43999994,0,113838144.3072,1,1,3,3
5,64,10,ok,326144,960627204.09599996,60114862.079999998,788896299.0079999,0,111616043.00799999,1,5,1,2
5,64,11,ok,301056,975475502.28479993,61039706.111999996,801087975.42399991,0,113347820.74880002,1,11,1,1
5,64,12,ok,272384,974410806.06719995,60246982.655999988,802268322.20160007,0,111895501.2096,1,4,1,3
5,64,13,ok,250880,960873322.90559983,60114862.079999991,789090626.35519993,0,111667834.47040001,1,13,1,1
5,64,14,ok,229376,956918068.01919997,59190018.048,787757465.60000002,0,109970584.37120001,1,2,1,7
5,64,15,ok,221312,991680868.60800004,61188341.75999999,816800103.93599999,0,113692422.912,1,5,1,3
5,64,16,ok,200704,946353183.12959993,59190018.047999993,777158053.06879997,0,110005112.01280001,1,8,1,2
6,1,1,ok,25088,140171.67360000001,140171.67360000001,0,0,0,1,1,1,1
6,1,2,ok,12544,140171.67360000001,140171.67360000001,0,0,0,1,1,1,2
6,1,3,ok,8428,141266.7648,141266.7648,0,0,0,3,1,1,1
6,1,4,ok,6272,140171.67360000001,140171.67360000001,0,0,0,2,1,1,2
6,1,5,ok,5096,142361.856,142361.856,0,0,0,5,1,1,1
6,1,6,ok,4214,141266.7648,141266.7648,0,0,0,3,1,1,2
6,1,7,ok,3584,140171.67359999998,140171.67359999998,0,0,0,1,1,1,7
6,1,8,ok,3136,140171.67360000001,140171.67360000001,0,0,0,2,1,2,2
6,1,9,ok,2842,142909.40160000001,142909.40160000001,0,0,0,9,1,1,1
6,1,10,ok,2548,142361.856,142361.856,0,0,0,5,1,1,2
6,1,11,ok,2352,144552.03839999999,144552.03839999999,0,0,0,11,1,1,1
6,1,12,ok,2107,141266.7648,141266.7648,0,0,0,3,1,2,2
6,1,13,ok,1960,142361.856,142361.856,0,0,0,13,1,1,1
6,1,14,ok,1792,140171.67359999998,140171.67359999998,0,0,0,2,1,1,7
6,1,15,ok,1729,144904.03200000001,144904.03200000001,0,0,0,5,1,1,3
6,1,16,ok,1568,140171.67360000001,140171.67360000001,0,0,0,4,1,2,2
6,2,1,ok,50176,280343.34720000002,280343.34720000002,0,0,0,1,1,1,1
6,2,2,ok,25088,280343.34720000002,280343.34720000002,0,0,0,1,1,1,2
6,2,3,ok,16856,282533.52960000001,282533.52960000001,0,0,0,3,1,1,1
6,2,4,ok,12544,280343.34720000002,280343.34720000002,0,0,0,1,2,1,2
6,2,5,ok,10192,284723.712,284723.712,0,0,0,5,1,1,1
6,2,6,ok,8428,282533.52960000001,282533.52960000001,0,0,0,3,1,1,2
6,2,7,ok,7168,280343.34719999996,280343.34719999996,0,0,0,1,1,1,7
6,2,8,ok,6272,280343.34720000002,280343.34720000002,0,0,0,1,2,2,2
6,2,9,ok,5684,285818.80320000002,285818.80320000002,0,0,0,9,1,1,1
6,2,10,ok,5096,284723.712,284723.712,0,0,0,5,1,1,2
6,2,11,ok,4704,289104.07679999998,289104.07679999998,0,0,0,11,1,1,1
6,2,12,ok,4214,282533.52960000001,282533.52960000001,0,0,0,3,1,2,2
6,2,13,ok,3920,284723.712,284723.712,0,0,0,13,1,1,1
6,2,14,ok,3584,280343.34719999996,280343.34719999996,0,0,0,1,2,1,7
6,2,15,ok,3458,289808.06400000001,289808.06400000001,0,0,0,5,1,1,3
6,2,16,ok,3136,280343.34720000002,280343.34720000002,0,0,0,2,2,2,2
6,4,1,ok,100352,560686.69440000004,560686.69440000004,0,0,0,1,1,1,1
6,4,2,ok,50176,560686.69440000004,560686.69440000004,0,0,0,1,1,1,2
6,4,3,ok,33712,565067.05920000002,565067.05920000002,0,0,0,3,1,1,1
6,4,4,ok,25088,560686.69440000004,560686.69440000004,0,0,0,1,2,1,2
6,4,5,ok,20384,569447.424,569447.424,0,0,0,5,1,1,1
6,4,6,ok,16856,565067.05920000002,565067.05920000002,0,0,0,3,1,1,2
6,4,7,ok,14336,560686.69439999992,560686.69439999992,0,0,0,1,1,1,7
6,4,8,ok,12544,560686.69440000004,560686.69440000004,0,0,0,1,2,2,2
6,4,9,ok,11368,571637.60640000005,571637.60640000005,0,0,0,9,1,1,1
6,4,10,ok,10192,569447.424,569447.424,0,0,0,5,1,1,2
6,4,11,ok,9408,578208.15359999996,578208.15359999996,0,0,0,11,1,1,1
6,4,12,ok,8428,565067.05920000002,565067.05920000002,0,0,0,3,1,2,2
6,4,13,ok,7840,569447.424,569447.424,0,0,0,13,1,1,1
6,4,14,ok,7168,560686.69439999992,560686.69439999992,0,0,0,1,2,1,7
6,4,15,ok,6916,579616.12800000003,579616.12800000003,0,0,0,5,1,1,3
6,4,16,ok,6272,560686.69440000004,560686.69440000004,0,0,0,2,2,2,2
6,8,1,ok,200704,1121373.3888000001,1121373.3888000001,0,0,0,1,1,1,1
6,8,2,ok,100352,1121373.3888000001,1121373.3888000001,0,0,0,1,1,1,2
6,8,3,ok,67424,1130134.1184,1130134.1184,0,0,0,3,1,1,1
6,8,4,ok,50176,1121373.3888000001,1121373.3888000001,0,0,0,1,2,1,2
6,8,5,ok,40768,1138894.848,1138894.848,0,0,0,5,1,1,1
6,8,6,ok,33712,1130134.1184,1130134.1184,0,0,0,3,1,1,2
6,8,7,ok,28672,1121373.3887999998,1121373.3887999998,0,0,0,1,1,1,7
6,8,8,ok,25088,1121373.3888000001,1121373.3888000001,0,0,0,1,2,2,2
6,8,9,ok,22736,1143275.2128000001,1143275.2128000001,0,0,0,9,1,1,1
6,8,10,ok,20384,1138894.848,1138894.848,0,0,0,5,1,1,2
6,8,11,ok,18816,1156416.3071999999,1156416.3071999999,0,0,0,11,1,1,1
6,8,12,ok,16856,1130134.1184,1130134.1184,0,0,0,3,1,2,2
6,8,13,ok,15680,1138894.848,1138894.848,0,0,0,13,1,1,1
6,8,14,ok,14336,1121373.3887999998,1121373.3887999998,0,0,0,1,2,1,7
6,8,15,ok,13832,1159232.2560000001,1159232.2560000001,0,0,0,5,1,1,3
6,8,16,ok,12544,1121373.3888000001,1121373.3888000001,0,0,0,2,2,2,2
6,16,1,ok,401408,2242746.7776000001,2242746.7776000001,0,0,0,1,1,1,1
6,16,2,ok,200704,2242746.7776000001,2242746.7776000001,0,0,0,1,1,1,2
6,16,3,ok,134848,2260268.2368000001,2260268.2368000001,0,0,0,3,1,1,1
6,16,4,ok,100352,2242746.7776000001,2242746.7776000001,0,0,0,1,2,1,2
6,16,5,ok,81536,2277789.696,2277789.696,0,0,0,5,1,1,1
6,16,6,ok,67424,2260268.2368000001,2260268.2368000001,0,0,0,3,1,1,2
6,16,7,ok,57344,2242746.7775999997,2242746.7775999997,0,0,0,1,1,1,7
6,16,8,ok,50176,2242746.7776000001,2242746.7776000001,0,0,0,1,2,2,2
6,16,9,ok,45472,2286550.4256000002,2286550.4256000002,0,0,0,9,1,1,1
6,16,10,ok,40768,2277789.696,2277789.696,0,0,0,5,1,1,2
6,16,11,ok,37632,2312832.6143999998,2312832.6143999998,0,0,0,11,1,1,1
6,16,12,ok,33712,2260268.2368000001,2260268.2368000001,0,0,0,3,1,2,2
6,16,13,ok,31360,2277789.696,2277789.696,0,0,0,13,1,1,1
6,16,14,ok,28672,2242746.7775999997,2242746.7775999997,0,0,0,1,2,1,7
6,16,15,ok,27664,2318464.5120000001,2318464.5120000001,0,0,0,5,1,1,3
6,16,16,ok,25088,2242746.7776000001,2242746.7776000001,0,0,0,2,2,2,2
6,32,1,ok,802816,4485493.5552000003,4485493.5552000003,0,0,0,1,1,1,1
6,32,2,ok,401408,4485493.5552000003,4485493.5552000003,0,0,0,1,1,1,2
6,32,3,ok,269696,4520536.4736000001,4520536.4736000001,0,0,0,3,1,1,1
6,32,4,ok,200704,4485493.5552000003,4485493.5552000003,0,0,0,1,2,1,2
6,32,5,ok,163072,4555579.392,4555579.392,0,0,0,5,1,1,1
6,32,6,ok,134848,4520536.4736000001,4520536.4736000001,0,0,0,3,1,1,2
6,32,7,ok,114688,4485493.5551999994,4485493.5551999994,0,0,0,1,1,1,7
6,32,8,ok,100352,4485493.5552000003,4485493.5552000003,0,0,0,1,2,2,2
6,32,9,ok,90944,4573100.8512000004,4573100.8512000004,0,0,0,9,1,1,1
6,32,10,ok,81536,4555579.392,4555579.392,0,0,0,5,1,1,2
6,32,11,ok,75264,4625665.2287999997,4625665.2287999997,0,0,0,1,11,1,1
6,32,12,ok,67424,4520536.4736000001,4520536.4736000001,0,0,0,3,1,2,2
6,32,13,ok,62720,4555579.392,4555579.392,0,0,0,13,1,1,1
6,32,14,ok,57344,4485493.5551999994,4485493.5551999994,0,0,0,1,2,1,7
6,32,15,ok,55328,4636929.0240000002,4636929.0240000002,0,0,0,5,1,1,3
6,32,16,ok,50176,4485493.5552000003,4485493.5552000003,0,0,0,2,2,2,2
6,64,1,ok,1605632,8970987.1104000006,8970987.1104000006,0,0,0,1,1,1,1
6,64,2,ok,802816,8970987.1104000006,8970987.1104000006,0,0,0,1,1,1,2
6,64,3,ok,539392,9041072.9472000003,9041072.9472000003,0,0,0,3,1,1,1
6,64,4,ok,401408,8970987.1104000006,8970987.1104000006,0,0,0,1,2,1,2
6,64,5,ok,326144,9111158.784,9111158.784,0,0,0,1,5,1,1
6,64,6,ok,269696,9041072.9472000003,9041072.9472000003,0,0,0,3,1,1,2
6,64,7,ok,229376,8970987.1103999987,8970987.1103999987,0,0,0,1,1,1,7
6,64,8,ok,200704,8970987.1104000006,8970987.1104000006,0,0,0,1,2,2,2
6,64,9,ok,181888,9146201.7024000008,9146201.7024000008,0,0,0,9,1,1,1
6,64,10,ok,163072,9111158.784,9111158.784,0,0,0,1,5,1,2
6,64,11,ok,150528,9251330.4575999994,9251330.4575999994,0,0,0,1,11,1,1
6,64,12,ok,134848,9041072.9472000003,9041072.9472000003,0,0,0,3,1,2,2
6,64,13,ok,125440,9111158.784,9111158.784,0,0,0,1,13,1,1
6,64,14,ok,114688,8970987.1103999987,8970987.1103999987,0,0,0,1,2,1,7
6,64,15,ok,109564,9182339.7120000012,9182339.7120000012,0,0,0,3,5,1,1
6,64,16,ok,100352,8970987.1104000006,8970987.1104000006,0,0,0,2,2,2,2
7,1,1,ok,50176,13639940.300800001,924844.03199999989,11476147.200000001,0,1238949.0688,1,1,1,1
7,1,2,ok,25088,13693406.207999999,924844.03199999989,11512349.2864,0,1256212.8896000001,1,1,1,2
7,1,3,ok,17024,13987344,941359.10399999982,11750692.377599999,0,1295292.5184000002,1,1,3,1
7,1,4,ok,12544,13760321.740799999,924844.03199999989,11544737.1776,0,1290740.5312000001,1,1,2,2
7,1,5,ok,10752,14795683.328,990904.31999999983,12409511.424000001,0,1395267.5840000003,1,1,1,5
7,1,6,ok,8512,14147741.721599998,941359.10399999982,11859298.636799999,0,1347083.9808,1,1,3,2
7,1,7,ok,7168,13840686.899199998,924844.03200000001,11573310.873599997,0,1342531.9936000002,1,1,1,7
7,1,8,ok,6272,13894152.806399999,924844.03199999989,11609512.959999999,0,1359795.8144,1,1,4,2
7,1,9,ok,5776,15145227.388799999,958169.08799999987,12765977.481599998,0,1421080.8192,1,1,3,3
7,1,10,ok,5376,14962972.16,990904.31999999983,12490481.151999999,0,1481586.6880000001,1,1,2,5
7,1,11,ok,5376,16459269.376,1089994.7519999999,13739529.267199999,0,1629745.3568000002,1,1,11,1
7,1,12,ok,4256,14949982.847999997,941359.10399999982,12557956.838399999,0,1450666.9056000002,1,1,3,4
7,1,13,ok,4480,16325729.305599999,1073479.6799999999,13609792.435199998,0,1642457.1904,1,1,13,1
7,1,14,ok,3584,14214948.249600001,924844.03200000001,11826725.478399999,0,1463378.7392000002,1,1,2,7
7,1,15,ok,3584,15230301.696,990904.32000000007,12671491.584000001,0,1567905.7920000001,1,1,1,15
7,1,16,ok,3136,14321880.063999999,924844.03199999989,11899129.6512,0,1497906.3808000002,1,1,8,2
7,2,1,ok,100352,27246422.835200001,1849688.0639999998,22936100.454399999,0,2460634.3168000001,1,1,1,1
7,2,2,ok,50176,27279880.601600002,1849688.0639999998,22952294.400000002,0,2477898.1376,1,2,1,1
7,2,3,ok,34048,27874314.700800002,1882718.2079999996,23452802.918399997,0,2538793.5744000003,1,1,3,1
7,2,4,ok,25088,27386812.415999997,1849688.0639999998,23024698.572799999,0,2512425.7792000002,1,2,1,2
7,2,5,ok,21504,29424077.824000001,1981808.6399999997,24738053.119999997,0,2704216.0640000002,1,1,1,5
7,2,6,ok,17024,27974688,1882718.2079999996,23501384.755199999,0,2590585.0368000004,1,2,3,1
7,2,7,ok,14336,27447169.433600001,1849688.064,23033264.127999999,0,2564217.2416000003,1,1,1,7
7,2,8,ok,12544,27520643.481599998,1849688.0639999998,23089474.3552,0,2581481.0624000002,1,2,2,2
7,2,9,ok,12160,28564593.350400005,1916338.1759999997,23961467.9232,0,2686787.2511999998,1,1,3,3
7,2,10,ok,10752,29591366.655999999,1981808.6399999997,24819022.848000001,0,2790535.1680000005,1,2,1,5
7,2,11,ok,10752,32550503.321599998,2179989.5039999997,27300925.132800002,0,3069588.6848000004,1,1,11,1
7,2,12,ok,8512,28295483.443199996,1882718.2079999996,23718597.273599997,0,2694167.9616,1,2,3,2
7,2,13,ok,8960,32216507.648000002,2146959.3599999999,27009063.577600002,0,3060484.7104000002,1,1,13,1
7,2,14,ok,7168,27681373.798399996,1849688.064,23146621.747199994,0,2685063.9872000003,1,2,1,7
7,2,15,ok,7168,29958736.895999998,1981808.6400000001,25100073.983999997,0,2876854.2720000003,1,1,1,15
7,2,16,ok,6272,27788305.612799998,1849688.0639999998,23219025.919999998,0,2719591.6288000001,1,2,4,2
7,4,1,ok,200704,54459387.903999999,3699376.1279999996,45856006.963200003,0,4904004.8128000004,1,1,1,1
7,4,2,ok,100352,54492845.670400001,3699376.1279999996,45872200.908799998,0,4921268.6336000003,1,1,1,2
7,4,3,ok,68096,55528207.257599995,3765436.4159999993,46736975.155199997,0,5025795.6864,1,1,1,3
7,4,4,ok,50176,54559761.203200005,3699376.1279999996,45904588.800000004,0,4955796.2752,1,1,2,2
7,4,5,ok,43008,58480785.408000007,3963617.2799999993,49195055.104000002,0,5322113.0240000002,1,1,1,5
7,4,6,ok,34048,55628580.556799993,3765436.4159999993,46785556.991999999,0,5077587.1488000005,1,1,2,3
7,4,7,ok,28672,54660134.502399996,3699376.128,45953170.636799991,0,5007587.7376000006,1,1,1,7
7,4,8,ok,25088,54773624.831999995,3699376.1279999996,46049397.145599999,0,5024851.5584000004,1,2,2,2
7,4,9,ok,23104,56828066.803199999,3832676.3519999995,47777190.335999995,0,5218200.1151999999,1,1,3,3
7,4,10,ok,21504,58648074.239999995,3963617.2799999993,49276024.831999995,0,5408432.1280000005,1,1,2,5
7,4,11,ok,21504,64512881.663999997,4359979.0079999994,54203627.315199994,0,5949275.3408000013,1,1,1,11
7,4,12,ok,17024,55949376,3765436.4159999993,47002769.510399997,0,5181170.0736000007,1,4,3,1
7,4,13,ok,17920,63737958.502400003,4293918.7199999997,53547500.031999998,0,5896539.7504000003,1,1,1,13
7,4,14,ok,14336,54894338.867200002,3699376.128,46066528.255999997,0,5128434.4832000006,1,2,1,7
7,4,15,ok,14336,58815363.072000004,3963617.2800000003,49356994.560000002,0,5494751.2320000008,1,1,1,15
7,4,16,ok,12544,55041286.963199995,3699376.1279999996,46178948.7104,0,5162962.1248000003,1,4,2,2
7,8,1,ok,401408,108885318.0416,7398752.2559999991,91695819.980800003,0,9790745.8048,1,1,1,1
7,8,2,ok,200704,108918775.808,7398752.2559999991,91712013.926400006,0,9808009.6256000008,1,1,1,2
7,8,3,ok,136192,110956041.21599999,7530872.8319999985,93425368.473599985,0,9999799.9104000013,1,1,1,3
7,8,4,ok,100352,108985691.3408,7398752.2559999991,91744401.817599997,0,9842537.2672000006,1,2,1,2
7,8,5,ok,86016,116794281.984,7927234.5599999987,98309140.480000004,0,10557906.944000002,1,1,1,5
7,8,6,ok,68096,111056414.51519999,7530872.8319999985,93473950.310399994,0,10051591.3728,1,2,1,3
7,8,7,ok,57344,109086064.64,7398752.2560000001,91792983.654399991,0,9894328.7296000011,1,1,1,7
7,8,8,ok,50176,109119522.40640001,7398752.2559999991,91809177.600000009,0,9911592.5504000001,1,2,2,2
7,8,9,ok,46208,113355013.7088,7665352.703999999,95408635.161599994,0,10281025.8432,1,1,3,3
7,8,10,ok,43008,116961570.81600001,7927234.5599999987,98390110.208000004,0,10644226.048,1,2,1,5
7,8,11,ok,43008,128657727.89760001,8719958.0159999989,108229121.2288,0,11708648.652800001,1,1,1,11
7,8,12,ok,34048,111257161.11359999,7530872.8319999985,93571113.983999997,0,10155174.297600001,1,2,2,3
7,8,13,ok,35840,127040966.0416,8587837.4399999995,106884478.7712,0,11568649.830399999,1,1,1,13
7,8,14,ok,28672,109320269.00479999,7398752.2560000001,91906341.273599982,0,10015175.475200001,1,2,1,7
7,8,15,ok,28672,117128859.64799999,7927234.5600000005,98471079.93599999,0,10730545.152000001,1,1,1,15
7,8,16,ok,25088,109547249.66399999,7398752.2559999991,92098794.291199997,0,10049703.116800001,1,4,2,2
7,16,1,ok,802816,217737178.3168,14797504.511999998,183375446.016,0,19564227.788800001,1,1,1,1
7,16,2,ok,401408,217770636.08320001,14797504.511999998,183391639.96160001,0,19581491.6096,1,1,1,2
7,16,3,ok,272384,221811709.13279998,15061745.663999997,186802155.11039999,0,19947808.358400002,1,1,1,3
7,16,4,ok,200704,217837551.616,14797504.511999998,183424027.85280001,0,19616019.251200002,1,2,1,2
7,16,5,ok,172032,233421275.13599998,15854469.119999997,196537311.23199999,0,21029494.784000002,1,1,1,5
7,16,6,ok,136192,221912082.43199998,15061745.663999997,186850736.94719997,0,19999599.820800003,1,2,1,3
7,16,7,ok,114688,217937924.91520002,14797504.512,183472609.68960002,0,19667810.713600002,1,1,1,7
7,16,8,ok,100352,217971382.6816,14797504.511999998,183488803.63519999,0,19685074.534400001,1,2,2,2
7,16,9,ok,92416,226408907.52000004,15330705.407999998,190671524.81280002,0,20406677.299199998,1,1,3,3
7,16,10,ok,86016,233588563.96799999,15854469.119999997,196618280.96000001,0,21115813.888000004,1,2,1,5
7,16,11,ok,86016,256947420.36480001,17439916.031999998,216280109.05599999,0,23227395.276800003,1,1,1,11
7,16,12,ok,68096,222112829.03039998,15061745.663999997,186947900.62079999,0,20103182.7456,1,4,1,3
7,16,13,ok,71680,253646981.12000003,17175674.879999999,213558436.24960002,0,22912869.990400001,1,1,1,13
7,16,14,ok,57344,218172129.28,14797504.512,183585967.30879998,0,19788657.459200002,1,2,1,7
7,16,15,ok,57344,233755852.79999998,15854469.120000001,196699250.68799996,0,21202132.992000002,1,1,1,15
7,16,16,ok,50176,218239044.81280002,14797504.511999998,183618355.20000002,0,19823185.1008,1,4,2,2
7,32,1,ok,1605632,435440898.86720002,29595009.023999996,366734698.08640003,0,39111191.756800003,1,1,1,1
7,32,2,ok,802816,435474356.6336,29595009.023999996,366750892.03200001,0,39128455.577600002,1,1,1,2
7,32,3,ok,544768,443523044.96639997,30123491.327999994,373555728.38399994,0,39843825.2544,1,1,1,3
7,32,4,ok,401408,435541272.16640002,29595009.023999996,366783279.92320001,0,39162983.2192,1,2,1,2
7,32,5,ok,344064,466675261.44,31708938.239999995,392993652.73599994,0,41972670.464000002,1,1,1,5
7,32,6,ok,272384,443623418.26559997,30123491.327999994,373604310.22079998,0,39895616.716800004,1,2,1,3
7,32,7,ok,229376,435641645.46560001,29595009.024,366831861.75999999,0,39214774.681600004,1,1,1,7
7,32,8,ok,200704,435675103.23199999,29595009.023999996,366848055.70560002,0,39232038.502400003,1,2,2,2
7,32,9,ok,184832,452516695.14240003,30661410.815999996,381197304.11519998,0,40657980.211199999,1,1,3,3
7,32,10,ok,172032,466842550.27199996,31708938.239999995,393074622.46399999,0,42058989.568000004,1,2,1,5
7,32,11,ok,150528,449381959.06559998,30519853.055999998,378356590.79679996,0,40505515.212800011,1,11,1,1
7,32,12,ok,136192,443824164.86399996,30123491.327999994,373701473.89439994,0,39999199.641600005,1,4,1,3
7,32,13,ok,143360,506859011.27680004,34351349.759999998,426906351.20639998,0,45601310.310400002,1,1,1,13
7,32,14,ok,114688,435875849.83040005,29595009.024,366945219.37920004,0,39335621.427200004,1,2,1,7
7,32,15,ok,114688,467009839.10400009,31708938.240000002,393155592.19200003,0,42145308.672000006,1,1,1,15
7,32,16,ok,100352,435942765.36320001,29595009.023999996,366977607.27039999,0,39370149.068800002,1,4,2,2
7,64,1,ok,3211264,870848339.96800005,59190018.047999993,733453202.22720003,0,78205119.6928,1,1,1,1
7,64,2,ok,1605632,870881797.73440003,59190018.047999993,733469396.17280006,0,78222383.513600007,1,1,1,2
7,64,3,ok,1089536,886945716.63359976,60246982.655999988,747062874.93119991,0,79635859.046400011,1,1,1,3
7,64,4,ok,802816,870948713.26719999,59190018.047999993,733501784.06400001,0,78256911.155200005,1,2,1,2
7,64,5,ok,652288,884588653.56800008,60114862.079999998,744977931.26399994,0,79495860.224000007,1,5,1,1
7,64,6,ok,544768,887046089.93279994,60246982.655999988,747111456.76799989,0,79687650.5088,1,2,1,3
7,64,7,ok,458752,871049086.56639993,59190018.048,733550365.90079999,0,78308702.617600009,1,1,1,7
7,64,8,ok,401408,871082544.33280003,59190018.047999993,733566559.84640002,0,78325966.4384,1,2,2,2
7,64,9,ok,369664,904732270.38720012,61322821.631999992,762248862.72000003,0,81160586.0352,1,1,3,3
7,64,10,ok,326144,886056471.55200005,60114862.079999998,746359430.14400005,0,79582179.328000009,1,5,1,2
7,64,11,ok,301056,898395882.70079982,61039706.111999996,756535048.19199991,0,80821128.396800011,1,11,1,1
7,64,12,ok,272384,887246836.53119993,60246982.655999988,747208620.44159997,0,79791233.433600008,1,4,1,3
7,64,13,ok,250880,884856315.6991998,60114862.079999991,745107482.82879984,0,79633970.790400013,1,13,1,1
7,64,14,ok,229376,871283290.93120003,59190018.048,733663723.51999998,0,78429549.363200009,1,2,1,7
7,64,15,ok,221312,903154962.04799998,61188341.75999999,760880094.33599985,0,81086525.952000007,1,5,3,1
7,64,16,ok,200704,871350206.46399999,59190018.047999993,733696111.41120005,0,78464077.004800007,1,4,2,2
8,1,1,ok,112896,26898232.934400003,2080899.0719999999,24168591.667200003,0,648742.19520000007,1,1,1,1
8,1,2,ok,56448,26973512.908800002,2080899.0719999999,24205028.044800002,0,687585.79200000013,1,1,2,1
8,1,3,ok,38304,27602867.174400002,2118057.9840000002,24770552.140799999,0,714257.04960000003,1,1,1,3
8,1,4,ok,28224,27124072.8576,2080899.0719999999,24277900.800000001,0,765272.98560000001,1,1,4,1
8,1,5,ok,24192,29135098.367999997,2229534.7199999997,26082160.127999999,0,823403.52000000014,1,1,1,5
8,1,6,ok,19152,27780488.985600002,2118057.9840000002,24831643.161600001,0,830787.84000000008,1,1,2,3
8,1,7,ok,16128,27304648.089600004,2080899.0719999997,24364604.006400004,0,859145.01120000007,1,1,1,7
8,1,8,ok,14112,27375109.939199999,2080899.0719999999,24396222.259199999,0,897988.60800000001,1,1,2,4
8,1,9,ok,12996,28411671.887999997,2155880.4479999999,25297799.126399998,0,957992.31359999999,1,1,3,3
8,1,10,ok,12096,29431134.719999999,2229534.7199999997,26183978.495999999,0,1017621.5040000002,1,1,2,5
8,1,11,ok,12096,32374248.192000002,2452488.1919999998,28802376.345599998,0,1119383.6544000001,1,1,1,11
8,1,12,ok,9576,28135732.608000003,2118057.9840000002,24953825.203200001,0,1063849.4208,1,1,3,4
8,1,13,ok,10080,32036396.620800003,2415329.2799999998,28434482.918400005,0,1186584.4224,1,1,1,13
8,1,14,ok,8064,27640316.928000003,2080899.0719999997,24428367.667200003,0,1131050.1888000001,1,1,2,7
8,1,15,ok,8064,29614625.280000001,2229534.7199999997,26173251.072000001,0,1211839.4880000001,1,1,1,15
8,1,16,ok,7056,27758731.468800001,2080899.0719999999,24469095.014400002,0,1208737.3824,1,1,4,4
8,2,1,ok,225792,53721185.894400001,4161798.1439999999,48300746.956799999,0,1258640.7936,1,1,1,1
8,2,2,ok,112896,53796465.868800007,4161798.1439999999,48337183.334400006,0,1297484.3904000001,1,1,2,1
8,2,3,ok,76608,55003350.528000012,4236115.9680000003,49409124.480000004,0,1358110.0800000001,1,1,3,1
8,2,4,ok,56448,53947025.817600004,4161798.1439999999,48410056.089600004,0,1375171.5840000003,1,2,2,1
8,2,5,ok,48384,57918468.095999993,4459069.4399999995,51958255.103999987,0,1501143.5519999999,1,1,5,1
8,2,6,ok,38304,55205734.348800004,4236115.9680000003,49541104.281599998,0,1428514.0992000001,1,2,1,3
8,2,7,ok,32256,54273627.34080001,4161798.1439999994,48665444.352000006,0,1446384.8448000003,1,1,1,7
8,2,8,ok,28224,54248145.7152,4161798.1439999999,48555801.600000001,0,1530545.9712,1,2,4,1
8,2,9,ok,25992,56391769.555199988,4311760.8959999997,50513616.403199993,0,1566392.2560000001,1,1,3,3
8,2,10,ok,24192,58270196.735999994,4459069.4399999995,52164320.255999997,0,1646807.0400000003,1,2,1,5
8,2,11,ok,24192,64221016.7808,4904976.3839999996,57504552.652800001,0,1811487.7440000004,1,1,1,11
8,2,12,ok,19152,55560977.971200004,4236115.9680000003,49663286.323200002,0,1661575.6800000002,1,2,2,3
8,2,13,ok,20160,63449408.256000005,4830658.5599999996,56750547.609600008,0,1868202.0863999999,1,1,1,13
8,2,14,ok,16128,54609296.179200009,4161798.1439999994,48729208.012800008,0,1718290.0224000001,1,2,1,7
8,2,15,ok,16128,58509960.192000009,4459069.4399999995,52209865.728000008,0,1841025.0240000002,1,1,1,15
8,2,16,ok,14112,54750219.878399998,4161798.1439999999,48792444.518399999,0,1795977.216,1,2,2,4
8,4,1,ok,451584,107158095.0528,8323596.2879999997,96446695.8336,0,2387802.9312000005,1,1,1,1
8,4,2,ok,225792,107233375.0272,8323596.2879999997,96483132.211199999,0,2426646.5279999999,1,1,1,2
8,4,3,ok,153216,109254611.8656,8472231.9360000007,98274944.102400005,0,2507435.8272000002,1,1,1,3
8,4,4,ok,112896,107473971.60960001,8323596.2879999997,96646041.600000009,0,2504333.7216000003,1,1,2,2
8,4,5,ok,96768,115107987.456,8918138.879999999,103478888.44799998,0,2710960.1280000005,1,1,1,5
8,4,6,ok,76608,109615506.7392,8472231.9360000007,98519308.185600013,0,2623966.6176,1,1,2,3
8,4,7,ok,64512,107609774.89920001,8323596.2879999988,96665314.099199995,0,2620864.5120000001,1,1,1,7
8,4,8,ok,56448,107775091.5072,8323596.2879999997,96791787.110400006,0,2659708.1088000005,1,1,2,4
8,4,9,ok,51984,111776230.54079998,8623521.7919999994,100369516.60799998,0,2783192.1408000002,1,1,3,3
8,4,10,ok,48384,115709478.91199999,8918138.879999999,103886161.91999999,0,2905178.1119999997,1,1,2,5
8,4,11,ok,48384,127280426.80319998,9809952.7679999992,114274778.11199997,0,3195695.9232000001,1,1,1,11
8,4,12,ok,38304,110337296.48640001,8472231.9360000007,99008036.351999998,0,2857028.1984000001,1,1,3,4
8,4,13,ok,40320,125710121.472,9661317.1199999992,112817366.93760002,0,3231437.4144000001,1,1,1,13
8,4,14,ok,32256,108136734.72,8323596.2879999988,96920368.742399991,0,2892769.6896000006,1,1,2,7
8,4,15,ok,32256,115860787.19999999,8918138.879999999,103843252.22399999,0,3099396.0960000004,1,1,1,15
8,4,16,ok,28224,108377331.30240001,8323596.2879999997,97083278.131200001,0,2970456.8832,1,1,4,4
8,8,1,ok,903168,214240910.13120002,16647192.575999999,192856955.28960001,0,4736762.2656000005,1,1,1,1
8,8,2,ok,451584,214316190.1056,16647192.575999999,192893391.6672,0,4775605.8624000009,1,1,1,2
8,8,3,ok,306432,218283383.80800003,16944463.872000001,196440579.07200003,0,4898340.8640000001,1,1,1,3
8,8,4,ok,225792,214466750.0544,16647192.575999999,192966264.4224,0,4853293.0559999999,1,2,1,2
8,8,5,ok,193536,229839575.04000002,17836277.759999998,206775595.00799999,0,5227702.2719999999,1,1,1,5
8,8,6,ok,153216,218509223.73120001,16944463.872000001,196549888.20480001,0,5014871.6544000003,1,2,1,3
8,8,7,ok,129024,214692589.97760001,16647192.575999998,193075573.55520001,0,4969823.8464000002,1,1,1,7
8,8,8,ok,112896,214947943.21920002,16647192.575999999,193292083.20000002,0,5008667.4432000006,1,2,2,2
8,8,9,ok,103968,222874941.31199998,17247043.583999999,200411105.81759998,0,5216791.9104000004,1,1,3,3
8,8,10,ok,96768,230215974.912,17836277.759999998,206957776.89599997,0,5421920.256000001,1,2,1,5
8,8,11,ok,96768,253732773.88799998,19619905.535999998,228148756.07039997,0,5964112.2816000003,1,1,1,11
8,8,12,ok,76608,219231013.47839999,16944463.872000001,197038616.37120003,0,5247933.2352,1,2,2,3
8,8,13,ok,80640,250441603.27680004,19322634.239999998,225161060.96640003,0,5957908.0704000005,1,1,1,13
8,8,14,ok,64512,215219549.79840001,16647192.575999998,193330628.19839999,0,5241729.0240000002,1,2,1,7
8,8,15,ok,64512,230592374.78400001,17836277.759999998,207139958.78400001,0,5616138.2400000002,1,1,1,15
8,8,16,ok,56448,215550183.01440001,16647192.575999999,193583574.22080001,0,5319416.217600001,1,2,2,4
8,16,1,ok,1806336,428406540.28800005,33294385.151999999,385677474.20160002,0,9434680.9343999997,1,1,1,1
8,16,2,ok,903168,428481820.26240003,33294385.151999999,385713910.57920003,0,9473524.531200001,1,1,1,2
8,16,3,ok,612864,436340927.69280005,33888927.744000003,392771849.01120001,0,9680150.9375999998,1,1,1,3
8,16,4,ok,451584,428632380.2112,33294385.151999999,385786783.3344,0,9551211.7248000018,1,2,1,2
8,16,5,ok,387072,459302750.208,35672555.519999996,413369008.12799996,0,10261186.560000001,1,1,1,5
8,16,6,ok,306432,436566767.61600006,33888927.744000003,392881158.14400005,0,9796681.7280000001,1,2,1,3
8,16,7,ok,258048,428858220.13440001,33294385.151999995,385896092.46720004,0,9667742.5152000021,1,1,1,7
8,16,8,ok,225792,428933500.10879999,33294385.151999999,385932528.8448,0,9706586.1119999997,1,4,1,2
8,16,9,ok,207936,445072362.85439998,34494087.167999998,400494284.23679996,0,10083991.4496,1,1,3,3
8,16,10,ok,193536,459679150.08000004,35672555.519999996,413551190.01599997,0,10455404.544,1,2,1,5
8,16,11,ok,193536,506637468.05759996,39239811.071999997,455896711.9871999,0,11500944.998400001,1,1,1,11
8,16,12,ok,153216,437018447.46240002,33888927.744000003,393099776.40960002,0,10029743.308800001,1,4,1,3
8,16,13,ok,161280,499904566.8864001,38645268.479999997,449848449.02400005,0,11410849.3824,1,1,1,13
8,16,14,ok,129024,429385179.95520002,33294385.151999995,386151147.11040002,0,9939647.6928000003,1,2,1,7
8,16,15,ok,129024,460055549.95200002,35672555.519999996,413733371.90399998,0,10649622.528000001,1,1,1,15
8,16,16,ok,112896,429895886.43840003,33294385.151999999,386584166.40000004,0,10017334.886400001,1,4,2,2
8,32,1,ok,3612672,856737800.60160005,66588770.303999998,771318512.02560008,0,18830518.272,1,1,1,1
8,32,2,ok,1806336,856813080.57600009,66588770.303999998,771354948.40320003,0,18869361.868799999,1,1,1,2
8,32,3,ok,1225728,872456015.46239996,67777855.488000005,785434388.88960004,0,19243771.084800001,1,1,1,3
8,32,4,ok,903168,856963640.52480006,66588770.303999998,771427821.15840006,0,18947049.062400002,1,2,1,2
8,32,5,ok,774144,918229100.54399991,71345111.039999992,826555834.36799991,0,20328155.136,1,1,1,5
8,32,6,ok,612864,872681855.38560009,67777855.488000005,785543698.02240002,0,19360301.8752,1,2,1,3
8,32,7,ok,516096,857189480.44800019,66588770.30399999,771537130.29120016,0,19063579.8528,1,1,1,7
8,32,8,ok,451584,857264760.4224,66588770.303999998,771573566.6688,0,19102423.449600004,1,4,1,2
8,32,9,ok,415872,889467205.93919992,68988174.335999995,800660641.07519996,0,19818390.528000001,1,1,3,3
8,32,10,ok,387072,918605500.41600001,71345111.039999992,826738016.25599992,0,20522373.120000001,1,2,1,5
8,32,11,ok,338688,885985527.39840007,68669669.375999987,796761924.71039999,0,20553933.312000003,1,11,1,1
8,32,12,ok,306432,873133535.23200011,67777855.488000005,785762316.28800011,0,19593363.456,1,4,1,3
8,32,13,ok,322560,998830494.1056,77290536.959999993,899223225.13919997,0,22316732.0064,1,1,1,13
8,32,14,ok,258048,857716440.26880002,66588770.30399999,771792184.93440008,0,19335485.030400004,1,2,1,7
8,32,15,ok,258048,918981900.28800011,71345111.039999992,826920198.14400005,0,20716591.104000002,1,1,1,15
8,32,16,ok,225792,857867000.21759999,66588770.303999998,771865057.68959999,0,19413172.223999999,1,8,1,2
8,64,1,ok,7225344,1713400321.2288003,133177540.608,1542600587.6736002,0,37622192.9472,1,1,1,1
8,64,2,ok,3612672,1713475601.2032001,133177540.608,1542637024.0512002,0,37661036.544,1,1,1,2
8,64,3,ok,2451456,1744686191.0016003,135555710.97600001,1570759468.6464002,0,38371011.379200004,1,1,1,3
8,64,4,ok,1806336,1713626161.1520002,133177540.608,1542709896.8064001,0,37738723.737599999,1,2,1,2
8,64,5,ok,1467648,1743868342.2720001,135258439.67999998,1568772275.7120001,0,39837626.880000003,1,5,1,1
8,64,6,ok,1225728,1744912030.9247999,135555710.97600001,1570868777.7792001,0,38487542.169600002,1,2,1,3
8,64,7,ok,1032192,1713852001.0752003,133177540.60799998,1542819205.9392002,0,37855254.528000005,1,1,1,7
8,64,8,ok,903168,1713927281.0496001,133177540.608,1542855642.3168001,0,37894098.124800004,1,4,1,2
8,64,9,ok,831744,1778256892.1087997,137976348.67199999,1600993354.7519996,0,39287188.684800006,1,1,3,3
8,64,10,ok,733824,1744244742.1440003,135258439.67999998,1568954457.6000001,0,40031844.864,1,5,2,1
8,64,11,ok,677376,1771142975.0784001,137339338.75199997,1593123049.2671998,0,40680587.059200004,1,11,1,1
8,64,12,ok,612864,1745363710.7712002,135555710.97600001,1571087396.0448,0,38720603.750399999,1,4,1,3
8,64,13,ok,564480,1744470582.0672002,135258439.68000001,1569063766.7328002,0,40148375.654399998,1,13,1,1
8,64,14,ok,516096,1714378960.8960004,133177540.60799998,1543074260.5824003,0,38127159.705600001,1,2,1,7
8,64,15,ok,497952,1781398294.2720003,137673768.95999998,1602790544.4480002,0,40933980.864,1,5,3,1
8,64,16,ok,451584,1714529520.8448,133177540.608,1543147133.3376,0,38204846.899200007,1,8,1,2
9,1,1,ok,50176,14848298.1888,924844.03199999989,12191676.415999999,0,1731777.7408000003,1,1,1,1
9,1,2,ok,25088,14930337.791999998,924844.03199999989,12256452.198399998,0,1749041.5616000001,1,1,1,2
9,1,3,ok,17024,15349281.024,941359.10399999982,12611000.217600003,0,1796921.7023999998,1,1,1,3
9,1,4,ok,12544,15098365.132799998,924844.03199999989,12389951.897599999,0,1783569.2032000001,1,1,2,2
9,1,5,ok,10752,16229301.248000003,990904.31999999983,13315098.624000002,0,1923298.304,1,1,1,5
9,1,6,ok,8512,15509678.7456,941359.10399999982,12719606.4768,0,1848713.1648000001,1,1,2,3
9,1,7,ok,7168,15178730.291199997,924844.03200000001,12418525.593599999,0,1835360.6656000004,1,1,1,7
9,1,8,ok,6272,15232196.198399998,924844.03199999989,12454727.679999998,0,1852624.4864000003,1,1,2,4
9,1,9,ok,6080,15819113.952000001,958169.08799999987,12929277.196800001,0,1931667.6672,1,1,3,3
9,1,10,ok,5376,16396590.080000002,990904.31999999983,13396068.352000002,0,2009617.4080000003,1,1,2,5
9,1,11,ok,4704,18079369.6512,953745.40799999994,13231519.2064,0,3894105.0368000004,11,1,1,1
9,1,12,ok,4256,15994025.164800003,941359.10399999982,12988694.630400002,0,2063971.4304000002,2,1,2,3
9,1,13,ok,4480,17878815.385600001,1073479.6799999999,14590845.235199999,0,2214490.4704000005,1,1,1,13
9,1,14,ok,3584,15552991.6416,924844.03200000001,12671940.1984,0,1956207.4112000002,1,1,2,7
9,1,15,ok,3584,16663919.615999999,990904.32000000007,13577078.784,0,2095936.5120000001,1,1,1,15
9,1,16,ok,3136,15659923.455999998,924844.03199999989,12744344.371199999,0,1990735.0528000002,1,1,2,8
9,2,1,ok,100352,29614556.774399996,1849688.0639999998,24318577.049599998,0,3446291.6608000002,1,1,1,1
9,2,2,ok,50176,29696596.377599999,1849688.0639999998,24383352.831999999,0,3463555.4816000005,1,1,1,2
9,2,3,ok,34048,30598188.748799995,1882718.2079999996,25173418.5984,0,3542051.9424000001,1,1,1,3
9,2,4,ok,25088,29860675.583999995,1849688.0639999998,24512904.396799996,0,3498083.1232000003,1,2,1,2
9,2,5,ok,21504,32291313.664000005,1981808.6399999997,26549227.520000003,0,3760277.5040000002,1,1,1,5
9,2,6,ok,17024,30698562.048,1882718.2079999996,25222000.435200006,0,3593843.4047999997,1,2,1,3
9,2,7,ok,14336,30123256.217600003,1849688.064,24723693.568,0,3549874.5856000003,1,1,1,7
9,2,8,ok,12544,30196730.265599996,1849688.0639999998,24779903.795199998,0,3567138.4064000002,1,2,2,2
9,2,9,ok,12160,31337108.006400004,1916338.1759999997,25712808.883200001,0,3707960.9472000003,1,1,3,3
9,2,10,ok,10752,32458602.496000007,1981808.6399999997,26630197.248000003,0,3846596.608,1,2,1,5
9,2,11,ok,9408,36074135.961600006,1907490.8159999999,26396238.387199998,0,7770406.7584000006,11,1,1,1
9,2,12,ok,8512,31019357.4912,1882718.2079999996,25439212.953600001,0,3697426.3296000003,1,2,2,3
9,2,13,ok,8960,35322679.808000006,2146959.3599999999,28971169.177600004,0,4204551.2703999998,1,1,1,13
9,2,14,ok,7168,30357460.582399994,1849688.064,24837051.187199999,0,3670721.3312000008,1,2,1,7
9,2,15,ok,7168,32825972.735999998,1981808.6400000001,26911248.384,0,3932915.7120000008,1,1,1,15
9,2,16,ok,6272,30464392.396799996,1849688.0639999998,24909455.359999996,0,3705248.9728000006,1,2,2,4
9,4,1,ok,200704,59147073.945599996,3699376.1279999996,48572378.316799998,0,6875319.5008000005,1,1,1,1
9,4,2,ok,100352,59229113.548799992,3699376.1279999996,48637154.099199995,0,6892583.3216000004,1,1,1,2
9,4,3,ok,68096,60975955.353600003,3765436.4159999993,50178206.515200004,0,7032312.4224000005,1,1,1,3
9,4,4,ok,50176,59393192.755199999,3699376.1279999996,48766705.663999997,0,6927110.963200001,1,2,1,2
9,4,5,ok,43008,64215257.088000014,3963617.2799999993,52817403.904000007,0,7434235.904000001,1,1,1,5
9,4,6,ok,34048,61076328.652799994,3765436.4159999993,50226788.351999998,0,7084103.8848000001,1,1,2,3
9,4,7,ok,28672,60012308.0704,3699376.128,49334029.516800001,0,6978902.4256000007,1,1,1,7
9,4,8,ok,25088,59721351.16799999,3699376.1279999996,49025808.793599993,0,6996166.2464000005,1,4,1,2
9,4,9,ok,23104,62373096.115199998,3832676.3519999995,51279872.255999997,0,7260547.5072000008,1,1,3,3
9,4,10,ok,21504,64382545.920000002,3963617.2799999993,52898373.632000007,0,7520555.0080000004,1,1,2,5
9,4,11,ok,18816,72063668.582399994,3814981.6319999998,52725676.748799995,0,15523010.2016,11,1,1,1
9,4,12,ok,17024,61397124.096000001,3765436.4159999993,50444000.870400012,0,7187686.8095999993,1,4,1,3
9,4,13,ok,17920,69950302.822400004,4293918.7199999997,57471711.232000001,0,8184672.8704000004,1,1,1,13
9,4,14,ok,14336,60246512.435200006,3699376.128,49447387.136,0,7099749.1712000007,1,2,1,7
9,4,15,ok,14336,64549834.752000004,3963617.2800000003,52979343.359999999,0,7606874.1120000007,1,1,1,15
9,4,16,ok,12544,60393460.531199992,3699376.1279999996,49559807.590399995,0,7134276.8128000004,1,4,2,2
9,8,1,ok,401408,118212108.28799999,7398752.2559999991,97079980.851199985,0,13733375.180800002,1,1,1,1
9,8,2,ok,200704,118294147.89119999,7398752.2559999991,97144756.633599997,0,13750639.001600001,1,1,1,2
9,8,3,ok,136192,121851537.40799999,7530872.8319999985,100307831.1936,0,14012833.382400002,1,1,1,3
9,8,4,ok,100352,118458227.09759998,7398752.2559999991,97274308.198399991,0,13785166.643200001,1,2,1,2
9,8,5,ok,86016,128263225.34400003,7927234.5599999987,105553838.08000001,0,14782152.704,1,1,1,5
9,8,6,ok,68096,121951910.70720001,7530872.8319999985,100356413.03040001,0,14064624.844800001,1,2,1,3
9,8,7,ok,57344,119790411.77599999,7398752.2560000001,98554701.414399996,0,13836958.105600003,1,1,1,7
9,8,8,ok,50176,118786385.5104,7398752.2559999991,97533411.327999994,0,13854221.926400002,1,4,1,2
9,8,9,ok,46208,124445072.3328,7665352.703999999,102413999.00159998,0,14365720.6272,1,1,3,3
9,8,10,ok,43008,128430514.17600003,7927234.5599999987,105634807.80800001,0,14868471.808000002,1,2,1,5
9,8,11,ok,37632,144042733.824,7629963.2639999995,105384553.472,0,31028217.088000003,11,1,1,1
9,8,12,ok,34048,122152657.30559999,7530872.8319999985,100453576.704,0,14168207.7696,1,2,2,3
9,8,13,ok,35840,139465654.6816,8587837.4399999995,114732901.17120001,0,16144916.070400001,1,1,1,13
9,8,14,ok,28672,120024616.1408,7398752.2560000001,98668059.033600003,0,13957804.851200001,1,2,1,7
9,8,15,ok,28672,128597803.008,7927234.5600000005,105715777.536,0,14954790.912,1,1,1,15
9,8,16,ok,25088,119442702.33599998,7398752.2559999991,98051617.587199986,0,13992332.492800001,1,8,1,2
9,16,1,ok,802816,236342176.97279999,14797504.511999998,194095185.91999999,0,27449486.540800001,1,1,1,1
9,16,2,ok,401408,236424216.57599998,14797504.511999998,194159961.70239997,0,27466750.361600004,1,1,1,2
9,16,3,ok,272384,243602701.51679999,15061745.663999997,200567080.55040002,0,27973875.3024,1,1,1,3
9,16,4,ok,200704,236588295.78239998,14797504.511999998,194289513.26719999,0,27501278.003200002,1,2,1,2
9,16,5,ok,172032,256359161.85600007,15854469.119999997,211026706.43200004,0,29477986.304000001,1,1,1,5
9,16,6,ok,136192,243703074.81599998,15061745.663999997,200615662.3872,0,28025666.764800005,1,2,1,3
9,16,7,ok,114688,239346619.18720001,14797504.512,196996045.2096,0,27553069.465600003,1,1,1,7
9,16,8,ok,100352,236916454.19519997,14797504.511999998,194548616.39679998,0,27570333.286400001,1,4,1,2
9,16,9,ok,92416,248589024.76800004,15330705.407999998,204682252.4928,0,28576066.867200002,1,1,3,3
9,16,10,ok,86016,256526450.68800005,15854469.119999997,211107676.16000003,0,29564305.408,1,2,1,5
9,16,11,ok,75264,288000864.30719995,15259926.527999999,210702306.91839999,0,62038630.860799998,11,1,1,1
9,16,12,ok,68096,243903821.41440001,15061745.663999997,200712826.06080002,0,28129249.689600002,1,4,1,3
9,16,13,ok,71680,278496358.40000004,17175674.879999999,229255281.04960003,0,32065402.470399998,1,1,1,13
9,16,14,ok,57344,239580823.55199999,14797504.512,197109402.82879999,0,27673916.211200006,1,2,1,7
9,16,15,ok,57344,256693739.51999998,15854469.120000001,211188645.88800001,0,29650624.512000006,1,1,1,15
9,16,16,ok,50176,237572771.02079999,14797504.511999998,195066822.65599999,0,27708443.852800004,1,8,1,2
9,32,1,ok,1605632,472602314.34239995,29595009.023999996,388125596.05759996,0,54881709.260800004,1,1,1,1
9,32,2,ok,802816,472684353.94559997,29595009.023999996,388190371.83999997,0,54898973.081600003,1,1,1,2
9,32,3,ok,544768,487105029.73440003,30123491.327999994,401085579.264,0,55895959.142400004,1,1,1,3
9,32,4,ok,401408,472848433.15199995,29595009.023999996,388319923.40479994,0,54933500.723200008,1,2,1,2
9,32,5,ok,344064,512551034.88000005,31708938.239999995,421972443.13600004,0,58869653.504000008,1,1,1,5
9,32,6,ok,272384,487205403.03359997,30123491.327999994,401134161.10080004,0,55947750.604800001,1,2,1,3
9,32,7,ok,229376,478459034.00959998,29595009.024,393878732.80000001,0,54985292.185600005,1,1,1,7
9,32,8,ok,200704,473176591.56479996,29595009.023999996,388579026.53439999,0,55002556.006400004,1,4,1,2
9,32,9,ok,184832,496876929.63840008,30661410.815999996,409218759.4752,0,56996759.347200006,1,1,3,3
9,32,10,ok,172032,512718323.71200013,31708938.239999995,422053412.86400008,0,58955972.608000003,1,2,1,5
9,32,11,ok,150528,488188968.95999998,30519853.055999998,400900254.51519996,0,56768861.38880001,1,11,1,1
9,32,12,ok,136192,487406149.63199997,30123491.327999994,401231324.7744,0,56051333.529600009,1,4,1,3
9,32,13,ok,143360,556557765.8368001,34351349.759999998,458300040.8064,0,63906375.270400003,1,1,1,13
9,32,14,ok,114688,478693238.37440002,29595009.024,393992090.4192,0,55106138.931200005,1,2,1,7
9,32,15,ok,114688,512885612.54400003,31708938.240000002,422134382.59200001,0,59042291.712000005,1,1,1,15
9,32,16,ok,100352,473832908.39039993,29595009.023999996,389097232.79359996,0,55140666.572800003,1,8,1,2
9,64,1,ok,3211264,945122589.08159983,59190018.047999993,776186416.33279991,0,109746154.7008,1,1,1,1
9,64,2,ok,1605632,945204628.68479991,59190018.047999993,776251192.11519992,0,109763418.52160001,1,1,1,2
9,64,3,ok,1089536,974109686.16959989,60246982.655999988,802122576.69120002,0,111740126.8224,1,1,1,3
9,64,4,ok,802816,945368707.89119995,59190018.047999993,776380743.67999995,0,109797946.16320001,1,2,1,2
9,64,5,ok,652288,960217006.0799998,60114862.079999998,788572420.09599984,0,111529723.904,1,5,1,1
9,64,6,ok,544768,974210059.46880007,60246982.655999988,802171158.528,0,111791918.28480001,1,2,1,3
9,64,7,ok,458752,956683863.65439987,59190018.048,787644107.98079991,0,109849737.62560001,1,1,1,7
9,64,8,ok,401408,945696866.3039999,59190018.047999993,776639846.80959988,0,109867001.44640002,1,4,1,2
9,64,9,ok,369664,993452739.37919998,61322821.631999992,818291773.43999994,0,113838144.3072,1,1,3,3
9,64,10,ok,326144,960627204.09599996,60114862.079999998,788896299.0079999,0,111616043.00799999,1,5,1,2
9,64,11,ok,301056,975475502.28479993,61039706.111999996,801087975.42399991,0,113347820.74880002,1,11,1,1
9,64,12,ok,272384,974410806.06719995,60246982.655999988,802268322.20160007,0,111895501.2096,1,4,1,3
9,64,13,ok,250880,960873322.90559983,60114862.079999991,789090626.35519993,0,111667834.47040001,1,13,1,1
9,64,14,ok,229376,956918068.01919997,59190018.048,787757465.60000002,0,109970584.37120001,1,2,1,7
9,64,15,ok,221312,991680868.60800004,61188341.75999999,816800103.93599999,0,113692422.912,1,5,1,3
9,64,16,ok,200704,946353183.12959993,59190018.047999993,777158053.06879997,0,110005112.01280001,1,8,1,2
10,1,1,ok,25088,140171.67360000001,140171.67360000001,0,0,0,1,1,1,1
10,1,2,ok,12544,140171.67360000001,140171.67360000001,0,0,0,1,1,1,2
10,1,3,ok,8428,141266.7648,141266.7648,0,0,0,3,1,1,1
10,1,4,ok,6272,140171.67360000001,140171.67360000001,0,0,0,2,1,1,2
10,1,5,ok,5096,142361.856,142361.856,0,0,0,5,1,1,1
10,1,6,ok,4214,141266.7648,141266.7648,0,0,0,3,1,1,2
10,1,7,ok,3584,140171.67359999998,140171.67359999998,0,0,0,1,1,1,7
10,1,8,ok,3136,140171.67360000001,140171.67360000001,0,0,0,2,1,2,2
10,1,9,ok,2842,142909.40160000001,142909.40160000001,0,0,0,9,1,1,1
10,1,10,ok,2548,142361.856,142361.856,0,0,0,5,1,1,2
10,1,11,ok,2352,144552.03839999999,144552.03839999999,0,0,0,11,1,1,1
10,1,12,ok,2107,141266.7648,141266.7648,0,0,0,3,1,2,2
10,1,13,ok,1960,142361.856,142361.856,0,0,0,13,1,1,1
10,1,14,ok,1792,140171.67359999998,140171.67359999998,0,0,0,2,1,1,7
10,1,15,ok,1729,144904.03200000001,144904.03200000001,0,0,0,5,1,1,3
10,1,16,ok,1568,140171.67360000001,140171.67360000001,0,0,0,4,1,2,2
10,2,1,ok,50176,280343.34720000002,280343.34720000002,0,0,0,1,1,1,1
10,2,2,ok,25088,280343.34720000002,280343.34720000002,0,0,0,1,1,1,2
10,2,3,ok,16856,282533.52960000001,282533.52960000001,0,0,0,3,1,1,1
10,2,4,ok,12544,280343.34720000002,280343.34720000002,0,0,0,1,2,1,2
10,2,5,ok,10192,284723.712,284723.712,0,0,0,5,1,1,1
10,2,6,ok,8428,282533.52960000001,282533.52960000001,0,0,0,3,1,1,2
10,2,7,ok,7168,280343.34719999996,280343.34719999996,0,0,0,1,1,1,7
10,2,8,ok,6272,280343.34720000002,280343.34720000002,0,0,0,1,2,2,2
10,2,9,ok,5684,285818.80320000002,285818.80320000002,0,0,0,9,1,1,1
10,2,10,ok,5096,284723.712,284723.712,0,0,0,5,1,1,2
10,2,11,ok,4704,289104.07679999998,289104.07679999998,0,0,0,11,1,1,1
10,2,12,ok,4214,282533.52960000001,282533.52960000001,0,0,0,3,1,2,2
10,2,13,ok,3920,284723.712,284723.712,0,0,0,13,1,1,1
10,2,14,ok,3584,280343.34719999996,280343.34719999996,0,0,0,1,2,1,7
10,2,15,ok,3458,289808.06400000001,289808.06400000001,0,0,0,5,1,1,3
10,2,16,ok,3136,280343.34720000002,280343.34720000002,0,0,0,2,2,2,2
10,4,1,ok,100352,560686.69440000004,560686.69440000004,0,0,0,1,1,1,1
10,4,2,ok,50176,560686.69440000004,560686.69440000004,0,0,0,1,1,1,2
10,4,3,ok,33712,565067.05920000002,565067.05920000002,0,0,0,3,1,1,1
10,4,4,ok,25088,560686.69440000004,560686.69440000004,0,0,0,1,2,1,2
10,4,5,ok,20384,569447.424,569447.424,0,0,0,5,1,1,1
10,4,6,ok,16856,565067.05920000002,565067.05920000002,0,0,0,3,1,1,2
10,4,7,ok,14336,560686.69439999992,560686.69439999992,0,0,0,1,1,1,7
10,4,8,ok,12544,560686.69440000004,560686.69440000004,0,0,0,1,2,2,2
10,4,9,ok,11368,571637.60640000005,571637.60640000005,0,0,0,9,1,1,1
10,4,10,ok,10192,569447.424,569447.424,0,0,0,5,1,1,2
10,4,11,ok,9408,578208.15359999996,578208.15359999996,0,0,0,11,1,1,1
10,4,12,ok,8428,565067.05920000002,565067.05920000002,0,0,0,3,1,2,2
10,4,13,ok,7840,569447.424,569447.424,0,0,0,13,1,1,1
10,4,14,ok,7168,560686.69439999992,560686.69439999992,0,0,0,1,2,1,7
10,4,15,ok,6916,579616.12800000003,579616.12800000003,0,0,0,5,1,1,3
10,4,16,ok,6272,560686.69440000004,560686.69440000004,0,0,0,2,2,2,2
10,8,1,ok,200704,1121373.3888000001,1121373.3888000001,0,0,0,1,1,1,1
10,8,2,ok,100352,1121373.3888000001,1121373.3888000001,0,0,0,1,1,1,2
10,8,3,ok,67424,1130134.1184,1130134.1184,0,0,0,3,1,1,1
10,8,4,ok,50176,1121373.3888000001,1121373.3888000001,0,0,0,1,2,1,2
10,8,5,ok,40768,1138894.848,1138894.848,0,0,0,5,1,1,1
10,8,6,ok,33712,1130134.1184,1130134.1184,0,0,0,3,1,1,2
10,8,7,ok,28672,1121373.3887999998,1121373.3887999998,0,0,0,1,1,1,7
10,8,8,ok,25088,1121373.3888000001,1121373.3888000001,0,0,0,1,2,2,2
10,8,9,ok,22736,1143275.2128000001,1143275.2128000001,0,0,0,9,1,1,1
10,8,10,ok,20384,1138894.848,1138894.848,0,0,0,5,1,1,2
10,8,11,ok,18816,1156416.3071999999,1156416.3071999999,0,0,0,11,1,1,1
10,8,12,ok,16856,1130134.1184,1130134.1184,0,0,0,3,1,2,2
10,8,13,ok,15680,1138894.848,1138894.848,0,0,0,13,1,1,1
10,8,14,ok,14336,1121373.3887999998,1121373.3887999998,0,0,0,1,2,1,7
10,8,15,ok,13832,1159232.2560000001,1159232.2560000001,0,0,0,5,1,1,3
10,8,16,ok,12544,1121373.3888000001,1121373.3888000001,0,0,0,2,2,2,2
10,16,1,ok,401408,2242746.7776000001,2242746.7776000001,0,0,0,1,1,1,1
10,16,2,ok,200704,2242746.7776000001,2242746.7776000001,0,0,0,1,1,1,2
10,16,3,ok,134848,2260268.2368000001,2260268.2368000001,0,0,0,3,1,1,1
10,16,4,ok,100352,2242746.7776000001,2242746.7776000001,0,0,0,1,2,1,2
10,16,5,ok,81536,2277789.696,2277789.696,0,0,0,5,1,1,1
10,16,6,ok,67424,2260268.2368000001,2260268.2368000001,0,0,0,3,1,1,2
10,16,7,ok,57344,2242746.7775999997,2242746.7775999997,0,0,0,1,1,1,7
10,16,8,ok,50176,2242746.7776000001,2242746.7776000001,0,0,0,1,2,2,2
10,16,9,ok,45472,2286550.4256000002,2286550.4256000002,0,0,0,9,1,1,1
10,16,10,ok,40768,2277789.696,2277789.696,0,0,0,5,1,1,2
10,16,11,ok,37632,2312832.6143999998,2312832.6143999998,0,0,0,11,1,1,1
10,16,12,ok,33712,2260268.2368000001,2260268.2368000001,0,0,0,3,1,2,2
10,16,13,ok,31360,2277789.696,2277789.696,0,0,0,13,1,1,1
10,16,14,ok,28672,2242746.7775999997,2242746.7775999997,0,0,0,1,2,1,7
10,16,15,ok,27664,2318464.5120000001,2318464.5120000001,0,0,0,5,1,1,3
10,16,16,ok,25088,2242746.7776000001,2242746.7776000001,0,0,0,2,2,2,2
10,32,1,ok,802816,4485493.5552000003,4485493.5552000003,0,0,0,1,1,1,1
10,32,2,ok,401408,4485493.5552000003,4485493.5552000003,0,0,0,1,1,1,2
10,32,3,ok,269696,4520536.4736000001,4520536.4736000001,0,0,0,3,1,1,1
10,32,4,ok,200704,4485493.5552000003,4485493.5552000003,0,0,0,1,2,1,2
10,32,5,ok,163072,4555579.392,4555579.392,0,0,0,5,1,1,1
10,32,6,ok,134848,4520536.4736000001,4520536.4736000001,0,0,0,3,1,1,2
10,32,7,ok,114688,4485493.5551999994,4485493.5551999994,0,0,0,1,1,1,7
10,32,8,ok,100352,4485493.5552000003,4485493.5552000003,0,0,0,1,2,2,2
10,32,9,ok,90944,4573100.8512000004,4573100.8512000004,0,0,0,9,1,1,1
10,32,10,ok,81536,4555579.392,4555579.392,0,0,0,5,1,1,2
10,32,11,ok,75264,4625665.2287999997,4625665.2287999997,0,0,0,1,11,1,1
10,32,12,ok,67424,4520536.4736000001,4520536.4736000001,0,0,0,3,1,2,2
10,32,13,ok,62720,4555579.392,4555579.392,0,0,0,13,1,1,1
10,32,14,ok,57344,4485493.5551999994,4485493.5551999994,0,0,0,1,2,1,7
10,32,15,ok,55328,4636929.0240000002,4636929.0240000002,0,0,0,5,1,1,3
10,32,16,ok,50176,4485493.5552000003,4485493.5552000003,0,0,0,2,2,2,2
10,64,1,ok,1605632,8970987.1104000006,8970987.1104000006,0,0,0,1,1,1,1
10,64,2,ok,802816,8970987.1104000006,8970987.1104000006,0,0,0,1,1,1,2
10,64,3,ok,539392,9041072.9472000003,9041072.9472000003,0,0,0,3,1,1,1
10,64,4,ok,401408,8970987.1104000006,8970987.1104000006,0,0,0,1,2,1,2
10,64,5,ok,326144,9111158.784,9111158.784,0,0,0,1,5,1,1
10,64,6,ok,269696,9041072.9472000003,9041072.9472000003,0,0,0,3,1,1,2
10,64,7,ok,229376,8970987.1103999987,8970987.1103999987,0,0,0,1,1,1,7
10,64,8,ok,200704,8970987.1104000006,8970987.1104000006,0,0,0,1,2,2,2
10,64,9,ok,181888,9146201.7024000008,9146201.7024000008,0,0,0,9,1,1,1
10,64,10,ok,163072,9111158.784,9111158.784,0,0,0,1,5,1,2
10,64,11,ok,150528,9251330.4575999994,9251330.4575999994,0,0,0,1,11,1,1
10,64,12,ok,134848,9041072.9472000003,9041072.9472000003,0,0,0,3,1,2,2
10,64,13,ok,125440,9111158.784,9111158.784,0,0,0,1,13,1,1
10,64,14,ok,114688,8970987.1103999987,8970987.1103999987,0,0,0,1,2,1,7
10,64,15,ok,109564,9182339.7120000012,9182339.7120000012,0,0,0,3,5,1,1
10,64,16,ok,100352,8970987.1104000006,8970987.1104000006,0,0,0,2,2,2,2
11,1,1,ok,50176,13639940.300800001,924844.03199999989,11476147.200000001,0,1238949.0688,1,1,1,1
11,1,2,ok,25088,13693406.207999999,924844.03199999989,11512349.2864,0,1256212.8896000001,1,1,1,2
11,1,3,ok,17024,13987344,941359.10399999982,11750692.377599999,0,1295292.5184000002,1,1,3,1
11,1,4,ok,12544,13760321.740799999,924844.03199999989,11544737.1776,0,1290740.5312000001,1,1,2,2
11,1,5,ok,10752,14795683.328,990904.31999999983,12409511.424000001,0,1395267.5840000003,1,1,1,5
11,1,6,ok,8512,14147741.721599998,941359.10399999982,11859298.636799999,0,1347083.9808,1,1,3,2
11,1,7,ok,7168,13840686.899199998,924844.03200000001,11573310.873599997,0,1342531.9936000002,1,1,1,7
11,1,8,ok,6272,13894152.806399999,924844.03199999989,11609512.959999999,0,1359795.8144,1,1,4,2
11,1,9,ok,5776,15145227.388799999,958169.08799999987,12765977.481599998,0,1421080.8192,1,1,3,3
11,1,10,ok,5376,14962972.16,990904.31999999983,12490481.151999999,0,1481586.6880000001,1,1,2,5
11,1,11,ok,5376,16459269.376,1089994.7519999999,13739529.267199999,0,1629745.3568000002,1,1,11,1
11,1,12,ok,4256,14949982.847999997,941359.10399999982,12557956.838399999,0,1450666.9056000002,1,1,3,4
11,1,13,ok,4480,16325729.305599999,1073479.6799999999,13609792.435199998,0,1642457.1904,1,1,13,1
11,1,14,ok,3584,14214948.249600001,924844.03200000001,11826725.478399999,0,1463378.7392000002,1,1,2,7
11,1,15,ok,3584,15230301.696,990904.32000000007,12671491.584000001,0,1567905.7920000001,1,1,1,15
11,1,16,ok,3136,14321880.063999999,924844.03199999989,11899129.6512,0,1497906.3808000002,1,1,8,2
11,2,1,ok,100352,27246422.835200001,1849688.0639999998,22936100.454399999,0,2460634.3168000001,1,1,1,1
11,2,2,ok,50176,27279880.601600002,1849688.0639999998,22952294.400000002,0,2477898.1376,1,2,1,1
11,2,3,ok,34048,27874314.700800002,1882718.2079999996,23452802.918399997,0,2538793.5744000003,1,1,3,1
11,2,4,ok,25088,27386812.415999997,1849688.0639999998,23024698.572799999,0,2512425.7792000002,1,2,1,2
11,2,5,ok,21504,29424077.824000001,1981808.6399999997,24738053.119999997,0,2704216.0640000002,1,1,1,5
11,2,6,ok,17024,27974688,1882718.2079999996,23501384.755199999,0,2590585.0368000004,1,2,3,1
11,2,7,ok,14336,27447169.433600001,1849688.064,23033264.127999999,0,2564217.2416000003,1,1,1,7
11,2,8,ok,12544,27520643.481599998,1849688.0639999998,23089474.3552,0,2581481.0624000002,1,2,2,2
11,2,9,ok,12160,28564593.350400005,1916338.1759999997,23961467.9232,0,2686787.2511999998,1,1,3,3
11,2,10,ok,10752,29591366.655999999,1981808.6399999997,24819022.848000001,0,2790535.1680000005,1,2,1,5
11,2,11,ok,10752,32550503.321599998,2179989.5039999997,27300925.132800002,0,3069588.6848000004,1,1,11,1
11,2,12,ok,8512,28295483.443199996,1882718.2079999996,23718597.273599997,0,2694167.9616,1,2,3,2
11,2,13,ok,8960,32216507.648000002,2146959.3599999999,27009063.577600002,0,3060484.7104000002,1,1,13,1
11,2,14,ok,7168,27681373.798399996,1849688.064,23146621.747199994,0,2685063.9872000003,1,2,1,7
11,2,15,ok,7168,29958736.895999998,1981808.6400000001,25100073.983999997,0,2876854.2720000003,1,1,1,15
11,2,16,ok,6272,27788305.612799998,1849688.0639999998,23219025.919999998,0,2719591.6288000001,1,2,4,2
11,4,1,ok,200704,54459387.903999999,3699376.1279999996,45856006.963200003,0,4904004.8128000004,1,1,1,1
11,4,2,ok,100352,54492845.670400001,3699376.1279999996,45872200.908799998,0,4921268.6336000003,1,1,1,2
11,4,3,ok,68096,55528207.257599995,3765436.4159999993,46736975.155199997,0,5025795.6864,1,1,1,3
11,4,4,ok,50176,54559761.203200005,3699376.1279999996,45904588.800000004,0,4955796.2752,1,1,2,2
11,4,5,ok,43008,58480785.408000007,3963617.2799999993,49195055.104000002,0,5322113.0240000002,1,1,1,5
11,4,6,ok,34048,55628580.556799993,3765436.4159999993,46785556.991999999,0,5077587.1488000005,1,1,2,3
11,4,7,ok,28672,54660134.502399996,3699376.128,45953170.636799991,0,5007587.7376000006,1,1,1,7
11,4,8,ok,25088,54773624.831999995,3699376.1279999996,46049397.145599999,0,5024851.5584000004,1,2,2,2
11,4,9,ok,23104,56828066.803199999,3832676.3519999995,47777190.335999995,0,5218200.1151999999,1,1,3,3
11,4,10,ok,21504,58648074.239999995,3963617.2799999993,49276024.831999995,0,5408432.1280000005,1,1,2,5
11,4,11,ok,21504,64512881.663999997,4359979.0079999994,54203627.315199994,0,5949275.3408000013,1,1,1,11
11,4,12,ok,17024,55949376,3765436.4159999993,47002769.510399997,0,5181170.0736000007,1,4,3,1
11,4,13,ok,17920,63737958.502400003,4293918.7199999997,53547500.031999998,0,5896539.7504000003,1,1,1,13
11,4,14,ok,14336,54894338.867200002,3699376.128,46066528.255999997,0,5128434.4832000006,1,2,1,7
11,4,15,ok,14336,58815363.072000004,3963617.2800000003,49356994.560000002,0,5494751.2320000008,1,1,1,15
11,4,16,ok,12544,55041286.963199995,3699376.1279999996,46178948.7104,0,5162962.1248000003,1,4,2,2
11,8,1,ok,401408,108885318.0416,7398752.2559999991,91695819.980800003,0,9790745.8048,1,1,1,1
11,8,2,ok,200704,108918775.808,7398752.2559999991,91712013.926400006,0,9808009.6256000008,1,1,1,2
11,8,3,ok,136192,110956041.21599999,7530872.8319999985,93425368.473599985,0,9999799.9104000013,1,1,1,3
11,8,4,ok,100352,108985691.3408,7398752.2559999991,91744401.817599997,0,9842537.2672000006,1,2,1,2
11,8,5,ok,86016,116794281.984,7927234.5599999987,98309140.480000004,0,10557906.944000002,1,1,1,5
11,8,6,ok,68096,111056414.51519999,7530872.8319999985,93473950.310399994,0,10051591.3728,1,2,1,3
11,8,7,ok,57344,109086064.64,7398752.2560000001,91792983.654399991,0,9894328.7296000011,1,1,1,7
11,8,8,ok,50176,109119522.40640001,7398752.2559999991,91809177.600000009,0,9911592.5504000001,1,2,2,2
11,8,9,ok,46208,113355013.7088,7665352.703999999,95408635.161599994,0,10281025.8432,1,1,3,3
11,8,10,ok,43008,116961570.81600001,7927234.5599999987,98390110.208000004,0,10644226.048,1,2,1,5
11,8,11,ok,43008,128657727.89760001,8719958.0159999989,108229121.2288,0,11708648.652800001,1,1,1,11
11,8,12,ok,34048,111257161.11359999,7530872.8319999985,93571113.983999997,0,10155174.297600001,1,2,2,3
11,8,13,ok,35840,127040966.0416,8587837.4399999995,106884478.7712,0,11568649.830399999,1,1,1,13
11,8,14,ok,28672,109320269.00479999,7398752.2560000001,91906341.273599982,0,10015175.475200001,1,2,1,7
11,8,15,ok,28672,117128859.64799999,7927234.5600000005,98471079.93599999,0,10730545.152000001,1,1,1,15
11,8,16,ok,25088,109547249.66399999,7398752.2559999991,92098794.291199997,0,10049703.116800001,1,4,2,2
11,16,1,ok,802816,217737178.3168,14797504.511999998,183375446.016,0,19564227.788800001,1,1,1,1
11,16,2,ok,401408,217770636.08320001,14797504.511999998,183391639.96160001,0,19581491.6096,1,1,1,2
11,16,3,ok,272384,221811709.13279998,15061745.663999997,186802155.11039999,0,19947808.358400002,1,1,1,3
11,16,4,ok,200704,217837551.616,14797504.511999998,183424027.85280001,0,19616019.251200002,1,2,1,2
11,16,5,ok,172032,233421275.13599998,15854469.119999997,196537311.23199999,0,21029494.784000002,1,1,1,5
11,16,6,ok,136192,221912082.43199998,15061745.663999997,186850736.94719997,0,19999599.820800003,1,2,1,3
11,16,7,ok,114688,217937924.91520002,14797504.512,183472609.68960002,0,19667810.713600002,1,1,1,7
11,16,8,ok,100352,217971382.6816,14797504.511999998,183488803.63519999,0,19685074.534400001,1,2,2,2
11,16,9,ok,92416,226408907.52000004,15330705.407999998,190671524.81280002,0,20406677.299199998,1,1,3,3
11,16,10,ok,86016,233588563.96799999,15854469.119999997,196618280.96000001,0,21115813.888000004,1,2,1,5
11,16,11,ok,86016,256947420.36480001,17439916.031999998,216280109.05599999,0,23227395.276800003,1,1,1,11
11,16,12,ok,68096,222112829.03039998,15061745.663999997,186947900.62079999,0,20103182.7456,1,4,1,3
11,16,13,ok,71680,253646981.12000003,17175674.879999999,213558436.24960002,0,22912869.990400001,1,1,1,13
11,16,14,ok,57344,218172129.28,14797504.512,183585967.30879998,0,19788657.459200002,1,2,1,7
11,16,15,ok,57344,233755852.79999998,15854469.120000001,196699250.68799996,0,21202132.992000002,1,1,1,15
11,16,16,ok,50176,218239044.81280002,14797504.511999998,183618355.20000002,0,19823185.1008,1,4,2,2
11,32,1,ok,1605632,435440898.86720002,29595009.023999996,366734698.08640003,0,39111191.756800003,1,1,1,1
11,32,2,ok,802816,435474356.6336,29595009.023999996,366750892.03200001,0,39128455.577600002,1,1,1,2
11,32,3,ok,544768,443523044.96639997,30123491.327999994,373555728.38399994,0,39843825.2544,1,1,1,3
11,32,4,ok,401408,435541272.16640002,29595009.023999996,366783279.92320001,0,39162983.2192,1,2,1,2
11,32,5,ok,344064,466675261.44,31708938.239999995,392993652.73599994,0,41972670.464000002,1,1,1,5
11,32,6,ok,272384,443623418.26559997,30123491.327999994,373604310.22079998,0,39895616.716800004,1,2,1,3
11,32,7,ok,229376,435641645.46560001,29595009.024,366831861.75999999,0,39214774.681600004,1,1,1,7
11,32,8,ok,200704,435675103.23199999,29595009.023999996,366848055.70560002,0,39232038.502400003,1,2,2,2
11,32,9,ok,184832,452516695.14240003,30661410.815999996,381197304.11519998,0,40657980.211199999,1,1,3,3
11,32,10,ok,172032,466842550.27199996,31708938.239999995,393074622.46399999,0,42058989.568000004,1,2,1,5
11,32,11,ok,150528,449381959.06559998,30519853.055999998,378356590.79679996,0,40505515.212800011,1,11,1,1
11,32,12,ok,136192,443824164.86399996,30123491.327999994,373701473.89439994,0,39999199.641600005,1,4,1,3
11,32,13,ok,143360,506859011.27680004,34351349.759999998,426906351.20639998,0,45601310.310400002,1,1,1,13
11,32,14,ok,114688,435875849.83040005,29595009.024,366945219.37920004,0,39335621.427200004,1,2,1,7
11,32,15,ok,114688,467009839.10400009,31708938.240000002,393155592.19200003,0,42145308.672000006,1,1,1,15
11,32,16,ok,100352,435942765.36320001,29595009.023999996,366977607.27039999,0,39370149.068800002,1,4,2,2
11,64,1,ok,3211264,870848339.96800005,59190018.047999993,733453202.22720003,0,78205119.6928,1,1,1,1
11,64,2,ok,1605632,870881797.73440003,59190018.047999993,733469396.17280006,0,78222383.513600007,1,1,1,2
11,64,3,ok,1089536,886945716.63359976,60246982.655999988,747062874.93119991,0,79635859.046400011,1,1,1,3
11,64,4,ok,802816,870948713.26719999,59190018.047999993,733501784.06400001,0,78256911.155200005,1,2,1,2
11,64,5,ok,652288,884588653.56800008,60114862.079999998,744977931.26399994,0,79495860.224000007,1,5,1,1
11,64,6,ok,544768,887046089.93279994,60246982.655999988,747111456.76799989,0,79687650.5088,1,2,1,3
11,64,7,ok,458752,871049086.56639993,59190018.048,733550365.90079999,0,78308702.617600009,1,1,1,7
11,64,8,ok,401408,871082544.33280003,59190018.047999993,733566559.84640002,0,78325966.4384,1,2,2,2
11,64,9,ok,369664,904732270.38720012,61322821.631999992,762248862.72000003,0,81160586.0352,1,1,3,3
11,64,10,ok,326144,886056471.55200005,60114862.079999998,746359430.14400005,0,79582179.328000009,1,5,1,2
11,64,11,ok,301056,898395882.70079982,61039706.111999996,756535048.19199991,0,80821128.396800011,1,11,1,1
11,64,12,ok,272384,887246836.53119993,60246982.655999988,747208620.44159997,0,79791233.433600008,1,4,1,3
11,64,13,ok,250880,884856315.6991998,60114862.079999991,745107482.82879984,0,79633970.790400013,1,13,1,1
11,64,14,ok,229376,871283290.93120003,59190018.048,733663723.51999998,0,78429549.363200009,1,2,1,7
11,64,15,ok,221312,903154962.04799998,61188341.75999999,760880094.33599985,0,81086525.952000007,1,5,3,1
11,64,16,ok,200704,871350206.46399999,59190018.047999993,733696111.41120005,0,78464077.004800007,1,4,2,2
12,1,1,ok,112896,26898232.934400003,2080899.0719999999,24168591.667200003,0,648742.19520000007,1,1,1,1
12,1,2,ok,56448,26973512.908800002,2080899.0719999999,24205028.044800002,0,687585.79200000013,1,1,2,1
12,1,3,ok,38304,27602867.174400002,2118057.9840000002,24770552.140799999,0,714257.04960000003,1,1,1,3
12,1,4,ok,28224,27124072.8576,2080899.0719999999,24277900.800000001,0,765272.98560000001,1,1,4,1
12,1,5,ok,24192,29135098.367999997,2229534.7199999997,26082160.127999999,0,823403.52000000014,1,1,1,5
12,1,6,ok,19152,27780488.985600002,2118057.9840000002,24831643.161600001,0,830787.84000000008,1,1,2,3
12,1,7,ok,16128,27304648.089600004,2080899.0719999997,24364604.006400004,0,859145.01120000007,1,1,1,7
12,1,8,ok,14112,27375109.939199999,2080899.0719999999,24396222.259199999,0,897988.60800000001,1,1,2,4
12,1,9,ok,12996,28411671.887999997,2155880.4479999999,25297799.126399998,0,957992.31359999999,1,1,3,3
12,1,10,ok,12096,29431134.719999999,2229534.7199999997,26183978.495999999,0,1017621.5040000002,1,1,2,5
12,1,11,ok,12096,32374248.192000002,2452488.1919999998,28802376.345599998,0,1119383.6544000001,1,1,1,11
12,1,12,ok,9576,28135732.608000003,2118057.9840000002,24953825.203200001,0,1063849.4208,1,1,3,4
12,1,13,ok,10080,32036396.620800003,2415329.2799999998,28434482.918400005,0,1186584.4224,1,1,1,13
12,1,14,ok,8064,27640316.928000003,2080899.0719999997,24428367.667200003,0,1131050.1888000001,1,1,2,7
12,1,15,ok,8064,29614625.280000001,2229534.7199999997,26173251.072000001,0,1211839.4880000001,1,1,1,15
12,1,16,ok,7056,27758731.468800001,2080899.0719999999,24469095.014400002,0,1208737.3824,1,1,4,4
12,2,1,ok,225792,53721185.894400001,4161798.1439999999,48300746.956799999,0,1258640.7936,1,1,1,1
12,2,2,ok,112896,53796465.868800007,4161798.1439999999,48337183.334400006,0,1297484.3904000001,1,1,2,1
12,2,3,ok,76608,55003350.528000012,4236115.9680000003,49409124.480000004,0,1358110.0800000001,1,1,3,1
12,2,4,ok,56448,53947025.817600004,4161798.1439999999,48410056.089600004,0,1375171.5840000003,1,2,2,1
12,2,5,ok,48384,57918468.095999993,4459069.4399999995,51958255.103999987,0,1501143.5519999999,1,1,5,1
12,2,6,ok,38304,55205734.348800004,4236115.9680000003,49541104.281599998,0,1428514.0992000001,1,2,1,3
12,2,7,ok,32256,54273627.34080001,4161798.1439999994,48665444.352000006,0,1446384.8448000003,1,1,1,7
12,2,8,ok,28224,54248145.7152,4161798.1439999999,48555801.600000001,0,1530545.9712,1,2,4,1
12,2,9,ok,25992,56391769.555199988,4311760.8959999997,50513616.403199993,0,1566392.2560000001,1,1,3,3
12,2,10,ok,24192,58270196.735999994,4459069.4399999995,52164320.255999997,0,1646807.0400000003,1,2,1,5
12,2,11,ok,24192,64221016.7808,4904976.3839999996,57504552.652800001,0,1811487.7440000004,1,1,1,11
12,2,12,ok,19152,55560977.971200004,4236115.9680000003,49663286.323200002,0,1661575.6800000002,1,2,2,3
12,2,13,ok,20160,63449408.256000005,4830658.5599999996,56750547.609600008,0,1868202.0863999999,1,1,1,13
12,2,14,ok,16128,54609296.179200009,4161798.1439999994,48729208.012800008,0,1718290.0224000001,1,2,1,7
12,2,15,ok,16128,58509960.192000009,4459069.4399999995,52209865.728000008,0,1841025.0240000002,1,1,1,15
12,2,16,ok,14112,54750219.878399998,4161798.1439999999,48792444.518399999,0,1795977.216,1,2,2,4
12,4,1,ok,451584,107158095.0528,8323596.2879999997,96446695.8336,0,2387802.9312000005,1,1,1,1
12,4,2,ok,225792,107233375.0272,8323596.2879999997,96483132.211199999,0,2426646.5279999999,1,1,1,2
12,4,3,ok,153216,109254611.8656,8472231.9360000007,98274944.102400005,0,2507435.8272000002,1,1,1,3
12,4,4,ok,112896,107473971.60960001,8323596.2879999997,96646041.600000009,0,2504333.7216000003,1,1,2,2
12,4,5,ok,96768,115107987.456,8918138.879999999,103478888.44799998,0,2710960.1280000005,1,1,1,5
12,4,6,ok,76608,109615506.7392,8472231.9360000007,98519308.185600013,0,2623966.6176,1,1,2,3
12,4,7,ok,64512,107609774.89920001,8323596.2879999988,96665314.099199995,0,2620864.5120000001,1,1,1,7
12,4,8,ok,56448,107775091.5072,8323596.2879999997,96791787.110400006,0,2659708.1088000005,1,1,2,4
12,4,9,ok,51984,111776230.54079998,8623521.7919999994,100369516.60799998,0,2783192.1408000002,1,1,3,3
12,4,10,ok,48384,115709478.91199999,8918138.879999999,103886161.91999999,0,2905178.1119999997,1,1,2,5
12,4,11,ok,48384,127280426.80319998,9809952.7679999992,114274778.11199997,0,3195695.9232000001,1,1,1,11
12,4,12,ok,38304,110337296.48640001,8472231.9360000007,99008036.351999998,0,2857028.1984000001,1,1,3,4
12,4,13,ok,40320,125710121.472,9661317.1199999992,112817366.93760002,0,3231437.4144000001,1,1,1,13
12,4,14,ok,32256,108136734.72,8323596.2879999988,96920368.742399991,0,2892769.6896000006,1,1,2,7
12,4,15,ok,32256,115860787.19999999,8918138.879999999,103843252.22399999,0,3099396.0960000004,1,1,1,15
12,4,16,ok,28224,108377331.30240001,8323596.2879999997,97083278.131200001,0,2970456.8832,1,1,4,4
12,8,1,ok,903168,214240910.13120002,16647192.575999999,192856955.28960001,0,4736762.2656000005,1,1,1,1
12,8,2,ok,451584,214316190.1056,16647192.575999999,192893391.6672,0,4775605.8624000009,1,1,1,2
12,8,3,ok,306432,218283383.80800003,16944463.872000001,196440579.07200003,0,4898340.8640000001,1,1,1,3
12,8,4,ok,225792,214466750.0544,16647192.575999999,192966264.4224,0,4853293.0559999999,1,2,1,2
12,8,5,ok,193536,229839575.04000002,17836277.759999998,206775595.00799999,0,5227702.2719999999,1,1,1,5
12,8,6,ok,153216,218509223.73120001,16944463.872000001,196549888.20480001,0,5014871.6544000003,1,2,1,3
12,8,7,ok,129024,214692589.97760001,16647192.575999998,193075573.55520001,0,4969823.8464000002,1,1,1,7
12,8,8,ok,112896,214947943.21920002,16647192.575999999,193292083.20000002,0,5008667.4432000006,1,2,2,2
12,8,9,ok,103968,222874941.31199998,17247043.583999999,200411105.81759998,0,5216791.9104000004,1,1,3,3
12,8,10,ok,96768,230215974.912,17836277.759999998,206957776.89599997,0,5421920.256000001,1,2,1,5
12,8,11,ok,96768,253732773.88799998,19619905.535999998,228148756.07039997,0,5964112.2816000003,1,1,1,11
12,8,12,ok,76608,219231013.47839999,16944463.872000001,197038616.37120003,0,5247933.2352,1,2,2,3
12,8,13,ok,80640,250441603.27680004,19322634.239999998,225161060.96640003,0,5957908.0704000005,1,1,1,13
12,8,14,ok,64512,215219549.79840001,16647192.575999998,193330628.19839999,0,5241729.0240000002,1,2,1,7
12,8,15,ok,64512,230592374.78400001,17836277.759999998,207139958.78400001,0,5616138.2400000002,1,1,1,15
12,8,16,ok,56448,215550183.01440001,16647192.575999999,193583574.22080001,0,5319416.217600001,1,2,2,4
12,16,1,ok,1806336,428406540.28800005,33294385.151999999,385677474.20160002,0,9434680.9343999997,1,1,1,1
12,16,2,ok,903168,428481820.26240003,33294385.151999999,385713910.57920003,0,9473524.531200001,1,1,1,2
12,16,3,ok,612864,436340927.69280005,33888927.744000003,392771849.01120001,0,9680150.9375999998,1,1,1,3
12,16,4,ok,451584,428632380.2112,33294385.151999999,385786783.3344,0,9551211.7248000018,1,2,1,2
12,16,5,ok,387072,459302750.208,35672555.519999996,413369008.12799996,0,10261186.560000001,1,1,1,5
12,16,6,ok,306432,436566767.61600006,33888927.744000003,392881158.14400005,0,9796681.7280000001,1,2,1,3
12,16,7,ok,258048,428858220.13440001,33294385.151999995,385896092.46720004,0,9667742.5152000021,1,1,1,7
12,16,8,ok,225792,428933500.10879999,33294385.151999999,385932528.8448,0,9706586.1119999997,1,4,1,2
12,16,9,ok,207936,445072362.85439998,34494087.167999998,400494284.23679996,0,10083991.4496,1,1,3,3
12,16,10,ok,193536,459679150.08000004,35672555.519999996,413551190.01599997,0,10455404.544,1,2,1,5
12,16,11,ok,193536,506637468.05759996,39239811.071999997,455896711.9871999,0,11500944.998400001,1,1,1,11
12,16,12,ok,153216,437018447.46240002,33888927.744000003,393099776.40960002,0,10029743.308800001,1,4,1,3
12,16,13,ok,161280,499904566.8864001,38645268.479999997,449848449.02400005,0,11410849.3824,1,1,1,13
12,16,14,ok,129024,429385179.95520002,33294385.151999995,386151147.11040002,0,9939647.6928000003,1,2,1,7
12,16,15,ok,129024,460055549.95200002,35672555.519999996,413733371.90399998,0,10649622.528000001,1,1,1,15
12,16,16,ok,112896,429895886.43840003,33294385.151999999,386584166.40000004,0,10017334.886400001,1,4,2,2
12,32,1,ok,3612672,856737800.60160005,66588770.303999998,771318512.02560008,0,18830518.272,1,1,1,1
12,32,2,ok,1806336,856813080.57600009,66588770.303999998,771354948.40320003,0,18869361.868799999,1,1,1,2
12,32,3,ok,1225728,872456015.46239996,67777855.488000005,785434388.88960004,0,19243771.084800001,1,1,1,3
12,32,4,ok,903168,856963640.52480006,66588770.303999998,771427821.15840006,0,18947049.062400002,1,2,1,2
12,32,5,ok,774144,918229100.54399991,71345111.039999992,826555834.36799991,0,20328155.136,1,1,1,5
12,32,6,ok,612864,872681855.38560009,67777855.488000005,785543698.02240002,0,19360301.8752,1,2,1,3
12,32,7,ok,516096,857189480.44800019,66588770.30399999,771537130.29120016,0,19063579.8528,1,1,1,7
12,32,8,ok,451584,857264760.4224,66588770.303999998,771573566.6688,0,19102423.449600004,1,4,1,2
12,32,9,ok,415872,889467205.93919992,68988174.335999995,800660641.07519996,0,19818390.528000001,1,1,3,3
12,32,10,ok,387072,918605500.41600001,71345111.039999992,826738016.25599992,0,20522373.120000001,1,2,1,5
12,32,11,ok,338688,885985527.39840007,68669669.375999987,796761924.71039999,0,20553933.312000003,1,11,1,1
12,32,12,ok,306432,873133535.23200011,67777855.488000005,785762316.28800011,0,19593363.456,1,4,1,3
12,32,13,ok,322560,998830494.1056,77290536.959999993,899223225.13919997,0,22316732.0064,1,1,1,13
12,32,14,ok,258048,857716440.26880002,66588770.30399999,771792184.93440008,0,19335485.030400004,1,2,1,7
12,32,15,ok,258048,918981900.28800011,71345111.039999992,826920198.14400005,0,20716591.104000002,1,1,1,15
12,32,16,ok,225792,857867000.21759999,66588770.303999998,771865057.68959999,0,19413172.223999999,1,8,1,2
12,64,1,ok,7225344,1713400321.2288003,133177540.608,1542600587.6736002,0,37622192.9472,1,1,1,1
12,64,2,ok,3612672,1713475601.2032001,133177540.608,1542637024.0512002,0,37661036.544,1,1,1,2
12,64,3,ok,2451456,1744686191.0016003,135555710.97600001,1570759468.6464002,0,38371011.379200004,1,1,1,3
12,64,4,ok,1806336,1713626161.1520002,133177540.608,1542709896.8064001,0,37738723.737599999,1,2,1,2
12,64,5,ok,1467648,1743868342.2720001,135258439.67999998,1568772275.7120001,0,39837626.880000003,1,5,1,1
12,64,6,ok,1225728,1744912030.9247999,135555710.97600001,1570868777.7792001,0,38487542.169600002,1,2,1,3
12,64,7,ok,1032192,1713852001.0752003,133177540.60799998,1542819205.9392002,0,37855254.528000005,1,1,1,7
12,64,8,ok,903168,1713927281.0496001,133177540.608,1542855642.3168001,0,37894098.124800004,1,4,1,2
12,64,9,ok,831744,1778256892.1087997,137976348.67199999,1600993354.7519996,0,39287188.684800006,1,1,3,3
12,64,10,ok,733824,1744244742.1440003,135258439.67999998,1568954457.6000001,0,40031844.864,1,5,2,1
12,64,11,ok,677376,1771142975.0784001,137339338.75199997,1593123049.2671998,0,40680587.059200004,1,11,1,1
12,64,12,ok,612864,1745363710.7712002,135555710.97600001,1571087396.0448,0,38720603.750399999,1,4,1,3
12,64,13,ok,564480,1744470582.0672002,135258439.68000001,1569063766.7328002,0,40148375.654399998,1,13,1,1
12,64,14,ok,516096,1714378960.8960004,133177540.60799998,1543074260.5824003,0,38127159.705600001,1,2,1,7
12,64,15,ok,497952,1781398294.2720003,137673768.95999998,1602790544.4480002,0,40933980.864,1,5,3,1
12,64,16,ok,451584,1714529520.8448,133177540.608,1543147133.3376,0,38204846.899200007,1,8,1,2
13,1,1,ok,50176,14848298.1888,924844.03199999989,12191676.415999999,0,1731777.7408000003,1,1,1,1
13,1,2,ok,25088,14930337.791999998,924844.03199999989,12256452.198399998,0,1749041.5616000001,1,1,1,2
13,1,3,ok,17024,15349281.024,941359.10399999982,12611000.217600003,0,1796921.7023999998,1,1,1,3
13,1,4,ok,12544,15098365.132799998,924844.03199999989,12389951.897599999,0,1783569.2032000001,1,1,2,2
13,1,5,ok,10752,16229301.248000003,990904.31999999983,13315098.624000002,0,1923298.304,1,1,1,5
13,1,6,ok,8512,15509678.7456,941359.10399999982,12719606.4768,0,1848713.1648000001,1,1,2,3
13,1,7,ok,7168,15178730.291199997,924844.03200000001,12418525.593599999,0,1835360.6656000004,1,1,1,7
13,1,8,ok,6272,15232196.198399998,924844.03199999989,12454727.679999998,0,1852624.4864000003,1,1,2,4
13,1,9,ok,6080,15819113.952000001,958169.08799999987,12929277.196800001,0,1931667.6672,1,1,3,3
13,1,10,ok,5376,16396590.080000002,990904.31999999983,13396068.352000002,0,2009617.4080000003,1,1,2,5
13,1,11,ok,4704,18079369.6512,953745.40799999994,13231519.2064,0,3894105.0368000004,11,1,1,1
13,1,12,ok,4256,15994025.164800003,941359.10399999982,12988694.630400002,0,2063971.4304000002,2,1,2,3
13,1,13,ok,4480,17878815.385600001,1073479.6799999999,14590845.235199999,0,2214490.4704000005,1,1,1,13
13,1,14,ok,3584,15552991.6416,924844.03200000001,12671940.1984,0,1956207.4112000002,1,1,2,7
13,1,15,ok,3584,16663919.615999999,990904.32000000007,13577078.784,0,2095936.5120000001,1,1,1,15
13,1,16,ok,3136,15659923.455999998,924844.03199999989,12744344.371199999,0,1990735.0528000002,1,1,2,8
13,2,1,ok,100352,29614556.774399996,1849688.0639999998,24318577.049599998,0,3446291.6608000002,1,1,1,1
13,2,2,ok,50176,29696596.377599999,1849688.0639999998,24383352.831999999,0,3463555.4816000005,1,1,1,2
13,2,3,ok,34048,30598188.748799995,1882718.2079999996,25173418.5984,0,3542051.9424000001,1,1,1,3
13,2,4,ok,25088,29860675.583999995,1849688.0639999998,24512904.396799996,0,3498083.1232000003,1,2,1,2
13,2,5,ok,21504,32291313.664000005,1981808.6399999997,26549227.520000003,0,3760277.5040000002,1,1,1,5
13,2,6,ok,17024,30698562.048,1882718.2079999996,25222000.435200006,0,3593843.4047999997,1,2,1,3
13,2,7,ok,14336,30123256.217600003,1849688.064,24723693.568,0,3549874.5856000003,1,1,1,7
13,2,8,ok,12544,30196730.265599996,1849688.0639999998,24779903.795199998,0,3567138.4064000002,1,2,2,2
13,2,9,ok,12160,31337108.006400004,1916338.1759999997,25712808.883200001,0,3707960.9472000003,1,1,3,3
13,2,10,ok,10752,32458602.496000007,1981808.6399999997,26630197.248000003,0,3846596.608,1,2,1,5
13,2,11,ok,9408,36074135.961600006,1907490.8159999999,26396238.387199998,0,7770406.7584000006,11,1,1,1
13,2,12,ok,8512,31019357.4912,1882718.2079999996,25439212.953600001,0,3697426.3296000003,1,2,2,3
13,2,13,ok,8960,35322679.808000006,2146959.3599999999,28971169.177600004,0,4204551.2703999998,1,1,1,13
13,2,14,ok,7168,30357460.582399994,1849688.064,24837051.187199999,0,3670721.3312000008,1,2,1,7
13,2,15,ok,7168,32825972.735999998,1981808.6400000001,26911248.384,0,3932915.7120000008,1,1,1,15
13,2,16,ok,6272,30464392.396799996,1849688.0639999998,24909455.359999996,0,3705248.9728000006,1,2,2,4
13,4,1,ok,200704,59147073.945599996,3699376.1279999996,48572378.316799998,0,6875319.5008000005,1,1,1,1
13,4,2,ok,100352,59229113.548799992,3699376.1279999996,48637154.099199995,0,6892583.3216000004,1,1,1,2
13,4,3,ok,68096,60975955.353600003,3765436.4159999993,50178206.515200004,0,7032312.4224000005,1,1,1,3
13,4,4,ok,50176,59393192.755199999,3699376.1279999996,48766705.663999997,0,6927110.963200001,1,2,1,2
13,4,5,ok,43008,64215257.088000014,3963617.2799999993,52817403.904000007,0,7434235.904000001,1,1,1,5
13,4,6,ok,34048,61076328.652799994,3765436.4159999993,50226788.351999998,0,7084103.8848000001,1,1,2,3
13,4,7,ok,28672,60012308.0704,3699376.128,49334029.516800001,0,6978902.4256000007,1,1,1,7
13,4,8,ok,25088,59721351.16799999,3699376.1279999996,49025808.793599993,0,6996166.2464000005,1,4,1,2
13,4,9,ok,23104,62373096.115199998,3832676.3519999995,51279872.255999997,0,7260547.5072000008,1,1,3,3
13,4,10,ok,21504,64382545.920000002,3963617.2799999993,52898373.632000007,0,7520555.0080000004,1,1,2,5
13,4,11,ok,18816,72063668.582399994,3814981.6319999998,52725676.748799995,0,15523010.2016,11,1,1,1
13,4,12,ok,17024,61397124.096000001,3765436.4159999993,50444000.870400012,0,7187686.8095999993,1,4,1,3
13,4,13,ok,17920,69950302.822400004,4293918.7199999997,57471711.232000001,0,8184672.8704000004,1,1,1,13
13,4,14,ok,14336,60246512.435200006,3699376.128,49447387.136,0,7099749.1712000007,1,2,1,7
13,4,15,ok,14336,64549834.752000004,3963617.2800000003,52979343.359999999,0,7606874.1120000007,1,1,1,15
13,4,16,ok,12544,60393460.531199992,3699376.1279999996,49559807.590399995,0,7134276.8128000004,1,4,2,2
13,8,1,ok,401408,118212108.28799999,7398752.2559999991,97079980.851199985,0,13733375.180800002,1,1,1,1
13,8,2,ok,200704,118294147.89119999,7398752.2559999991,97144756.633599997,0,13750639.001600001,1,1,1,2
13,8,3,ok,136192,121851537.40799999,7530872.8319999985,100307831.1936,0,14012833.382400002,1,1,1,3
13,8,4,ok,100352,118458227.09759998,7398752.2559999991,97274308.198399991,0,13785166.643200001,1,2,1,2
13,8,5,ok,86016,128263225.34400003,7927234.5599999987,105553838.08000001,0,14782152.704,1,1,1,5
13,8,6,ok,68096,121951910.70720001,7530872.8319999985,100356413.03040001,0,14064624.844800001,1,2,1,3
13,8,7,ok,57344,119790411.77599999,7398752.2560000001,98554701.414399996,0,13836958.105600003,1,1,1,7
13,8,8,ok,50176,118786385.5104,7398752.2559999991,97533411.327999994,0,13854221.926400002,1,4,1,2
13,8,9,ok,46208,124445072.3328,7665352.703999999,102413999.00159998,0,14365720.6272,1,1,3,3
13,8,10,ok,43008,128430514.17600003,7927234.5599999987,105634807.80800001,0,14868471.808000002,1,2,1,5
13,8,11,ok,37632,144042733.824,7629963.2639999995,105384553.472,0,31028217.088000003,11,1,1,1
13,8,12,ok,34048,122152657.30559999,7530872.8319999985,100453576.704,0,14168207.7696,1,2,2,3
13,8,13,ok,35840,139465654.6816,8587837.4399999995,114732901.17120001,0,16144916.070400001,1,1,1,13
13,8,14,ok,28672,120024616.1408,7398752.2560000001,98668059.033600003,0,13957804.851200001,1,2,1,7
13,8,15,ok,28672,128597803.008,7927234.5600000005,105715777.536,0,14954790.912,1,1,1,15
13,8,16,ok,25088,119442702.33599998,7398752.2559999991,98051617.587199986,0,13992332.492800001,1,8,1,2
13,16,1,ok,802816,236342176.97279999,14797504.511999998,194095185.91999999,0,27449486.540800001,1,1,1,1
13,16,2,ok,401408,236424216.57599998,14797504.511999998,194159961.70239997,0,27466750.361600004,1,1,1,2
13,16,3,ok,272384,243602701.51679999,15061745.663999997,200567080.55040002,0,27973875.3024,1,1,1,3
13,16,4,ok,200704,236588295.78239998,14797504.511999998,194289513.26719999,0,27501278.003200002,1,2,1,2
13,16,5,ok,172032,256359161.85600007,15854469.119999997,211026706.43200004,0,29477986.304000001,1,1,1,5
13,16,6,ok,136192,243703074.81599998,15061745.663999997,200615662.3872,0,28025666.764800005,1,2,1,3
13,16,7,ok,114688,239346619.18720001,14797504.512,196996045.2096,0,27553069.465600003,1,1,1,7
13,16,8,ok,100352,236916454.19519997,14797504.511999998,194548616.39679998,0,27570333.286400001,1,4,1,2
13,16,9,ok,92416,248589024.76800004,15330705.407999998,204682252.4928,0,28576066.867200002,1,1,3,3
13,16,10,ok,86016,256526450.68800005,15854469.119999997,211107676.16000003,0,29564305.408,1,2,1,5
13,16,11,ok,75264,288000864.30719995,15259926.527999999,210702306.91839999,0,62038630.860799998,11,1,1,1
13,16,12,ok,68096,243903821.41440001,15061745.663999997,200712826.06080002,0,28129249.689600002,1,4,1,3
13,16,13,ok,71680,278496358.40000004,17175674.879999999,229255281.04960003,0,32065402.470399998,1,1,1,13
13,16,14,ok,57344,239580823.55199999,14797504.512,197109402.82879999,0,27673916.211200006,1,2,1,7
13,16,15,ok,57344,256693739.51999998,15854469.120000001,211188645.88800001,0,29650624.512000006,1,1,1,15
13,16,16,ok,50176,237572771.02079999,14797504.511999998,195066822.65599999,0,27708443.852800004,1,8,1,2
13,32,1,ok,1605632,472602314.34239995,29595009.023999996,388125596.05759996,0,54881709.260800004,1,1,1,1
13,32,2,ok,802816,472684353.94559997,29595009.023999996,388190371.83999997,0,54898973.081600003,1,1,1,2
13,32,3,ok,544768,487105029.73440003,30123491.327999994,401085579.264,0,55895959.142400004,1,1,1,3
13,32,4,ok,401408,472848433.15199995,29595009.023999996,388319923.40479994,0,54933500.723200008,1,2,1,2
13,32,5,ok,344064,512551034.88000005,31708938.239999995,421972443.13600004,0,58869653.504000008,1,1,1,5
13,32,6,ok,272384,487205403.03359997,30123491.327999994,401134161.10080004,0,55947750.604800001,1,2,1,3
13,32,7,ok,229376,478459034.00959998,29595009.024,393878732.80000001,0,54985292.185600005,1,1,1,7
13,32,8,ok,200704,473176591.56479996,29595009.023999996,388579026.53439999,0,55002556.006400004,1,4,1,2
13,32,9,ok,184832,496876929.63840008,30661410.815999996,409218759.4752,0,56996759.347200006,1,1,3,3
13,32,10,ok,172032,512718323.71200013,31708938.239999995,422053412.86400008,0,58955972.608000003,1,2,1,5
13,32,11,ok,150528,488188968.95999998,30519853.055999998,400900254.51519996,0,56768861.38880001,1,11,1,1
13,32,12,ok,136192,487406149.63199997,30123491.327999994,401231324.7744,0,56051333.529600009,1,4,1,3
13,32,13,ok,143360,556557765.8368001,34351349.759999998,458300040.8064,0,63906375.270400003,1,1,1,13
13,32,14,ok,114688,478693238.37440002,29595009.024,393992090.4192,0,55106138.931200005,1,2,1,7
13,32,15,ok,114688,512885612.54400003,31708938.240000002,422134382.59200001,0,59042291.712000005,1,1,1,15
13,32,16,ok,100352,473832908.39039993,29595009.023999996,389097232.79359996,0,55140666.572800003,1,8,1,2
13,64,1,ok,3211264,945122589.08159983,59190018.047999993,776186416.33279991,0,109746154.7008,1,1,1,1
13,64,2,ok,1605632,945204628.68479991,59190018.047999993,776251192.11519992,0,109763418.52160001,1,1,1,2
13,64,3,ok,1089536,974109686.16959989,60246982.655999988,802122576.69120002,0,111740126.8224,1,1,1,3
13,64,4,ok,802816,945368707.89119995,59190018.047999993,776380743.67999995,0,109797946.16320001,1,2,1,2
13,64,5,ok,652288,960217006.0799998,60114862.079999998,788572420.09599984,0,111529723.904,1,5,1,1
13,64,6,ok,544768,974210059.46880007,60246982.655999988,802171158.528,0,111791918.28480001,1,2,1,3
13,64,7,ok,458752,956683863.65439987,59190018.048,787644107.98079991,0,109849737.62560001,1,1,1,7
13,64,8,ok,401408,945696866.3039999,59190018.047999993,776639846.80959988,0,109867001.44640002,1,4,1,2
13,64,9,ok,369664,993452739.37919998,61322821.631999992,818291773.43999994,0,113838144.3072,1,1,3,3
13,64,10,ok,326144,960627204.09599996,60114862.079999998,788896299.0079999,0,111616043.00799999,1,5,1,2
13,64,11,ok,301056,975475502.28479993,61039706.111999996,801087975.42399991,0,113347820.74880002,1,11,1,1
13,64,12,ok,272384,974410806.06719995,60246982.655999988,802268322.20160007,0,111895501.2096,1,4,1,3
13,64,13,ok,250880,960873322.90559983,60114862.079999991,789090626.35519993,0,111667834.47040001,1,13,1,1
13,64,14,ok,229376,956918068.01919997,59190018.048,787757465.60000002,0,109970584.37120001,1,2,1,7
13,64,15,ok,221312,991680868.60800004,61188341.75999999,816800103.93599999,0,113692422.912,1,5,1,3
13,64,16,ok,200704,946353183.12959993,59190018.047999993,777158053.06879997,0,110005112.01280001,1,8,1,2
14,1,1,ok,25088,140171.67360000001,140171.67360000001,0,0,0,1,1,1,1
14,1,2,ok,12544,140171.67360000001,140171.67360000001,0,0,0,1,1,1,2
14,1,3,ok,8428,141266.7648,141266.7648,0,0,0,3,1,1,1
14,1,4,ok,6272,140171.67360000001,140171.67360000001,0,0,0,2,1,1,2
14,1,5,ok,5096,142361.856,142361.856,0,0,0,5,1,1,1
14,1,6,ok,4214,141266.7648,141266.7648,0,0,0,3,1,1,2
14,1,7,ok,3584,140171.67359999998,140171.67359999998,0,0,0,1,1,1,7
14,1,8,ok,3136,140171.67360000001,140171.67360000001,0,0,0,2,1,2,2
14,1,9,ok,2842,142909.40160000001,142909.40160000001,0,0,0,9,1,1,1
14,1,10,ok,2548,142361.856,142361.856,0,0,0,5,1,1,2
14,1,11,ok,2352,144552.03839999999,144552.03839999999,0,0,0,11,1,1,1
14,1,12,ok,2107,141266.7648,141266.7648,0,0,0,3,1,2,2
14,1,13,ok,1960,142361.856,142361.856,0,0,0,13,1,1,1
14,1,14,ok,1792,140171.67359999998,140171.67359999998,0,0,0,2,1,1,7
14,1,15,ok,1729,144904.03200000001,144904.03200000001,0,0,0,5,1,1,3
14,1,16,ok,1568,140171.67360000001,140171.67360000001,0,0,0,4,1,2,2
14,2,1,ok,50176,280343.34720000002,280343.34720000002,0,0,0,1,1,1,1
14,2,2,ok,25088,280343.34720000002,280343.34720000002,0,0,0,1,1,1,2
14,2,3,ok,16856,282533.52960000001,282533.52960000001,0,0,0,3,1,1,1
14,2,4,ok,12544,280343.34720000002,280343.34720000002,0,0,0,1,2,1,2
14,2,5,ok,10192,284723.712,284723.712,0,0,0,5,1,1,1
14,2,6,ok,8428,282533.52960000001,282533.52960000001,0,0,0,3,1,1,2
14,2,7,ok,7168,280343.34719999996,280343.34719999996,0,0,0,1,1,1,7
14,2,8,ok,6272,280343.34720000002,280343.34720000002,0,0,0,1,2,2,2
14,2,9,ok,5684,285818.80320000002,285818.80320000002,0,0,0,9,1,1,1
14,2,10,ok,5096,284723.712,284723.712,0,0,0,5,1,1,2
14,2,11,ok,4704,289104.07679999998,289104.07679999998,0,0,0,11,1,1,1
14,2,12,ok,4214,282533.52960000001,282533.52960000001,0,0,0,3,1,2,2
14,2,13,ok,3920,284723.712,284723.712,0,0,0,13,1,1,1
14,2,14,ok,3584,280343.34719999996,280343.34719999996,0,0,0,1,2,1,7
14,2,15,ok,3458,289808.06400000001,289808.06400000001,0,0,0,5,1,1,3
14,2,16,ok,3136,280343.34720000002,280343.34720000002,0,0,0,2,2,2,2
14,4,1,ok,100352,560686.69440000004,560686.69440000004,0,0,0,1,1,1,1
14,4,2,ok,50176,560686.69440000004,560686.69440000004,0,0,0,1,1,1,2
14,4,3,ok,33712,565067.05920000002,565067.05920000002,0,0,0,3,1,1,1
14,4,4,ok,25088,560686.69440000004,560686.69440000004,0,0,0,1,2,1,2
14,4,5,ok,20384,569447.424,569447.424,0,0,0,5,1,1,1
14,4,6,ok,16856,565067.05920000002,565067.05920000002,0,0,0,3,1,1,2
14,4,7,ok,14336,560686.69439999992,560686.69439999992,0,0,0,1,1,1,7
14,4,8,ok,12544,560686.69440000004,560686.69440000004,0,0,0,1,2,2,2
14,4,9,ok,11368,571637.60640000005,571637.60640000005,0,0,0,9,1,1,1
14,4,10,ok,10192,569447.424,569447.424,0,0,0,5,1,1,2
14,4,11,ok,9408,578208.15359999996,578208.15359999996,0,0,0,11,1,1,1
14,4,12,ok,8428,565067.05920000002,565067.05920000002,0,0,0,3,1,2,2
14,4,13,ok,7840,569447.424,569447.424,0,0,0,13,1,1,1
14,4,14,ok,7168,560686.69439999992,560686.69439999992,0,0,0,1,2,1,7
14,4,15,ok,6916,579616.12800000003,579616.12800000003,0,0,0,5,1,1,3
14,4,16,ok,6272,560686.69440000004,560686.69440000004,0,0,0,2,2,2,2
14,8,1,ok,200704,1121373.3888000001,1121373.3888000001,0,0,0,1,1,1,1
14,8,2,ok,100352,1121373.3888000001,1121373.3888000001,0,0,0,1,1,1,2
14,8,3,ok,67424,1130134.1184,1130134.1184,0,0,0,3,1,1,1
14,8,4,ok,50176,1121373.3888000001,1121373.3888000001,0,0,0,1,2,1,2
14,8,5,ok,40768,1138894.848,1138894.848,0,0,0,5,1,1,1
14,8,6,ok,33712,1130134.1184,1130134.1184,0,0,0,3,1,1,2
14,8,7,ok,28672,1121373.3887999998,1121373.3887999998,0,0,0,1,1,1,7
14,8,8,ok,25088,1121373.3888000001,1121373.3888000001,0,0,0,1,2,2,2
14,8,9,ok,22736,1143275.2128000001,1143275.2128000001,0,0,0,9,1,1,1
14,8,10,ok,20384,1138894.848,1138894.848,0,0,0,5,1,1,2
14,8,11,ok,18816,1156416.3071999999,1156416.3071999999,0,0,0,11,1,1,1
14,8,12,ok,16856,1130134.1184,1130134.1184,0,0,0,3,1,2,2
14,8,13,ok,15680,1138894.848,1138894.848,0,0,0,13,1,1,1
14,8,14,ok,14336,1121373.3887999998,1121373.3887999998,0,0,0,1,2,1,7
14,8,15,ok,13832,1159232.2560000001,1159232.2560000001,0,0,0,5,1,1,3
14,8,16,ok,12544,1121373.3888000001,1121373.3888000001,0,0,0,2,2,2,2
14,16,1,ok,401408,2242746.7776000001,2242746.7776000001,0,0,0,1,1,1,1
14,16,2,ok,200704,2242746.7776000001,2242746.7776000001,0,0,0,1,1,1,2
14,16,3,ok,134848,2260268.2368000001,2260268.2368000001,0,0,0,3,1,1,1
14,16,4,ok,100352,2242746.7776000001,2242746.7776000001,0,0,0,1,2,1,2
14,16,5,ok,81536,2277789.696,2277789.696,0,0,0,5,1,1,1
14,16,6,ok,67424,2260268.2368000001,2260268.2368000001,0,0,0,3,1,1,2
14,16,7,ok,57344,2242746.7775999997,2242746.7775999997,0,0,0,1,1,1,7
14,16,8,ok,50176,2242746.7776000001,2242746.7776000001,0,0,0,1,2,2,2
14,16,9,ok,45472,2286550.4256000002,2286550.4256000002,0,0,0,9,1,1,1
14,16,10,ok,40768,2277789.696,2277789.696,0,0,0,5,1,1,2
14,16,11,ok,37632,2312832.6143999998,2312832.6143999998,0,0,0,11,1,1,1
14,16,12,ok,33712,2260268.2368000001,2260268.2368000001,0,0,0,3,1,2,2
14,16,13,ok,31360,2277789.696,2277789.696,0,0,0,13,1,1,1
14,16,14,ok,28672,2242746.7775999997,2242746.7775999997,0,0,0,1,2,1,7
14,16,15,ok,27664,2318464.5120000001,2318464.5120000001,0,0,0,5,1,1,3
14,16,16,ok,25088,2242746.7776000001,2242746.7776000001,0,0,0,2,2,2,2
14,32,1,ok,802816,4485493.5552000003,4485493.5552000003,0,0,0,1,1,1,1
14,32,2,ok,401408,4485493.5552000003,4485493.5552000003,0,0,0,1,1,1,2
14,32,3,ok,269696,4520536.4736000001,4520536.4736000001,0,0,0,3,1,1,1
14,32,4,ok,200704,4485493.5552000003,4485493.5552000003,0,0,0,1,2,1,2
14,32,5,ok,163072,4555579.392,4555579.392,0,0,0,5,1,1,1
14,32,6,ok,134848,4520536.4736000001,4520536.4736000001,0,0,0,3,1,1,2
14,32,7,ok,114688,4485493.5551999994,4485493.5551999994,0,0,0,1,1,1,7
14,32,8,ok,100352,4485493.5552000003,4485493.5552000003,0,0,0,1,2,2,2
14,32,9,ok,90944,4573100.8512000004,4573100.8512000004,0,0,0,9,1,1,1
14,32,10,ok,81536,4555579.392,4555579.392,0,0,0,5,1,1,2
14,32,11,ok,75264,4625665.2287999997,4625665.2287999997,0,0,0,1,11,1,1
14,32,12,ok,67424,4520536.4736000001,4520536.4736000001,0,0,0,3,1,2,2
14,32,13,ok,62720,4555579.392,4555579.392,0,0,0,13,1,1,1
14,32,14,ok,57344,4485493.5551999994,4485493.5551999994,0,0,0,1,2,1,7
14,32,15,ok,55328,4636929.0240000002,4636929.0240000002,0,0,0,5,1,1,3
14,32,16,ok,50176,4485493.5552000003,4485493.5552000003,0,0,0,2,2,2,2
14,64,1,ok,1605632,8970987.1104000006,8970987.1104000006,0,0,0,1,1,1,1
14,64,2,ok,802816,8970987.1104000006,8970987.1104000006,0,0,0,1,1,1,2
14,64,3,ok,539392,9041072.9472000003,9041072.9472000003,0,0,0,3,1,1,1
14,64,4,ok,401408,8970987.1104000006,8970987.1104000006,0,0,0,1,2,1,2
14,64,5,ok,326144,9111158.784,9111158.784,0,0,0,1,5,1,1
14,64,6,ok,269696,9041072.9472000003,9041072.9472000003,0,0,0,3,1,1,2
14,64,7,ok,229376,8970987.1103999987,8970987.1103999987,0,0,0,1,1,1,7
14,64,8,ok,200704,8970987.1104000006,8970987.1104000006,0,0,0,1,2,2,2
14,64,9,ok,181888,9146201.7024000008,9146201.7024000008,0,0,0,9,1,1,1
14,64,10,ok,163072,9111158.784,9111158.784,0,0,0,1,5,1,2
14,64,11,ok,150528,9251330.4575999994,9251330.4575999994,0,0,0,1,11,1,1
14,64,12,ok,134848,9041072.9472000003,9041072.9472000003,0,0,0,3,1,2,2
14,64,13,ok,125440,9111158.784,9111158.784,0,0,0,1,13,1,1
14,64,14,ok,114688,8970987.1103999987,8970987.1103999987,0,0,0,1,2,1,7
14,64,15,ok,109564,9182339.7120000012,9182339.7120000012,0,0,0,3,5,1,1
14,64,16,ok,100352,8970987.1104000006,8970987.1104000006,0,0,0,2,2,2,2
15,1,1,ok,25088,6629046.0672000004,462422.01599999995,5936664.4736000001,0,229959.57760000002,1,1,1,1
15,1,2,ok,12544,6646040.6784000006,462422.01599999995,5946106.1632000003,0,237512.49920000002,2,1,1,1
15,1,3,ok,8960,7325736.1920000007,495452.16000000003,6323091.7631999999,0,507192.26880000002,1,1,3,1
15,1,4,ok,6272,6680029.9007999999,462422.01599999995,5964989.5423999997,0,252618.34240000002,4,1,1,1
15,1,5,ok,5376,7472493.3119999999,495452.15999999992,6452045.568,0,524995.58400000003,1,1,5,1
15,1,6,ok,4480,7526482.7904000003,495452.16000000003,6420255.4367999993,0,610775.19360000012,1,1,6,1
15,1,7,ok,3584,6995981.6191999996,462422.016,6051116.646399999,0,482442.95680000004,1,1,1,7
15,1,8,ok,3136,7212521.7791999998,462422.01599999995,6182416.6912000002,0,567683.07200000004,2,1,4,1
15,1,9,ok,3200,8327564.9280000012,530841.59999999998,7051801.8816,0,744921.44640000002,1,1,3,3
15,1,10,ok,2688,7785657.0879999995,495452.15999999992,6592571.135999999,0,697633.79200000013,1,1,10,1
15,1,11,ok,2688,8564222.7967999987,544997.37599999993,7251828.2495999988,0,767397.1712000001,1,1,11,1
15,1,12,ok,2240,7792018.7904000012,495452.16000000003,6483481.0368000008,0,813085.59360000002,2,1,6,1
15,1,13,ok,3136,9801688.7280000001,469647.35999999993,7966477.6880000001,0,1365563.6799999999,13,1,1,1
15,1,14,ok,1792,7065375.0272000004,462422.016,6067639.6031999998,0,535313.40800000005,2,1,1,7
15,1,15,ok,1792,8068685.567999999,495452.16000000003,6627432.1919999989,0,945801.21600000013,1,1,1,15
15,1,16,ok,1568,7654934.0159999998,462422.01599999995,6365871.6159999995,0,826640.38400000008,2,1,4,2
15,2,1,ok,50176,13191176.601599999,924844.03199999989,11840941.056,0,425391.51360000006,1,1,1,1
15,2,2,ok,25088,13225165.823999999,924844.03199999989,11859824.4352,0,440497.35680000007,2,1,1,1
15,2,3,ok,17920,14450725.785600001,990904.32000000007,12549019.852799999,0,910801.61280000012,1,1,3,1
15,2,4,ok,12544,13292081.356800001,924844.03199999989,11892212.326400001,0,475024.99840000004,2,2,1,1
15,2,5,ok,10752,14731863.552000001,990904.31999999983,12863606.272,0,877352.95999999996,1,1,5,1
15,2,6,ok,8960,14651472.384000001,990904.32000000007,12646183.5264,0,1014384.5376,1,2,3,1
15,2,7,ok,7168,13523554.508799998,924844.03200000001,11875518.054399999,0,723192.42240000016,1,1,1,7
15,2,8,ok,6272,13360059.8016,924844.03199999989,11929979.084799999,0,505236.68480000005,4,2,1,1
15,2,9,ok,6400,16271508.326400001,1061683.2,14030731.007999999,0,1179094.1184,1,1,3,3
15,2,10,ok,5376,14944986.624,990904.31999999983,12904091.136,0,1049991.1680000001,1,2,5,1
15,2,11,ok,5376,16659574.835200001,1089994.7519999999,14414589.7984,0,1154990.2848000003,1,1,11,1
15,2,12,ok,4480,15052965.580800001,990904.32000000007,12840510.873599999,0,1221550.3872000002,1,2,6,1
15,2,13,ok,6272,19436734.511999998,939294.71999999986,15801379.568,0,2696060.2239999999,13,1,1,1
15,2,14,ok,3584,13662341.3248,924844.03200000001,11908563.967999998,0,828933.32480000018,2,1,1,7
15,2,15,ok,3584,15498001.92,990904.32000000007,13133409.791999999,0,1373687.8080000002,1,1,1,15
15,2,16,ok,3136,14425043.5584,924844.03199999989,12364833.3824,0,1135366.1440000001,2,2,4,1
15,4,1,ok,100352,26315437.670400001,1849688.0639999998,23649494.220800001,0,816255.38560000004,1,1,1,1
15,4,2,ok,50176,26382353.203199998,1849688.0639999998,23681882.112,0,850783.02720000013,1,2,1,1
15,4,3,ok,35840,28455264.4608,1981808.6400000001,25474042.060799997,0,999413.76000000013,1,1,3,1
15,4,4,ok,25088,26450331.647999998,1849688.0639999998,23719648.8704,0,880994.71360000013,2,2,1,1
15,4,5,ok,21504,28725052.415999997,1981808.6399999997,25614351.359999999,0,1128892.4160000002,1,1,5,1
15,4,6,ok,17920,28659199.795200001,1981808.6400000001,25587342.335999999,0,1090048.8192000003,2,1,3,1
15,4,7,ok,14336,26578700.288000003,1849688.064,23524320.8704,0,1204691.3536,1,1,1,7
15,4,8,ok,12544,26584162.713600002,1849688.0639999998,23784424.652800001,0,950049.99680000008,2,4,1,1
15,4,9,ok,12800,31558609.612800002,2123366.3999999999,27387803.750399999,0,2047439.4624000001,1,1,3,3
15,4,10,ok,10752,29064944.639999997,1981808.6399999997,25803185.151999999,0,1279950.8480000002,2,1,5,1
15,4,11,ok,10752,32339474.534400001,2179989.5039999997,28561637.068799999,0,1597847.9616,1,1,11,1
15,4,12,ok,8960,29067070.464000002,1981808.6400000001,25813942.886399999,0,1271318.9376000001,4,1,3,1
15,4,13,ok,12544,37077690.207999997,1878589.4399999997,28509496.287999999,0,6689604.4800000004,13,1,1,1
15,4,14,ok,7168,26856273.919999998,1849688.064,23590412.697599996,0,1416173.1584000001,2,1,1,7
15,4,15,ok,7168,29871246.335999999,1981808.6400000001,25659976.704,0,2229460.9920000006,1,1,1,15
15,4,16,ok,6272,26720119.6032,1849688.0639999998,23859958.169599999,0,1010473.3696000001,4,4,1,1
15,8,1,ok,200704,52563959.807999998,3699376.1279999996,47266600.550399996,0,1597983.1296000001,1,1,1,1
15,8,2,ok,100352,52630875.340800002,3699376.1279999996,47298988.441600002,0,1632510.7712000001,1,2,1,1
15,8,3,ok,71680,56709782.323200002,3963617.2800000003,50850920.447999999,0,1895244.5951999999,1,1,3,1
15,8,4,ok,50176,52764706.406399995,3699376.1279999996,47363764.223999999,0,1701566.0544000003,1,4,1,1
15,8,5,ok,43008,57115527.167999998,3963617.2799999993,51066763.263999999,0,2085146.6240000003,1,1,5,1
15,8,6,ok,35840,56910528.921599999,3963617.2800000003,50948084.121599995,0,1998827.5200000003,1,2,3,1
15,8,7,ok,28672,52688991.846400008,3699376.128,46821926.502399996,0,2167689.216,1,1,1,7
15,8,8,ok,25088,52900663.295999996,3699376.1279999996,47439297.740800001,0,1761989.4272000003,2,4,1,1
15,8,9,ok,25088,59661414.604800001,4161798.1439999994,53429980.262400001,0,2069636.1984000001,1,9,1,1
15,8,10,ok,21504,57450104.831999995,3963617.2799999993,51228702.719999999,0,2257784.8320000004,1,2,5,1
15,8,11,ok,21504,63942878.207999989,4359979.0079999994,56767007.334399998,0,2815891.8656000001,1,1,11,1
15,8,12,ok,17920,57318399.590400003,3963617.2800000003,51174684.671999998,0,2180097.6384000005,2,2,3,1
15,8,13,ok,25088,74087419.327999994,3757178.8799999994,56986098.623999991,0,13344141.823999999,13,1,1,1
15,8,14,ok,14336,53157400.576000005,3699376.128,47048641.740800001,0,2409382.7072000001,1,2,1,7
15,8,15,ok,14336,58738759.68,3963617.2800000003,50834135.039999992,0,3941007.3600000003,1,1,1,15
15,8,16,ok,12544,53168325.427200004,3699376.1279999996,47568849.305600002,0,1900099.9936000002,2,8,1,1
15,16,1,ok,401408,105061004.08319999,7398752.2559999991,94500813.209600002,0,3161438.6176000005,1,1,1,1
15,16,2,ok,200704,105127919.616,7398752.2559999991,94533201.100799993,0,3195966.2592000002,1,2,1,1
15,16,3,ok,143360,113218818.04800001,7927234.5600000005,101604677.22240001,0,3686906.2656,1,1,3,1
15,16,4,ok,100352,105261750.6816,7398752.2559999991,94597976.883200005,0,3265021.5424000002,1,4,1,1
15,16,5,ok,86016,113896476.67200001,7927234.5599999987,101971587.072,0,3997655.04,1,1,5,1
15,16,6,ok,71680,113419564.6464,7927234.5600000005,101701840.896,0,3790489.1903999997,1,2,3,1
15,16,7,ok,57344,104909574.9632,7398752.2560000001,93417137.766400009,0,4093684.9408000009,1,1,1,7
15,16,8,ok,50176,105529412.81279999,7398752.2559999991,94727528.447999999,0,3403132.1088000005,1,8,1,1
15,16,9,ok,50176,118720589.41439998,8323596.2879999988,106568469.50399999,0,3828523.6224000007,1,9,1,1
15,16,10,ok,43008,114231054.336,7927234.5599999987,102133526.528,0,4170293.2480000006,1,2,5,1
15,16,11,ok,43008,127149685.55520001,8719958.0159999989,113177747.8656,0,5251979.6736000003,1,1,11,1
15,16,12,ok,35840,113821057.8432,7927234.5600000005,101896168.24319999,0,3997655.0400000005,1,4,3,1
15,16,13,ok,50176,148106877.56800002,7514357.7599999988,113939303.29600002,0,26653216.512000002,13,1,1,1
15,16,14,ok,28672,105377983.69280002,7398752.2560000001,93643853.004799992,0,4335378.432,1,2,1,7
15,16,15,ok,28672,116473786.368,7927234.5600000005,101182451.71199998,0,7364100.0960000008,1,1,1,15
15,16,16,ok,25088,105801326.59199999,7398752.2559999991,94878595.481600001,0,3523978.8544000005,2,8,1,1
15,32,1,ok,802816,210055092.6336,14797504.511999998,188969238.528,0,6288349.5936000003,1,1,1,1
15,32,2,ok,401408,210122008.16639999,14797504.511999998,189001626.4192,0,6322877.2352000009,1,2,1,1
15,32,3,ok,275968,216751054.23359996,15259926.528000001,194938290.89279997,0,6552836.8128000014,1,3,1,1
15,32,4,ok,200704,210255839.23199999,14797504.511999998,189066402.20159999,0,6391932.5184000004,1,4,1,1
15,32,5,ok,172032,227458375.68000001,15854469.119999997,203781234.68800002,0,7822671.8720000004,1,1,5,1
15,32,6,ok,137984,217311876.40319997,15259926.528000001,195249866.6496,0,6802083.2255999995,2,3,1,1
15,32,7,ok,114688,209350741.19679999,14797504.512,186607560.29439998,0,7945676.3903999999,1,1,1,7
15,32,8,ok,100352,210523501.36320001,14797504.511999998,189195953.76640001,0,6530043.0848000003,1,8,1,1
15,32,9,ok,98560,235726896.384,16349921.279999999,205747117.97759998,0,13629857.126400001,1,3,3,1
15,32,10,ok,86016,227792953.34400001,15854469.119999997,203943174.14399999,0,7995310.0800000001,1,2,5,1
15,32,11,ok,75264,217286378.49599999,15259926.527999999,195197394.02239999,0,6829057.9456000002,1,11,1,1
15,32,12,ok,68992,218433520.74239999,15259926.528000001,195873018.16320002,0,7300576.0511999996,4,3,1,1
15,32,13,ok,75264,256792992.76800001,18034458.623999998,230687829.2992,0,8070704.844800001,1,13,1,1
15,32,14,ok,57344,209819149.92640001,14797504.512,186834275.53280002,0,8187369.8816000018,1,2,1,7
15,32,15,ok,57344,231943839.74399999,15854469.120000001,201879085.05599999,0,14210285.568000002,1,1,1,15
15,32,16,ok,50176,211058825.62559998,14797504.511999998,189455056.896,0,6806264.217600001,1,16,1,1
15,64,1,ok,1605632,420043269.73439997,29595009.023999996,377906089.16479999,0,12542171.545600001,1,1,1,1
15,64,2,ok,802816,420110185.26719999,29595009.023999996,377938477.05599999,0,12576699.187200001,1,2,1,1
15,64,3,ok,551936,433301361.86880004,30519853.056000002,389779418.11200005,0,13002090.7008,1,3,1,1
15,64,4,ok,401408,420244016.33279997,29595009.023999996,378003252.83840001,0,12645754.470400002,1,4,1,1
15,64,5,ok,326144,426873062.40000004,30057431.039999999,383939917.31200004,0,12875714.048,1,5,1,1
15,64,6,ok,275968,433502108.46719992,30519853.056000002,389876581.78559995,0,13105673.625600003,1,6,1,1
15,64,7,ok,229376,418233073.66400003,29595009.024,372988405.35040003,0,15649659.289600002,1,1,1,7
15,64,8,ok,200704,420511678.46399999,29595009.023999996,378132804.40319997,0,12783865.036800001,1,8,1,1
15,64,9,ok,197120,470851552.97280002,32699842.559999999,411202744.93439996,0,26948965.478400003,1,3,3,1
15,64,10,ok,163072,427977712.12800002,30057431.039999999,384553627.13600004,0,13366653.952000001,2,5,1,1
15,64,11,ok,150528,433836686.13120002,30519853.055999998,390038521.24160004,0,13278311.833600001,1,11,1,1
15,64,12,ok,137984,434623752.80639994,30519853.056000002,390499733.2992,0,13604166.451199999,2,6,1,1
15,64,13,ok,125440,427408386.66240001,30057431.039999995,384199020.44159997,0,13151935.1808,1,13,1,1
15,64,14,ok,114688,418701482.39359999,29595009.024,373215120.58879995,0,15891352.7808,1,2,1,7
15,64,15,ok,114688,462883946.49600005,31708938.240000002,403272351.74400002,0,27902656.512000002,1,1,1,15
15,64,16,ok,100352,421047002.72640002,29595009.023999996,378391907.53280002,0,13060086.169600001,1,16,1,1
16,1,1,ok,112896,26376077.721599996,2080899.0719999999,23838631.423999995,0,456547.22560000001,1,1,1,1
16,1,2,ok,56448,26550893.875199996,2080899.0719999999,23865626.111999996,0,604368.6912,1,1,1,2
16,1,3,ok,40320,28688969.779200003,2229534.7199999997,25678719.129599996,0,780715.92959999992,1,1,1,3
16,1,4,ok,28224,26788818.431999996,2080899.0719999999,23997809.766399994,0,710109.59360000002,2,1,1,2
16,1,5,ok,24192,29027572.992000002,2229534.7199999997,25706573.568000004,0,1091464.7040000001,1,1,1,5
16,1,6,ok,20160,28943888.9472,2229534.7199999997,25820344.4736,0,894009.75359999994,2,1,1,3
16,1,7,ok,16128,27645002.649600003,2080899.0719999997,24182862.950400002,0,1381240.6272,1,1,1,7
16,1,8,ok,14112,27172439.961599998,2080899.0719999999,24070682.521599997,0,1020858.368,2,1,2,2
16,1,9,ok,14112,29766349.908,2194698.2399999998,26054029.591200002,0,1517622.0767999999,9,1,1,1
16,1,10,ok,12096,29282492.16,2229534.7199999997,25848198.912,0,1204758.5280000002,2,1,1,5
16,1,11,ok,12096,33232890.240000002,2452488.1919999998,28725231.744000003,0,2055170.304,1,1,1,11
16,1,12,ok,10080,29453727.283199999,2229534.7199999997,26103595.161600001,0,1120597.4016,4,1,1,3
16,1,13,ok,14112,32435142.167999998,2113413.1200000001,28303916.638399996,0,2017812.4096000001,13,1,1,1
16,1,14,ok,8064,27882927.206400003,2080899.0719999997,24315046.604800001,0,1486981.5296,2,1,1,7
16,1,15,ok,8064,31395863.808000002,2229534.7199999997,26521120.512000002,0,2645208.5759999999,1,1,1,15
16,1,16,ok,7056,27648289.075199999,2080899.0719999999,24335049.830399998,0,1232340.1728000001,4,1,2,2
16,2,1,ok,225792,52560344.678399995,4161798.1439999999,47640826.470399991,0,757720.06400000001,1,1,1,1
16,2,2,ok,112896,52718166.220799997,4161798.1439999999,47658379.468799993,0,897988.60800000001,1,1,1,2
16,2,3,ok,80640,56802507.263999999,4459069.4399999995,51248129.126399994,0,1095308.6976000001,1,1,1,3
16,2,4,ok,56448,53101787.750399992,4161798.1439999999,47731252.223999992,0,1208737.3824,1,2,1,2
16,2,5,ok,48384,57096092.159999996,4459069.4399999995,51230965.247999996,0,1406057.4720000001,1,1,1,5
16,2,6,ok,40320,57312345.600000009,4459069.4399999995,51531379.814400002,0,1321896.3456000001,2,1,1,3
16,2,7,ok,32256,53947329.94560001,4161798.1439999994,48110671.257600009,0,1674860.5440000002,1,1,1,7
16,2,8,ok,28224,53577636.863999993,4161798.1439999999,47995619.532799989,0,1420219.1872,2,1,2,2
16,2,9,ok,28224,59215112.423999995,4389396.4799999995,51954343.214400001,0,2871372.7296000002,9,1,1,1
16,2,10,ok,24192,57605930.496000007,4459069.4399999995,51514215.936000004,0,1632645.1200000001,2,1,1,5
16,2,11,ok,24192,64355862.067200005,4904976.3839999996,57049663.334400006,0,2401222.3488000003,1,1,1,11
16,2,12,ok,20160,57887777.894400001,4459069.4399999995,51640688.9472,0,1788019.5071999999,2,2,1,3
16,2,13,ok,28224,64564459.439999983,4226826.2400000002,56459810.492799997,0,3877822.7072000001,13,1,1,1
16,2,14,ok,16128,54423179.059200004,4161798.1439999994,48375038.566399999,0,1886342.3488000003,2,1,1,7
16,2,15,ok,16128,59914566.144000009,4459069.4399999995,52495695.359999999,0,2959801.344,1,1,1,15
16,2,16,ok,14112,54344879.923199996,4161798.1439999999,48141365.043199994,0,2041716.736,2,2,2,2
16,4,1,ok,451584,104928878.59199998,8323596.2879999997,95245216.563199982,0,1360065.7408000003,1,1,1,1
16,4,2,ok,225792,105052710.91199999,8323596.2879999997,95243886.182399988,0,1485228.4416,1,1,1,2
16,4,3,ok,161280,113029582.23360001,8918138.879999999,102386949.12,0,1724494.2335999999,1,1,1,3
16,4,4,ok,112896,105429925.47839999,8323596.2879999997,95198137.139199987,0,1908192.0512000001,2,1,1,2
16,4,5,ok,96768,113233130.49599999,8918138.879999999,102279748.608,0,2035243.0080000004,1,1,1,5
16,4,6,ok,80640,113527434.23999999,8918138.879999999,102431625.83039999,0,2177669.5296,2,1,1,3
16,4,7,ok,64512,106551984.5376,8323596.2879999988,95966287.871999994,0,2262100.3776000002,1,1,1,7
16,4,8,ok,56448,106032165.27359998,8323596.2879999997,95489628.159999982,0,2218940.8256000001,2,1,2,2
16,4,9,ok,56448,116472233.23199999,8778792.959999999,102930281.7696,0,4763158.5023999996,9,1,1,1
16,4,10,ok,48384,113949600.76800001,8918138.879999999,102543043.58400001,0,2488418.3040000005,2,1,1,5
16,4,11,ok,48384,126601805.7216,9809952.7679999992,113698526.5152,0,3093326.4384000003,1,1,1,11
16,4,12,ok,40320,114430793.93279999,8918138.879999999,102868862.36159998,0,2643792.6912000002,2,1,2,3
16,4,13,ok,56448,126727951.58399998,8453652.4800000004,111854711.5712,0,6419587.5328000002,13,1,1,1
16,4,14,ok,32256,107475744.76800001,8323596.2879999988,96467084.492799997,0,2685063.9872000003,2,1,1,7
16,4,15,ok,32256,116951970.81600003,8918138.879999999,104444845.05600002,0,3588986.8800000004,1,1,1,15
16,4,16,ok,28224,107142459.80159999,8323596.2879999997,95753995.468799993,0,3064868.0448000003,4,1,2,2
16,8,1,ok,903168,209665946.41919997,16647192.575999999,190453996.74879998,0,2564757.0944000003,1,1,1,1
16,8,2,ok,451584,209721800.29439998,16647192.575999999,190414899.60959998,0,2659708.1088000005,1,1,1,2
16,8,3,ok,322560,225483732.1728,17836277.759999998,204664589.1072,0,2982865.3056000001,1,1,1,3
16,8,4,ok,225792,210105421.82399997,16647192.575999999,190487772.36479998,0,2970456.8832,1,2,1,2
16,8,5,ok,193536,225507207.16800001,17836277.759999998,204377315.32800001,0,3293614.0800000005,1,1,1,5
16,8,6,ok,161280,226059164.46720001,17836277.759999998,204773898.24000001,0,3448988.4671999998,1,2,1,3
16,8,7,ok,129024,211761293.7216,16647192.575999998,191677521.10079998,0,3436580.0448000003,1,1,1,7
16,8,8,ok,112896,210859850.95679998,16647192.575999999,190396274.27839997,0,3816384.1024000002,2,1,2,2
16,8,9,ok,112896,232626879.07199997,17557585.919999998,205706847.57120001,0,9362445.5808000006,9,1,1,1
16,8,10,ok,96768,226393602.04800004,17836277.759999998,204357359.61600003,0,4199964.6720000003,2,1,1,5
16,8,11,ok,96768,251093693.03040001,19619905.535999998,226996252.8768,0,4477534.6176000005,1,1,1,11
16,8,12,ok,80640,227054868.47999999,17836277.759999998,204863251.66079998,0,4355339.0592,2,2,1,3
16,8,13,ok,112896,253150078.27199998,16907304.960000001,223561400.35839999,0,12681372.953600001,13,1,1,1
16,8,14,ok,64512,212843650.25280002,16647192.575999998,191913950.41280001,0,4282507.2640000004,2,1,1,7
16,8,15,ok,64512,231026780.16,17836277.759999998,208343144.44799998,0,4847357.9520000005,1,1,1,15
16,8,16,ok,56448,212064330.54719996,16647192.575999999,190979256.31999996,0,4437881.6512000002,2,2,2,2
16,16,1,ok,1806336,419140082.07359993,33294385.151999999,380871557.11999995,0,4974139.8015999999,1,1,1,1
16,16,2,ok,903168,419059979.05919993,33294385.151999999,380756926.46399993,0,5008667.4432000006,1,1,1,2
16,16,3,ok,645120,450392032.05120009,35672555.519999996,409219869.08160007,0,5499607.4495999999,1,1,1,3
16,16,4,ok,451584,419443600.58879995,33294385.151999999,380829799.21919996,0,5319416.217600001,1,2,1,2
16,16,5,ok,387072,450055360.51200002,35672555.519999996,408572448.76800001,0,5810356.2239999995,1,1,1,5
16,16,6,ok,322560,450967464.34560001,35672555.519999996,409329178.21439999,0,5965730.6112000002,1,2,1,3
16,16,7,ok,258048,422179912.08960003,33294385.151999995,383099987.55839998,0,5785539.3792000012,1,1,1,7
16,16,8,ok,225792,420210843.64799994,33294385.151999999,380975544.72959995,0,5940913.7664000001,1,2,2,2
16,16,9,ok,225792,464936170.75199997,35115171.839999996,411259979.17439997,0,18561019.737600002,9,1,1,1
16,16,10,ok,193536,451014414.33600003,35672555.519999996,408754630.65600002,0,6587228.1600000011,1,2,1,5
16,16,11,ok,193536,500077467.648,39239811.071999997,453591705.60000002,0,7245950.9760000017,1,1,1,11
16,16,12,ok,161280,452118328.93440002,35672555.519999996,409547796.48000002,0,6897976.9343999997,1,4,1,3
16,16,13,ok,225792,505994331.648,33814609.920000002,446974777.93279994,0,25204943.795200001,13,1,1,1
16,16,14,ok,129024,423522587.44319999,33294385.151999995,383355042.20159996,0,6873160.0896000005,1,2,1,7
16,16,15,ok,129024,459176398.84799999,35672555.519999996,416139743.23199999,0,7364100.0960000008,1,1,1,15
16,16,16,ok,112896,421719701.91359997,33294385.151999999,380792548.55679995,0,7632768.2048000004,2,2,2,2
16,32,1,ok,3612672,838088353.38239992,66588770.303999998,761706677.86239994,0,9792905.2160000019,1,1,1,1
16,32,2,ok,1806336,837736336.58879995,66588770.303999998,761440980.17279994,0,9706586.1119999997,1,1,1,2
16,32,3,ok,1241856,864656241.86880004,68669669.376000002,785581745.66400003,0,10404826.8288,1,3,1,1
16,32,4,ok,903168,838119958.11839986,66588770.303999998,761513852.92799985,0,10017334.886400001,1,2,1,2
16,32,5,ok,774144,899151667.20000017,71345111.039999992,816962715.64800012,0,10843840.512000002,1,1,1,5
16,32,6,ok,620928,864670851.99360001,68669669.376000002,785379479.03999996,0,10621703.5776,1,3,1,2
16,32,7,ok,516096,843017148.82560003,66588770.30399999,765944920.47360003,0,10483458.048,1,1,1,7
16,32,8,ok,451584,838887201.17759991,66588770.303999998,761659598.43839991,0,10638832.435200002,1,2,2,2
16,32,9,ok,443520,929473033.88160002,73574645.75999999,844118457.29280007,0,11779930.8288,1,3,1,3
16,32,10,ok,387072,900110721.02400005,71345111.039999992,817144897.53600001,0,11620712.447999999,1,2,1,5
16,32,11,ok,338688,866190727.98720014,68669669.375999987,785873236.68480003,0,11647821.9264,1,11,1,1
16,32,12,ok,310464,865821716.58239985,68669669.376000002,785598097.30559993,0,11553949.900800001,1,3,2,2
16,32,13,ok,338688,1023679951.2576001,81155063.807999983,928759279.7184,0,13765607.7312,1,13,1,1
16,32,14,ok,258048,844359824.17920005,66588770.30399999,766199975.11679995,0,11571078.758400002,1,2,1,7
16,32,15,ok,258048,915475636.2240001,71345111.039999992,831732940.79999995,0,12397584.384000001,1,1,1,15
16,32,16,ok,225792,840421687.29599988,66588770.303999998,761951089.45919991,0,11881827.5328,1,4,2,2
16,64,1,ok,7225344,1675984895.9999998,133177540.608,1523376919.3471997,0,19430436.044800002,1,1,1,1
16,64,2,ok,3612672,1675089051.6479998,133177540.608,1522809087.5903997,0,19102423.449600004,1,1,1,2
16,64,3,ok,2483712,1728737051.4431999,137339338.752,1571054182.1952,0,20343530.495999999,1,3,1,1
16,64,4,ok,1806336,1675472673.1775999,133177540.608,1522881960.3455999,0,19413172.223999999,1,2,1,2
16,64,5,ok,1467648,1702936406.0160003,135258439.67999998,1547324859.9040003,0,20353106.432,1,5,1,1
16,64,6,ok,1241856,1728190839.3983998,137339338.752,1570540339.8144,0,20311160.832000002,1,3,1,2
16,64,7,ok,1032192,1684691622.2976,133177540.60799998,1531634786.3039999,0,19879295.385600001,1,1,1,7
16,64,8,ok,903168,1676239916.2367997,133177540.608,1523027705.8559997,0,20034669.772800002,1,2,2,2
16,64,9,ok,887040,1857219770.8799999,147149291.51999998,1687908987.1872001,0,22161492.172800001,1,3,1,3
16,64,10,ok,733824,1702790810.1119998,135258439.67999998,1546893331.9679999,0,20639038.464000002,1,5,1,2
16,64,11,ok,677376,1730271537.5616,137339338.75199997,1571345673.2159998,0,21586525.593600005,1,11,1,1
16,64,12,ok,620928,1729341703.9872,137339338.752,1570758958.0799999,0,21243407.155200001,1,3,2,2
16,64,13,ok,564480,1704470892.1344004,135258439.68000001,1547616350.9248004,0,21596101.529600002,1,13,1,1
16,64,14,ok,516096,1686034297.6512001,133177540.60799998,1531889840.9472001,0,20966916.096000001,1,2,1,7
16,64,15,ok,516096,1828074110.9760001,142690222.07999998,1662919335.9360001,0,22464552.960000001,1,1,1,15
16,64,16,ok,451584,1677774402.3551998,133177540.608,1523319196.8767998,0,21277664.870400004,1,4,2,2
17,1,1,ok,50176,13447969.791999999,924844.03199999989,11596813.516799999,0,926312.24320000014,1,1,1,1
17,1,2,ok,25088,13581800.8576,924844.03199999989,11661589.2992,0,995367.52640000009,1,1,1,2
17,1,3,ok,17248,13920013.605600003,926650.36800000002,11853966.5112,0,1139396.7264,3,1,1,1
17,1,4,ok,12544,13819725.4144,924844.03199999989,11793772.953600001,0,1101108.4288000001,2,1,1,2
17,1,5,ok,10192,14201214.628,930263.03999999992,11916867.699999999,0,1354083.8880000003,5,1,1,1
17,1,6,ok,8624,14400295.267200001,932069.37599999993,12006798.422400001,0,1461427.4688000001,6,1,1,1
17,1,7,ok,7168,14491053.875199998,924844.03200000001,12225565.900799999,0,1340643.9424000003,1,1,1,7
17,1,8,ok,6272,14087387.545600001,924844.03199999989,11923324.5184,0,1239218.9952000002,2,1,1,4
17,1,9,ok,6272,14986655.013600001,926650.3679999999,12286162.504799999,0,1773842.1408000002,9,1,1,1
17,1,10,ok,5096,14756518.116,930263.03999999992,12402711.284,0,1423543.7920000004,5,1,2,1
17,1,11,ok,4704,15115536.418399999,933875.71199999982,12189926.047199998,0,1991734.6592000001,11,1,1,1
17,1,12,ok,4312,14901723.237600002,926650.36800000002,12628105.672800001,0,1346967.1968,3,1,4,1
17,1,13,ok,3920,15418044.512000002,939294.71999999986,12270725.292800002,0,2208024.4992000004,13,1,1,1
17,1,14,ok,3584,14728978.432,924844.03200000001,12357749.555199999,0,1446384.8448000003,2,1,1,7
17,1,15,ok,3640,15994940.898,996710.40000000002,13413467.945999999,0,1584762.5520000001,5,1,3,1
17,1,16,ok,3136,14563236.6592,924844.03199999989,12187691.827199999,0,1450700.8000000003,4,1,1,4
17,2,1,ok,100352,26762108.518399999,1849688.0639999998,23128851.251199998,0,1783569.2032000001,1,1,1,1
17,2,2,ok,50176,26895939.583999999,1849688.0639999998,23193627.033599999,0,1852624.4864000003,1,1,1,2
17,2,3,ok,34496,27511227.864,1853300.736,23448323.832000002,0,2209603.2960000001,3,1,1,1
17,2,4,ok,25088,27163601.7152,1849688.0639999998,23323178.5984,0,1990735.0528000002,1,2,1,2
17,2,5,ok,20384,28072348.040000007,1860526.0799999998,23573114.088000003,0,2638707.8720000004,5,1,1,1
17,2,6,ok,17248,27840027.211200006,1853300.736,23707933.022399999,0,2278793.4528000001,3,2,1,1
17,2,7,ok,14336,28045290.291200001,1849688.064,23997701.3248,0,2197900.9024,1,1,1,7
17,2,8,ok,12544,27639450.8288,1849688.0639999998,23587545.907200001,0,2202216.8576000002,2,1,1,4
17,2,9,ok,12544,29644510.68,1853300.7359999998,24312715.819199998,0,3478494.1248000003,9,1,1,1
17,2,10,ok,10192,28402429.256000001,1860526.0799999998,23833735.399999999,0,2708167.7760000005,5,2,1,1
17,2,11,ok,9408,29899709.751999989,1867751.4239999996,24118218.660799995,0,3913739.6672,11,1,1,1
17,2,12,ok,8624,28800590.534400001,1864138.7519999999,24013596.844800003,0,2922854.9376000003,6,2,1,1
17,2,13,ok,7840,30502803.136,1878589.4399999997,24278298.969600003,0,4345914.7264,13,1,1,1
17,2,14,ok,7168,28521139.404799998,1849688.064,24262068.633599997,0,2409382.7072000001,2,1,1,7
17,2,15,ok,7168,31378922.495999999,1981808.6400000001,26524305.408,0,2872808.4480000003,1,1,1,15
17,2,16,ok,6272,28174775.091200002,1849688.0639999998,23846649.036800001,0,2478437.9904000005,2,2,1,4
17,4,1,ok,200704,53230320.844799995,3699376.1279999996,46032861.593599997,0,3498083.1232000003,1,1,1,1
17,4,2,ok,100352,53364151.910400003,3699376.1279999996,46097637.376000002,0,3567138.4064000002,1,1,1,2
17,4,3,ok,68992,54693656.380800001,3706601.4720000001,46637038.4736,0,4350016.4352000002,3,1,1,1
17,4,4,ok,50176,53791879.167999998,3699376.1279999996,46387254.067199998,0,3705248.9728000006,1,2,1,2
17,4,5,ok,40768,55814614.864,3721052.1599999997,46885606.864,0,5207955.8399999999,5,1,1,1
17,4,6,ok,34496,55022455.728,3706601.4720000001,46896647.664000005,0,4419206.5920000002,3,2,1,1
17,4,7,ok,28672,54033307.23839999,3699376.128,46421516.287999995,0,3912414.8224000004,1,1,1,7
17,4,8,ok,25088,54327203.430399999,3699376.1279999996,46646357.196800001,0,3981470.1056000004,1,2,1,4
17,4,9,ok,25088,58960222.012800008,3706601.4719999996,48365822.448000006,0,6887798.0928000007,9,1,1,1
17,4,10,ok,20384,56144696.080000013,3721052.1599999997,47146228.176000006,0,5277415.7440000009,5,2,1,1
17,4,11,ok,18816,59468056.419199981,3735502.8479999993,47974803.887999989,0,7757749.6831999999,11,1,1,1
17,4,12,ok,17248,55680054.422400013,3706601.4720000001,47415866.044799998,0,4557586.9056000002,3,4,1,1
17,4,13,ok,15680,60672320.384000003,3757178.8799999994,48293446.323200002,0,8621695.1808000002,13,1,1,1
17,4,14,ok,14336,54970124.697599992,3699376.128,46874946.764799997,0,4395801.8048,1,1,2,7
17,4,15,ok,14336,58896562.175999992,3963617.2800000003,50223157.247999996,0,4709787.648,1,1,1,15
17,4,16,ok,12544,55278901.657600001,3699376.1279999996,47175091.814400002,0,4404433.7152000004,2,2,1,4
17,8,1,ok,401408,106326810.624,7398752.2559999991,92000947.404799998,0,6927110.963200001,1,1,1,1
17,8,2,ok,200704,106460641.68959999,7398752.2559999991,92065723.187199995,0,6996166.2464000005,1,1,1,2
17,8,3,ok,137984,109058513.41439998,7413202.9440000001,93014467.756799996,0,8630842.7136000004,3,1,1,1
17,8,4,ok,100352,106728303.82080001,7398752.2559999991,92195274.752000004,0,7134276.8128000004,1,2,1,2
17,8,5,ok,81536,111299148.51200001,7442104.3199999994,93510592.416000009,0,10346451.776000001,5,1,1,1
17,8,6,ok,68992,109387312.7616,7413202.9440000001,93274076.9472,0,8700032.8704000004,3,2,1,1
17,8,7,ok,57344,107129797.01759997,7398752.2560000001,92389602.09919998,0,7341442.6624000017,1,1,1,7
17,8,8,ok,50176,107583758.336,7398752.2559999991,92774508.134399995,0,7410497.9456000011,1,2,2,2
17,8,9,ok,50176,117591644.67839999,7413202.9439999992,96472035.705599993,0,13706406.028800001,9,1,1,1
17,8,10,ok,40768,111629229.728,7442104.3199999994,93771213.728,0,10415911.68,5,2,1,1
17,8,11,ok,37632,118604749.75359997,7471005.6959999986,95687974.342399985,0,15445769.7152,11,1,1,1
17,8,12,ok,34496,110044911.456,7413202.9440000001,93793295.328000009,0,8838413.1840000004,3,4,1,1
17,8,13,ok,31360,121011354.88,7514357.7599999988,96323741.030400008,0,17173256.089600001,13,1,1,1
17,8,14,ok,28672,108066614.47679998,7398752.2560000001,92843032.57599999,0,7824829.6448000008,1,2,1,7
17,8,15,ok,28672,115785658.36799997,7927234.5600000005,99474677.75999999,0,8383746.0480000004,1,1,1,15
17,8,16,ok,25088,108654406.8608,7398752.2559999991,93292714.393600002,0,7962940.2112000007,1,4,1,4
17,16,1,ok,802816,212519790.18239999,14797504.511999998,183937119.02719998,0,13785166.643200001,1,1,1,1
17,16,2,ok,401408,212653621.248,14797504.511999998,184001894.8096,0,13854221.926400002,1,1,1,2
17,16,3,ok,275968,217788227.48159999,14826405.888,185769326.32319999,0,17192495.270399999,3,1,1,1
17,16,4,ok,200704,212921283.37919998,14797504.511999998,184131446.37439999,0,13992332.492800001,1,2,1,2
17,16,5,ok,163072,222268215.808,14884208.639999999,186760563.52000001,0,20623443.648000002,5,1,1,1
17,16,6,ok,137984,218117026.82879996,14826405.888,186028935.51359999,0,17261685.427200001,3,2,1,1
17,16,7,ok,114688,213322776.57600001,14797504.512,184325773.7216,0,14199498.342400001,1,1,1,7
17,16,8,ok,100352,213456607.64160001,14797504.511999998,184390549.50400001,0,14268553.625600001,1,4,1,2
17,16,9,ok,100352,234854490.00959998,14826405.887999998,192684462.22079998,0,27343621.900800001,9,1,1,1
17,16,10,ok,81536,222598297.02400002,14884208.639999999,187021184.83200002,0,20692903.552000001,5,2,1,1
17,16,11,ok,75264,236878136.42239994,14942011.391999997,191114315.25119996,0,30821809.779200003,11,1,1,1
17,16,12,ok,68992,218774625.52320001,14826405.888,186548153.8944,0,17400065.740800001,3,4,1,1
17,16,13,ok,62720,241689423.87200001,15028715.519999998,192384330.44480002,0,34276377.907200001,13,1,1,1
17,16,14,ok,57344,214259594.03519994,14797504.512,184779204.19839996,0,14682885.324800003,1,2,1,7
17,16,15,ok,57344,229563850.75199994,15854469.120000001,197977718.78399998,0,15731662.848000003,1,1,1,15
17,16,16,ok,50176,215167516.67199999,14797504.511999998,185549016.26879999,0,14820995.891200002,1,4,2,2
17,32,1,ok,1605632,424905749.2992,29595009.023999996,367809462.27200001,0,27501278.003200002,1,1,1,1
17,32,2,ok,802816,425039580.36479998,29595009.023999996,367874238.05439997,0,27570333.286400001,1,1,1,2
17,32,3,ok,551936,435247655.61599994,29652811.776000001,371279043.45599997,0,34315800.384000003,3,1,1,1
17,32,4,ok,401408,425307242.49599999,29595009.023999996,368003789.61919999,0,27708443.852800004,1,2,1,2
17,32,5,ok,326144,444206350.4000001,29768417.279999997,373260505.72800004,0,41177427.392000005,5,1,1,1
17,32,6,ok,275968,435576454.96319997,29652811.776000001,371538652.64639997,0,34384990.540799998,3,2,1,1
17,32,7,ok,229376,425708735.69279993,29595009.024,368198116.96639997,0,27915609.702400003,1,1,1,7
17,32,8,ok,200704,425842566.75839996,29595009.023999996,368262892.74879998,0,27984664.985600002,1,4,1,2
17,32,9,ok,189728,449496468.56879997,30579462.143999998,383392619.15759993,0,35524387.267200001,3,3,1,1
17,32,10,ok,163072,444536431.616,29768417.279999997,373521127.04000002,0,41246887.296000004,5,2,1,1
17,32,11,ok,150528,440838719.69280005,30519853.055999998,381269778.8416,0,29049087.795200005,1,11,1,1
17,32,12,ok,137984,436234053.65759993,29652811.776000001,372057871.02719998,0,34523370.854400001,3,4,1,1
17,32,13,ok,125440,483045561.85600001,30057431.039999995,384505509.27360004,0,68482621.542400002,13,1,1,1
17,32,14,ok,114688,426645553.15200001,29595009.024,368651547.44319999,0,28398996.684800003,1,2,1,7
17,32,15,ok,112112,458737646.24400002,30698680.319999997,385437994.74000001,0,42600971.184,5,3,1,1
17,32,16,ok,100352,426913215.28320003,29595009.023999996,368781099.00800002,0,28537107.251200002,1,8,1,2
17,64,1,ok,3211264,849677667.53279996,59190018.047999993,735554148.76160002,0,54933500.723200008,1,1,1,1
17,64,2,ok,1605632,849811498.5984,59190018.047999993,735618924.54400003,0,55002556.006400004,1,1,1,2
17,64,3,ok,1103872,870166511.88479996,59305623.552000001,742298477.72159994,0,68562410.611200005,3,1,1,1
17,64,4,ok,802816,850079160.72959995,59190018.047999993,735748476.10879993,0,55140666.572800003,1,2,1,2
17,64,5,ok,652288,866088172.54399991,60114862.079999998,749906331.64799988,0,56066978.816,1,5,1,1
17,64,6,ok,551936,870495311.23199987,59305623.552000001,742558086.91199994,0,68631600.768000007,3,2,1,1
17,64,7,ok,458752,850480653.92639983,59190018.048,735942803.45599997,0,55347832.422400013,1,1,1,7
17,64,8,ok,401408,850614484.99199998,59190018.047999993,736007579.23839998,0,55416887.705600008,1,4,1,2
17,64,9,ok,379456,898006539.09599996,61158924.287999995,766006410.74399996,0,70841204.06400001,3,3,1,1
17,64,10,ok,326144,866757327.87199986,60114862.079999998,750230210.55999982,0,56412255.231999993,1,5,1,2
17,64,11,ok,301056,880205297.66400015,61039706.111999996,761827024.07680011,0,57338567.475200012,1,11,1,1
17,64,12,ok,275968,871152909.92639995,59305623.552000001,743077305.29279995,0,68769981.081599995,3,4,1,1
17,64,13,ok,250880,867158821.06879997,60114862.079999991,750424537.9072001,0,56619421.081600003,1,13,1,1
17,64,14,ok,229376,851417471.38559985,59190018.048,736396233.93279994,0,55831219.404800005,1,2,1,7
17,64,15,ok,224224,885072923.53200018,60232273.919999994,754931271.80400002,0,69909377.808000013,3,5,1,1
17,64,16,ok,200704,851685133.51679993,59190018.047999993,736525785.49759996,0,55969329.971200004,1,8,1,2
18,1,1,ok,100352,26188148.531199999,1849688.0639999998,23260010.803199999,0,1078449.6640000001,1,1,1,1
18,1,2,ok,50176,26404525.772799999,1849688.0639999998,23353383.321599998,0,1201454.3872000002,1,1,1,2
18,1,3,ok,34496,26880680.728800002,1853300.736,23569546.696800005,0,1457833.2960000001,3,1,1,1
18,1,4,ok,25088,26516184.268800002,1849688.0639999998,23746657.894400001,0,919838.31040000007,4,1,1,1
18,1,5,ok,20384,27380210.403999999,1860526.0799999998,23680729.844000001,0,1838954.4800000004,5,1,1,1
18,1,6,ok,17248,27148865.637600005,1853300.736,23699351.292000003,0,1596213.6096000001,3,1,2,1
18,1,7,ok,14336,27383093.9648,1849688.064,23656504.524799995,0,1876901.3760000002,1,1,7,1
18,1,8,ok,12544,26584162.713600002,1849688.0639999998,23784424.652800001,0,950049.99680000008,8,1,1,1
18,1,9,ok,12544,27266855.320800003,1853300.7359999998,24454214.114399999,0,959340.47040000011,9,1,1,1
18,1,10,ok,10192,27649440.868000001,1860526.0799999998,23811040.500000004,0,1977874.2880000002,5,1,2,1
18,1,11,ok,9408,29027021.487199999,1867751.4239999996,24183902.2392,0,2975367.824,11,1,1,1
18,1,12,ok,8624,28005990.962400008,1853300.736,24279715.989600003,0,1872974.2368000001,3,1,4,1
18,1,13,ok,7840,29547404.639999997,1878589.4399999997,24573592.159999996,0,3095223.04,13,1,1,1
18,1,14,ok,7168,27739980.800000004,1849688.064,23854780.0064,0,2035512.7296000002,2,1,7,1
18,1,15,ok,7280,29786168.609999999,1993420.8,25554522.666000001,0,2238225.1440000003,5,1,3,1
18,1,16,ok,6272,26720119.6032,1849688.0639999998,23859958.169599999,0,1010473.3696000001,16,1,1,1
18,2,1,ok,200704,52108634.931199998,3699376.1279999996,46390470.041599996,0,2018788.7616000001,1,1,1,1
18,2,2,ok,100352,52376297.062399998,3699376.1279999996,46520021.606399998,0,2156899.3280000002,1,1,2,1
18,2,3,ok,68992,53493176.548800007,3706601.4720000001,47009288.7984,0,2777286.2784000002,3,1,1,1
18,2,4,ok,50176,52764706.406399995,3699376.1279999996,47363764.223999999,0,1701566.0544000003,4,1,1,1
18,2,5,ok,40768,54491190.344000004,3721052.1599999997,47231149.032000005,0,3538989.1520000007,5,1,1,1
18,2,6,ok,34496,53761361.457600005,3706601.4720000001,47139093.393600009,0,2915666.5920000002,3,1,2,1
18,2,7,ok,28672,53572698.726399988,3699376.128,47086293.811199993,0,2787028.7872000006,1,1,7,1
18,2,8,ok,25088,52900663.295999996,3699376.1279999996,47439297.740800001,0,1761989.4272000003,8,1,1,1
18,2,9,ok,25088,54265525.732800007,3706601.4719999996,48778623.633600004,0,1780300.6272000002,9,1,1,1
18,2,10,ok,20384,54760420.807999998,3721052.1599999997,47361459.688000001,0,3677908.9600000009,5,1,2,1
18,2,11,ok,18816,57783766.955200002,3735502.8479999993,48236987.761600003,0,5811276.3456000006,11,1,1,1
18,2,12,ok,17248,54297731.275200009,3706601.4720000001,47398702.584000006,0,3192427.2192000002,3,2,2,1
18,2,13,ok,15680,58822964.927999988,3757178.8799999994,49015608.511999995,0,6050177.5360000003,13,1,1,1
18,2,14,ok,14336,53816644.403199993,3699376.128,47435980.390399992,0,2681287.8848000006,2,1,1,7
18,2,15,ok,14336,58932977.664000005,3963617.2800000003,50834135.039999992,0,4135225.3440000005,1,1,1,15
18,2,16,ok,12544,53168325.427200004,3699376.1279999996,47568849.305600002,0,1900099.9936000002,8,2,1,1
18,4,1,ok,401408,103870300.97920001,7398752.2559999991,92632505.139200002,0,3839043.5840000003,1,1,1,1
18,4,2,ok,200704,104137963.11039999,7398752.2559999991,92762056.703999996,0,3977154.1504000002,1,1,1,2
18,4,3,ok,137984,106170077.92320001,7413202.9440000001,94247033.328000009,0,4509841.6512000002,3,1,1,1
18,4,4,ok,100352,104712940.74879999,7398752.2559999991,93030601.52319999,0,4283586.9696000004,1,1,2,2
18,4,5,ok,81536,107374493.45600002,7442104.3199999994,94503914.960000008,0,5428474.1760000009,5,1,1,1
18,4,6,ok,68992,106557222.96000001,7413202.9440000001,94405162.991999999,0,4738857.0240000002,3,1,2,1
18,4,7,ok,57344,105482080.256,7398752.2560000001,93899007.999999985,0,4184320,1,1,1,7
18,4,8,ok,50176,105529412.81279999,7398752.2559999991,94727528.447999999,0,3403132.1088000005,4,2,1,1
18,4,9,ok,50176,108262866.55679998,7413202.9439999992,97427442.671999976,0,3422220.9408,9,1,1,1
18,4,10,ok,40768,107841990.8,7442104.3199999994,94681434.06400001,0,5718452.4160000011,5,1,2,1
18,4,11,ok,37632,111581899.5808,7471005.6959999986,95951086,0,8159807.8848000001,11,1,1,1
18,4,12,ok,34496,107403762.78720003,7413202.9440000001,94249861.718400016,0,5740698.1248000003,3,1,2,2
18,4,13,ok,31360,112949669.24799998,7514357.7599999988,96350730.112000003,0,9084581.3760000002,13,1,1,1
18,4,14,ok,28672,105759653.88800001,7398752.2560000001,93965099.827199996,0,4395801.8048,2,1,1,7
18,4,15,ok,28672,115308478.46399999,7927234.5600000005,101182451.71199998,0,6198792.1920000007,1,1,1,15
18,4,16,ok,25088,105801326.59199999,7398752.2559999991,94878595.481600001,0,3523978.8544000005,8,2,1,1
18,8,1,ok,802816,207472939.8272,14797504.511999998,185135458.71360001,0,7539976.6016000006,1,1,1,1
18,8,2,ok,401408,207740601.95840001,14797504.511999998,185265010.2784,0,7678087.1680000005,1,1,1,2
18,8,3,ok,275968,212071970.93760002,14826405.888,188364262.06080002,0,8881302.9888000004,3,1,1,1
18,8,4,ok,200704,208275926.22079998,14797504.511999998,185524113.40799999,0,7954308.3008000003,1,2,1,2
18,8,5,ok,163072,214479756.44800004,14884208.639999999,188877519.26400003,0,10718028.544,5,1,1,1
18,8,6,ok,137984,212340155.84640002,14826405.888,188494066.65600002,0,9019683.3024000004,3,2,1,1
18,8,7,ok,114688,209090525.59359998,14797504.512,186891155.04639995,0,7401866.0352000007,1,1,1,7
18,8,8,ok,100352,209425881.49759999,14797504.511999998,186061203.04639998,0,8567173.9392000008,1,2,2,2
18,8,9,ok,100352,216257548.20479995,14826405.887999998,194725080.74879998,0,6706061.568,9,1,1,1
18,8,10,ok,81536,214748986.91200003,14884208.639999999,189007829.92000002,0,10856948.352000002,5,2,1,1
18,8,11,ok,75264,222893523.14239997,14942011.391999997,191771355.28319997,0,16180156.4672,11,1,1,1
18,8,12,ok,68992,213114445.92000002,14826405.888,188810325.984,0,9477714.0480000004,3,2,2,1
18,8,13,ok,62720,225627494.14399999,15028715.519999998,192569884.41599998,0,18028894.208000001,13,1,1,1
18,8,14,ok,57344,209645672.8576,14797504.512,187023338.7008,0,7824829.6448000008,2,1,1,7
18,8,15,ok,57344,227817431.04000002,15854469.120000001,201637036.03200001,0,10325925.888,1,1,1,15
18,8,16,ok,50176,211058825.62559998,14797504.511999998,189455056.896,0,6806264.217600001,4,4,1,1
18,16,1,ok,1605632,414678217.52319998,29595009.023999996,370141365.8624,0,14941842.636800002,1,1,1,1
18,16,2,ok,802816,414945879.65439999,29595009.023999996,370270917.42720002,0,15079953.203200001,1,1,1,2
18,16,3,ok,551936,423875756.96640003,29652811.776000001,376598719.52640003,0,17624225.664000001,3,1,1,1
18,16,4,ok,401408,415481203.91680002,29595009.023999996,370530020.55680001,0,15356174.336000001,1,2,1,2
18,16,5,ok,326144,428690282.43200004,29768417.279999997,377624727.87200004,0,21297137.280000001,5,1,1,1
18,16,6,ok,275968,424143941.87520003,29652811.776000001,376728524.12160003,0,17762605.977600001,3,2,1,1
18,16,7,ok,229376,416307416.26879996,29595009.024,372875449.13919997,0,13836958.105600003,1,1,1,7
18,16,8,ok,200704,416551852.44159997,29595009.023999996,371048226.81599998,0,15908616.601600001,1,4,1,2
18,16,9,ok,200704,432246911.50079995,29652811.775999997,389320356.90240002,0,13273742.8224,9,1,1,1
18,16,10,ok,163072,428959512.89600009,29768417.279999997,377755038.52800006,0,21436057.088,5,2,1,1
18,16,11,ok,150528,445516770.26559991,29884022.783999994,383411893.84959996,0,32220853.631999999,11,1,1,1
18,16,12,ok,137984,424680311.69280005,29652811.776000001,376988133.31200004,0,18039366.604800001,3,4,1,1
18,16,13,ok,125440,450983143.93599999,30057431.039999995,385008193.02399999,0,35917519.872000001,13,1,1,1
18,16,14,ok,114688,417417710.79680002,29595009.024,373139816.44800001,0,14682885.324800003,2,1,1,7
18,16,15,ok,114688,451619930.11200005,31708938.240000002,401330798.59200001,0,18580193.280000001,1,1,1,15
18,16,16,ok,100352,418851762.99519998,29595009.023999996,372122406.09279996,0,17134347.878400002,1,4,2,2
18,32,1,ok,3211264,829088772.9152,59190018.047999993,740153180.15999997,0,29745574.707200002,1,1,1,1
18,32,2,ok,1605632,829356435.04639995,59190018.047999993,740282731.72479999,0,29883685.273600005,1,1,1,2
18,32,3,ok,1103872,847483329.02400005,59305623.552000001,753067634.4576,0,35110071.014399998,3,1,1,1
18,32,4,ok,802816,829891759.30879998,59190018.047999993,740541834.85440004,0,30159906.406400003,1,2,1,2
18,32,5,ok,652288,857111334.39999998,59536834.559999995,755119145.08800006,0,42455354.752000004,5,1,1,1
18,32,6,ok,551936,847751513.93280005,59305623.552000001,753197439.05280006,0,35248451.328000002,3,2,1,1
18,32,7,ok,458752,830741197.61919999,59190018.048,744844037.32480001,0,26707142.246400002,1,1,1,7
18,32,8,ok,401408,830962407.83360004,59190018.047999993,741060041.11360002,0,30712348.672000002,1,4,1,2
18,32,9,ok,379456,879016916.78640008,61158924.287999995,773900903.13839996,0,43957089.360000007,3,3,1,1
18,32,10,ok,326144,857380564.86400008,59536834.559999995,755249455.74400008,0,42594274.560000002,5,2,1,1
18,32,11,ok,301056,858320334.64320004,61039706.111999996,764730222.08000004,0,32550406.451200005,1,11,1,1
18,32,12,ok,275968,848287883.75040007,59305623.552000001,753457048.24320006,0,35525211.955200002,3,4,1,1
18,32,13,ok,250880,901694443.51999986,60114862.079999991,769884810.24000001,0,71694771.200000003,13,1,1,1
18,32,14,ok,229376,832614832.53759992,59190018.048,745750898.27839994,0,27673916.211200006,1,2,1,7
18,32,15,ok,224224,895470029.41200006,61397360.639999993,777554765.17200005,0,56517903.600000001,5,3,1,1
18,32,16,ok,200704,833103704.88319993,59190018.047999993,742096453.63199997,0,31817233.203200001,1,8,1,2
18,64,1,ok,6422528,1657909883.6991999,118380036.09599999,1480176808.7551999,0,59353038.848000005,1,1,1,1
18,64,2,ok,3211264,1658177545.8304,118380036.09599999,1480306360.3199999,0,59491149.414400004,1,1,1,2
18,64,3,ok,2207744,1694698473.1391997,118611247.104,1506005464.3199999,0,70081761.715200007,3,1,1,1
18,64,4,ok,1605632,1658712870.0927999,118380036.09599999,1480565463.4496,0,59767370.547200009,1,2,1,2
18,64,5,ok,1304576,1686169926.6560001,120229724.16,1504127608.3199999,0,61812594.175999999,1,5,1,1
18,64,6,ok,1103872,1694966658.0480001,118611247.104,1506135268.9152,0,70220142.028799996,3,2,1,1
18,64,7,ok,917504,1659608760.3199999,118380036.096,1488781213.6959999,0,52447510.528000005,1,1,1,7
18,64,8,ok,802816,1659783518.6176,118380036.09599999,1481083669.7088001,0,60319812.812800005,1,4,1,2
18,64,9,ok,758912,1757229278.8464003,122317848.57599999,1547412392.4912,0,87499037.779200003,3,3,1,1
18,64,10,ok,652288,1687508237.312,120229724.16,1504775366.1440001,0,62503147.008000001,1,5,2,1
18,64,11,ok,602112,1713696385.8432,122079412.22399999,1528035376.9471998,0,63581596.672000006,1,11,1,1
18,64,12,ok,551936,1695503027.8656001,118611247.104,1506394878.1056001,0,70496902.656000003,3,4,1,1
18,64,13,ok,501760,1688311223.7055998,120229724.15999998,1505164020.8383999,0,62917478.707200006,1,13,1,1
18,64,14,ok,458752,1661482395.2384,118380036.096,1489688074.6496,0,53414284.492800005,1,2,1,7
18,64,15,ok,448448,1731153152.8439999,120464547.83999999,1524232259.5799999,0,86456345.42400001,3,5,1,1
18,64,16,ok,401408,1661924815.6672001,118380036.09599999,1482120082.2272,0,61424697.344000004,1,8,1,2
19,1,1,ok,12544,70085.836800000005,70085.836800000005,0,0,0,1,1,1,1
19,1,2,ok,6272,70085.836800000005,70085.836800000005,0,0,0,1,1,1,2
19,1,3,ok,4190,70222.723200000008,70222.723200000008,0,0,0,3,1,1,1
19,1,4,ok,3136,70085.836800000005,70085.836800000005,0,0,0,2,1,1,2
19,1,5,ok,2524,70496.496000000014,70496.496000000014,0,0,0,5,1,1,1
19,1,6,ok,2095,70222.723200000008,70222.723200000008,0,0,0,3,1,1,2
19,1,7,ok,1792,70085.83679999999,70085.83679999999,0,0,0,1,1,1,7
19,1,8,ok,1568,70085.836800000005,70085.836800000005,0,0,0,2,1,2,2
19,1,9,ok,1397,70222.723200000008,70222.723200000008,0,0,0,9,1,1,1
19,1,10,ok,1262,70496.496000000014,70496.496000000014,0,0,0,5,1,1,2
19,1,11,ok,1152,70770.268800000005,70770.268800000005,0,0,0,11,1,1,1
19,1,12,ok,1048,70222.723200000008,70222.723200000008,0,0,0,3,1,2,2
19,1,13,ok,980,71180.928,71180.928,0,0,0,13,1,1,1
19,1,14,ok,896,70085.83679999999,70085.83679999999,0,0,0,2,1,1,7
19,1,15,ok,858,71865.360000000001,71865.360000000001,0,0,0,15,1,1,1
19,1,16,ok,784,70085.836800000005,70085.836800000005,0,0,0,4,1,2,2
19,2,1,ok,25088,140171.67360000001,140171.67360000001,0,0,0,1,1,1,1
19,2,2,ok,12544,140171.67360000001,140171.67360000001,0,0,0,1,1,1,2
19,2,3,ok,8379,140445.44640000002,140445.44640000002,0,0,0,3,1,1,1
19,2,4,ok,6272,140171.67360000001,140171.67360000001,0,0,0,1,2,1,2
19,2,5,ok,5047,140992.99200000003,140992.99200000003,0,0,0,5,1,1,1
19,2,6,ok,4190,140445.44640000002,140445.44640000002,0,0,0,3,1,1,2
19,2,7,ok,3584,140171.67359999998,140171.67359999998,0,0,0,1,1,1,7
19,2,8,ok,3136,140171.67360000001,140171.67360000001,0,0,0,1,2,2,2
19,2,9,ok,2793,140445.44640000002,140445.44640000002,0,0,0,9,1,1,1
19,2,10,ok,2524,140992.99200000003,140992.99200000003,0,0,0,5,1,1,2
19,2,11,ok,2303,141540.53760000001,141540.53760000001,0,0,0,11,1,1,1
19,2,12,ok,2095,140445.44640000002,140445.44640000002,0,0,0,3,1,2,2
19,2,13,ok,1960,142361.856,142361.856,0,0,0,13,1,1,1
19,2,14,ok,1792,140171.67359999998,140171.67359999998,0,0,0,1,2,1,7
19,2,15,ok,1715,143730.72,143730.72,0,0,0,15,1,1,1
19,2,16,ok,1568,140171.67360000001,140171.67360000001,0,0,0,2,2,2,2
19,4,1,ok,50176,280343.34720000002,280343.34720000002,0,0,0,1,1,1,1
19,4,2,ok,25088,280343.34720000002,280343.34720000002,0,0,0,1,1,1,2
19,4,3,ok,16758,280890.89280000003,280890.89280000003,0,0,0,3,1,1,1
19,4,4,ok,12544,280343.34720000002,280343.34720000002,0,0,0,1,2,1,2
19,4,5,ok,10094,281985.98400000005,281985.98400000005,0,0,0,5,1,1,1
19,4,6,ok,8379,280890.89280000003,280890.89280000003,0,0,0,3,1,1,2
19,4,7,ok,7168,280343.34719999996,280343.34719999996,0,0,0,1,1,1,7
19,4,8,ok,6272,280343.34720000002,280343.34720000002,0,0,0,1,2,2,2
19,4,9,ok,5586,280890.89280000003,280890.89280000003,0,0,0,9,1,1,1
19,4,10,ok,5047,281985.98400000005,281985.98400000005,0,0,0,5,1,1,2
19,4,11,ok,4606,283081.07520000002,283081.07520000002,0,0,0,11,1,1,1
19,4,12,ok,4190,280890.89280000003,280890.89280000003,0,0,0,3,1,2,2
19,4,13,ok,3920,284723.712,284723.712,0,0,0,13,1,1,1
19,4,14,ok,3584,280343.34719999996,280343.34719999996,0,0,0,1,2,1,7
19,4,15,ok,3430,287461.44,287461.44,0,0,0,15,1,1,1
19,4,16,ok,3136,280343.34720000002,280343.34720000002,0,0,0,2,2,2,2
19,8,1,ok,100352,560686.69440000004,560686.69440000004,0,0,0,1,1,1,1
19,8,2,ok,50176,560686.69440000004,560686.69440000004,0,0,0,1,1,1,2
19,8,3,ok,33516,561781.78560000006,561781.78560000006,0,0,0,3,1,1,1
19,8,4,ok,25088,560686.69440000004,560686.69440000004,0,0,0,1,2,1,2
19,8,5,ok,20188,563971.96800000011,563971.96800000011,0,0,0,5,1,1,1
19,8,6,ok,16758,561781.78560000006,561781.78560000006,0,0,0,3,1,1,2
19,8,7,ok,14336,560686.69439999992,560686.69439999992,0,0,0,1,1,1,7
19,8,8,ok,12544,560686.69440000004,560686.69440000004,0,0,0,1,2,2,2
19,8,9,ok,11172,561781.78560000006,561781.78560000006,0,0,0,9,1,1,1
19,8,10,ok,10094,563971.96800000011,563971.96800000011,0,0,0,5,1,1,2
19,8,11,ok,9212,566162.15040000004,566162.15040000004,0,0,0,11,1,1,1
19,8,12,ok,8379,561781.78560000006,561781.78560000006,0,0,0,3,1,2,2
19,8,13,ok,7840,569447.424,569447.424,0,0,0,13,1,1,1
19,8,14,ok,7168,560686.69439999992,560686.69439999992,0,0,0,1,2,1,7
19,8,15,ok,6860,574922.88,574922.88,0,0,0,15,1,1,1
19,8,16,ok,6272,560686.69440000004,560686.69440000004,0,0,0,2,2,2,2
19,16,1,ok,200704,1121373.3888000001,1121373.3888000001,0,0,0,1,1,1,1
19,16,2,ok,100352,1121373.3888000001,1121373.3888000001,0,0,0,1,1,1,2
19,16,3,ok,67032,1123563.5712000001,1123563.5712000001,0,0,0,3,1,1,1
19,16,4,ok,50176,1121373.3888000001,1121373.3888000001,0,0,0,1,2,1,2
19,16,5,ok,40376,1127943.9360000002,1127943.9360000002,0,0,0,5,1,1,1
19,16,6,ok,33516,1123563.5712000001,1123563.5712000001,0,0,0,3,1,1,2
19,16,7,ok,28672,1121373.3887999998,1121373.3887999998,0,0,0,1,1,1,7
19,16,8,ok,25088,1121373.3888000001,1121373.3888000001,0,0,0,1,2,2,2
19,16,9,ok,22344,1123563.5712000001,1123563.5712000001,0,0,0,9,1,1,1
19,16,10,ok,20188,1127943.9360000002,1127943.9360000002,0,0,0,5,1,1,2
19,16,11,ok,18424,1132324.3008000001,1132324.3008000001,0,0,0,11,1,1,1
19,16,12,ok,16758,1123563.5712000001,1123563.5712000001,0,0,0,3,1,2,2
19,16,13,ok,15680,1138894.848,1138894.848,0,0,0,13,1,1,1
19,16,14,ok,14336,1121373.3887999998,1121373.3887999998,0,0,0,1,2,1,7
19,16,15,ok,13720,1149845.76,1149845.76,0,0,0,15,1,1,1
19,16,16,ok,12544,1121373.3888000001,1121373.3888000001,0,0,0,2,2,2,2
19,32,1,ok,401408,2242746.7776000001,2242746.7776000001,0,0,0,1,1,1,1
19,32,2,ok,200704,2242746.7776000001,2242746.7776000001,0,0,0,1,1,1,2
19,32,3,ok,134064,2247127.1424000002,2247127.1424000002,0,0,0,3,1,1,1
19,32,4,ok,100352,2242746.7776000001,2242746.7776000001,0,0,0,1,2,1,2
19,32,5,ok,80752,2255887.8720000004,2255887.8720000004,0,0,0,5,1,1,1
19,32,6,ok,67032,2247127.1424000002,2247127.1424000002,0,0,0,3,1,1,2
19,32,7,ok,57344,2242746.7775999997,2242746.7775999997,0,0,0,1,1,1,7
19,32,8,ok,50176,2242746.7776000001,2242746.7776000001,0,0,0,1,2,2,2
19,32,9,ok,44688,2247127.1424000002,2247127.1424000002,0,0,0,9,1,1,1
19,32,10,ok,40376,2255887.8720000004,2255887.8720000004,0,0,0,5,1,1,2
19,32,11,ok,36848,2264648.6016000002,2264648.6016000002,0,0,0,11,1,1,1
19,32,12,ok,33516,2247127.1424000002,2247127.1424000002,0,0,0,3,1,2,2
19,32,13,ok,31360,2277789.696,2277789.696,0,0,0,13,1,1,1
19,32,14,ok,28672,2242746.7775999997,2242746.7775999997,0,0,0,1,2,1,7
19,32,15,ok,27440,2299691.52,2299691.52,0,0,0,15,1,1,1
19,32,16,ok,25088,2242746.7776000001,2242746.7776000001,0,0,0,2,2,2,2
19,64,1,ok,802816,4485493.5552000003,4485493.5552000003,0,0,0,1,1,1,1
19,64,2,ok,401408,4485493.5552000003,4485493.5552000003,0,0,0,1,1,1,2
19,64,3,ok,268128,4494254.2848000005,4494254.2848000005,0,0,0,3,1,1,1
19,64,4,ok,200704,4485493.5552000003,4485493.5552000003,0,0,0,1,2,1,2
19,64,5,ok,161504,4511775.7440000009,4511775.7440000009,0,0,0,5,1,1,1
19,64,6,ok,134064,4494254.2848000005,4494254.2848000005,0,0,0,3,1,1,2
19,64,7,ok,114688,4485493.5551999994,4485493.5551999994,0,0,0,1,1,1,7
19,64,8,ok,100352,4485493.5552000003,4485493.5552000003,0,0,0,1,2,2,2
19,64,9,ok,89376,4494254.2848000005,4494254.2848000005,0,0,0,9,1,1,1
19,64,10,ok,80752,4511775.7440000009,4511775.7440000009,0,0,0,5,1,1,2
19,64,11,ok,73696,4529297.2032000003,4529297.2032000003,0,0,0,11,1,1,1
19,64,12,ok,67032,4494254.2848000005,4494254.2848000005,0,0,0,3,1,2,2
19,64,13,ok,62720,4555579.392,4555579.392,0,0,0,1,13,1,1
19,64,14,ok,57344,4485493.5551999994,4485493.5551999994,0,0,0,1,2,1,7
19,64,15,ok,54464,4564477.0080000004,4564477.0080000004,0,0,0,3,5,1,1
19,64,16,ok,50176,4485493.5552000003,4485493.5552000003,0,0,0,2,2,2,2
20,1,1,ok,50176,12778948.095999999,924844.03199999989,11174206.1568,0,679897.90720000002,1,1,1,1
20,1,2,ok,25088,12912779.161600001,924844.03199999989,11238981.939200001,0,748953.19040000008,1,1,2,1
20,1,3,ok,17920,14087031.552000001,990904.32000000007,12234487.1424,0,861640.08960000006,1,1,3,1
20,1,4,ok,12544,13180441.2928,924844.03199999989,11368533.504000001,0,887063.75680000009,1,1,4,1
20,1,5,ok,10752,14274661.119999999,990904.31999999983,12284006.143999998,0,999750.65600000019,1,1,5,1
20,1,6,ok,8960,14488524.748800002,990904.32000000007,12428814.489599999,0,1068805.9392000001,1,1,6,1
20,1,7,ok,7168,13598396.313599998,924844.03200000001,11579322.675199999,0,1094229.6064000002,1,1,1,7
20,1,8,ok,6272,13723661.823999999,924844.03199999989,11635532.9024,0,1163284.8896000001,1,1,2,4
20,1,9,ok,6400,15731195.673599999,1061683.2,13346792.524799999,0,1322719.9488000001,1,1,3,3
20,1,10,ok,5376,14869461.76,990904.31999999983,12425631.487999998,0,1452925.952,2,1,5,1
20,1,11,ok,5376,16371161.5232,1089994.7519999999,13801636.991999999,0,1479529.7792,1,1,1,11
20,1,12,ok,4480,15083325.388800003,990904.32000000007,12570439.8336,0,1521981.2352,2,1,6,1
20,1,13,ok,6272,21152195.48,939294.71999999986,14453424.939200001,0,5759475.8208000008,13,1,1,1
20,1,14,ok,3584,14195140.915199999,924844.03200000001,11692680.294400001,0,1577616.5888000003,1,1,2,7
20,1,15,ok,3584,15209079.551999999,990904.32000000007,12527871.744000001,0,1690303.4880000001,1,1,1,15
20,1,16,ok,3136,14405655.6544,924844.03199999989,11765084.4672,0,1715727.1552000002,1,1,4,4
20,2,1,ok,100352,25424065.126399998,1849688.0639999998,22283636.531199999,0,1290740.5312000001,1,1,1,1
20,2,2,ok,50176,25557896.191999998,1849688.0639999998,22348412.3136,0,1359795.8144,1,1,2,1
20,2,3,ok,35840,27772569.907200001,1981808.6400000001,24274646.937599998,0,1516114.3295999998,1,1,3,1
20,2,4,ok,25088,25825558.323200002,1849688.0639999998,22477963.878400002,0,1497906.3808000002,1,2,2,1
20,2,5,ok,21504,27880166.911999997,1981808.6399999997,24244133.375999998,0,1654224.8959999999,1,1,5,1
20,2,6,ok,17920,28174063.104000002,1981808.6400000001,24468974.2848,0,1723280.1792000001,1,2,3,1
20,2,7,ok,14336,26600048.025600001,1849688.064,23045287.731200002,0,1705072.2304000002,1,1,1,7
20,2,8,ok,12544,26360882.5856,1849688.0639999998,22737067.008000001,0,1774127.5136000002,1,2,4,1
20,2,9,ok,12800,30695148.288000003,2123366.3999999999,26547839.5392,0,2023942.3488000003,1,1,3,3
20,2,10,ok,10752,28549322.239999998,1981808.6399999997,24568012.287999995,0,1999501.3120000004,1,2,5,1
20,2,11,ok,10752,31804581.529600002,2179989.5039999997,27425140.582400002,0,2199451.4432000006,1,1,1,11
20,2,12,ok,8960,28977049.497600004,1981808.6400000001,24857628.979199998,0,2137611.8784000003,1,2,6,1
20,2,13,ok,12544,42168468.784000002,1878589.4399999997,28841061.974400003,0,11448817.369600002,13,1,1,1
20,2,14,ok,7168,27196792.627199996,1849688.064,23158645.350399997,0,2188459.2128000003,1,2,1,7
20,2,15,ok,7168,29139420.671999998,1981808.6400000001,24812834.303999998,0,2344777.7280000001,1,1,1,15
20,2,16,ok,6272,27447323.647999998,1849688.0639999998,23271065.8048,0,2326569.7792000002,1,2,2,4
20,4,1,ok,200704,50554234.060800001,3699376.1279999996,44342432.1536,0,2512425.7792000002,1,1,1,1
20,4,2,ok,100352,50688065.126400001,3699376.1279999996,44407207.936000004,0,2581481.0624000002,1,1,1,2
20,4,3,ok,71680,54423353.548800007,3963617.2800000003,47634673.459199995,0,2825062.8096000003,1,1,1,3
20,4,4,ok,50176,51115792.383999996,3699376.1279999996,44696824.6272,0,2719591.6288000001,1,2,2,1
20,4,5,ok,43008,54691015.68,3963617.2799999993,47764225.023999996,0,2963173.3760000002,1,1,1,5
20,4,6,ok,35840,55064944.435200006,3963617.2800000003,48069098.495999999,0,3032228.6591999996,1,1,2,3
20,4,7,ok,28672,51357220.454400003,3699376.128,44731086.848000005,0,2926757.4784000004,1,1,1,7
20,4,8,ok,25088,51651116.646400005,3699376.1279999996,44955927.756800003,0,2995812.7616000003,1,2,4,1
20,4,9,ok,25600,59239392.767999992,4246732.7999999998,51566272.819199994,0,3426387.1488000001,1,1,3,3
20,4,10,ok,21504,55760333.823999994,3963617.2799999993,48488266.751999997,0,3308449.7919999999,1,2,5,1
20,4,11,ok,21504,61336367.206399992,4359979.0079999994,53337093.427199997,0,3639294.7711999998,1,1,1,11
20,4,12,ok,17920,56348126.208000004,3963617.2800000003,48937948.569600001,0,3446560.3584000003,1,4,3,1
20,4,13,ok,25088,84038449.247999996,3757178.8799999994,57453769.900799997,0,22827500.467200004,13,1,1,1
20,4,14,ok,14336,52294037.913600005,3699376.128,45184517.3248,0,3410144.4608000005,1,1,2,7
20,4,15,ok,14336,56029326.33600001,3963617.2800000003,48411982.848000005,0,3653726.2080000006,1,1,1,15
20,4,16,ok,12544,52721765.1712,3699376.1279999996,45474134.016000003,0,3548255.0272000004,1,4,4,1
20,8,1,ok,401408,100974637.05599999,7398752.2559999991,88620088.524800003,0,4955796.2752,1,1,1,1
20,8,2,ok,200704,101108468.1216,7398752.2559999991,88684864.3072,0,5024851.5584000004,1,1,1,2
20,8,3,ok,143360,108445213.90080002,7927234.5600000005,95075019.571199998,0,5442959.7696000002,1,1,1,3
20,8,4,ok,100352,101376130.2528,7398752.2559999991,88814415.872000009,0,5162962.1248000003,1,2,1,2
20,8,5,ok,86016,108712876.03200001,7927234.5599999987,95204571.135999992,0,5581070.3360000011,1,1,1,5
20,8,6,ok,71680,108846707.09760001,7927234.5600000005,95269346.91839999,0,5650125.6192000005,1,2,1,3
20,8,7,ok,57344,101777623.44960001,7398752.2560000001,89008743.2192,0,5370127.9744000006,1,1,1,7
20,8,8,ok,50176,102231584.76799999,7398752.2559999991,89393649.2544,0,5439183.2576000001,1,2,2,2
20,8,9,ok,50176,115010532.86399999,8323596.2879999988,100567855.4112,0,6119081.1648000004,1,9,1,1
20,8,10,ok,43008,109382031.36,7927234.5599999987,95528450.047999993,0,5926346.7520000003,1,2,1,5
20,8,11,ok,43008,121200592.69119999,8719958.0159999989,105961653.24799998,0,6518981.4272000007,1,1,1,11
20,8,12,ok,35840,110129888.87040001,7927234.5600000005,96138196.991999999,0,6064457.3183999993,1,2,2,3
20,8,13,ok,50176,167940976.31999999,7514357.7599999988,114841751.89760001,0,45584866.662400007,13,1,1,1
20,8,14,ok,28672,102714440.90880001,7398752.2560000001,89462173.69600001,0,5853514.9568000007,1,2,1,7
20,8,15,ok,28672,110051186.68800001,7927234.5600000005,95852328.960000008,0,6271623.1680000005,1,1,1,15
20,8,16,ok,25088,103302233.29280001,7398752.2559999991,89911855.513600007,0,5991625.5232000006,1,4,4,1
20,16,1,ok,802816,201815443.04639998,14797504.511999998,177175401.26719999,0,9842537.2672000006,1,1,1,1
20,16,2,ok,401408,201949274.11199999,14797504.511999998,177240177.04960001,0,9911592.5504000001,1,1,1,2
20,16,3,ok,286720,216488934.60479999,15854469.120000001,189955711.79520002,0,10678753.689599998,1,1,1,3
20,16,4,ok,200704,202216936.2432,14797504.511999998,177369728.6144,0,10049703.116800001,1,2,1,2
20,16,5,ok,172032,216756596.736,15854469.119999997,190085263.35999998,0,10816864.256000001,1,1,1,5
20,16,6,ok,143360,216890427.80160004,15854469.120000001,190150039.1424,0,10885919.5392,1,2,1,3
20,16,7,ok,114688,202618429.44,14797504.512,177564055.96160001,0,10256868.966400001,1,1,1,7
20,16,8,ok,100352,202752260.50560001,14797504.511999998,177628831.74400002,0,10325924.249600001,1,4,1,2
20,16,9,ok,100352,228816586.13759997,16647192.575999998,200552728.78079998,0,11616664.7808,1,9,1,1
20,16,10,ok,86016,217425752.06400001,15854469.119999997,190409142.27199998,0,11162140.672000002,1,2,1,5
20,16,11,ok,86016,240929043.66080001,17439916.031999998,211210772.88959998,0,12278354.739200002,1,1,1,11
20,16,12,ok,71680,217693414.19520003,15854469.120000001,190538693.83679998,0,11300251.238400001,1,4,1,3
20,16,13,ok,100352,335746030.46399999,15028715.519999998,229617715.89119998,0,91099599.052800015,13,1,1,1
20,16,14,ok,57344,203555246.89920002,14797504.512,178017486.4384,0,10740255.948800001,1,2,1,7
20,16,15,ok,57344,218094907.39200002,15854469.120000001,190733021.18400002,0,11507417.088000001,1,1,1,15
20,16,16,ok,50176,204463169.53599998,14797504.511999998,178787298.5088,0,10878366.5152,1,4,2,2
20,32,1,ok,1605632,403497055.02720004,29595009.023999996,354286026.75200003,0,19616019.251200002,1,1,1,1
20,32,2,ok,802816,403630886.09279996,29595009.023999996,354350802.53439999,0,19685074.534400001,1,1,1,2
20,32,3,ok,551936,417690355.20000005,30519853.056000002,366805529.70239997,0,20364972.441600002,1,3,1,1
20,32,4,ok,401408,403898548.22399998,29595009.023999996,354480354.09920001,0,19823185.1008,1,2,1,2
20,32,5,ok,344064,432844038.14400005,31708938.239999995,379846647.80799997,0,21288452.096000001,1,1,1,5
20,32,6,ok,275968,418091848.39680004,30519853.056000002,366999857.04960001,0,20572138.291200005,1,3,2,1
20,32,7,ok,229376,404300041.42079997,29595009.024,354674681.44639999,0,20030350.950400002,1,1,1,7
20,32,8,ok,200704,404433872.48640001,29595009.023999996,354739457.2288,0,20099406.233600002,1,4,1,2
20,32,9,ok,197120,452827245.31200004,32699842.559999999,397908255.28320003,0,22219147.468800001,1,3,3,1
20,32,10,ok,172032,433513193.472,31708938.239999995,380170526.71999997,0,21633728.512000002,1,2,1,5
20,32,11,ok,150528,418761003.72479999,30519853.055999998,367323735.96160001,0,20917414.707200006,1,11,1,1
20,32,12,ok,137984,418894834.79040003,30519853.056000002,367388511.74399996,0,20986469.990400001,1,3,4,1
20,32,13,ok,150528,494899368.03840005,36068917.247999996,434109869.77280003,0,24720581.017600004,1,13,1,1
20,32,14,ok,114688,405236858.88,29595009.024,355128111.92320001,0,20513737.932800002,1,2,1,7
20,32,15,ok,114688,434182348.80000001,31708938.240000002,380494405.63200003,0,21979004.928000003,1,1,1,15
20,32,16,ok,100352,405504521.01120001,29595009.023999996,355257663.48800004,0,20651848.499200001,1,8,1,2
20,64,1,ok,3211264,806860278.98880005,59190018.047999993,708507277.72160006,0,39162983.2192,1,1,1,1
20,64,2,ok,1605632,806994110.05440009,59190018.047999993,708572053.50400007,0,39232038.502400003,1,1,1,2
20,64,3,ok,1103872,834979217.20319986,61039706.112000003,733416732.0575999,0,40522779.033600003,1,3,1,1
20,64,4,ok,802816,807261772.18559992,59190018.047999993,708701605.06879997,0,39370149.068800002,1,2,1,2
20,64,5,ok,652288,822601762.30400014,60114862.079999998,722436853.24800003,0,40050046.976000004,1,5,1,1
20,64,6,ok,551936,835380710.4000001,61039706.112000003,733611059.40479994,0,40729944.883200005,1,3,2,1
20,64,7,ok,458752,807663265.38240004,59190018.048,708895932.41600001,0,39577314.918400005,1,1,1,7
20,64,8,ok,401408,807797096.44799995,59190018.047999993,708960708.19840002,0,39646370.2016,1,4,1,2
20,64,9,ok,394240,904450011.03359997,65399685.119999997,795233528.52480006,0,43816797.388800003,1,3,3,1
20,64,10,ok,326144,823270917.63199997,60114862.079999998,722760732.15999985,0,40395323.392000005,1,5,2,1
20,64,11,ok,301056,836049865.72799993,61039706.111999996,733934938.3168,0,41075221.299200006,1,11,1,1
20,64,12,ok,275968,836183696.79360008,61039706.112000003,733999714.09920001,0,41144276.582400009,1,3,4,1
20,64,13,ok,250880,823672410.82879996,60114862.079999991,722955059.5072,0,40602489.241600007,1,13,1,1
20,64,14,ok,229376,808600082.84159994,59190018.048,709349362.89279997,0,40060701.900800005,1,2,1,7
20,64,15,ok,229376,866357231.61599994,63417876.480000004,760017174.528,0,42922180.608000003,1,1,1,15
20,64,16,ok,200704,808867744.97280002,59190018.047999993,709478914.4576,0,40198812.467200004,1,8,1,2
21,1,1,ok,112896,26376077.721599996,2080899.0719999999,23838631.423999995,0,456547.22560000001,1,1,1,1
21,1,2,ok,56448,26550893.875199996,2080899.0719999999,23865626.111999996,0,604368.6912,1,1,1,2
21,1,3,ok,40320,28688969.779200003,2229534.7199999997,25678719.129599996,0,780715.92959999992,1,1,1,3
21,1,4,ok,28224,26788818.431999996,2080899.0719999999,23997809.766399994,0,710109.59360000002,2,1,1,2
21,1,5,ok,24192,29027572.992000002,2229534.7199999997,25706573.568000004,0,1091464.7040000001,1,1,1,5
21,1,6,ok,20160,28943888.9472,2229534.7199999997,25820344.4736,0,894009.75359999994,2,1,1,3
21,1,7,ok,16128,27645002.649600003,2080899.0719999997,24182862.950400002,0,1381240.6272,1,1,1,7
21,1,8,ok,14112,27172439.961599998,2080899.0719999999,24070682.521599997,0,1020858.368,2,1,2,2
21,1,9,ok,14112,29766349.908,2194698.2399999998,26054029.591200002,0,1517622.0767999999,9,1,1,1
21,1,10,ok,12096,29282492.16,2229534.7199999997,25848198.912,0,1204758.5280000002,2,1,1,5
21,1,11,ok,12096,33232890.240000002,2452488.1919999998,28725231.744000003,0,2055170.304,1,1,1,11
21,1,12,ok,10080,29453727.283199999,2229534.7199999997,26103595.161600001,0,1120597.4016,4,1,1,3
21,1,13,ok,14112,32435142.167999998,2113413.1200000001,28303916.638399996,0,2017812.4096000001,13,1,1,1
21,1,14,ok,8064,27882927.206400003,2080899.0719999997,24315046.604800001,0,1486981.5296,2,1,1,7
21,1,15,ok,8064,31395863.808000002,2229534.7199999997,26521120.512000002,0,2645208.5759999999,1,1,1,15
21,1,16,ok,7056,27648289.075199999,2080899.0719999999,24335049.830399998,0,1232340.1728000001,4,1,2,2
21,2,1,ok,225792,52560344.678399995,4161798.1439999999,47640826.470399991,0,757720.06400000001,1,1,1,1
21,2,2,ok,112896,52718166.220799997,4161798.1439999999,47658379.468799993,0,897988.60800000001,1,1,1,2
21,2,3,ok,80640,56802507.263999999,4459069.4399999995,51248129.126399994,0,1095308.6976000001,1,1,1,3
21,2,4,ok,56448,53101787.750399992,4161798.1439999999,47731252.223999992,0,1208737.3824,1,2,1,2
21,2,5,ok,48384,57096092.159999996,4459069.4399999995,51230965.247999996,0,1406057.4720000001,1,1,1,5
21,2,6,ok,40320,57312345.600000009,4459069.4399999995,51531379.814400002,0,1321896.3456000001,2,1,1,3
21,2,7,ok,32256,53947329.94560001,4161798.1439999994,48110671.257600009,0,1674860.5440000002,1,1,1,7
21,2,8,ok,28224,53577636.863999993,4161798.1439999999,47995619.532799989,0,1420219.1872,2,1,2,2
21,2,9,ok,28224,59215112.423999995,4389396.4799999995,51954343.214400001,0,2871372.7296000002,9,1,1,1
21,2,10,ok,24192,57605930.496000007,4459069.4399999995,51514215.936000004,0,1632645.1200000001,2,1,1,5
21,2,11,ok,24192,64355862.067200005,4904976.3839999996,57049663.334400006,0,2401222.3488000003,1,1,1,11
21,2,12,ok,20160,57887777.894400001,4459069.4399999995,51640688.9472,0,1788019.5071999999,2,2,1,3
21,2,13,ok,28224,64564459.439999983,4226826.2400000002,56459810.492799997,0,3877822.7072000001,13,1,1,1
21,2,14,ok,16128,54423179.059200004,4161798.1439999994,48375038.566399999,0,1886342.3488000003,2,1,1,7
21,2,15,ok,16128,59914566.144000009,4459069.4399999995,52495695.359999999,0,2959801.344,1,1,1,15
21,2,16,ok,14112,54344879.923199996,4161798.1439999999,48141365.043199994,0,2041716.736,2,2,2,2
21,4,1,ok,451584,104928878.59199998,8323596.2879999997,95245216.563199982,0,1360065.7408000003,1,1,1,1
21,4,2,ok,225792,105052710.91199999,8323596.2879999997,95243886.182399988,0,1485228.4416,1,1,1,2
21,4,3,ok,161280,113029582.23360001,8918138.879999999,102386949.12,0,1724494.2335999999,1,1,1,3
21,4,4,ok,112896,105429925.47839999,8323596.2879999997,95198137.139199987,0,1908192.0512000001,2,1,1,2
21,4,5,ok,96768,113233130.49599999,8918138.879999999,102279748.608,0,2035243.0080000004,1,1,1,5
21,4,6,ok,80640,113527434.23999999,8918138.879999999,102431625.83039999,0,2177669.5296,2,1,1,3
21,4,7,ok,64512,106551984.5376,8323596.2879999988,95966287.871999994,0,2262100.3776000002,1,1,1,7
21,4,8,ok,56448,106032165.27359998,8323596.2879999997,95489628.159999982,0,2218940.8256000001,2,1,2,2
21,4,9,ok,56448,116472233.23199999,8778792.959999999,102930281.7696,0,4763158.5023999996,9,1,1,1
21,4,10,ok,48384,113949600.76800001,8918138.879999999,102543043.58400001,0,2488418.3040000005,2,1,1,5
21,4,11,ok,48384,126601805.7216,9809952.7679999992,113698526.5152,0,3093326.4384000003,1,1,1,11
21,4,12,ok,40320,114430793.93279999,8918138.879999999,102868862.36159998,0,2643792.6912000002,2,1,2,3
21,4,13,ok,56448,126727951.58399998,8453652.4800000004,111854711.5712,0,6419587.5328000002,13,1,1,1
21,4,14,ok,32256,107475744.76800001,8323596.2879999988,96467084.492799997,0,2685063.9872000003,2,1,1,7
21,4,15,ok,32256,116951970.81600003,8918138.879999999,104444845.05600002,0,3588986.8800000004,1,1,1,15
21,4,16,ok,28224,107142459.80159999,8323596.2879999997,95753995.468799993,0,3064868.0448000003,4,1,2,2
21,8,1,ok,903168,209665946.41919997,16647192.575999999,190453996.74879998,0,2564757.0944000003,1,1,1,1
21,8,2,ok,451584,209721800.29439998,16647192.575999999,190414899.60959998,0,2659708.1088000005,1,1,1,2
21,8,3,ok,322560,225483732.1728,17836277.759999998,204664589.1072,0,2982865.3056000001,1,1,1,3
21,8,4,ok,225792,210105421.82399997,16647192.575999999,190487772.36479998,0,2970456.8832,1,2,1,2
21,8,5,ok,193536,225507207.16800001,17836277.759999998,204377315.32800001,0,3293614.0800000005,1,1,1,5
21,8,6,ok,161280,226059164.46720001,17836277.759999998,204773898.24000001,0,3448988.4671999998,1,2,1,3
21,8,7,ok,129024,211761293.7216,16647192.575999998,191677521.10079998,0,3436580.0448000003,1,1,1,7
21,8,8,ok,112896,210859850.95679998,16647192.575999999,190396274.27839997,0,3816384.1024000002,2,1,2,2
21,8,9,ok,112896,232626879.07199997,17557585.919999998,205706847.57120001,0,9362445.5808000006,9,1,1,1
21,8,10,ok,96768,226393602.04800004,17836277.759999998,204357359.61600003,0,4199964.6720000003,2,1,1,5
21,8,11,ok,96768,251093693.03040001,19619905.535999998,226996252.8768,0,4477534.6176000005,1,1,1,11
21,8,12,ok,80640,227054868.47999999,17836277.759999998,204863251.66079998,0,4355339.0592,2,2,1,3
21,8,13,ok,112896,253150078.27199998,16907304.960000001,223561400.35839999,0,12681372.953600001,13,1,1,1
21,8,14,ok,64512,212843650.25280002,16647192.575999998,191913950.41280001,0,4282507.2640000004,2,1,1,7
21,8,15,ok,64512,231026780.16,17836277.759999998,208343144.44799998,0,4847357.9520000005,1,1,1,15
21,8,16,ok,56448,212064330.54719996,16647192.575999999,190979256.31999996,0,4437881.6512000002,2,2,2,2
21,16,1,ok,1806336,419140082.07359993,33294385.151999999,380871557.11999995,0,4974139.8015999999,1,1,1,1
21,16,2,ok,903168,419059979.05919993,33294385.151999999,380756926.46399993,0,5008667.4432000006,1,1,1,2
21,16,3,ok,645120,450392032.05120009,35672555.519999996,409219869.08160007,0,5499607.4495999999,1,1,1,3
21,16,4,ok,451584,419443600.58879995,33294385.151999999,380829799.21919996,0,5319416.217600001,1,2,1,2
21,16,5,ok,387072,450055360.51200002,35672555.519999996,408572448.76800001,0,5810356.2239999995,1,1,1,5
21,16,6,ok,322560,450967464.34560001,35672555.519999996,409329178.21439999,0,5965730.6112000002,1,2,1,3
21,16,7,ok,258048,422179912.08960003,33294385.151999995,383099987.55839998,0,5785539.3792000012,1,1,1,7
21,16,8,ok,225792,420210843.64799994,33294385.151999999,380975544.72959995,0,5940913.7664000001,1,2,2,2
21,16,9,ok,225792,464936170.75199997,35115171.839999996,411259979.17439997,0,18561019.737600002,9,1,1,1
21,16,10,ok,193536,451014414.33600003,35672555.519999996,408754630.65600002,0,6587228.1600000011,1,2,1,5
21,16,11,ok,193536,500077467.648,39239811.071999997,453591705.60000002,0,7245950.9760000017,1,1,1,11
21,16,12,ok,161280,452118328.93440002,35672555.519999996,409547796.48000002,0,6897976.9343999997,1,4,1,3
21,16,13,ok,225792,505994331.648,33814609.920000002,446974777.93279994,0,25204943.795200001,13,1,1,1
21,16,14,ok,129024,423522587.44319999,33294385.151999995,383355042.20159996,0,6873160.0896000005,1,2,1,7
21,16,15,ok,129024,459176398.84799999,35672555.519999996,416139743.23199999,0,7364100.0960000008,1,1,1,15
21,16,16,ok,112896,421719701.91359997,33294385.151999999,380792548.55679995,0,7632768.2048000004,2,2,2,2
21,32,1,ok,3612672,838088353.38239992,66588770.303999998,761706677.86239994,0,9792905.2160000019,1,1,1,1
21,32,2,ok,1806336,837736336.58879995,66588770.303999998,761440980.17279994,0,9706586.1119999997,1,1,1,2
21,32,3,ok,1241856,864656241.86880004,68669669.376000002,785581745.66400003,0,10404826.8288,1,3,1,1
21,32,4,ok,903168,838119958.11839986,66588770.303999998,761513852.92799985,0,10017334.886400001,1,2,1,2
21,32,5,ok,774144,899151667.20000017,71345111.039999992,816962715.64800012,0,10843840.512000002,1,1,1,5
21,32,6,ok,620928,864670851.99360001,68669669.376000002,785379479.03999996,0,10621703.5776,1,3,1,2
21,32,7,ok,516096,843017148.82560003,66588770.30399999,765944920.47360003,0,10483458.048,1,1,1,7
21,32,8,ok,451584,838887201.17759991,66588770.303999998,761659598.43839991,0,10638832.435200002,1,2,2,2
21,32,9,ok,443520,929473033.88160002,73574645.75999999,844118457.29280007,0,11779930.8288,1,3,1,3
21,32,10,ok,387072,900110721.02400005,71345111.039999992,817144897.53600001,0,11620712.447999999,1,2,1,5
21,32,11,ok,338688,866190727.98720014,68669669.375999987,785873236.68480003,0,11647821.9264,1,11,1,1
21,32,12,ok,310464,865821716.58239985,68669669.376000002,785598097.30559993,0,11553949.900800001,1,3,2,2
21,32,13,ok,338688,1023679951.2576001,81155063.807999983,928759279.7184,0,13765607.7312,1,13,1,1
21,32,14,ok,258048,844359824.17920005,66588770.30399999,766199975.11679995,0,11571078.758400002,1,2,1,7
21,32,15,ok,258048,915475636.2240001,71345111.039999992,831732940.79999995,0,12397584.384000001,1,1,1,15
21,32,16,ok,225792,840421687.29599988,66588770.303999998,761951089.45919991,0,11881827.5328,1,4,2,2
21,64,1,ok,7225344,1675984895.9999998,133177540.608,1523376919.3471997,0,19430436.044800002,1,1,1,1
21,64,2,ok,3612672,1675089051.6479998,133177540.608,1522809087.5903997,0,19102423.449600004,1,1,1,2
21,64,3,ok,2483712,1728737051.4431999,137339338.752,1571054182.1952,0,20343530.495999999,1,3,1,1
21,64,4,ok,1806336,1675472673.1775999,133177540.608,1522881960.3455999,0,19413172.223999999,1,2,1,2
21,64,5,ok,1467648,1702936406.0160003,135258439.67999998,1547324859.9040003,0,20353106.432,1,5,1,1
21,64,6,ok,1241856,1728190839.3983998,137339338.752,1570540339.8144,0,20311160.832000002,1,3,1,2
21,64,7,ok,1032192,1684691622.2976,133177540.60799998,1531634786.3039999,0,19879295.385600001,1,1,1,7
21,64,8,ok,903168,1676239916.2367997,133177540.608,1523027705.8559997,0,20034669.772800002,1,2,2,2
21,64,9,ok,887040,1857219770.8799999,147149291.51999998,1687908987.1872001,0,22161492.172800001,1,3,1,3
21,64,10,ok,733824,1702790810.1119998,135258439.67999998,1546893331.9679999,0,20639038.464000002,1,5,1,2
21,64,11,ok,677376,1730271537.5616,137339338.75199997,1571345673.2159998,0,21586525.593600005,1,11,1,1
21,64,12,ok,620928,1729341703.9872,137339338.752,1570758958.0799999,0,21243407.155200001,1,3,2,2
21,64,13,ok,564480,1704470892.1344004,135258439.68000001,1547616350.9248004,0,21596101.529600002,1,13,1,1
21,64,14,ok,516096,1686034297.6512001,133177540.60799998,1531889840.9472001,0,20966916.096000001,1,2,1,7
21,64,15,ok,516096,1828074110.9760001,142690222.07999998,1662919335.9360001,0,22464552.960000001,1,1,1,15
21,64,16,ok,451584,1677774402.3551998,133177540.608,1523319196.8767998,0,21277664.870400004,1,4,2,2
22,1,1,ok,50176,13447969.791999999,924844.03199999989,11596813.516799999,0,926312.24320000014,1,1,1,1
22,1,2,ok,25088,13581800.8576,924844.03199999989,11661589.2992,0,995367.52640000009,1,1,1,2
22,1,3,ok,17248,13920013.605600003,926650.36800000002,11853966.5112,0,1139396.7264,3,1,1,1
22,1,4,ok,12544,13819725.4144,924844.03199999989,11793772.953600001,0,1101108.4288000001,2,1,1,2
22,1,5,ok,10192,14201214.628,930263.03999999992,11916867.699999999,0,1354083.8880000003,5,1,1,1
22,1,6,ok,8624,14400295.267200001,932069.37599999993,12006798.422400001,0,1461427.4688000001,6,1,1,1
22,1,7,ok,7168,14491053.875199998,924844.03200000001,12225565.900799999,0,1340643.9424000003,1,1,1,7
22,1,8,ok,6272,14087387.545600001,924844.03199999989,11923324.5184,0,1239218.9952000002,2,1,1,4
22,1,9,ok,6272,14986655.013600001,926650.3679999999,12286162.504799999,0,1773842.1408000002,9,1,1,1
22,1,10,ok,5096,14756518.116,930263.03999999992,12402711.284,0,1423543.7920000004,5,1,2,1
22,1,11,ok,4704,15115536.418399999,933875.71199999982,12189926.047199998,0,1991734.6592000001,11,1,1,1
22,1,12,ok,4312,14901723.237600002,926650.36800000002,12628105.672800001,0,1346967.1968,3,1,4,1
22,1,13,ok,3920,15418044.512000002,939294.71999999986,12270725.292800002,0,2208024.4992000004,13,1,1,1
22,1,14,ok,3584,14728978.432,924844.03200000001,12357749.555199999,0,1446384.8448000003,2,1,1,7
22,1,15,ok,3640,15994940.898,996710.40000000002,13413467.945999999,0,1584762.5520000001,5,1,3,1
22,1,16,ok,3136,14563236.6592,924844.03199999989,12187691.827199999,0,1450700.8000000003,4,1,1,4
22,2,1,ok,100352,26762108.518399999,1849688.0639999998,23128851.251199998,0,1783569.2032000001,1,1,1,1
22,2,2,ok,50176,26895939.583999999,1849688.0639999998,23193627.033599999,0,1852624.4864000003,1,1,1,2
22,2,3,ok,34496,27511227.864,1853300.736,23448323.832000002,0,2209603.2960000001,3,1,1,1
22,2,4,ok,25088,27163601.7152,1849688.0639999998,23323178.5984,0,1990735.0528000002,1,2,1,2
22,2,5,ok,20384,28072348.040000007,1860526.0799999998,23573114.088000003,0,2638707.8720000004,5,1,1,1
22,2,6,ok,17248,27840027.211200006,1853300.736,23707933.022399999,0,2278793.4528000001,3,2,1,1
22,2,7,ok,14336,28045290.291200001,1849688.064,23997701.3248,0,2197900.9024,1,1,1,7
22,2,8,ok,12544,27639450.8288,1849688.0639999998,23587545.907200001,0,2202216.8576000002,2,1,1,4
22,2,9,ok,12544,29644510.68,1853300.7359999998,24312715.819199998,0,3478494.1248000003,9,1,1,1
22,2,10,ok,10192,28402429.256000001,1860526.0799999998,23833735.399999999,0,2708167.7760000005,5,2,1,1
22,2,11,ok,9408,29899709.751999989,1867751.4239999996,24118218.660799995,0,3913739.6672,11,1,1,1
22,2,12,ok,8624,28800590.534400001,1864138.7519999999,24013596.844800003,0,2922854.9376000003,6,2,1,1
22,2,13,ok,7840,30502803.136,1878589.4399999997,24278298.969600003,0,4345914.7264,13,1,1,1
22,2,14,ok,7168,28521139.404799998,1849688.064,24262068.633599997,0,2409382.7072000001,2,1,1,7
22,2,15,ok,7168,31378922.495999999,1981808.6400000001,26524305.408,0,2872808.4480000003,1,1,1,15
22,2,16,ok,6272,28174775.091200002,1849688.0639999998,23846649.036800001,0,2478437.9904000005,2,2,1,4
22,4,1,ok,200704,53230320.844799995,3699376.1279999996,46032861.593599997,0,3498083.1232000003,1,1,1,1
22,4,2,ok,100352,53364151.910400003,3699376.1279999996,46097637.376000002,0,3567138.4064000002,1,1,1,2
22,4,3,ok,68992,54693656.380800001,3706601.4720000001,46637038.4736,0,4350016.4352000002,3,1,1,1
22,4,4,ok,50176,53791879.167999998,3699376.1279999996,46387254.067199998,0,3705248.9728000006,1,2,1,2
22,4,5,ok,40768,55814614.864,3721052.1599999997,46885606.864,0,5207955.8399999999,5,1,1,1
22,4,6,ok,34496,55022455.728,3706601.4720000001,46896647.664000005,0,4419206.5920000002,3,2,1,1
22,4,7,ok,28672,54033307.23839999,3699376.128,46421516.287999995,0,3912414.8224000004,1,1,1,7
22,4,8,ok,25088,54327203.430399999,3699376.1279999996,46646357.196800001,0,3981470.1056000004,1,2,1,4
22,4,9,ok,25088,58960222.012800008,3706601.4719999996,48365822.448000006,0,6887798.0928000007,9,1,1,1
22,4,10,ok,20384,56144696.080000013,3721052.1599999997,47146228.176000006,0,5277415.7440000009,5,2,1,1
22,4,11,ok,18816,59468056.419199981,3735502.8479999993,47974803.887999989,0,7757749.6831999999,11,1,1,1
22,4,12,ok,17248,55680054.422400013,3706601.4720000001,47415866.044799998,0,4557586.9056000002,3,4,1,1
22,4,13,ok,15680,60672320.384000003,3757178.8799999994,48293446.323200002,0,8621695.1808000002,13,1,1,1
22,4,14,ok,14336,54970124.697599992,3699376.128,46874946.764799997,0,4395801.8048,1,1,2,7
22,4,15,ok,14336,58896562.175999992,3963617.2800000003,50223157.247999996,0,4709787.648,1,1,1,15
22,4,16,ok,12544,55278901.657600001,3699376.1279999996,47175091.814400002,0,4404433.7152000004,2,2,1,4
22,8,1,ok,401408,106326810.624,7398752.2559999991,92000947.404799998,0,6927110.963200001,1,1,1,1
22,8,2,ok,200704,106460641.68959999,7398752.2559999991,92065723.187199995,0,6996166.2464000005,1,1,1,2
22,8,3,ok,137984,109058513.41439998,7413202.9440000001,93014467.756799996,0,8630842.7136000004,3,1,1,1
22,8,4,ok,100352,106728303.82080001,7398752.2559999991,92195274.752000004,0,7134276.8128000004,1,2,1,2
22,8,5,ok,81536,111299148.51200001,7442104.3199999994,93510592.416000009,0,10346451.776000001,5,1,1,1
22,8,6,ok,68992,109387312.7616,7413202.9440000001,93274076.9472,0,8700032.8704000004,3,2,1,1
22,8,7,ok,57344,107129797.01759997,7398752.2560000001,92389602.09919998,0,7341442.6624000017,1,1,1,7
22,8,8,ok,50176,107583758.336,7398752.2559999991,92774508.134399995,0,7410497.9456000011,1,2,2,2
22,8,9,ok,50176,117591644.67839999,7413202.9439999992,96472035.705599993,0,13706406.028800001,9,1,1,1
22,8,10,ok,40768,111629229.728,7442104.3199999994,93771213.728,0,10415911.68,5,2,1,1
22,8,11,ok,37632,118604749.75359997,7471005.6959999986,95687974.342399985,0,15445769.7152,11,1,1,1
22,8,12,ok,34496,110044911.456,7413202.9440000001,93793295.328000009,0,8838413.1840000004,3,4,1,1
22,8,13,ok,31360,121011354.88,7514357.7599999988,96323741.030400008,0,17173256.089600001,13,1,1,1
22,8,14,ok,28672,108066614.47679998,7398752.2560000001,92843032.57599999,0,7824829.6448000008,1,2,1,7
22,8,15,ok,28672,115785658.36799997,7927234.5600000005,99474677.75999999,0,8383746.0480000004,1,1,1,15
22,8,16,ok,25088,108654406.8608,7398752.2559999991,93292714.393600002,0,7962940.2112000007,1,4,1,4
22,16,1,ok,802816,212519790.18239999,14797504.511999998,183937119.02719998,0,13785166.643200001,1,1,1,1
22,16,2,ok,401408,212653621.248,14797504.511999998,184001894.8096,0,13854221.926400002,1,1,1,2
22,16,3,ok,275968,217788227.48159999,14826405.888,185769326.32319999,0,17192495.270399999,3,1,1,1
22,16,4,ok,200704,212921283.37919998,14797504.511999998,184131446.37439999,0,13992332.492800001,1,2,1,2
22,16,5,ok,163072,222268215.808,14884208.639999999,186760563.52000001,0,20623443.648000002,5,1,1,1
22,16,6,ok,137984,218117026.82879996,14826405.888,186028935.51359999,0,17261685.427200001,3,2,1,1
22,16,7,ok,114688,213322776.57600001,14797504.512,184325773.7216,0,14199498.342400001,1,1,1,7
22,16,8,ok,100352,213456607.64160001,14797504.511999998,184390549.50400001,0,14268553.625600001,1,4,1,2
22,16,9,ok,100352,234854490.00959998,14826405.887999998,192684462.22079998,0,27343621.900800001,9,1,1,1
22,16,10,ok,81536,222598297.02400002,14884208.639999999,187021184.83200002,0,20692903.552000001,5,2,1,1
22,16,11,ok,75264,236878136.42239994,14942011.391999997,191114315.25119996,0,30821809.779200003,11,1,1,1
22,16,12,ok,68992,218774625.52320001,14826405.888,186548153.8944,0,17400065.740800001,3,4,1,1
22,16,13,ok,62720,241689423.87200001,15028715.519999998,192384330.44480002,0,34276377.907200001,13,1,1,1
22,16,14,ok,57344,214259594.03519994,14797504.512,184779204.19839996,0,14682885.324800003,1,2,1,7
22,16,15,ok,57344,229563850.75199994,15854469.120000001,197977718.78399998,0,15731662.848000003,1,1,1,15
22,16,16,ok,50176,215167516.67199999,14797504.511999998,185549016.26879999,0,14820995.891200002,1,4,2,2
22,32,1,ok,1605632,424905749.2992,29595009.023999996,367809462.27200001,0,27501278.003200002,1,1,1,1
22,32,2,ok,802816,425039580.36479998,29595009.023999996,367874238.05439997,0,27570333.286400001,1,1,1,2
22,32,3,ok,551936,435247655.61599994,29652811.776000001,371279043.45599997,0,34315800.384000003,3,1,1,1
22,32,4,ok,401408,425307242.49599999,29595009.023999996,368003789.61919999,0,27708443.852800004,1,2,1,2
22,32,5,ok,326144,444206350.4000001,29768417.279999997,373260505.72800004,0,41177427.392000005,5,1,1,1
22,32,6,ok,275968,435576454.96319997,29652811.776000001,371538652.64639997,0,34384990.540799998,3,2,1,1
22,32,7,ok,229376,425708735.69279993,29595009.024,368198116.96639997,0,27915609.702400003,1,1,1,7
22,32,8,ok,200704,425842566.75839996,29595009.023999996,368262892.74879998,0,27984664.985600002,1,4,1,2
22,32,9,ok,189728,449496468.56879997,30579462.143999998,383392619.15759993,0,35524387.267200001,3,3,1,1
22,32,10,ok,163072,444536431.616,29768417.279999997,373521127.04000002,0,41246887.296000004,5,2,1,1
22,32,11,ok,150528,440838719.69280005,30519853.055999998,381269778.8416,0,29049087.795200005,1,11,1,1
22,32,12,ok,137984,436234053.65759993,29652811.776000001,372057871.02719998,0,34523370.854400001,3,4,1,1
22,32,13,ok,125440,483045561.85600001,30057431.039999995,384505509.27360004,0,68482621.542400002,13,1,1,1
22,32,14,ok,114688,426645553.15200001,29595009.024,368651547.44319999,0,28398996.684800003,1,2,1,7
22,32,15,ok,112112,458737646.24400002,30698680.319999997,385437994.74000001,0,42600971.184,5,3,1,1
22,32,16,ok,100352,426913215.28320003,29595009.023999996,368781099.00800002,0,28537107.251200002,1,8,1,2
22,64,1,ok,3211264,849677667.53279996,59190018.047999993,735554148.76160002,0,54933500.723200008,1,1,1,1
22,64,2,ok,1605632,849811498.5984,59190018.047999993,735618924.54400003,0,55002556.006400004,1,1,1,2
22,64,3,ok,1103872,870166511.88479996,59305623.552000001,742298477.72159994,0,68562410.611200005,3,1,1,1
22,64,4,ok,802816,850079160.72959995,59190018.047999993,735748476.10879993,0,55140666.572800003,1,2,1,2
22,64,5,ok,652288,866088172.54399991,60114862.079999998,749906331.64799988,0,56066978.816,1,5,1,1
22,64,6,ok,551936,870495311.23199987,59305623.552000001,742558086.91199994,0,68631600.768000007,3,2,1,1
22,64,7,ok,458752,850480653.92639983,59190018.048,735942803.45599997,0,55347832.422400013,1,1,1,7
22,64,8,ok,401408,850614484.99199998,59190018.047999993,736007579.23839998,0,55416887.705600008,1,4,1,2
22,64,9,ok,379456,898006539.09599996,61158924.287999995,766006410.74399996,0,70841204.06400001,3,3,1,1
22,64,10,ok,326144,866757327.87199986,60114862.079999998,750230210.55999982,0,56412255.231999993,1,5,1,2
22,64,11,ok,301056,880205297.66400015,61039706.111999996,761827024.07680011,0,57338567.475200012,1,11,1,1
22,64,12,ok,275968,871152909.92639995,59305623.552000001,743077305.29279995,0,68769981.081599995,3,4,1,1
22,64,13,ok,250880,867158821.06879997,60114862.079999991,750424537.9072001,0,56619421.081600003,1,13,1,1
22,64,14,ok,229376,851417471.38559985,59190018.048,736396233.93279994,0,55831219.404800005,1,2,1,7
22,64,15,ok,224224,885072923.53200018,60232273.919999994,754931271.80400002,0,69909377.808000013,3,5,1,1
22,64,16,ok,200704,851685133.51679993,59190018.047999993,736525785.49759996,0,55969329.971200004,1,8,1,2
23,1,1,ok,12544,70085.836800000005,70085.836800000005,0,0,0,1,1,1,1
23,1,2,ok,6272,70085.836800000005,70085.836800000005,0,0,0,1,1,1,2
23,1,3,ok,4190,70222.723200000008,70222.723200000008,0,0,0,3,1,1,1
23,1,4,ok,3136,70085.836800000005,70085.836800000005,0,0,0,2,1,1,2
23,1,5,ok,2524,70496.496000000014,70496.496000000014,0,0,0,5,1,1,1
23,1,6,ok,2095,70222.723200000008,70222.723200000008,0,0,0,3,1,1,2
23,1,7,ok,1792,70085.83679999999,70085.83679999999,0,0,0,1,1,1,7
23,1,8,ok,1568,70085.836800000005,70085.836800000005,0,0,0,2,1,2,2
23,1,9,ok,1397,70222.723200000008,70222.723200000008,0,0,0,9,1,1,1
23,1,10,ok,1262,70496.496000000014,70496.496000000014,0,0,0,5,1,1,2
23,1,11,ok,1152,70770.268800000005,70770.268800000005,0,0,0,11,1,1,1
23,1,12,ok,1048,70222.723200000008,70222.723200000008,0,0,0,3,1,2,2
23,1,13,ok,980,71180.928,71180.928,0,0,0,13,1,1,1
23,1,14,ok,896,70085.83679999999,70085.83679999999,0,0,0,2,1,1,7
23,1,15,ok,858,71865.360000000001,71865.360000000001,0,0,0,15,1,1,1
23,1,16,ok,784,70085.836800000005,70085.836800000005,0,0,0,4,1,2,2
23,2,1,ok,25088,140171.67360000001,140171.67360000001,0,0,0,1,1,1,1
23,2,2,ok,12544,140171.67360000001,140171.67360000001,0,0,0,1,1,1,2
23,2,3,ok,8379,140445.44640000002,140445.44640000002,0,0,0,3,1,1,1
23,2,4,ok,6272,140171.67360000001,140171.67360000001,0,0,0,1,2,1,2
23,2,5,ok,5047,140992.99200000003,140992.99200000003,0,0,0,5,1,1,1
23,2,6,ok,4190,140445.44640000002,140445.44640000002,0,0,0,3,1,1,2
23,2,7,ok,3584,140171.67359999998,140171.67359999998,0,0,0,1,1,1,7
23,2,8,ok,3136,140171.67360000001,140171.67360000001,0,0,0,1,2,2,2
23,2,9,ok,2793,140445.44640000002,140445.44640000002,0,0,0,9,1,1,1
23,2,10,ok,2524,140992.99200000003,140992.99200000003,0,0,0,5,1,1,2
23,2,11,ok,2303,141540.53760000001,141540.53760000001,0,0,0,11,1,1,1
23,2,12,ok,2095,140445.44640000002,140445.44640000002,0,0,0,3,1,2,2
23,2,13,ok,1960,142361.856,142361.856,0,0,0,13,1,1,1
23,2,14,ok,1792,140171.67359999998,140171.67359999998,0,0,0,1,2,1,7
23,2,15,ok,1715,143730.72,143730.72,0,0,0,15,1,1,1
23,2,16,ok,1568,140171.67360000001,140171.67360000001,0,0,0,2,2,2,2
23,4,1,ok,50176,280343.34720000002,280343.34720000002,0,0,0,1,1,1,1
23,4,2,ok,25088,280343.34720000002,280343.34720000002,0,0,0,1,1,1,2
23,4,3,ok,16758,280890.89280000003,280890.89280000003,0,0,0,3,1,1,1
23,4,4,ok,12544,280343.34720000002,280343.34720000002,0,0,0,1,2,1,2
23,4,5,ok,10094,281985.98400000005,281985.98400000005,0,0,0,5,1,1,1
23,4,6,ok,8379,280890.89280000003,280890.89280000003,0,0,0,3,1,1,2
23,4,7,ok,7168,280343.34719999996,280343.34719999996,0,0,0,1,1,1,7
23,4,8,ok,6272,280343.34720000002,280343.34720000002,0,0,0,1,2,2,2
23,4,9,ok,5586,280890.89280000003,280890.89280000003,0,0,0,9,1,1,1
23,4,10,ok,5047,281985.98400000005,281985.98400000005,0,0,0,5,1,1,2
23,4,11,ok,4606,283081.07520000002,283081.07520000002,0,0,0,11,1,1,1
23,4,12,ok,4190,280890.89280000003,280890.89280000003,0,0,0,3,1,2,2
23,4,13,ok,3920,284723.712,284723.712,0,0,0,13,1,1,1
23,4,14,ok,3584,280343.34719999996,280343.34719999996,0,0,0,1,2,1,7
23,4,15,ok,3430,287461.44,287461.44,0,0,0,15,1,1,1
23,4,16,ok,3136,280343.34720000002,280343.34720000002,0,0,0,2,2,2,2
23,8,1,ok,100352,560686.69440000004,560686.69440000004,0,0,0,1,1,1,1
23,8,2,ok,50176,560686.69440000004,560686.69440000004,0,0,0,1,1,1,2
23,8,3,ok,33516,561781.78560000006,561781.78560000006,0,0,0,3,1,1,1
23,8,4,ok,25088,560686.69440000004,560686.69440000004,0,0,0,1,2,1,2
23,8,5,ok,20188,563971.96800000011,563971.96800000011,0,0,0,5,1,1,1
23,8,6,ok,16758,561781.78560000006,561781.78560000006,0,0,0,3,1,1,2
23,8,7,ok,14336,560686.69439999992,560686.69439999992,0,0,0,1,1,1,7
23,8,8,ok,12544,560686.69440000004,560686.69440000004,0,0,0,1,2,2,2
23,8,9,ok,11172,561781.78560000006,561781.78560000006,0,0,0,9,1,1,1
23,8,10,ok,10094,563971.96800000011,563971.96800000011,0,0,0,5,1,1,2
23,8,11,ok,9212,566162.15040000004,566162.15040000004,0,0,0,11,1,1,1
23,8,12,ok,8379,561781.78560000006,561781.78560000006,0,0,0,3,1,2,2
23,8,13,ok,7840,569447.424,569447.424,0,0,0,13,1,1,1
23,8,14,ok,7168,560686.69439999992,560686.69439999992,0,0,0,1,2,1,7
23,8,15,ok,6860,574922.88,574922.88,0,0,0,15,1,1,1
23,8,16,ok,6272,560686.69440000004,560686.69440000004,0,0,0,2,2,2,2
23,16,1,ok,200704,1121373.3888000001,1121373.3888000001,0,0,0,1,1,1,1
23,16,2,ok,100352,1121373.3888000001,1121373.3888000001,0,0,0,1,1,1,2
23,16,3,ok,67032,1123563.5712000001,1123563.5712000001,0,0,0,3,1,1,1
23,16,4,ok,50176,1121373.3888000001,1121373.3888000001,0,0,0,1,2,1,2
23,16,5,ok,40376,1127943.9360000002,1127943.9360000002,0,0,0,5,1,1,1
23,16,6,ok,33516,1123563.5712000001,1123563.5712000001,0,0,0,3,1,1,2
23,16,7,ok,28672,1121373.3887999998,1121373.3887999998,0,0,0,1,1,1,7
23,16,8,ok,25088,1121373.3888000001,1121373.3888000001,0,0,0,1,2,2,2
23,16,9,ok,22344,1123563.5712000001,1123563.5712000001,0,0,0,9,1,1,1
23,16,10,ok,20188,1127943.9360000002,1127943.9360000002,0,0,0,5,1,1,2
23,16,11,ok,18424,1132324.3008000001,1132324.3008000001,0,0,0,11,1,1,1
23,16,12,ok,16758,1123563.5712000001,1123563.5712000001,0,0,0,3,1,2,2
23,16,13,ok,15680,1138894.848,1138894.848,0,0,0,13,1,1,1
23,16,14,ok,14336,1121373.3887999998,1121373.3887999998,0,0,0,1,2,1,7
23,16,15,ok,13720,1149845.76,1149845.76,0,0,0,15,1,1,1
23,16,16,ok,12544,1121373.3888000001,1121373.3888000001,0,0,0,2,2,2,2
23,32,1,ok,401408,2242746.7776000001,2242746.7776000001,0,0,0,1,1,1,1
23,32,2,ok,200704,2242746.7776000001,2242746.7776000001,0,0,0,1,1,1,2
23,32,3,ok,134064,2247127.1424000002,2247127.1424000002,0,0,0,3,1,1,1
23,32,4,ok,100352,2242746.7776000001,2242746.7776000001,0,0,0,1,2,1,2
23,32,5,ok,80752,2255887.8720000004,2255887.8720000004,0,0,0,5,1,1,1
23,32,6,ok,67032,2247127.1424000002,2247127.1424000002,0,0,0,3,1,1,2
23,32,7,ok,57344,2242746.7775999997,2242746.7775999997,0,0,0,1,1,1,7
23,32,8,ok,50176,2242746.7776000001,2242746.7776000001,0,0,0,1,2,2,2
23,32,9,ok,44688,2247127.1424000002,2247127.1424000002,0,0,0,9,1,1,1
23,32,10,ok,40376,2255887.8720000004,2255887.8720000004,0,0,0,5,1,1,2
23,32,11,ok,36848,2264648.6016000002,2264648.6016000002,0,0,0,11,1,1,1
23,32,12,ok,33516,2247127.1424000002,2247127.1424000002,0,0,0,3,1,2,2
23,32,13,ok,31360,2277789.696,2277789.696,0,0,0,13,1,1,1
23,32,14,ok,28672,2242746.7775999997,2242746.7775999997,0,0,0,1,2,1,7
23,32,15,ok,27440,2299691.52,2299691.52,0,0,0,15,1,1,1
23,32,16,ok,25088,2242746.7776000001,2242746.7776000001,0,0,0,2,2,2,2
23,64,1,ok,802816,4485493.5552000003,4485493.5552000003,0,0,0,1,1,1,1
23,64,2,ok,401408,4485493.5552000003,4485493.5552000003,0,0,0,1,1,1,2
23,64,3,ok,268128,4494254.2848000005,4494254.2848000005,0,0,0,3,1,1,1
23,64,4,ok,200704,4485493.5552000003,4485493.5552000003,0,0,0,1,2,1,2
23,64,5,ok,161504,4511775.7440000009,4511775.7440000009,0,0,0,5,1,1,1
23,64,6,ok,134064,4494254.2848000005,4494254.2848000005,0,0,0,3,1,1,2
23,64,7,ok,114688,4485493.5551999994,4485493.5551999994,0,0,0,1,1,1,7
23,64,8,ok,100352,4485493.5552000003,4485493.5552000003,0,0,0,1,2,2,2
23,64,9,ok,89376,4494254.2848000005,4494254.2848000005,0,0,0,9,1,1,1
23,64,10,ok,80752,4511775.7440000009,4511775.7440000009,0,0,0,5,1,1,2
23,64,11,ok,73696,4529297.2032000003,4529297.2032000003,0,0,0,11,1,1,1
23,64,12,ok,67032,4494254.2848000005,4494254.2848000005,0,0,0,3,1,2,2
23,64,13,ok,62720,4555579.392,4555579.392,0,0,0,1,13,1,1
23,64,14,ok,57344,4485493.5551999994,4485493.5551999994,0,0,0,1,2,1,7
23,64,15,ok,54464,4564477.0080000004,4564477.0080000004,0,0,0,3,5,1,1
23,64,16,ok,50176,4485493.5552000003,4485493.5552000003,0,0,0,2,2,2,2
24,1,1,ok,50176,12778948.095999999,924844.03199999989,11174206.1568,0,679897.90720000002,1,1,1,1
24,1,2,ok,25088,12912779.161600001,924844.03199999989,11238981.939200001,0,748953.19040000008,1,1,2,1
24,1,3,ok,17920,14087031.552000001,990904.32000000007,12234487.1424,0,861640.08960000006,1,1,3,1
24,1,4,ok,12544,13180441.2928,924844.03199999989,11368533.504000001,0,887063.75680000009,1,1,4,1
24,1,5,ok,10752,14274661.119999999,990904.31999999983,12284006.143999998,0,999750.65600000019,1,1,5,1
24,1,6,ok,8960,14488524.748800002,990904.32000000007,12428814.489599999,0,1068805.9392000001,1,1,6,1
24,1,7,ok,7168,13598396.313599998,924844.03200000001,11579322.675199999,0,1094229.6064000002,1,1,1,7
24,1,8,ok,6272,13723661.823999999,924844.03199999989,11635532.9024,0,1163284.8896000001,1,1,2,4
24,1,9,ok,6400,15731195.673599999,1061683.2,13346792.524799999,0,1322719.9488000001,1,1,3,3
24,1,10,ok,5376,14869461.76,990904.31999999983,12425631.487999998,0,1452925.952,2,1,5,1
24,1,11,ok,5376,16371161.5232,1089994.7519999999,13801636.991999999,0,1479529.7792,1,1,1,11
24,1,12,ok,4480,15083325.388800003,990904.32000000007,12570439.8336,0,1521981.2352,2,1,6,1
24,1,13,ok,6272,21152195.48,939294.71999999986,14453424.939200001,0,5759475.8208000008,13,1,1,1
24,1,14,ok,3584,14195140.915199999,924844.03200000001,11692680.294400001,0,1577616.5888000003,1,1,2,7
24,1,15,ok,3584,15209079.551999999,990904.32000000007,12527871.744000001,0,1690303.4880000001,1,1,1,15
24,1,16,ok,3136,14405655.6544,924844.03199999989,11765084.4672,0,1715727.1552000002,1,1,4,4
24,2,1,ok,100352,25424065.126399998,1849688.0639999998,22283636.531199999,0,1290740.5312000001,1,1,1,1
24,2,2,ok,50176,25557896.191999998,1849688.0639999998,22348412.3136,0,1359795.8144,1,1,2,1
24,2,3,ok,35840,27772569.907200001,1981808.6400000001,24274646.937599998,0,1516114.3295999998,1,1,3,1
24,2,4,ok,25088,25825558.323200002,1849688.0639999998,22477963.878400002,0,1497906.3808000002,1,2,2,1
24,2,5,ok,21504,27880166.911999997,1981808.6399999997,24244133.375999998,0,1654224.8959999999,1,1,5,1
24,2,6,ok,17920,28174063.104000002,1981808.6400000001,24468974.2848,0,1723280.1792000001,1,2,3,1
24,2,7,ok,14336,26600048.025600001,1849688.064,23045287.731200002,0,1705072.2304000002,1,1,1,7
24,2,8,ok,12544,26360882.5856,1849688.0639999998,22737067.008000001,0,1774127.5136000002,1,2,4,1
24,2,9,ok,12800,30695148.288000003,2123366.3999999999,26547839.5392,0,2023942.3488000003,1,1,3,3
24,2,10,ok,10752,28549322.239999998,1981808.6399999997,24568012.287999995,0,1999501.3120000004,1,2,5,1
24,2,11,ok,10752,31804581.529600002,2179989.5039999997,27425140.582400002,0,2199451.4432000006,1,1,1,11
24,2,12,ok,8960,28977049.497600004,1981808.6400000001,24857628.979199998,0,2137611.8784000003,1,2,6,1
24,2,13,ok,12544,42168468.784000002,1878589.4399999997,28841061.974400003,0,11448817.369600002,13,1,1,1
24,2,14,ok,7168,27196792.627199996,1849688.064,23158645.350399997,0,2188459.2128000003,1,2,1,7
24,2,15,ok,7168,29139420.671999998,1981808.6400000001,24812834.303999998,0,2344777.7280000001,1,1,1,15
24,2,16,ok,6272,27447323.647999998,1849688.0639999998,23271065.8048,0,2326569.7792000002,1,2,2,4
24,4,1,ok,200704,50554234.060800001,3699376.1279999996,44342432.1536,0,2512425.7792000002,1,1,1,1
24,4,2,ok,100352,50688065.126400001,3699376.1279999996,44407207.936000004,0,2581481.0624000002,1,1,1,2
24,4,3,ok,71680,54423353.548800007,3963617.2800000003,47634673.459199995,0,2825062.8096000003,1,1,1,3
24,4,4,ok,50176,51115792.383999996,3699376.1279999996,44696824.6272,0,2719591.6288000001,1,2,2,1
24,4,5,ok,43008,54691015.68,3963617.2799999993,47764225.023999996,0,2963173.3760000002,1,1,1,5
24,4,6,ok,35840,55064944.435200006,3963617.2800000003,48069098.495999999,0,3032228.6591999996,1,1,2,3
24,4,7,ok,28672,51357220.454400003,3699376.128,44731086.848000005,0,2926757.4784000004,1,1,1,7
24,4,8,ok,25088,51651116.646400005,3699376.1279999996,44955927.756800003,0,2995812.7616000003,1,2,4,1
24,4,9,ok,25600,59239392.767999992,4246732.7999999998,51566272.819199994,0,3426387.1488000001,1,1,3,3
24,4,10,ok,21504,55760333.823999994,3963617.2799999993,48488266.751999997,0,3308449.7919999999,1,2,5,1
24,4,11,ok,21504,61336367.206399992,4359979.0079999994,53337093.427199997,0,3639294.7711999998,1,1,1,11
24,4,12,ok,17920,56348126.208000004,3963617.2800000003,48937948.569600001,0,3446560.3584000003,1,4,3,1
24,4,13,ok,25088,84038449.247999996,3757178.8799999994,57453769.900799997,0,22827500.467200004,13,1,1,1
24,4,14,ok,14336,52294037.913600005,3699376.128,45184517.3248,0,3410144.4608000005,1,1,2,7
24,4,15,ok,14336,56029326.33600001,3963617.2800000003,48411982.848000005,0,3653726.2080000006,1,1,1,15
24,4,16,ok,12544,52721765.1712,3699376.1279999996,45474134.016000003,0,3548255.0272000004,1,4,4,1
24,8,1,ok,401408,100974637.05599999,7398752.2559999991,88620088.524800003,0,4955796.2752,1,1,1,1
24,8,2,ok,200704,101108468.1216,7398752.2559999991,88684864.3072,0,5024851.5584000004,1,1,1,2
24,8,3,ok,143360,108445213.90080002,7927234.5600000005,95075019.571199998,0,5442959.7696000002,1,1,1,3
24,8,4,ok,100352,101376130.2528,7398752.2559999991,88814415.872000009,0,5162962.1248000003,1,2,1,2
24,8,5,ok,86016,108712876.03200001,7927234.5599999987,95204571.135999992,0,5581070.3360000011,1,1,1,5
24,8,6,ok,71680,108846707.09760001,7927234.5600000005,95269346.91839999,0,5650125.6192000005,1,2,1,3
24,8,7,ok,57344,101777623.44960001,7398752.2560000001,89008743.2192,0,5370127.9744000006,1,1,1,7
24,8,8,ok,50176,102231584.76799999,7398752.2559999991,89393649.2544,0,5439183.2576000001,1,2,2,2
24,8,9,ok,50176,115010532.86399999,8323596.2879999988,100567855.4112,0,6119081.1648000004,1,9,1,1
24,8,10,ok,43008,109382031.36,7927234.5599999987,95528450.047999993,0,5926346.7520000003,1,2,1,5
24,8,11,ok,43008,121200592.69119999,8719958.0159999989,105961653.24799998,0,6518981.4272000007,1,1,1,11
24,8,12,ok,35840,110129888.87040001,7927234.5600000005,96138196.991999999,0,6064457.3183999993,1,2,2,3
24,8,13,ok,50176,167940976.31999999,7514357.7599999988,114841751.89760001,0,45584866.662400007,13,1,1,1
24,8,14,ok,28672,102714440.90880001,7398752.2560000001,89462173.69600001,0,5853514.9568000007,1,2,1,7
24,8,15,ok,28672,110051186.68800001,7927234.5600000005,95852328.960000008,0,6271623.1680000005,1,1,1,15
24,8,16,ok,25088,103302233.29280001,7398752.2559999991,89911855.513600007,0,5991625.5232000006,1,4,4,1
24,16,1,ok,802816,201815443.04639998,14797504.511999998,177175401.26719999,0,9842537.2672000006,1,1,1,1
24,16,2,ok,401408,201949274.11199999,14797504.511999998,177240177.04960001,0,9911592.5504000001,1,1,1,2
24,16,3,ok,286720,216488934.60479999,15854469.120000001,189955711.79520002,0,10678753.689599998,1,1,1,3
24,16,4,ok,200704,202216936.2432,14797504.511999998,177369728.6144,0,10049703.116800001,1,2,1,2
24,16,5,ok,172032,216756596.736,15854469.119999997,190085263.35999998,0,10816864.256000001,1,1,1,5
24,16,6,ok,143360,216890427.80160004,15854469.120000001,190150039.1424,0,10885919.5392,1,2,1,3
24,16,7,ok,114688,202618429.44,14797504.512,177564055.96160001,0,10256868.966400001,1,1,1,7
24,16,8,ok,100352,202752260.50560001,14797504.511999998,177628831.74400002,0,10325924.249600001,1,4,1,2
24,16,9,ok,100352,228816586.13759997,16647192.575999998,200552728.78079998,0,11616664.7808,1,9,1,1
24,16,10,ok,86016,217425752.06400001,15854469.119999997,190409142.27199998,0,11162140.672000002,1,2,1,5
24,16,11,ok,86016,240929043.66080001,17439916.031999998,211210772.88959998,0,12278354.739200002,1,1,1,11
24,16,12,ok,71680,217693414.19520003,15854469.120000001,190538693.83679998,0,11300251.238400001,1,4,1,3
24,16,13,ok,100352,335746030.46399999,15028715.519999998,229617715.89119998,0,91099599.052800015,13,1,1,1
24,16,14,ok,57344,203555246.89920002,14797504.512,178017486.4384,0,10740255.948800001,1,2,1,7
24,16,15,ok,57344,218094907.39200002,15854469.120000001,190733021.18400002,0,11507417.088000001,1,1,1,15
24,16,16,ok,50176,204463169.53599998,14797504.511999998,178787298.5088,0,10878366.5152,1,4,2,2
24,32,1,ok,1605632,403497055.02720004,29595009.023999996,354286026.75200003,0,19616019.251200002,1,1,1,1
24,32,2,ok,802816,403630886.09279996,29595009.023999996,354350802.53439999,0,19685074.534400001,1,1,1,2
24,32,3,ok,551936,417690355.20000005,30519853.056000002,366805529.70239997,0,20364972.441600002,1,3,1,1
24,32,4,ok,401408,403898548.22399998,29595009.023999996,354480354.09920001,0,19823185.1008,1,2,1,2
24,32,5,ok,344064,432844038.14400005,31708938.239999995,379846647.80799997,0,21288452.096000001,1,1,1,5
24,32,6,ok,275968,418091848.39680004,30519853.056000002,366999857.04960001,0,20572138.291200005,1,3,2,1
24,32,7,ok,229376,404300041.42079997,29595009.024,354674681.44639999,0,20030350.950400002,1,1,1,7
24,32,8,ok,200704,404433872.48640001,29595009.023999996,354739457.2288,0,20099406.233600002,1,4,1,2
24,32,9,ok,197120,452827245.31200004,32699842.559999999,397908255.28320003,0,22219147.468800001,1,3,3,1
24,32,10,ok,172032,433513193.472,31708938.239999995,380170526.71999997,0,21633728.512000002,1,2,1,5
24,32,11,ok,150528,418761003.72479999,30519853.055999998,367323735.96160001,0,20917414.707200006,1,11,1,1
24,32,12,ok,137984,418894834.79040003,30519853.056000002,367388511.74399996,0,20986469.990400001,1,3,4,1
24,32,13,ok,150528,494899368.03840005,36068917.247999996,434109869.77280003,0,24720581.017600004,1,13,1,1
24,32,14,ok,114688,405236858.88,29595009.024,355128111.92320001,0,20513737.932800002,1,2,1,7
24,32,15,ok,114688,434182348.80000001,31708938.240000002,380494405.63200003,0,21979004.928000003,1,1,1,15
24,32,16,ok,100352,405504521.01120001,29595009.023999996,355257663.48800004,0,20651848.499200001,1,8,1,2
24,64,1,ok,3211264,806860278.98880005,59190018.047999993,708507277.72160006,0,39162983.2192,1,1,1,1
24,64,2,ok,1605632,806994110.05440009,59190018.047999993,708572053.50400007,0,39232038.502400003,1,1,1,2
24,64,3,ok,1103872,834979217.20319986,61039706.112000003,733416732.0575999,0,40522779.033600003,1,3,1,1
24,64,4,ok,802816,807261772.18559992,59190018.047999993,708701605.06879997,0,39370149.068800002,1,2,1,2
24,64,5,ok,652288,822601762.30400014,60114862.079999998,722436853.24800003,0,40050046.976000004,1,5,1,1
24,64,6,ok,551936,835380710.4000001,61039706.112000003,733611059.40479994,0,40729944.883200005,1,3,2,1
24,64,7,ok,458752,807663265.38240004,59190018.048,708895932.41600001,0,39577314.918400005,1,1,1,7
24,64,8,ok,401408,807797096.44799995,59190018.047999993,708960708.19840002,0,39646370.2016,1,4,1,2
24,64,9,ok,394240,904450011.03359997,65399685.119999997,795233528.52480006,0,43816797.388800003,1,3,3,1
24,64,10,ok,326144,823270917.63199997,60114862.079999998,722760732.15999985,0,40395323.392000005,1,5,2,1
24,64,11,ok,301056,836049865.72799993,61039706.111999996,733934938.3168,0,41075221.299200006,1,11,1,1
24,64,12,ok,275968,836183696.79360008,61039706.112000003,733999714.09920001,0,41144276.582400009,1,3,4,1
24,64,13,ok,250880,823672410.82879996,60114862.079999991,722955059.5072,0,40602489.241600007,1,13,1,1
24,64,14,ok,229376,808600082.84159994,59190018.048,709349362.89279997,0,40060701.900800005,1,2,1,7
24,64,15,ok,229376,866357231.61599994,63417876.480000004,760017174.528,0,42922180.608000003,1,1,1,15
24,64,16,ok,200704,808867744.97280002,59190018.047999993,709478914.4576,0,40198812.467200004,1,8,1,2
25,1,1,ok,112896,26376077.721599996,2080899.0719999999,23838631.423999995,0,456547.22560000001,1,1,1,1
25,1,2,ok,56448,26550893.875199996,2080899.0719999999,23865626.111999996,0,604368.6912,1,1,1,2
25,1,3,ok,40320,28688969.779200003,2229534.7199999997,25678719.129599996,0,780715.92959999992,1,1,1,3
25,1,4,ok,28224,26788818.431999996,2080899.0719999999,23997809.766399994,0,710109.59360000002,2,1,1,2
25,1,5,ok,24192,29027572.992000002,2229534.7199999997,25706573.568000004,0,1091464.7040000001,1,1,1,5
25,1,6,ok,20160,28943888.9472,2229534.7199999997,25820344.4736,0,894009.75359999994,2,1,1,3
25,1,7,ok,16128,27645002.649600003,2080899.0719999997,24182862.950400002,0,1381240.6272,1,1,1,7
25,1,8,ok,14112,27172439.961599998,2080899.0719999999,24070682.521599997,0,1020858.368,2,1,2,2
25,1,9,ok,14112,29766349.908,2194698.2399999998,26054029.591200002,0,1517622.0767999999,9,1,1,1
25,1,10,ok,12096,29282492.16,2229534.7199999997,25848198.912,0,1204758.5280000002,2,1,1,5
25,1,11,ok,12096,33232890.240000002,2452488.1919999998,28725231.744000003,0,2055170.304,1,1,1,11
25,1,12,ok,10080,29453727.283199999,2229534.7199999997,26103595.161600001,0,1120597.4016,4,1,1,3
25,1,13,ok,14112,32435142.167999998,2113413.1200000001,28303916.638399996,0,2017812.4096000001,13,1,1,1
25,1,14,ok,8064,27882927.206400003,2080899.0719999997,24315046.604800001,0,1486981.5296,2,1,1,7
25,1,15,ok,8064,31395863.808000002,2229534.7199999997,26521120.512000002,0,2645208.5759999999,1,1,1,15
25,1,16,ok,7056,27648289.075199999,2080899.0719999999,24335049.830399998,0,1232340.1728000001,4,1,2,2
25,2,1,ok,225792,52560344.678399995,4161798.1439999999,47640826.470399991,0,757720.06400000001,1,1,1,1
25,2,2,ok,112896,52718166.220799997,4161798.1439999999,47658379.468799993,0,897988.60800000001,1,1,1,2
25,2,3,ok,80640,56802507.263999999,4459069.4399999995,51248129.126399994,0,1095308.6976000001,1,1,1,3
25,2,4,ok,56448,53101787.750399992,4161798.1439999999,47731252.223999992,0,1208737.3824,1,2,1,2
25,2,5,ok,48384,57096092.159999996,4459069.4399999995,51230965.247999996,0,1406057.4720000001,1,1,1,5
25,2,6,ok,40320,57312345.600000009,4459069.4399999995,51531379.814400002,0,1321896.3456000001,2,1,1,3
25,2,7,ok,32256,53947329.94560001,4161798.1439999994,48110671.257600009,0,1674860.5440000002,1,1,1,7
25,2,8,ok,28224,53577636.863999993,4161798.1439999999,47995619.532799989,0,1420219.1872,2,1,2,2
25,2,9,ok,28224,59215112.423999995,4389396.4799999995,51954343.214400001,0,2871372.7296000002,9,1,1,1
25,2,10,ok,24192,57605930.496000007,4459069.4399999995,51514215.936000004,0,1632645.1200000001,2,1,1,5
25,2,11,ok,24192,64355862.067200005,4904976.3839999996,57049663.334400006,0,2401222.3488000003,1,1,1,11
25,2,12,ok,20160,57887777.894400001,4459069.4399999995,51640688.9472,0,1788019.5071999999,2,2,1,3
25,2,13,ok,28224,64564459.439999983,4226826.2400000002,56459810.492799997,0,3877822.7072000001,13,1,1,1
25,2,14,ok,16128,54423179.059200004,4161798.1439999994,48375038.566399999,0,1886342.3488000003,2,1,1,7
25,2,15,ok,16128,59914566.144000009,4459069.4399999995,52495695.359999999,0,2959801.344,1,1,1,15
25,2,16,ok,14112,54344879.923199996,4161798.1439999999,48141365.043199994,0,2041716.736,2,2,2,2
25,4,1,ok,451584,104928878.59199998,8323596.2879999997,95245216.563199982,0,1360065.7408000003,1,1,1,1
25,4,2,ok,225792,105052710.91199999,8323596.2879999997,95243886.182399988,0,1485228.4416,1,1,1,2
25,4,3,ok,161280,113029582.23360001,8918138.879999999,102386949.12,0,1724494.2335999999,1,1,1,3
25,4,4,ok,112896,105429925.47839999,8323596.2879999997,95198137.139199987,0,1908192.0512000001,2,1,1,2
25,4,5,ok,96768,113233130.49599999,8918138.879999999,102279748.608,0,2035243.0080000004,1,1,1,5
25,4,6,ok,80640,113527434.23999999,8918138.879999999,102431625.83039999,0,2177669.5296,2,1,1,3
25,4,7,ok,64512,106551984.5376,8323596.2879999988,95966287.871999994,0,2262100.3776000002,1,1,1,7
25,4,8,ok,56448,106032165.27359998,8323596.2879999997,95489628.159999982,0,2218940.8256000001,2,1,2,2
25,4,9,ok,56448,116472233.23199999,8778792.959999999,102930281.7696,0,4763158.5023999996,9,1,1,1
25,4,10,ok,48384,113949600.76800001,8918138.879999999,102543043.58400001,0,2488418.3040000005,2,1,1,5
25,4,11,ok,48384,126601805.7216,9809952.7679999992,113698526.5152,0,3093326.4384000003,1,1,1,11
25,4,12,ok,40320,114430793.93279999,8918138.879999999,102868862.36159998,0,2643792.6912000002,2,1,2,3
25,4,13,ok,56448,126727951.58399998,8453652.4800000004,111854711.5712,0,6419587.5328000002,13,1,1,1
25,4,14,ok,32256,107475744.76800001,8323596.2879999988,96467084.492799997,0,2685063.9872000003,2,1,1,7
25,4,15,ok,32256,116951970.81600003,8918138.879999999,104444845.05600002,0,3588986.8800000004,1,1,1,15
25,4,16,ok,28224,107142459.80159999,8323596.2879999997,95753995.468799993,0,3064868.0448000003,4,1,2,2
25,8,1,ok,903168,209665946.41919997,16647192.575999999,190453996.74879998,0,2564757.0944000003,1,1,1,1
25,8,2,ok,451584,209721800.29439998,16647192.575999999,190414899.60959998,0,2659708.1088000005,1,1,1,2
25,8,3,ok,322560,225483732.1728,17836277.759999998,204664589.1072,0,2982865.3056000001,1,1,1,3
25,8,4,ok,225792,210105421.82399997,16647192.575999999,190487772.36479998,0,2970456.8832,1,2,1,2
25,8,5,ok,193536,225507207.16800001,17836277.759999998,204377315.32800001,0,3293614.0800000005,1,1,1,5
25,8,6,ok,161280,226059164.46720001,17836277.759999998,204773898.24000001,0,3448988.4671999998,1,2,1,3
25,8,7,ok,129024,211761293.7216,16647192.575999998,191677521.10079998,0,3436580.0448000003,1,1,1,7
25,8,8,ok,112896,210859850.95679998,16647192.575999999,190396274.27839997,0,3816384.1024000002,2,1,2,2
25,8,9,ok,112896,232626879.07199997,17557585.919999998,205706847.57120001,0,9362445.5808000006,9,1,1,1
25,8,10,ok,96768,226393602.04800004,17836277.759999998,204357359.61600003,0,4199964.6720000003,2,1,1,5
25,8,11,ok,96768,251093693.03040001,19619905.535999998,226996252.8768,0,4477534.6176000005,1,1,1,11
25,8,12,ok,80640,227054868.47999999,17836277.759999998,204863251.66079998,0,4355339.0592,2,2,1,3
25,8,13,ok,112896,253150078.27199998,16907304.960000001,223561400.35839999,0,12681372.953600001,13,1,1,1
25,8,14,ok,64512,212843650.25280002,16647192.575999998,191913950.41280001,0,4282507.2640000004,2,1,1,7
25,8,15,ok,64512,231026780.16,17836277.759999998,208343144.44799998,0,4847357.9520000005,1,1,1,15
25,8,16,ok,56448,212064330.54719996,16647192.575999999,190979256.31999996,0,4437881.6512000002,2,2,2,2
25,16,1,ok,1806336,419140082.07359993,33294385.151999999,380871557.11999995,0,4974139.8015999999,1,1,1,1
25,16,2,ok,903168,419059979.05919993,33294385.151999999,380756926.46399993,0,5008667.4432000006,1,1,1,2
25,16,3,ok,645120,450392032.05120009,35672555.519999996,409219869.08160007,0,5499607.4495999999,1,1,1,3
25,16,4,ok,451584,419443600.58879995,33294385.151999999,380829799.21919996,0,5319416.217600001,1,2,1,2
25,16,5,ok,387072,450055360.51200002,35672555.519999996,408572448.76800001,0,5810356.2239999995,1,1,1,5
25,16,6,ok,322560,450967464.34560001,35672555.519999996,409329178.21439999,0,5965730.6112000002,1,2,1,3
25,16,7,ok,258048,422179912.08960003,33294385.151999995,383099987.55839998,0,5785539.3792000012,1,1,1,7
25,16,8,ok,225792,420210843.64799994,33294385.151999999,380975544.72959995,0,5940913.7664000001,1,2,2,2
25,16,9,ok,225792,464936170.75199997,35115171.839999996,411259979.17439997,0,18561019.737600002,9,1,1,1
25,16,10,ok,193536,451014414.33600003,35672555.519999996,408754630.65600002,0,6587228.1600000011,1,2,1,5
25,16,11,ok,193536,500077467.648,39239811.071999997,453591705.60000002,0,7245950.9760000017,1,1,1,11
25,16,12,ok,161280,452118328.93440002,35672555.519999996,409547796.48000002,0,6897976.9343999997,1,4,1,3
25,16,13,ok,225792,505994331.648,33814609.920000002,446974777.93279994,0,25204943.795200001,13,1,1,1
25,16,14,ok,129024,423522587.44319999,33294385.151999995,383355042.20159996,0,6873160.0896000005,1,2,1,7
25,16,15,ok,129024,459176398.84799999,35672555.519999996,416139743.23199999,0,7364100.0960000008,1,1,1,15
25,16,16,ok,112896,421719701.91359997,33294385.151999999,380792548.55679995,0,7632768.2048000004,2,2,2,2
25,32,1,ok,3612672,838088353.38239992,66588770.303999998,761706677.86239994,0,9792905.2160000019,1,1,1,1
25,32,2,ok,1806336,837736336.58879995,66588770.303999998,761440980.17279994,0,9706586.1119999997,1,1,1,2
25,32,3,ok,1241856,864656241.86880004,68669669.376000002,785581745.66400003,0,10404826.8288,1,3,1,1
25,32,4,ok,903168,838119958.11839986,66588770.303999998,761513852.92799985,0,10017334.886400001,1,2,1,2
25,32,5,ok,774144,899151667.20000017,71345111.039999992,816962715.64800012,0,10843840.512000002,1,1,1,5
25,32,6,ok,620928,864670851.99360001,68669669.376000002,785379479.03999996,0,10621703.5776,1,3,1,2
25,32,7,ok,516096,843017148.82560003,66588770.30399999,765944920.47360003,0,10483458.048,1,1,1,7
25,32,8,ok,451584,838887201.17759991,66588770.303999998,761659598.43839991,0,10638832.435200002,1,2,2,2
25,32,9,ok,443520,929473033.88160002,73574645.75999999,844118457.29280007,0,11779930.8288,1,3,1,3
25,32,10,ok,387072,900110721.02400005,71345111.039999992,817144897.53600001,0,11620712.447999999,1,2,1,5
25,32,11,ok,338688,866190727.98720014,68669669.375999987,785873236.68480003,0,11647821.9264,1,11,1,1
25,32,12,ok,310464,865821716.58239985,68669669.376000002,785598097.30559993,0,11553949.900800001,1,3,2,2
25,32,13,ok,338688,1023679951.2576001,81155063.807999983,928759279.7184,0,13765607.7312,1,13,1,1
25,32,14,ok,258048,844359824.17920005,66588770.30399999,766199975.11679995,0,11571078.758400002,1,2,1,7
25,32,15,ok,258048,915475636.2240001,71345111.039999992,831732940.79999995,0,12397584.384000001,1,1,1,15
25,32,16,ok,225792,840421687.29599988,66588770.303999998,761951089.45919991,0,11881827.5328,1,4,2,2
25,64,1,ok,7225344,1675984895.9999998,133177540.608,1523376919.3471997,0,19430436.044800002,1,1,1,1
25,64,2,ok,3612672,1675089051.6479998,133177540.608,1522809087.5903997,0,19102423.449600004,1,1,1,2
25,64,3,ok,2483712,1728737051.4431999,137339338.752,1571054182.1952,0,20343530.495999999,1,3,1,1
25,64,4,ok,1806336,1675472673.1775999,133177540.608,1522881960.3455999,0,19413172.223999999,1,2,1,2
25,64,5,ok,1467648,1702936406.0160003,135258439.67999998,1547324859.9040003,0,20353106.432,1,5,1,1
25,64,6,ok,1241856,1728190839.3983998,137339338.752,1570540339.8144,0,20311160.832000002,1,3,1,2
25,64,7,ok,1032192,1684691622.2976,133177540.60799998,1531634786.3039999,0,19879295.385600001,1,1,1,7
25,64,8,ok,903168,1676239916.2367997,133177540.608,1523027705.8559997,0,20034669.772800002,1,2,2,2
25,64,9,ok,887040,1857219770.8799999,147149291.51999998,1687908987.1872001,0,22161492.172800001,1,3,1,3
25,64,10,ok,733824,1702790810.1119998,135258439.67999998,1546893331.9679999,0,20639038.464000002,1,5,1,2
25,64,11,ok,677376,1730271537.5616,137339338.75199997,1571345673.2159998,0,21586525.593600005,1,11,1,1
25,64,12,ok,620928,1729341703.9872,137339338.752,1570758958.0799999,0,21243407.155200001,1,3,2,2
25,64,13,ok,564480,1704470892.1344004,135258439.68000001,1547616350.9248004,0,21596101.529600002,1,13,1,1
25,64,14,ok,516096,1686034297.6512001,133177540.60799998,1531889840.9472001,0,20966916.096000001,1,2,1,7
25,64,15,ok,516096,1828074110.9760001,142690222.07999998,1662919335.9360001,0,22464552.960000001,1,1,1,15
25,64,16,ok,451584,1677774402.3551998,133177540.608,1523319196.8767998,0,21277664.870400004,1,4,2,2
26,1,1,ok,50176,13447969.791999999,924844.03199999989,11596813.516799999,0,926312.24320000014,1,1,1,1
26,1,2,ok,25088,13581800.8576,924844.03199999989,11661589.2992,0,995367.52640000009,1,1,1,2
26,1,3,ok,17248,13920013.605600003,926650.36800000002,11853966.5112,0,1139396.7264,3,1,1,1
26,1,4,ok,12544,13819725.4144,924844.03199999989,11793772.953600001,0,1101108.4288000001,2,1,1,2
26,1,5,ok,10192,14201214.628,930263.03999999992,11916867.699999999,0,1354083.8880000003,5,1,1,1
26,1,6,ok,8624,14400295.267200001,932069.37599999993,12006798.422400001,0,1461427.4688000001,6,1,1,1
26,1,7,ok,7168,14491053.875199998,924844.03200000001,12225565.900799999,0,1340643.9424000003,1,1,1,7
26,1,8,ok,6272,14087387.545600001,924844.03199999989,11923324.5184,0,1239218.9952000002,2,1,1,4
26,1,9,ok,6272,14986655.013600001,926650.3679999999,12286162.504799999,0,1773842.1408000002,9,1,1,1
26,1,10,ok,5096,14756518.116,930263.03999999992,12402711.284,0,1423543.7920000004,5,1,2,1
26,1,11,ok,4704,15115536.418399999,933875.71199999982,12189926.047199998,0,1991734.6592000001,11,1,1,1
26,1,12,ok,4312,14901723.237600002,926650.36800000002,12628105.672800001,0,1346967.1968,3,1,4,1
26,1,13,ok,3920,15418044.512000002,939294.71999999986,12270725.292800002,0,2208024.4992000004,13,1,1,1
26,1,14,ok,3584,14728978.432,924844.03200000001,12357749.555199999,0,1446384.8448000003,2,1,1,7
26,1,15,ok,3640,15994940.898,996710.40000000002,13413467.945999999,0,1584762.5520000001,5,1,3,1
26,1,16,ok,3136,14563236.6592,924844.03199999989,12187691.827199999,0,1450700.8000000003,4,1,1,4
26,2,1,ok,100352,26762108.518399999,1849688.0639999998,23128851.251199998,0,1783569.2032000001,1,1,1,1
26,2,2,ok,50176,26895939.583999999,1849688.0639999998,23193627.033599999,0,1852624.4864000003,1,1,1,2
26,2,3,ok,34496,27511227.864,1853300.736,23448323.832000002,0,2209603.2960000001,3,1,1,1
26,2,4,ok,25088,27163601.7152,1849688.0639999998,23323178.5984,0,1990735.0528000002,1,2,1,2
26,2,5,ok,20384,28072348.040000007,1860526.0799999998,23573114.088000003,0,2638707.8720000004,5,1,1,1
26,2,6,ok,17248,27840027.211200006,1853300.736,23707933.022399999,0,2278793.4528000001,3,2,1,1
26,2,7,ok,14336,28045290.291200001,1849688.064,23997701.3248,0,2197900.9024,1,1,1,7
26,2,8,ok,12544,27639450.8288,1849688.0639999998,23587545.907200001,0,2202216.8576000002,2,1,1,4
26,2,9,ok,12544,29644510.68,1853300.7359999998,24312715.819199998,0,3478494.1248000003,9,1,1,1
26,2,10,ok,10192,28402429.256000001,1860526.0799999998,23833735.399999999,0,2708167.7760000005,5,2,1,1
26,2,11,ok,9408,29899709.751999989,1867751.4239999996,24118218.660799995,0,3913739.6672,11,1,1,1
26,2,12,ok,8624,28800590.534400001,1864138.7519999999,24013596.844800003,0,2922854.9376000003,6,2,1,1
26,2,13,ok,7840,30502803.136,1878589.4399999997,24278298.969600003,0,4345914.7264,13,1,1,1
26,2,14,ok,7168,28521139.404799998,1849688.064,24262068.633599997,0,2409382.7072000001,2,1,1,7
26,2,15,ok,7168,31378922.495999999,1981808.6400000001,26524305.408,0,2872808.4480000003,1,1,1,15
26,2,16,ok,6272,28174775.091200002,1849688.0639999998,23846649.036800001,0,2478437.9904000005,2,2,1,4
26,4,1,ok,200704,53230320.844799995,3699376.1279999996,46032861.593599997,0,3498083.1232000003,1,1,1,1
26,4,2,ok,100352,53364151.910400003,3699376.1279999996,46097637.376000002,0,3567138.4064000002,1,1,1,2
26,4,3,ok,68992,54693656.380800001,3706601.4720000001,46637038.4736,0,4350016.4352000002,3,1,1,1
26,4,4,ok,50176,53791879.167999998,3699376.1279999996,46387254.067199998,0,3705248.9728000006,1,2,1,2
26,4,5,ok,40768,55814614.864,3721052.1599999997,46885606.864,0,5207955.8399999999,5,1,1,1
26,4,6,ok,34496,55022455.728,3706601.4720000001,46896647.664000005,0,4419206.5920000002,3,2,1,1
26,4,7,ok,28672,54033307.23839999,3699376.128,46421516.287999995,0,3912414.8224000004,1,1,1,7
26,4,8,ok,25088,54327203.430399999,3699376.1279999996,46646357.196800001,0,3981470.1056000004,1,2,1,4
26,4,9,ok,25088,58960222.012800008,3706601.4719999996,48365822.448000006,0,6887798.0928000007,9,1,1,1
26,4,10,ok,20384,56144696.080000013,3721052.1599999997,47146228.176000006,0,5277415.7440000009,5,2,1,1
26,4,11,ok,18816,59468056.419199981,3735502.8479999993,47974803.887999989,0,7757749.6831999999,11,1,1,1
26,4,12,ok,17248,55680054.422400013,3706601.4720000001,47415866.044799998,0,4557586.9056000002,3,4,1,1
26,4,13,ok,15680,60672320.384000003,3757178.8799999994,48293446.323200002,0,8621695.1808000002,13,1,1,1
26,4,14,ok,14336,54970124.697599992,3699376.128,46874946.764799997,0,4395801.8048,1,1,2,7
26,4,15,ok,14336,58896562.175999992,3963617.2800000003,50223157.247999996,0,4709787.648,1,1,1,15
26,4,16,ok,12544,55278901.657600001,3699376.1279999996,47175091.814400002,0,4404433.7152000004,2,2,1,4
26,8,1,ok,401408,106326810.624,7398752.2559999991,92000947.404799998,0,6927110.963200001,1,1,1,1
26,8,2,ok,200704,106460641.68959999,7398752.2559999991,92065723.187199995,0,6996166.2464000005,1,1,1,2
26,8,3,ok,137984,109058513.41439998,7413202.9440000001,93014467.756799996,0,8630842.7136000004,3,1,1,1
26,8,4,ok,100352,106728303.82080001,7398752.2559999991,92195274.752000004,0,7134276.8128000004,1,2,1,2
26,8,5,ok,81536,111299148.51200001,7442104.3199999994,93510592.416000009,0,10346451.776000001,5,1,1,1
26,8,6,ok,68992,109387312.7616,7413202.9440000001,93274076.9472,0,8700032.8704000004,3,2,1,1
26,8,7,ok,57344,107129797.01759997,7398752.2560000001,92389602.09919998,0,7341442.6624000017,1,1,1,7
26,8,8,ok,50176,107583758.336,7398752.2559999991,92774508.134399995,0,7410497.9456000011,1,2,2,2
26,8,9,ok,50176,117591644.67839999,7413202.9439999992,96472035.705599993,0,13706406.028800001,9,1,1,1
26,8,10,ok,40768,111629229.728,7442104.3199999994,93771213.728,0,10415911.68,5,2,1,1
26,8,11,ok,37632,118604749.75359997,7471005.6959999986,95687974.342399985,0,15445769.7152,11,1,1,1
26,8,12,ok,34496,110044911.456,7413202.9440000001,93793295.328000009,0,8838413.1840000004,3,4,1,1
26,8,13,ok,31360,121011354.88,7514357.7599999988,96323741.030400008,0,17173256.089600001,13,1,1,1
26,8,14,ok,28672,108066614.47679998,7398752.2560000001,92843032.57599999,0,7824829.6448000008,1,2,1,7
26,8,15,ok,28672,115785658.36799997,7927234.5600000005,99474677.75999999,0,8383746.0480000004,1,1,1,15
26,8,16,ok,25088,108654406.8608,7398752.2559999991,93292714.393600002,0,7962940.2112000007,1,4,1,4
26,16,1,ok,802816,212519790.18239999,14797504.511999998,183937119.02719998,0,13785166.643200001,1,1,1,1
26,16,2,ok,401408,212653621.248,14797504.511999998,184001894.8096,0,13854221.926400002,1,1,1,2
26,16,3,ok,275968,217788227.48159999,14826405.888,185769326.32319999,0,17192495.270399999,3,1,1,1
26,16,4,ok,200704,212921283.37919998,14797504.511999998,184131446.37439999,0,13992332.492800001,1,2,1,2
26,16,5,ok,163072,222268215.808,14884208.639999999,186760563.52000001,0,20623443.648000002,5,1,1,1
26,16,6,ok,137984,218117026.82879996,14826405.888,186028935.51359999,0,17261685.427200001,3,2,1,1
26,16,7,ok,114688,213322776.57600001,14797504.512,184325773.7216,0,14199498.342400001,1,1,1,7
26,16,8,ok,100352,213456607.64160001,14797504.511999998,184390549.50400001,0,14268553.625600001,1,4,1,2
26,16,9,ok,100352,234854490.00959998,14826405.887999998,192684462.22079998,0,27343621.900800001,9,1,1,1
26,16,10,ok,81536,222598297.02400002,14884208.639999999,187021184.83200002,0,20692903.552000001,5,2,1,1
26,16,11,ok,75264,236878136.42239994,14942011.391999997,191114315.25119996,0,30821809.779200003,11,1,1,1
26,16,12,ok,68992,218774625.52320001,14826405.888,186548153.8944,0,17400065.740800001,3,4,1,1
26,16,13,ok,62720,241689423.87200001,15028715.519999998,192384330.44480002,0,34276377.907200001,13,1,1,1
26,16,14,ok,57344,214259594.03519994,14797504.512,184779204.19839996,0,14682885.324800003,1,2,1,7
26,16,15,ok,57344,229563850.75199994,15854469.120000001,197977718.78399998,0,15731662.848000003,1,1,1,15
26,16,16,ok,50176,215167516.67199999,14797504.511999998,185549016.26879999,0,14820995.891200002,1,4,2,2
26,32,1,ok,1605632,424905749.2992,29595009.023999996,367809462.27200001,0,27501278.003200002,1,1,1,1
26,32,2,ok,802816,425039580.36479998,29595009.023999996,367874238.05439997,0,27570333.286400001,1,1,1,2
26,32,3,ok,551936,435247655.61599994,29652811.776000001,371279043.45599997,0,34315800.384000003,3,1,1,1
26,32,4,ok,401408,425307242.49599999,29595009.023999996,368003789.61919999,0,27708443.852800004,1,2,1,2
26,32,5,ok,326144,444206350.4000001,29768417.279999997,373260505.72800004,0,41177427.392000005,5,1,1,1
26,32,6,ok,275968,435576454.96319997,29652811.776000001,371538652.64639997,0,34384990.540799998,3,2,1,1
26,32,7,ok,229376,425708735.69279993,29595009.024,368198116.96639997,0,27915609.702400003,1,1,1,7
26,32,8,ok,200704,425842566.75839996,29595009.023999996,368262892.74879998,0,27984664.985600002,1,4,1,2
26,32,9,ok,189728,449496468.56879997,30579462.143999998,383392619.15759993,0,35524387.267200001,3,3,1,1
26,32,10,ok,163072,444536431.616,29768417.279999997,373521127.04000002,0,41246887.296000004,5,2,1,1
26,32,11,ok,150528,440838719.69280005,30519853.055999998,381269778.8416,0,29049087.795200005,1,11,1,1
26,32,12,ok,137984,436234053.65759993,29652811.776000001,372057871.02719998,0,34523370.854400001,3,4,1,1
26,32,13,ok,125440,483045561.85600001,30057431.039999995,384505509.27360004,0,68482621.542400002,13,1,1,1
26,32,14,ok,114688,426645553.15200001,29595009.024,368651547.44319999,0,28398996.684800003,1,2,1,7
26,32,15,ok,112112,458737646.24400002,30698680.319999997,385437994.74000001,0,42600971.184,5,3,1,1
26,32,16,ok,100352,426913215.28320003,29595009.023999996,368781099.00800002,0,28537107.251200002,1,8,1,2
26,64,1,ok,3211264,849677667.53279996,59190018.047999993,735554148.76160002,0,54933500.723200008,1,1,1,1
26,64,2,ok,1605632,849811498.5984,59190018.047999993,735618924.54400003,0,55002556.006400004,1,1,1,2
26,64,3,ok,1103872,870166511.88479996,59305623.552000001,742298477.72159994,0,68562410.611200005,3,1,1,1
26,64,4,ok,802816,850079160.72959995,59190018.047999993,735748476.10879993,0,55140666.572800003,1,2,1,2
26,64,5,ok,652288,866088172.54399991,60114862.079999998,749906331.64799988,0,56066978.816,1,5,1,1
26,64,6,ok,551936,870495311.23199987,59305623.552000001,742558086.91199994,0,68631600.768000007,3,2,1,1
26,64,7,ok,458752,850480653.92639983,59190018.048,735942803.45599997,0,55347832.422400013,1,1,1,7
26,64,8,ok,401408,850614484.99199998,59190018.047999993,736007579.23839998,0,55416887.705600008,1,4,1,2
26,64,9,ok,379456,898006539.09599996,61158924.287999995,766006410.74399996,0,70841204.06400001,3,3,1,1
26,64,10,ok,326144,866757327.87199986,60114862.079999998,750230210.55999982,0,56412255.231999993,1,5,1,2
26,64,11,ok,301056,880205297.66400015,61039706.111999996,761827024.07680011,0,57338567.475200012,1,11,1,1
26,64,12,ok,275968,871152909.92639995,59305623.552000001,743077305.29279995,0,68769981.081599995,3,4,1,1
26,64,13,ok,250880,867158821.06879997,60114862.079999991,750424537.9072001,0,56619421.081600003,1,13,1,1
26,64,14,ok,229376,851417471.38559985,59190018.048,736396233.93279994,0,55831219.404800005,1,2,1,7
26,64,15,ok,224224,885072923.53200018,60232273.919999994,754931271.80400002,0,69909377.808000013,3,5,1,1
26,64,16,ok,200704,851685133.51679993,59190018.047999993,736525785.49759996,0,55969329.971200004,1,8,1,2
27,1,1,ok,12544,70085.836800000005,70085.836800000005,0,0,0,1,1,1,1
27,1,2,ok,6272,70085.836800000005,70085.836800000005,0,0,0,1,1,1,2
27,1,3,ok,4190,70222.723200000008,70222.723200000008,0,0,0,3,1,1,1
27,1,4,ok,3136,70085.836800000005,70085.836800000005,0,0,0,2,1,1,2
27,1,5,ok,2524,70496.496000000014,70496.496000000014,0,0,0,5,1,1,1
27,1,6,ok,2095,70222.723200000008,70222.723200000008,0,0,0,3,1,1,2
27,1,7,ok,1792,70085.83679999999,70085.83679999999,0,0,0,1,1,1,7
27,1,8,ok,1568,70085.836800000005,70085.836800000005,0,0,0,2,1,2,2
27,1,9,ok,1397,70222.723200000008,70222.723200000008,0,0,0,9,1,1,1
27,1,10,ok,1262,70496.496000000014,70496.496000000014,0,0,0,5,1,1,2
27,1,11,ok,1152,70770.268800000005,70770.268800000005,0,0,0,11,1,1,1
27,1,12,ok,1048,70222.723200000008,70222.723200000008,0,0,0,3,1,2,2
27,1,13,ok,980,71180.928,71180.928,0,0,0,13,1,1,1
27,1,14,ok,896,70085.83679999999,70085.83679999999,0,0,0,2,1,1,7
27,1,15,ok,858,71865.360000000001,71865.360000000001,0,0,0,15,1,1,1
27,1,16,ok,784,70085.836800000005,70085.836800000005,0,0,0,4,1,2,2
27,2,1,ok,25088,140171.67360000001,140171.67360000001,0,0,0,1,1,1,1
27,2,2,ok,12544,140171.67360000001,140171.67360000001,0,0,0,1,1,1,2
27,2,3,ok,8379,140445.44640000002,140445.44640000002,0,0,0,3,1,1,1
27,2,4,ok,6272,140171.67360000001,140171.67360000001,0,0,0,1,2,1,2
27,2,5,ok,5047,140992.99200000003,140992.99200000003,0,0,0,5,1,1,1
27,2,6,ok,4190,140445.44640000002,140445.44640000002,0,0,0,3,1,1,2
27,2,7,ok,3584,140171.67359999998,140171.67359999998,0,0,0,1,1,1,7
27,2,8,ok,3136,140171.67360000001,140171.67360000001,0,0,0,1,2,2,2
27,2,9,ok,2793,140445.44640000002,140445.44640000002,0,0,0,9,1,1,1
27,2,10,ok,2524,140992.99200000003,140992.99200000003,0,0,0,5,1,1,2
27,2,11,ok,2303,141540.53760000001,141540.53760000001,0,0,0,11,1,1,1
27,2,12,ok,2095,140445.44640000002,140445.44640000002,0,0,0,3,1,2,2
27,2,13,ok,1960,142361.856,142361.856,0,0,0,13,1,1,1
27,2,14,ok,1792,140171.67359999998,140171.67359999998,0,0,0,1,2,1,7
27,2,15,ok,1715,143730.72,143730.72,0,0,0,15,1,1,1
27,2,16,ok,1568,140171.67360000001,140171.67360000001,0,0,0,2,2,2,2
27,4,1,ok,50176,280343.34720000002,280343.34720000002,0,0,0,1,1,1,1
27,4,2,ok,25088,280343.34720000002,280343.34720000002,0,0,0,1,1,1,2
27,4,3,ok,16758,280890.89280000003,280890.89280000003,0,0,0,3,1,1,1
27,4,4,ok,12544,280343.34720000002,280343.34720000002,0,0,0,1,2,1,2
27,4,5,ok,10094,281985.98400000005,281985.98400000005,0,0,0,5,1,1,1
27,4,6,ok,8379,280890.89280000003,280890.89280000003,0,0,0,3,1,1,2
27,4,7,ok,7168,280343.34719999996,280343.34719999996,0,0,0,1,1,1,7
27,4,8,ok,6272,280343.34720000002,280343.34720000002,0,0,0,1,2,2,2
27,4,9,ok,5586,280890.89280000003,280890.89280000003,0,0,0,9,1,1,1
27,4,10,ok,5047,281985.98400000005,281985.98400000005,0,0,0,5,1,1,2
27,4,11,ok,4606,283081.07520000002,283081.07520000002,0,0,0,11,1,1,1
27,4,12,ok,4190,280890.89280000003,280890.89280000003,0,0,0,3,1,2,2
27,4,13,ok,3920,284723.712,284723.712,0,0,0,13,1,1,1
27,4,14,ok,3584,280343.34719999996,280343.34719999996,0,0,0,1,2,1,7
27,4,15,ok,3430,287461.44,287461.44,0,0,0,15,1,1,1
27,4,16,ok,3136,280343.34720000002,280343.34720000002,0,0,0,2,2,2,2
27,8,1,ok,100352,560686.69440000004,560686.69440000004,0,0,0,1,1,1,1
27,8,2,ok,50176,560686.69440000004,560686.69440000004,0,0,0,1,1,1,2
27,8,3,ok,33516,561781.78560000006,561781.78560000006,0,0,0,3,1,1,1
27,8,4,ok,25088,560686.69440000004,560686.69440000004,0,0,0,1,2,1,2
27,8,5,ok,20188,563971.96800000011,563971.96800000011,0,0,0,5,1,1,1
27,8,6,ok,16758,561781.78560000006,561781.78560000006,0,0,0,3,1,1,2
27,8,7,ok,14336,560686.69439999992,560686.69439999992,0,0,0,1,1,1,7
27,8,8,ok,12544,560686.69440000004,560686.69440000004,0,0,0,1,2,2,2
27,8,9,ok,11172,561781.78560000006,561781.78560000006,0,0,0,9,1,1,1
27,8,10,ok,10094,563971.96800000011,563971.96800000011,0,0,0,5,1,1,2
27,8,11,ok,9212,566162.15040000004,566162.15040000004,0,0,0,11,1,1,1
27,8,12,ok,8379,561781.78560000006,561781.78560000006,0,0,0,3,1,2,2
27,8,13,ok,7840,569447.424,569447.424,0,0,0,13,1,1,1
27,8,14,ok,7168,560686.69439999992,560686.69439999992,0,0,0,1,2,1,7
27,8,15,ok,6860,574922.88,574922.88,0,0,0,15,1,1,1
27,8,16,ok,6272,560686.69440000004,560686.69440000004,0,0,0,2,2,2,2
27,16,1,ok,200704,1121373.3888000001,1121373.3888000001,0,0,0,1,1,1,1
27,16,2,ok,100352,1121373.3888000001,1121373.3888000001,0,0,0,1,1,1,2
27,16,3,ok,67032,1123563.5712000001,1123563.5712000001,0,0,0,3,1,1,1
27,16,4,ok,50176,1121373.3888000001,1121373.3888000001,0,0,0,1,2,1,2
27,16,5,ok,40376,1127943.9360000002,1127943.9360000002,0,0,0,5,1,1,1
27,16,6,ok,33516,1123563.5712000001,1123563.5712000001,0,0,0,3,1,1,2
27,16,7,ok,28672,1121373.3887999998,1121373.3887999998,0,0,0,1,1,1,7
27,16,8,ok,25088,1121373.3888000001,1121373.3888000001,0,0,0,1,2,2,2
27,16,9,ok,22344,1123563.5712000001,1123563.5712000001,0,0,0,9,1,1,1
27,16,10,ok,20188,1127943.9360000002,1127943.9360000002,0,0,0,5,1,1,2
27,16,11,ok,18424,1132324.3008000001,1132324.3008000001,0,0,0,11,1,1,1
27,16,12,ok,16758,1123563.5712000001,1123563.5712000001,0,0,0,3,1,2,2
27,16,13,ok,15680,1138894.848,1138894.848,0,0,0,13,1,1,1
27,16,14,ok,14336,1121373.3887999998,1121373.3887999998,0,0,0,1,2,1,7
27,16,15,ok,13720,1149845.76,1149845.76,0,0,0,15,1,1,1
27,16,16,ok,12544,1121373.3888000001,1121373.3888000001,0,0,0,2,2,2,2
27,32,1,ok,401408,2242746.7776000001,2242746.7776000001,0,0,0,1,1,1,1
27,32,2,ok,200704,2242746.7776000001,2242746.7776000001,0,0,0,1,1,1,2
27,32,3,ok,134064,2247127.1424000002,2247127.1424000002,0,0,0,3,1,1,1
27,32,4,ok,100352,2242746.7776000001,2242746.7776000001,0,0,0,1,2,1,2
27,32,5,ok,80752,2255887.8720000004,2255887.8720000004,0,0,0,5,1,1,1
27,32,6,ok,67032,2247127.1424000002,2247127.1424000002,0,0,0,3,1,1,2
27,32,7,ok,57344,2242746.7775999997,2242746.7775999997,0,0,0,1,1,1,7
27,32,8,ok,50176,2242746.7776000001,2242746.7776000001,0,0,0,1,2,2,2
27,32,9,ok,44688,2247127.1424000002,2247127.1424000002,0,0,0,9,1,1,1
27,32,10,ok,40376,2255887.8720000004,2255887.8720000004,0,0,0,5,1,1,2
27,32,11,ok,36848,2264648.6016000002,2264648.6016000002,0,0,0,11,1,1,1
27,32,12,ok,33516,2247127.1424000002,2247127.1424000002,0,0,0,3,1,2,2
27,32,13,ok,31360,2277789.696,2277789.696,0,0,0,13,1,1,1
27,32,14,ok,28672,2242746.7775999997,2242746.7775999997,0,0,0,1,2,1,7
27,32,15,ok,27440,2299691.52,2299691.52,0,0,0,15,1,1,1
27,32,16,ok,25088,2242746.7776000001,2242746.7776000001,0,0,0,2,2,2,2
27,64,1,ok,802816,4485493.5552000003,4485493.5552000003,0,0,0,1,1,1,1
27,64,2,ok,401408,4485493.5552000003,4485493.5552000003,0,0,0,1,1,1,2
27,64,3,ok,268128,4494254.2848000005,4494254.2848000005,0,0,0,3,1,1,1
27,64,4,ok,200704,4485493.5552000003,4485493.5552000003,0,0,0,1,2,1,2
27,64,5,ok,161504,4511775.7440000009,4511775.7440000009,0,0,0,5,1,1,1
27,64,6,ok,134064,4494254.2848000005,4494254.2848000005,0,0,0,3,1,1,2
27,64,7,ok,114688,4485493.5551999994,4485493.5551999994,0,0,0,1,1,1,7
27,64,8,ok,100352,4485493.5552000003,4485493.5552000003,0,0,0,1,2,2,2
27,64,9,ok,89376,4494254.2848000005,4494254.2848000005,0,0,0,9,1,1,1
27,64,10,ok,80752,4511775.7440000009,4511775.7440000009,0,0,0,5,1,1,2
27,64,11,ok,73696,4529297.2032000003,4529297.2032000003,0,0,0,11,1,1,1
27,64,12,ok,67032,4494254.2848000005,4494254.2848000005,0,0,0,3,1,2,2
27,64,13,ok,62720,4555579.392,4555579.392,0,0,0,1,13,1,1
27,64,14,ok,57344,4485493.5551999994,4485493.5551999994,0,0,0,1,2,1,7
27,64,15,ok,54464,4564477.0080000004,4564477.0080000004,0,0,0,3,5,1,1
27,64,16,ok,50176,4485493.5552000003,4485493.5552000003,0,0,0,2,2,2,2
28,1,1,ok,50176,12778948.095999999,924844.03199999989,11174206.1568,0,679897.90720000002,1,1,1,1
28,1,2,ok,25088,12912779.161600001,924844.03199999989,11238981.939200001,0,748953.19040000008,1,1,2,1
28,1,3,ok,17920,14087031.552000001,990904.32000000007,12234487.1424,0,861640.08960000006,1,1,3,1
28,1,4,ok,12544,13180441.2928,924844.03199999989,11368533.504000001,0,887063.75680000009,1,1,4,1
28,1,5,ok,10752,14274661.119999999,990904.31999999983,12284006.143999998,0,999750.65600000019,1,1,5,1
28,1,6,ok,8960,14488524.748800002,990904.32000000007,12428814.489599999,0,1068805.9392000001,1,1,6,1
28,1,7,ok,7168,13598396.313599998,924844.03200000001,11579322.675199999,0,1094229.6064000002,1,1,1,7
28,1,8,ok,6272,13723661.823999999,924844.03199999989,11635532.9024,0,1163284.8896000001,1,1,2,4
28,1,9,ok,6400,15731195.673599999,1061683.2,13346792.524799999,0,1322719.9488000001,1,1,3,3
28,1,10,ok,5376,14869461.76,990904.31999999983,12425631.487999998,0,1452925.952,2,1,5,1
28,1,11,ok,5376,16371161.5232,1089994.7519999999,13801636.991999999,0,1479529.7792,1,1,1,11
28,1,12,ok,4480,15083325.388800003,990904.32000000007,12570439.8336,0,1521981.2352,2,1,6,1
28,1,13,ok,6272,21152195.48,939294.71999999986,14453424.939200001,0,5759475.8208000008,13,1,1,1
28,1,14,ok,3584,14195140.915199999,924844.03200000001,11692680.294400001,0,1577616.5888000003,1,1,2,7
28,1,15,ok,3584,15209079.551999999,990904.32000000007,12527871.744000001,0,1690303.4880000001,1,1,1,15
28,1,16,ok,3136,14405655.6544,924844.03199999989,11765084.4672,0,1715727.1552000002,1,1,4,4
28,2,1,ok,100352,25424065.126399998,1849688.0639999998,22283636.531199999,0,1290740.5312000001,1,1,1,1
28,2,2,ok,50176,25557896.191999998,1849688.0639999998,22348412.3136,0,1359795.8144,1,1,2,1
28,2,3,ok,35840,27772569.907200001,1981808.6400000001,24274646.937599998,0,1516114.3295999998,1,1,3,1
28,2,4,ok,25088,25825558.323200002,1849688.0639999998,22477963.878400002,0,1497906.3808000002,1,2,2,1
28,2,5,ok,21504,27880166.911999997,1981808.6399999997,24244133.375999998,0,1654224.8959999999,1,1,5,1
28,2,6,ok,17920,28174063.104000002,1981808.6400000001,24468974.2848,0,1723280.1792000001,1,2,3,1
28,2,7,ok,14336,26600048.025600001,1849688.064,23045287.731200002,0,1705072.2304000002,1,1,1,7
28,2,8,ok,12544,26360882.5856,1849688.0639999998,22737067.008000001,0,1774127.5136000002,1,2,4,1
28,2,9,ok,12800,30695148.288000003,2123366.3999999999,26547839.5392,0,2023942.3488000003,1,1,3,3
28,2,10,ok,10752,28549322.239999998,1981808.6399999997,24568012.287999995,0,1999501.3120000004,1,2,5,1
28,2,11,ok,10752,31804581.529600002,2179989.5039999997,27425140.582400002,0,2199451.4432000006,1,1,1,11
28,2,12,ok,8960,28977049.497600004,1981808.6400000001,24857628.979199998,0,2137611.8784000003,1,2,6,1
28,2,13,ok,12544,42168468.784000002,1878589.4399999997,28841061.974400003,0,11448817.369600002,13,1,1,1
28,2,14,ok,7168,27196792.627199996,1849688.064,23158645.350399997,0,2188459.2128000003,1,2,1,7
28,2,15,ok,7168,29139420.671999998,1981808.6400000001,24812834.303999998,0,2344777.7280000001,1,1,1,15
28,2,16,ok,6272,27447323.647999998,1849688.0639999998,23271065.8048,0,2326569.7792000002,1,2,2,4
28,4,1,ok,200704,50554234.060800001,3699376.1279999996,44342432.1536,0,2512425.7792000002,1,1,1,1
28,4,2,ok,100352,50688065.126400001,3699376.1279999996,44407207.936000004,0,2581481.0624000002,1,1,1,2
28,4,3,ok,71680,54423353.548800007,3963617.2800000003,47634673.459199995,0,2825062.8096000003,1,1,1,3
28,4,4,ok,50176,51115792.383999996,3699376.1279999996,44696824.6272,0,2719591.6288000001,1,2,2,1
28,4,5,ok,43008,54691015.68,3963617.2799999993,47764225.023999996,0,2963173.3760000002,1,1,1,5
28,4,6,ok,35840,55064944.435200006,3963617.2800000003,48069098.495999999,0,3032228.6591999996,1,1,2,3
28,4,7,ok,28672,51357220.454400003,3699376.128,44731086.848000005,0,2926757.4784000004,1,1,1,7
28,4,8,ok,25088,51651116.646400005,3699376.1279999996,44955927.756800003,0,2995812.7616000003,1,2,4,1
28,4,9,ok,25600,59239392.767999992,4246732.7999999998,51566272.819199994,0,3426387.1488000001,1,1,3,3
28,4,10,ok,21504,55760333.823999994,3963617.2799999993,48488266.751999997,0,3308449.7919999999,1,2,5,1
28,4,11,ok,21504,61336367.206399992,4359979.0079999994,53337093.427199997,0,3639294.7711999998,1,1,1,11
28,4,12,ok,17920,56348126.208000004,3963617.2800000003,48937948.569600001,0,3446560.3584000003,1,4,3,1
28,4,13,ok,25088,84038449.247999996,3757178.8799999994,57453769.900799997,0,22827500.467200004,13,1,1,1
28,4,14,ok,14336,52294037.913600005,3699376.128,45184517.3248,0,3410144.4608000005,1,1,2,7
28,4,15,ok,14336,56029326.33600001,3963617.2800000003,48411982.848000005,0,3653726.2080000006,1,1,1,15
28,4,16,ok,12544,52721765.1712,3699376.1279999996,45474134.016000003,0,3548255.0272000004,1,4,4,1
28,8,1,ok,401408,100974637.05599999,7398752.2559999991,88620088.524800003,0,4955796.2752,1,1,1,1
28,8,2,ok,200704,101108468.1216,7398752.2559999991,88684864.3072,0,5024851.5584000004,1,1,1,2
28,8,3,ok,143360,108445213.90080002,7927234.5600000005,95075019.571199998,0,5442959.7696000002,1,1,1,3
28,8,4,ok,100352,101376130.2528,7398752.2559999991,88814415.872000009,0,5162962.1248000003,1,2,1,2
28,8,5,ok,86016,108712876.03200001,7927234.5599999987,95204571.135999992,0,5581070.3360000011,1,1,1,5
28,8,6,ok,71680,108846707.09760001,7927234.5600000005,95269346.91839999,0,5650125.6192000005,1,2,1,3
28,8,7,ok,57344,101777623.44960001,7398752.2560000001,89008743.2192,0,5370127.9744000006,1,1,1,7
28,8,8,ok,50176,102231584.76799999,7398752.2559999991,89393649.2544,0,5439183.2576000001,1,2,2,2
28,8,9,ok,50176,115010532.86399999,8323596.2879999988,100567855.4112,0,6119081.1648000004,1,9,1,1
28,8,10,ok,43008,109382031.36,7927234.5599999987,95528450.047999993,0,5926346.7520000003,1,2,1,5
28,8,11,ok,43008,121200592.69119999,8719958.0159999989,105961653.24799998,0,6518981.4272000007,1,1,1,11
28,8,12,ok,35840,110129888.87040001,7927234.5600000005,96138196.991999999,0,6064457.3183999993,1,2,2,3
28,8,13,ok,50176,167940976.31999999,7514357.7599999988,114841751.89760001,0,45584866.662400007,13,1,1,1
28,8,14,ok,28672,102714440.90880001,7398752.2560000001,89462173.69600001,0,5853514.9568000007,1,2,1,7
28,8,15,ok,28672,110051186.68800001,7927234.5600000005,95852328.960000008,0,6271623.1680000005,1,1,1,15
28,8,16,ok,25088,103302233.29280001,7398752.2559999991,89911855.513600007,0,5991625.5232000006,1,4,4,1
28,16,1,ok,802816,201815443.04639998,14797504.511999998,177175401.26719999,0,9842537.2672000006,1,1,1,1
28,16,2,ok,401408,201949274.11199999,14797504.511999998,177240177.04960001,0,9911592.5504000001,1,1,1,2
28,16,3,ok,286720,216488934.60479999,15854469.120000001,189955711.79520002,0,10678753.689599998,1,1,1,3
28,16,4,ok,200704,202216936.2432,14797504.511999998,177369728.6144,0,10049703.116800001,1,2,1,2
28,16,5,ok,172032,216756596.736,15854469.119999997,190085263.35999998,0,10816864.256000001,1,1,1,5
28,16,6,ok,143360,216890427.80160004,15854469.120000001,190150039.1424,0,10885919.5392,1,2,1,3
28,16,7,ok,114688,202618429.44,14797504.512,177564055.96160001,0,10256868.966400001,1,1,1,7
28,16,8,ok,100352,202752260.50560001,14797504.511999998,177628831.74400002,0,10325924.249600001,1,4,1,2
28,16,9,ok,100352,228816586.13759997,16647192.575999998,200552728.78079998,0,11616664.7808,1,9,1,1
28,16,10,ok,86016,217425752.06400001,15854469.119999997,190409142.27199998,0,11162140.672000002,1,2,1,5
28,16,11,ok,86016,240929043.66080001,17439916.031999998,211210772.88959998,0,12278354.739200002,1,1,1,11
28,16,12,ok,71680,217693414.19520003,15854469.120000001,190538693.83679998,0,11300251.238400001,1,4,1,3
28,16,13,ok,100352,335746030.46399999,15028715.519999998,229617715.89119998,0,91099599.052800015,13,1,1,1
28,16,14,ok,57344,203555246.89920002,14797504.512,178017486.4384,0,10740255.948800001,1,2,1,7
28,16,15,ok,57344,218094907.39200002,15854469.120000001,190733021.18400002,0,11507417.088000001,1,1,1,15
28,16,16,ok,50176,204463169.53599998,14797504.511999998,178787298.5088,0,10878366.5152,1,4,2,2
28,32,1,ok,1605632,403497055.02720004,29595009.023999996,354286026.75200003,0,19616019.251200002,1,1,1,1
28,32,2,ok,802816,403630886.09279996,29595009.023999996,354350802.53439999,0,19685074.534400001,1,1,1,2
28,32,3,ok,551936,417690355.20000005,30519853.056000002,366805529.70239997,0,20364972.441600002,1,3,1,1
28,32,4,ok,401408,403898548.22399998,29595009.023999996,354480354.09920001,0,19823185.1008,1,2,1,2
28,32,5,ok,344064,432844038.14400005,31708938.239999995,379846647.80799997,0,21288452.096000001,1,1,1,5
28,32,6,ok,275968,418091848.39680004,30519853.056000002,366999857.04960001,0,20572138.291200005,1,3,2,1
28,32,7,ok,229376,404300041.42079997,29595009.024,354674681.44639999,0,20030350.950400002,1,1,1,7
28,32,8,ok,200704,404433872.48640001,29595009.023999996,354739457.2288,0,20099406.233600002,1,4,1,2
28,32,9,ok,197120,452827245.31200004,32699842.559999999,397908255.28320003,0,22219147.468800001,1,3,3,1
28,32,10,ok,172032,433513193.472,31708938.239999995,380170526.71999997,0,21633728.512000002,1,2,1,5
28,32,11,ok,150528,418761003.72479999,30519853.055999998,367323735.96160001,0,20917414.707200006,1,11,1,1
28,32,12,ok,137984,418894834.79040003,30519853.056000002,367388511.74399996,0,20986469.990400001,1,3,4,1
28,32,13,ok,150528,494899368.03840005,36068917.247999996,434109869.77280003,0,24720581.017600004,1,13,1,1
28,32,14,ok,114688,405236858.88,29595009.024,355128111.92320001,0,20513737.932800002,1,2,1,7
28,32,15,ok,114688,434182348.80000001,31708938.240000002,380494405.63200003,0,21979004.928000003,1,1,1,15
28,32,16,ok,100352,405504521.01120001,29595009.023999996,355257663.48800004,0,20651848.499200001,1,8,1,2
28,64,1,ok,3211264,806860278.98880005,59190018.047999993,708507277.72160006,0,39162983.2192,1,1,1,1
28,64,2,ok,1605632,806994110.05440009,59190018.047999993,708572053.50400007,0,39232038.502400003,1,1,1,2
28,64,3,ok,1103872,834979217.20319986,61039706.112000003,733416732.0575999,0,40522779.033600003,1,3,1,1
28,64,4,ok,802816,807261772.18559992,59190018.047999993,708701605.06879997,0,39370149.068800002,1,2,1,2
28,64,5,ok,652288,822601762.30400014,60114862.079999998,722436853.24800003,0,40050046.976000004,1,5,1,1
28,64,6,ok,551936,835380710.4000001,61039706.112000003,733611059.40479994,0,40729944.883200005,1,3,2,1
28,64,7,ok,458752,807663265.38240004,59190018.048,708895932.41600001,0,39577314.918400005,1,1,1,7
28,64,8,ok,401408,807797096.44799995,59190018.047999993,708960708.19840002,0,39646370.2016,1,4,1,2
28,64,9,ok,394240,904450011.03359997,65399685.119999997,795233528.52480006,0,43816797.388800003,1,3,3,1
28,64,10,ok,326144,823270917.63199997,60114862.079999998,722760732.15999985,0,40395323.392000005,1,5,2,1
28,64,11,ok,301056,836049865.72799993,61039706.111999996,733934938.3168,0,41075221.299200006,1,11,1,1
28,64,12,ok,275968,836183696.79360008,61039706.112000003,733999714.09920001,0,41144276.582400009,1,3,4,1
28,64,13,ok,250880,823672410.82879996,60114862.079999991,722955059.5072,0,40602489.241600007,1,13,1,1
28,64,14,ok,229376,808600082.84159994,59190018.048,709349362.89279997,0,40060701.900800005,1,2,1,7
28,64,15,ok,229376,866357231.61599994,63417876.480000004,760017174.528,0,42922180.608000003,1,1,1,15
28,64,16,ok,200704,808867744.97280002,59190018.047999993,709478914.4576,0,40198812.467200004,1,8,1,2
29,1,1,ok,112896,26376077.721599996,2080899.0719999999,23838631.423999995,0,456547.22560000001,1,1,1,1
29,1,2,ok,56448,26550893.875199996,2080899.0719999999,23865626.111999996,0,604368.6912,1,1,1,2
29,1,3,ok,40320,28688969.779200003,2229534.7199999997,25678719.129599996,0,780715.92959999992,1,1,1,3
29,1,4,ok,28224,26788818.431999996,2080899.0719999999,23997809.766399994,0,710109.59360000002,2,1,1,2
29,1,5,ok,24192,29027572.992000002,2229534.7199999997,25706573.568000004,0,1091464.7040000001,1,1,1,5
29,1,6,ok,20160,28943888.9472,2229534.7199999997,25820344.4736,0,894009.75359999994,2,1,1,3
29,1,7,ok,16128,27645002.649600003,2080899.0719999997,24182862.950400002,0,1381240.6272,1,1,1,7
29,1,8,ok,14112,27172439.961599998,2080899.0719999999,24070682.521599997,0,1020858.368,2,1,2,2
29,1,9,ok,14112,29766349.908,2194698.2399999998,26054029.591200002,0,1517622.0767999999,9,1,1,1
29,1,10,ok,12096,29282492.16,2229534.7199999997,25848198.912,0,1204758.5280000002,2,1,1,5
29,1,11,ok,12096,33232890.240000002,2452488.1919999998,28725231.744000003,0,2055170.304,1,1,1,11
29,1,12,ok,10080,29453727.283199999,2229534.7199999997,26103595.161600001,0,1120597.4016,4,1,1,3
29,1,13,ok,14112,32435142.167999998,2113413.1200000001,28303916.638399996,0,2017812.4096000001,13,1,1,1
29,1,14,ok,8064,27882927.206400003,2080899.0719999997,24315046.604800001,0,1486981.5296,2,1,1,7
29,1,15,ok,8064,31395863.808000002,2229534.7199999997,26521120.512000002,0,2645208.5759999999,1,1,1,15
29,1,16,ok,7056,27648289.075199999,2080899.0719999999,24335049.830399998,0,1232340.1728000001,4,1,2,2
29,2,1,ok,225792,52560344.678399995,4161798.1439999999,47640826.470399991,0,757720.06400000001,1,1,1,1
29,2,2,ok,112896,52718166.220799997,4161798.1439999999,47658379.468799993,0,897988.60800000001,1,1,1,2
29,2,3,ok,80640,56802507.263999999,4459069.4399999995,51248129.126399994,0,1095308.6976000001,1,1,1,3
29,2,4,ok,56448,53101787.750399992,4161798.1439999999,47731252.223999992,0,1208737.3824,1,2,1,2
29,2,5,ok,48384,57096092.159999996,4459069.4399999995,51230965.247999996,0,1406057.4720000001,1,1,1,5
29,2,6,ok,40320,57312345.600000009,4459069.4399999995,51531379.814400002,0,1321896.3456000001,2,1,1,3
29,2,7,ok,32256,53947329.94560001,4161798.1439999994,48110671.257600009,0,1674860.5440000002,1,1,1,7
29,2,8,ok,28224,53577636.863999993,4161798.1439999999,47995619.532799989,0,1420219.1872,2,1,2,2
29,2,9,ok,28224,59215112.423999995,4389396.4799999995,51954343.214400001,0,2871372.7296000002,9,1,1,1
29,2,10,ok,24192,57605930.496000007,4459069.4399999995,51514215.936000004,0,1632645.1200000001,2,1,1,5
29,2,11,ok,24192,64355862.067200005,4904976.3839999996,57049663.334400006,0,2401222.3488000003,1,1,1,11
29,2,12,ok,20160,57887777.894400001,4459069.4399999995,51640688.9472,0,1788019.5071999999,2,2,1,3
29,2,13,ok,28224,64564459.439999983,4226826.2400000002,56459810.492799997,0,3877822.7072000001,13,1,1,1
29,2,14,ok,16128,54423179.059200004,4161798.1439999994,48375038.566399999,0,1886342.3488000003,2,1,1,7
29,2,15,ok,16128,59914566.144000009,4459069.4399999995,52495695.359999999,0,2959801.344,1,1,1,15
29,2,16,ok,14112,54344879.923199996,4161798.1439999999,48141365.043199994,0,2041716.736,2,2,2,2
29,4,1,ok,451584,104928878.59199998,8323596.2879999997,95245216.563199982,0,1360065.7408000003,1,1,1,1
29,4,2,ok,225792,105052710.91199999,8323596.2879999997,95243886.182399988,0,1485228.4416,1,1,1,2
29,4,3,ok,161280,113029582.23360001,8918138.879999999,102386949.12,0,1724494.2335999999,1,1,1,3
29,4,4,ok,112896,105429925.47839999,8323596.2879999997,95198137.139199987,0,1908192.0512000001,2,1,1,2
29,4,5,ok,96768,113233130.49599999,8918138.879999999,102279748.608,0,2035243.0080000004,1,1,1,5
29,4,6,ok,80640,113527434.23999999,8918138.879999999,102431625.83039999,0,2177669.5296,2,1,1,3
29,4,7,ok,64512,106551984.5376,8323596.2879999988,95966287.871999994,0,2262100.3776000002,1,1,1,7
29,4,8,ok,56448,106032165.27359998,8323596.2879999997,95489628.159999982,0,2218940.8256000001,2,1,2,2
29,4,9,ok,56448,116472233.23199999,8778792.959999999,102930281.7696,0,4763158.5023999996,9,1,1,1
29,4,10,ok,48384,113949600.76800001,8918138.879999999,102543043.58400001,0,2488418.3040000005,2,1,1,5
29,4,11,ok,48384,126601805.7216,9809952.7679999992,113698526.5152,0,3093326.4384000003,1,1,1,11
29,4,12,ok,40320,114430793.93279999,8918138.879999999,102868862.36159998,0,2643792.6912000002,2,1,2,3
29,4,13,ok,56448,126727951.58399998,8453652.4800000004,111854711.5712,0,6419587.5328000002,13,1,1,1
29,4,14,ok,32256,107475744.76800001,8323596.2879999988,96467084.492799997,0,2685063.9872000003,2,1,1,7
29,4,15,ok,32256,116951970.81600003,8918138.879999999,104444845.05600002,0,3588986.8800000004,1,1,1,15
29,4,16,ok,28224,107142459.80159999,8323596.2879999997,95753995.468799993,0,3064868.0448000003,4,1,2,2
29,8,1,ok,903168,209665946.41919997,16647192.575999999,190453996.74879998,0,2564757.0944000003,1,1,1,1
29,8,2,ok,451584,209721800.29439998,16647192.575999999,190414899.60959998,0,2659708.1088000005,1,1,1,2
29,8,3,ok,322560,225483732.1728,17836277.759999998,204664589.1072,0,2982865.3056000001,1,1,1,3
29,8,4,ok,225792,210105421.82399997,16647192.575999999,190487772.36479998,0,2970456.8832,1,2,1,2
29,8,5,ok,193536,225507207.16800001,17836277.759999998,204377315.32800001,0,3293614.0800000005,1,1,1,5
29,8,6,ok,161280,226059164.46720001,17836277.759999998,204773898.24000001,0,3448988.4671999998,1,2,1,3
29,8,7,ok,129024,211761293.7216,16647192.575999998,191677521.10079998,0,3436580.0448000003,1,1,1,7
29,8,8,ok,112896,210859850.95679998,16647192.575999999,190396274.27839997,0,3816384.1024000002,2,1,2,2
29,8,9,ok,112896,232626879.07199997,17557585.919999998,205706847.57120001,0,9362445.5808000006,9,1,1,1
29,8,10,ok,96768,226393602.04800004,17836277.759999998,204357359.61600003,0,4199964.6720000003,2,1,1,5
29,8,11,ok,96768,251093693.03040001,19619905.535999998,226996252.8768,0,4477534.6176000005,1,1,1,11
29,8,12,ok,80640,227054868.47999999,17836277.759999998,204863251.66079998,0,4355339.0592,2,2,1,3
29,8,13,ok,112896,253150078.27199998,16907304.960000001,223561400.35839999,0,12681372.953600001,13,1,1,1
29,8,14,ok,64512,212843650.25280002,16647192.575999998,191913950.41280001,0,4282507.2640000004,2,1,1,7
29,8,15,ok,64512,231026780.16,17836277.759999998,208343144.44799998,0,4847357.9520000005,1,1,1,15
29,8,16,ok,56448,212064330.54719996,16647192.575999999,190979256.31999996,0,4437881.6512000002,2,2,2,2
29,16,1,ok,1806336,419140082.07359993,33294385.151999999,380871557.11999995,0,4974139.8015999999,1,1,1,1
29,16,2,ok,903168,419059979.05919993,33294385.151999999,380756926.46399993,0,5008667.4432000006,1,1,1,2
29,16,3,ok,645120,450392032.05120009,35672555.519999996,409219869.08160007,0,5499607.4495999999,1,1,1,3
29,16,4,ok,451584,419443600.58879995,33294385.151999999,380829799.21919996,0,5319416.217600001,1,2,1,2
29,16,5,ok,387072,450055360.51200002,35672555.519999996,408572448.76800001,0,5810356.2239999995,1,1,1,5
29,16,6,ok,322560,450967464.34560001,35672555.519999996,409329178.21439999,0,5965730.6112000002,1,2,1,3
29,16,7,ok,258048,422179912.08960003,33294385.151999995,383099987.55839998,0,5785539.3792000012,1,1,1,7
29,16,8,ok,225792,420210843.64799994,33294385.151999999,380975544.72959995,0,5940913.7664000001,1,2,2,2
29,16,9,ok,225792,464936170.75199997,35115171.839999996,411259979.17439997,0,18561019.737600002,9,1,1,1
29,16,10,ok,193536,451014414.33600003,35672555.519999996,408754630.65600002,0,6587228.1600000011,1,2,1,5
29,16,11,ok,193536,500077467.648,39239811.071999997,453591705.60000002,0,7245950.9760000017,1,1,1,11
29,16,12,ok,161280,452118328.93440002,35672555.519999996,409547796.48000002,0,6897976.9343999997,1,4,1,3
29,16,13,ok,225792,505994331.648,33814609.920000002,446974777.93279994,0,25204943.795200001,13,1,1,1
29,16,14,ok,129024,423522587.44319999,33294385.151999995,383355042.20159996,0,6873160.0896000005,1,2,1,7
29,16,15,ok,129024,459176398.84799999,35672555.519999996,416139743.23199999,0,7364100.0960000008,1,1,1,15
29,16,16,ok,112896,421719701.91359997,33294385.151999999,380792548.55679995,0,7632768.2048000004,2,2,2,2
29,32,1,ok,3612672,838088353.38239992,66588770.303999998,761706677.86239994,0,9792905.2160000019,1,1,1,1
29,32,2,ok,1806336,837736336.58879995,66588770.303999998,761440980.17279994,0,9706586.1119999997,1,1,1,2
29,32,3,ok,1241856,864656241.86880004,68669669.376000002,785581745.66400003,0,10404826.8288,1,3,1,1
29,32,4,ok,903168,838119958.11839986,66588770.303999998,761513852.92799985,0,10017334.886400001,1,2,1,2
29,32,5,ok,774144,899151667.20000017,71345111.039999992,816962715.64800012,0,10843840.512000002,1,1,1,5
29,32,6,ok,620928,864670851.99360001,68669669.376000002,785379479.03999996,0,10621703.5776,1,3,1,2
29,32,7,ok,516096,843017148.82560003,66588770.30399999,765944920.47360003,0,10483458.048,1,1,1,7
29,32,8,ok,451584,838887201.17759991,66588770.303999998,761659598.43839991,0,10638832.435200002,1,2,2,2
29,32,9,ok,443520,929473033.88160002,73574645.75999999,844118457.29280007,0,11779930.8288,1,3,1,3
29,32,10,ok,387072,900110721.02400005,71345111.039999992,817144897.53600001,0,11620712.447999999,1,2,1,5
29,32,11,ok,338688,866190727.98720014,68669669.375999987,785873236.68480003,0,11647821.9264,1,11,1,1
29,32,12,ok,310464,865821716.58239985,68669669.376000002,785598097.30559993,0,11553949.900800001,1,3,2,2
29,32,13,ok,338688,1023679951.2576001,81155063.807999983,928759279.7184,0,13765607.7312,1,13,1,1
29,32,14,ok,258048,844359824.17920005,66588770.30399999,766199975.11679995,0,11571078.758400002,1,2,1,7
29,32,15,ok,258048,915475636.2240001,71345111.039999992,831732940.79999995,0,12397584.384000001,1,1,1,15
29,32,16,ok,225792,840421687.29599988,66588770.303999998,761951089.45919991,0,11881827.5328,1,4,2,2
29,64,1,ok,7225344,1675984895.9999998,133177540.608,1523376919.3471997,0,19430436.044800002,1,1,1,1
29,64,2,ok,3612672,1675089051.6479998,133177540.608,1522809087.5903997,0,19102423.449600004,1,1,1,2
29,64,3,ok,2483712,1728737051.4431999,137339338.752,1571054182.1952,0,20343530.495999999,1,3,1,1
29,64,4,ok,1806336,1675472673.1775999,133177540.608,1522881960.3455999,0,19413172.223999999,1,2,1,2
29,64,5,ok,1467648,1702936406.0160003,135258439.67999998,1547324859.9040003,0,20353106.432,1,5,1,1
29,64,6,ok,1241856,1728190839.3983998,137339338.752,1570540339.8144,0,20311160.832000002,1,3,1,2
29,64,7,ok,1032192,1684691622.2976,133177540.60799998,1531634786.3039999,0,19879295.385600001,1,1,1,7
29,64,8,ok,903168,1676239916.2367997,133177540.608,1523027705.8559997,0,20034669.772800002,1,2,2,2
29,64,9,ok,887040,1857219770.8799999,147149291.51999998,1687908987.1872001,0,22161492.172800001,1,3,1,3
29,64,10,ok,733824,1702790810.1119998,135258439.67999998,1546893331.9679999,0,20639038.464000002,1,5,1,2
29,64,11,ok,677376,1730271537.5616,137339338.75199997,1571345673.2159998,0,21586525.593600005,1,11,1,1
29,64,12,ok,620928,1729341703.9872,137339338.752,1570758958.0799999,0,21243407.155200001,1,3,2,2
29,64,13,ok,564480,1704470892.1344004,135258439.68000001,1547616350.9248004,0,21596101.529600002,1,13,1,1
29,64,14,ok,516096,1686034297.6512001,133177540.60799998,1531889840.9472001,0,20966916.096000001,1,2,1,7
29,64,15,ok,516096,1828074110.9760001,142690222.07999998,1662919335.9360001,0,22464552.960000001,1,1,1,15
29,64,16,ok,451584,1677774402.3551998,133177540.608,1523319196.8767998,0,21277664.870400004,1,4,2,2
30,1,1,ok,50176,13447969.791999999,924844.03199999989,11596813.516799999,0,926312.24320000014,1,1,1,1
30,1,2,ok,25088,13581800.8576,924844.03199999989,11661589.2992,0,995367.52640000009,1,1,1,2
30,1,3,ok,17248,13920013.605600003,926650.36800000002,11853966.5112,0,1139396.7264,3,1,1,1
30,1,4,ok,12544,13819725.4144,924844.03199999989,11793772.953600001,0,1101108.4288000001,2,1,1,2
30,1,5,ok,10192,14201214.628,930263.03999999992,11916867.699999999,0,1354083.8880000003,5,1,1,1
30,1,6,ok,8624,14400295.267200001,932069.37599999993,12006798.422400001,0,1461427.4688000001,6,1,1,1
30,1,7,ok,7168,14491053.875199998,924844.03200000001,12225565.900799999,0,1340643.9424000003,1,1,1,7
30,1,8,ok,6272,14087387.545600001,924844.03199999989,11923324.5184,0,1239218.9952000002,2,1,1,4
30,1,9,ok,6272,14986655.013600001,926650.3679999999,12286162.504799999,0,1773842.1408000002,9,1,1,1
30,1,10,ok,5096,14756518.116,930263.03999999992,12402711.284,0,1423543.7920000004,5,1,2,1
30,1,11,ok,4704,15115536.418399999,933875.71199999982,12189926.047199998,0,1991734.6592000001,11,1,1,1
30,1,12,ok,4312,14901723.237600002,926650.36800000002,12628105.672800001,0,1346967.1968,3,1,4,1
30,1,13,ok,3920,15418044.512000002,939294.71999999986,12270725.292800002,0,2208024.4992000004,13,1,1,1
30,1,14,ok,3584,14728978.432,924844.03200000001,12357749.555199999,0,1446384.8448000003,2,1,1,7
30,1,15,ok,3640,15994940.898,996710.40000000002,13413467.945999999,0,1584762.5520000001,5,1,3,1
30,1,16,ok,3136,14563236.6592,924844.03199999989,12187691.827199999,0,1450700.8000000003,4,1,1,4
30,2,1,ok,100352,26762108.518399999,1849688.0639999998,23128851.251199998,0,1783569.2032000001,1,1,1,1
30,2,2,ok,50176,26895939.583999999,1849688.0639999998,23193627.033599999,0,1852624.4864000003,1,1,1,2
30,2,3,ok,34496,27511227.864,1853300.736,23448323.832000002,0,2209603.2960000001,3,1,1,1
30,2,4,ok,25088,27163601.7152,1849688.0639999998,23323178.5984,0,1990735.0528000002,1,2,1,2
30,2,5,ok,20384,28072348.040000007,1860526.0799999998,23573114.088000003,0,2638707.8720000004,5,1,1,1
30,2,6,ok,17248,27840027.211200006,1853300.736,23707933.022399999,0,2278793.4528000001,3,2,1,1
30,2,7,ok,14336,28045290.291200001,1849688.064,23997701.3248,0,2197900.9024,1,1,1,7
30,2,8,ok,12544,27639450.8288,1849688.0639999998,23587545.907200001,0,2202216.8576000002,2,1,1,4
30,2,9,ok,12544,29644510.68,1853300.7359999998,24312715.819199998,0,3478494.1248000003,9,1,1,1
30,2,10,ok,10192,28402429.256000001,1860526.0799999998,23833735.399999999,0,2708167.7760000005,5,2,1,1
30,2,11,ok,9408,29899709.751999989,1867751.4239999996,24118218.660799995,0,3913739.6672,11,1,1,1
30,2,12,ok,8624,28800590.534400001,1864138.7519999999,24013596.844800003,0,2922854.9376000003,6,2,1,1
30,2,13,ok,7840,30502803.136,1878589.4399999997,24278298.969600003,0,4345914.7264,13,1,1,1
30,2,14,ok,7168,28521139.404799998,1849688.064,24262068.633599997,0,2409382.7072000001,2,1,1,7
30,2,15,ok,7168,31378922.495999999,1981808.6400000001,26524305.408,0,2872808.4480000003,1,1,1,15
30,2,16,ok,6272,28174775.091200002,1849688.0639999998,23846649.036800001,0,2478437.9904000005,2,2,1,4
30,4,1,ok,200704,53230320.844799995,3699376.1279999996,46032861.593599997,0,3498083.1232000003,1,1,1,1
30,4,2,ok,100352,53364151.910400003,3699376.1279999996,46097637.376000002,0,3567138.4064000002,1,1,1,2
30,4,3,ok,68992,54693656.380800001,3706601.4720000001,46637038.4736,0,4350016.4352000002,3,1,1,1
30,4,4,ok,50176,53791879.167999998,3699376.1279999996,46387254.067199998,0,3705248.9728000006,1,2,1,2
30,4,5,ok,40768,55814614.864,3721052.1599999997,46885606.864,0,5207955.8399999999,5,1,1,1
30,4,6,ok,34496,55022455.728,3706601.4720000001,46896647.664000005,0,4419206.5920000002,3,2,1,1
30,4,7,ok,28672,54033307.23839999,3699376.128,46421516.287999995,0,3912414.8224000004,1,1,1,7
30,4,8,ok,25088,54327203.430399999,3699376.1279999996,46646357.196800001,0,3981470.1056000004,1,2,1,4
30,4,9,ok,25088,58960222.012800008,3706601.4719999996,48365822.448000006,0,6887798.0928000007,9,1,1,1
30,4,10,ok,20384,56144696.080000013,3721052.1599999997,47146228.176000006,0,5277415.7440000009,5,2,1,1
30,4,11,ok,18816,59468056.419199981,3735502.8479999993,47974803.887999989,0,7757749.6831999999,11,1,1,1
30,4,12,ok,17248,55680054.422400013,3706601.4720000001,47415866.044799998,0,4557586.9056000002,3,4,1,1
30,4,13,ok,15680,60672320.384000003,3757178.8799999994,48293446.323200002,0,8621695.1808000002,13,1,1,1
30,4,14,ok,14336,54970124.697599992,3699376.128,46874946.764799997,0,4395801.8048,1,1,2,7
30,4,15,ok,14336,58896562.175999992,3963617.2800000003,50223157.247999996,0,4709787.648,1,1,1,15
30,4,16,ok,12544,55278901.657600001,3699376.1279999996,47175091.814400002,0,4404433.7152000004,2,2,1,4
30,8,1,ok,401408,106326810.624,7398752.2559999991,92000947.404799998,0,6927110.963200001,1,1,1,1
30,8,2,ok,200704,106460641.68959999,7398752.2559999991,92065723.187199995,0,6996166.2464000005,1,1,1,2
30,8,3,ok,137984,109058513.41439998,7413202.9440000001,93014467.756799996,0,8630842.7136000004,3,1,1,1
30,8,4,ok,100352,106728303.82080001,7398752.2559999991,92195274.752000004,0,7134276.8128000004,1,2,1,2
30,8,5,ok,81536,111299148.51200001,7442104.3199999994,93510592.416000009,0,10346451.776000001,5,1,1,1
30,8,6,ok,68992,109387312.7616,7413202.9440000001,93274076.9472,0,8700032.8704000004,3,2,1,1
30,8,7,ok,57344,107129797.01759997,7398752.2560000001,92389602.09919998,0,7341442.6624000017,1,1,1,7
30,8,8,ok,50176,107583758.336,7398752.2559999991,92774508.134399995,0,7410497.9456000011,1,2,2,2
30,8,9,ok,50176,117591644.67839999,7413202.9439999992,96472035.705599993,0,13706406.028800001,9,1,1,1
30,8,10,ok,40768,111629229.728,7442104.3199999994,93771213.728,0,10415911.68,5,2,1,1
30,8,11,ok,37632,118604749.75359997,7471005.6959999986,95687974.342399985,0,15445769.7152,11,1,1,1
30,8,12,ok,34496,110044911.456,7413202.9440000001,93793295.328000009,0,8838413.1840000004,3,4,1,1
30,8,13,ok,31360,121011354.88,7514357.7599999988,96323741.030400008,0,17173256.089600001,13,1,1,1
30,8,14,ok,28672,108066614.47679998,7398752.2560000001,92843032.57599999,0,7824829.6448000008,1,2,1,7
30,8,15,ok,28672,115785658.36799997,7927234.5600000005,99474677.75999999,0,8383746.0480000004,1,1,1,15
30,8,16,ok,25088,108654406.8608,7398752.2559999991,93292714.393600002,0,7962940.2112000007,1,4,1,4
30,16,1,ok,802816,212519790.18239999,14797504.511999998,183937119.02719998,0,13785166.643200001,1,1,1,1
30,16,2,ok,401408,212653621.248,14797504.511999998,184001894.8096,0,13854221.926400002,1,1,1,2
30,16,3,ok,275968,217788227.48159999,14826405.888,185769326.32319999,0,17192495.270399999,3,1,1,1
30,16,4,ok,200704,212921283.37919998,14797504.511999998,184131446.37439999,0,13992332.492800001,1,2,1,2
30,16,5,ok,163072,222268215.808,14884208.639999999,186760563.52000001,0,20623443.648000002,5,1,1,1
30,16,6,ok,137984,218117026.82879996,14826405.888,186028935.51359999,0,17261685.427200001,3,2,1,1
30,16,7,ok,114688,213322776.57600001,14797504.512,184325773.7216,0,14199498.342400001,1,1,1,7
30,16,8,ok,100352,213456607.64160001,14797504.511999998,184390549.50400001,0,14268553.625600001,1,4,1,2
30,16,9,ok,100352,234854490.00959998,14826405.887999998,192684462.22079998,0,27343621.900800001,9,1,1,1
30,16,10,ok,81536,222598297.02400002,14884208.639999999,187021184.83200002,0,20692903.552000001,5,2,1,1
30,16,11,ok,75264,236878136.42239994,14942011.391999997,191114315.25119996,0,30821809.779200003,11,1,1,1
30,16,12,ok,68992,218774625.52320001,14826405.888,186548153.8944,0,17400065.740800001,3,4,1,1
30,16,13,ok,62720,241689423.87200001,15028715.519999998,192384330.44480002,0,34276377.907200001,13,1,1,1
30,16,14,ok,57344,214259594.03519994,14797504.512,184779204.19839996,0,14682885.324800003,1,2,1,7
30,16,15,ok,57344,229563850.75199994,15854469.120000001,197977718.78399998,0,15731662.848000003,1,1,1,15
30,16,16,ok,50176,215167516.67199999,14797504.511999998,185549016.26879999,0,14820995.891200002,1,4,2,2
30,32,1,ok,1605632,424905749.2992,29595009.023999996,367809462.27200001,0,27501278.003200002,1,1,1,1
30,32,2,ok,802816,425039580.36479998,29595009.023999996,367874238.05439997,0,27570333.286400001,1,1,1,2
30,32,3,ok,551936,435247655.61599994,29652811.776000001,371279043.45599997,0,34315800.384000003,3,1,1,1
30,32,4,ok,401408,425307242.49599999,29595009.023999996,368003789.61919999,0,27708443.852800004,1,2,1,2
30,32,5,ok,326144,444206350.4000001,29768417.279999997,373260505.72800004,0,41177427.392000005,5,1,1,1
30,32,6,ok,275968,435576454.96319997,29652811.776000001,371538652.64639997,0,34384990.540799998,3,2,1,1
30,32,7,ok,229376,425708735.69279993,29595009.024,368198116.96639997,0,27915609.702400003,1,1,1,7
30,32,8,ok,200704,425842566.75839996,29595009.023999996,368262892.74879998,0,27984664.985600002,1,4,1,2
30,32,9,ok,189728,449496468.56879997,30579462.143999998,383392619.15759993,0,35524387.267200001,3,3,1,1
30,32,10,ok,163072,444536431.616,29768417.279999997,373521127.04000002,0,41246887.296000004,5,2,1,1
30,32,11,ok,150528,440838719.69280005,30519853.055999998,381269778.8416,0,29049087.795200005,1,11,1,1
30,32,12,ok,137984,436234053.65759993,29652811.776000001,372057871.02719998,0,34523370.854400001,3,4,1,1
30,32,13,ok,125440,483045561.85600001,30057431.039999995,384505509.27360004,0,68482621.542400002,13,1,1,1
30,32,14,ok,114688,426645553.15200001,29595009.024,368651547.44319999,0,28398996.684800003,1,2,1,7
30,32,15,ok,112112,458737646.24400002,30698680.319999997,385437994.74000001,0,42600971.184,5,3,1,1
30,32,16,ok,100352,426913215.28320003,29595009.023999996,368781099.00800002,0,28537107.251200002,1,8,1,2
30,64,1,ok,3211264,849677667.53279996,59190018.047999993,735554148.76160002,0,54933500.723200008,1,1,1,1
30,64,2,ok,1605632,849811498.5984,59190018.047999993,735618924.54400003,0,55002556.006400004,1,1,1,2
30,64,3,ok,1103872,870166511.88479996,59305623.552000001,742298477.72159994,0,68562410.611200005,3,1,1,1
30,64,4,ok,802816,850079160.72959995,59190018.047999993,735748476.10879993,0,55140666.572800003,1,2,1,2
30,64,5,ok,652288,866088172.54399991,60114862.079999998,749906331.64799988,0,56066978.816,1,5,1,1
30,64,6,ok,551936,870495311.23199987,59305623.552000001,742558086.91199994,0,68631600.768000007,3,2,1,1
30,64,7,ok,458752,850480653.92639983,59190018.048,735942803.45599997,0,55347832.422400013,1,1,1,7
30,64,8,ok,401408,850614484.99199998,59190018.047999993,736007579.23839998,0,55416887.705600008,1,4,1,2
30,64,9,ok,379456,898006539.09599996,61158924.287999995,766006410.74399996,0,70841204.06400001,3,3,1,1
30,64,10,ok,326144,866757327.87199986,60114862.079999998,750230210.55999982,0,56412255.231999993,1,5,1,2
30,64,11,ok,301056,880205297.66400015,61039706.111999996,761827024.07680011,0,57338567.475200012,1,11,1,1
30,64,12,ok,275968,871152909.92639995,59305623.552000001,743077305.29279995,0,68769981.081599995,3,4,1,1
30,64,13,ok,250880,867158821.06879997,60114862.079999991,750424537.9072001,0,56619421.081600003,1,13,1,1
30,64,14,ok,229376,851417471.38559985,59190018.048,736396233.93279994,0,55831219.404800005,1,2,1,7
30,64,15,ok,224224,885072923.53200018,60232273.919999994,754931271.80400002,0,69909377.808000013,3,5,1,1
30,64,16,ok,200704,851685133.51679993,59190018.047999993,736525785.49759996,0,55969329.971200004,1,8,1,2
31,1,1,ok,12544,70085.836800000005,70085.836800000005,0,0,0,1,1,1,1
31,1,2,ok,6272,70085.836800000005,70085.836800000005,0,0,0,1,1,1,2
31,1,3,ok,4190,70222.723200000008,70222.723200000008,0,0,0,3,1,1,1
31,1,4,ok,3136,70085.836800000005,70085.836800000005,0,0,0,2,1,1,2
31,1,5,ok,2524,70496.496000000014,70496.496000000014,0,0,0,5,1,1,1
31,1,6,ok,2095,70222.723200000008,70222.723200000008,0,0,0,3,1,1,2
31,1,7,ok,1792,70085.83679999999,70085.83679999999,0,0,0,1,1,1,7
31,1,8,ok,1568,70085.836800000005,70085.836800000005,0,0,0,2,1,2,2
31,1,9,ok,1397,70222.723200000008,70222.723200000008,0,0,0,9,1,1,1
31,1,10,ok,1262,70496.496000000014,70496.496000000014,0,0,0,5,1,1,2
31,1,11,ok,1152,70770.268800000005,70770.268800000005,0,0,0,11,1,1,1
31,1,12,ok,1048,70222.723200000008,70222.723200000008,0,0,0,3,1,2,2
31,1,13,ok,980,71180.928,71180.928,0,0,0,13,1,1,1
31,1,14,ok,896,70085.83679999999,70085.83679999999,0,0,0,2,1,1,7
31,1,15,ok,858,71865.360000000001,71865.360000000001,0,0,0,15,1,1,1
31,1,16,ok,784,70085.836800000005,70085.836800000005,0,0,0,4,1,2,2
31,2,1,ok,25088,140171.67360000001,140171.67360000001,0,0,0,1,1,1,1
31,2,2,ok,12544,140171.67360000001,140171.67360000001,0,0,0,1,1,1,2
31,2,3,ok,8379,140445.44640000002,140445.44640000002,0,0,0,3,1,1,1
31,2,4,ok,6272,140171.67360000001,140171.67360000001,0,0,0,1,2,1,2
31,2,5,ok,5047,140992.99200000003,140992.99200000003,0,0,0,5,1,1,1
31,2,6,ok,4190,140445.44640000002,140445.44640000002,0,0,0,3,1,1,2
31,2,7,ok,3584,140171.67359999998,140171.67359999998,0,0,0,1,1,1,7
31,2,8,ok,3136,140171.67360000001,140171.67360000001,0,0,0,1,2,2,2
31,2,9,ok,2793,140445.44640000002,140445.44640000002,0,0,0,9,1,1,1
31,2,10,ok,2524,140992.99200000003,140992.99200000003,0,0,0,5,1,1,2
31,2,11,ok,2303,141540.53760000001,141540.53760000001,0,0,0,11,1,1,1
31,2,12,ok,2095,140445.44640000002,140445.44640000002,0,0,0,3,1,2,2
31,2,13,ok,1960,142361.856,142361.856,0,0,0,13,1,1,1
31,2,14,ok,1792,140171.67359999998,140171.67359999998,0,0,0,1,2,1,7
31,2,15,ok,1715,143730.72,143730.72,0,0,0,15,1,1,1
31,2,16,ok,1568,140171.67360000001,140171.67360000001,0,0,0,2,2,2,2
31,4,1,ok,50176,280343.34720000002,280343.34720000002,0,0,0,1,1,1,1
31,4,2,ok,25088,280343.34720000002,280343.34720000002,0,0,0,1,1,1,2
31,4,3,ok,16758,280890.89280000003,280890.89280000003,0,0,0,3,1,1,1
31,4,4,ok,12544,280343.34720000002,280343.34720000002,0,0,0,1,2,1,2
31,4,5,ok,10094,281985.98400000005,281985.98400000005,0,0,0,5,1,1,1
31,4,6,ok,8379,280890.89280000003,280890.89280000003,0,0,0,3,1,1,2
31,4,7,ok,7168,280343.34719999996,280343.34719999996,0,0,0,1,1,1,7
31,4,8,ok,6272,280343.34720000002,280343.34720000002,0,0,0,1,2,2,2
31,4,9,ok,5586,280890.89280000003,280890.89280000003,0,0,0,9,1,1,1
31,4,10,ok,5047,281985.98400000005,281985.98400000005,0,0,0,5,1,1,2
31,4,11,ok,4606,283081.07520000002,283081.07520000002,0,0,0,11,1,1,1
31,4,12,ok,4190,280890.89280000003,280890.89280000003,0,0,0,3,1,2,2
31,4,13,ok,3920,284723.712,284723.712,0,0,0,13,1,1,1
31,4,14,ok,3584,280343.34719999996,280343.34719999996,0,0,0,1,2,1,7
31,4,15,ok,3430,287461.44,287461.44,0,0,0,15,1,1,1
31,4,16,ok,3136,280343.34720000002,280343.34720000002,0,0,0,2,2,2,2
31,8,1,ok,100352,560686.69440000004,560686.69440000004,0,0,0,1,1,1,1
31,8,2,ok,50176,560686.69440000004,560686.69440000004,0,0,0,1,1,1,2
31,8,3,ok,33516,561781.78560000006,561781.78560000006,0,0,0,3,1,1,1
31,8,4,ok,25088,560686.69440000004,560686.69440000004,0,0,0,1,2,1,2
31,8,5,ok,20188,563971.96800000011,563971.96800000011,0,0,0,5,1,1,1
31,8,6,ok,16758,561781.78560000006,561781.78560000006,0,0,0,3,1,1,2
31,8,7,ok,14336,560686.69439999992,560686.69439999992,0,0,0,1,1,1,7
31,8,8,ok,12544,560686.69440000004,560686.69440000004,0,0,0,1,2,2,2
31,8,9,ok,11172,561781.78560000006,561781.78560000006,0,0,0,9,1,1,1
31,8,10,ok,10094,563971.96800000011,563971.96800000011,0,0,0,5,1,1,2
31,8,11,ok,9212,566162.15040000004,566162.15040000004,0,0,0,11,1,1,1
31,8,12,ok,8379,561781.78560000006,561781.78560000006,0,0,0,3,1,2,2
31,8,13,ok,7840,569447.424,569447.424,0,0,0,13,1,1,1
31,8,14,ok,7168,560686.69439999992,560686.69439999992,0,0,0,1,2,1,7
31,8,15,ok,6860,574922.88,574922.88,0,0,0,15,1,1,1
31,8,16,ok,6272,560686.69440000004,560686.69440000004,0,0,0,2,2,2,2
31,16,1,ok,200704,1121373.3888000001,1121373.3888000001,0,0,0,1,1,1,1
31,16,2,ok,100352,1121373.3888000001,1121373.3888000001,0,0,0,1,1,1,2
31,16,3,ok,67032,1123563.5712000001,1123563.5712000001,0,0,0,3,1,1,1
31,16,4,ok,50176,1121373.3888000001,1121373.3888000001,0,0,0,1,2,1,2
31,16,5,ok,40376,1127943.9360000002,1127943.9360000002,0,0,0,5,1,1,1
31,16,6,ok,33516,1123563.5712000001,1123563.5712000001,0,0,0,3,1,1,2
31,16,7,ok,28672,1121373.3887999998,1121373.3887999998,0,0,0,1,1,1,7
31,16,8,ok,25088,1121373.3888000001,1121373.3888000001,0,0,0,1,2,2,2
31,16,9,ok,22344,1123563.5712000001,1123563.5712000001,0,0,0,9,1,1,1
31,16,10,ok,20188,1127943.9360000002,1127943.9360000002,0,0,0,5,1,1,2
31,16,11,ok,18424,1132324.3008000001,1132324.3008000001,0,0,0,11,1,1,1
31,16,12,ok,16758,1123563.5712000001,1123563.5712000001,0,0,0,3,1,2,2
31,16,13,ok,15680,1138894.848,1138894.848,0,0,0,13,1,1,1
31,16,14,ok,14336,1121373.3887999998,1121373.3887999998,0,0,0,1,2,1,7
31,16,15,ok,13720,1149845.76,1149845.76,0,0,0,15,1,1,1
31,16,16,ok,12544,1121373.3888000001,1121373.3888000001,0,0,0,2,2,2,2
31,32,1,ok,401408,2242746.7776000001,2242746.7776000001,0,0,0,1,1,1,1
31,32,2,ok,200704,2242746.7776000001,2242746.7776000001,0,0,0,1,1,1,2
31,32,3,ok,134064,2247127.1424000002,2247127.1424000002,0,0,0,3,1,1,1
31,32,4,ok,100352,2242746.7776000001,2242746.7776000001,0,0,0,1,2,1,2
31,32,5,ok,80752,2255887.8720000004,2255887.8720000004,0,0,0,5,1,1,1
31,32,6,ok,67032,2247127.1424000002,2247127.1424000002,0,0,0,3,1,1,2
31,32,7,ok,57344,2242746.7775999997,2242746.7775999997,0,0,0,1,1,1,7
31,32,8,ok,50176,2242746.7776000001,2242746.7776000001,0,0,0,1,2,2,2
31,32,9,ok,44688,2247127.1424000002,2247127.1424000002,0,0,0,9,1,1,1
31,32,10,ok,40376,2255887.8720000004,2255887.8720000004,0,0,0,5,1,1,2
31,32,11,ok,36848,2264648.6016000002,2264648.6016000002,0,0,0,11,1,1,1
31,32,12,ok,33516,2247127.1424000002,2247127.1424000002,0,0,0,3,1,2,2
31,32,13,ok,31360,2277789.696,2277789.696,0,0,0,13,1,1,1
31,32,14,ok,28672,2242746.7775999997,2242746.7775999997,0,0,0,1,2,1,7
31,32,15,ok,27440,2299691.52,2299691.52,0,0,0,15,1,1,1
31,32,16,ok,25088,2242746.7776000001,2242746.7776000001,0,0,0,2,2,2,2
31,64,1,ok,802816,4485493.5552000003,4485493.5552000003,0,0,0,1,1,1,1
31,64,2,ok,401408,4485493.5552000003,4485493.5552000003,0,0,0,1,1,1,2
31,64,3,ok,268128,4494254.2848000005,4494254.2848000005,0,0,0,3,1,1,1
31,64,4,ok,200704,4485493.5552000003,4485493.5552000003,0,0,0,1,2,1,2
31,64,5,ok,161504,4511775.7440000009,4511775.7440000009,0,0,0,5,1,1,1
31,64,6,ok,134064,4494254.2848000005,4494254.2848000005,0,0,0,3,1,1,2
31,64,7,ok,114688,4485493.5551999994,4485493.5551999994,0,0,0,1,1,1,7
31,64,8,ok,100352,4485493.5552000003,4485493.5552000003,0,0,0,1,2,2,2
31,64,9,ok,89376,4494254.2848000005,4494254.2848000005,0,0,0,9,1,1,1
31,64,10,ok,80752,4511775.7440000009,4511775.7440000009,0,0,0,5,1,1,2
31,64,11,ok,73696,4529297.2032000003,4529297.2032000003,0,0,0,11,1,1,1
31,64,12,ok,67032,4494254.2848000005,4494254.2848000005,0,0,0,3,1,2,2
31,64,13,ok,62720,4555579.392,4555579.392,0,0,0,1,13,1,1
31,64,14,ok,57344,4485493.5551999994,4485493.5551999994,0,0,0,1,2,1,7
31,64,15,ok,54464,4564477.0080000004,4564477.0080000004,0,0,0,3,5,1,1
31,64,16,ok,50176,4485493.5552000003,4485493.5552000003,0,0,0,2,2,2,2
32,1,1,ok,25088,6722554.3168000001,462422.01599999995,5945000.0896000005,0,315132.21120000002,1,1,1,1
32,1,2,ok,12544,6887559.9359999998,462422.01599999995,6072241.1008000001,0,352896.81920000003,2,1,1,1
32,1,3,ok,8960,7551881.0879999995,495452.16000000003,6428153.9327999996,0,628274.9952,1,1,1,3
32,1,4,ok,6272,7113982.7199999997,462422.01599999995,6100129.9456000002,0,551430.75840000005,2,1,1,2
32,1,5,ok,5376,8012926.8480000002,495452.15999999992,6612978.5600000005,0,904496.12800000003,1,1,1,5
32,1,6,ok,4480,7806800.256000001,495452.16000000003,6569779.276800001,0,741568.81920000003,2,1,1,3
32,1,7,ok,3584,7876561.4591999985,462422.016,6247685.0687999995,0,1166454.3744000001,1,1,1,7
32,1,8,ok,3136,7410004.7359999996,462422.01599999995,6335728.5888,0,611854.13120000006,4,1,2,1
32,1,9,ok,3136,8100050.2901999997,471453.696,6848203.9374000002,0,780392.65680000011,9,1,1,1
32,1,10,ok,2688,8267846.0160000008,495452.15999999992,6754603.9040000001,0,1017789.952,2,1,1,5
32,1,11,ok,2688,8039566.1808000002,476872.70399999997,6409488.3247999996,0,1153205.152,11,1,1,1
32,1,12,ok,2240,8148865.6128000012,495452.16000000003,6866527.1040000003,0,786886.34880000015,4,1,3,1
32,1,13,ok,2688,8407436.4919999987,469647.35999999993,6622045.4871999994,0,1315743.6448000001,13,1,1,1
32,1,14,ok,1792,8114486.0159999998,462422.016,6379868.7232000008,0,1272195.2768000001,2,1,1,7
32,1,15,ok,1792,9717911.4239999987,495452.16000000003,6936857.4719999991,0,2285601.7919999999,1,1,1,15
32,1,16,ok,1568,7953832.2943999991,462422.01599999995,6637862.6559999995,0,853547.62240000011,8,1,2,1
32,2,1,ok,50176,13274610.176000001,924844.03199999989,11857612.288000001,0,492153.85600000003,1,1,1,1
32,2,2,ok,25088,13445108.6336,924844.03199999989,11890000.179200001,0,630264.42240000004,1,2,1,1
32,2,3,ok,17920,14592266.803200003,990904.32000000007,12759144.192000002,0,842218.29120000009,1,1,1,3
32,2,4,ok,12544,13775119.872,924844.03199999989,12144482.2016,0,705793.63840000005,2,2,1,1
32,2,5,ok,10752,15173361.408,990904.31999999983,13064017.663999999,0,1118439.4240000001,1,1,1,5
32,2,6,ok,8960,15102105.139200002,990904.32000000007,13042394.879999999,0,1068805.9392000001,2,1,1,3
32,2,7,ok,7168,14559633.7152,924844.03200000001,12268654.8992,0,1366134.7840000002,1,1,1,7
32,2,8,ok,6272,14227965.439999999,924844.03199999989,12200259.8912,0,1102861.5168000001,2,2,1,2
32,2,9,ok,6272,16026272.0748,942907.39199999999,13663387.407600001,0,1419977.2752,9,1,1,1
32,2,10,ok,5376,15683199.743999999,990904.31999999983,13347268.351999998,0,1345027.0720000002,2,1,1,5
32,2,11,ok,5376,15803105.788800001,953745.40799999994,12685376.5984,0,2163983.7824000004,11,1,1,1
32,2,12,ok,4480,15613600.512000002,990904.32000000007,13139558.553600002,0,1483137.6384000001,2,2,1,3
32,2,13,ok,5376,16543028.631999999,939294.71999999986,13112515.1664,0,2491218.7456,13,1,1,1
32,2,14,ok,3584,15035482.8288,924844.03200000001,12533022.208000001,0,1577616.5888000003,2,1,1,7
32,2,15,ok,3584,16878345.983999997,990904.32000000007,13387896.575999999,0,2499545.0880000005,1,1,1,15
32,2,16,ok,3136,14820009.471999999,924844.03199999989,12671457.1776,0,1223708.2624000001,4,2,2,1
32,4,1,ok,100352,26164309.8112,1849688.0639999998,23468424.601600002,0,846197.14560000005,1,1,1,1
32,4,2,ok,50176,26471625.318400003,1849688.0639999998,23607417.856000002,0,1014519.3984000001,1,1,1,2
32,4,3,ok,34496,27320396.184,1864138.7519999999,24213293.764800001,0,1242963.6672000003,3,1,1,1
32,4,4,ok,25088,26890217.267200001,1849688.0639999998,23780000.358400002,0,1260528.8448000001,1,4,1,1
32,4,5,ok,21952,28431259.440000001,1878589.4399999999,24822304.752000004,0,1730365.2480000001,5,1,1,1
32,4,6,ok,17248,27743358.667199999,1864138.7519999999,24134526.456,0,1744693.4592000002,3,1,1,2
32,4,7,ok,14336,27925778.227200001,1849688.064,24310594.560000002,0,1765495.6032000002,1,1,1,7
32,4,8,ok,12544,27550239.743999999,1849688.0639999998,24288964.403200001,0,1411587.2768000001,2,4,1,1
32,4,9,ok,12320,30072888.223199997,1997291.5199999998,25892758.965600003,0,2182837.7376000001,3,1,1,3
32,4,10,ok,10976,29028236.079999998,1878589.4399999999,25279012.848000001,0,1870633.7920000004,5,1,2,1
32,4,11,ok,9408,30351757.919999998,1907490.8159999999,25255711.711999997,0,3188555.392,11,1,1,1
32,4,12,ok,8624,28928127.691200003,1864138.7519999999,25040916.369600002,0,2023072.5696,3,1,2,2
32,4,13,ok,9408,31592863.536000006,1878589.4399999997,26050360.918400005,0,3663913.1776000005,13,1,1,1
32,4,14,ok,7168,28764520.2432,1849688.064,24726372.966400001,0,2188459.2128000003,2,1,1,7
32,4,15,ok,7168,31199215.103999998,1981808.6400000001,26289974.784000002,0,2927431.6800000002,1,1,1,15
32,4,16,ok,6272,28455930.879999999,1849688.0639999998,24400519.782400001,0,2205723.0336000002,2,4,1,2
32,8,1,ok,200704,52060957.4912,3699376.1279999996,46807297.638400003,0,1554283.7248,1,1,1,1
32,8,2,ok,100352,52328619.622400001,3699376.1279999996,46936849.203200005,0,1692394.2912000001,1,2,1,1
32,8,3,ok,68992,54371039.126400009,3728277.5039999997,48296023.843200006,0,2346737.7791999998,3,1,1,1
32,8,4,ok,50176,52943250.636800006,3699376.1279999996,47214835.712000005,0,2029038.7968000001,1,2,1,2
32,8,5,ok,43904,56590674.527999997,3757178.8799999999,49513033.695999995,0,3320461.952,5,1,1,1
32,8,6,ok,34496,54640792.368000001,3728277.5039999997,48426587.529600002,0,2485927.3344000005,3,2,1,1
32,8,7,ok,28672,54545111.040000007,3699376.128,48281517.670400001,0,2564217.2416000003,1,1,1,7
32,8,8,ok,25088,53780434.534400001,3699376.1279999996,47560000.716800004,0,2521057.6896000002,1,8,1,1
32,8,9,ok,24640,59336516.721600004,3994583.0399999996,51393826.872000009,0,3948106.8096000003,3,1,1,3
32,8,10,ok,21952,56862518.880000003,3757178.8799999999,49644609.504000008,0,3460730.4960000003,5,2,1,1
32,8,11,ok,18816,60427489.267200008,3814981.6319999998,50377823.372800007,0,6234684.2624000004,11,1,1,1
32,8,12,ok,17248,55486717.334399998,3728277.5039999997,48269052.912,0,3489386.9184000003,3,2,1,2
32,8,13,ok,18816,62913882.720000006,3757178.8799999994,51969146.028800003,0,7187557.8112000003,13,1,1,1
32,8,14,ok,14336,55655405.568000011,3699376.128,48545884.979200006,0,3410144.4608000005,2,1,1,7
32,8,15,ok,14336,59840953.344000004,3963617.2800000003,52094131.200000003,0,3783204.8640000005,1,1,1,15
32,8,16,ok,12544,55100479.487999998,3699376.1279999996,48577928.806400001,0,2823174.5536000002,2,8,1,1
32,16,1,ok,401408,103854252.85120001,7398752.2559999991,93485043.712000012,0,2970456.8832,1,1,1,1
32,16,2,ok,200704,104121914.9824,7398752.2559999991,93614595.276800007,0,3108567.4495999999,1,2,1,1
32,16,3,ok,137984,108472325.01120003,7456555.0079999994,96461484.000000015,0,4554286.0032000002,3,1,1,1
32,16,4,ok,100352,104657239.2448,7398752.2559999991,93873698.40640001,0,3384788.5824000002,1,4,1,1
32,16,5,ok,86016,114205759.48799999,7927234.5599999987,102164879.35999998,0,4113645.568,1,1,1,5
32,16,6,ok,68992,108742078.25280002,7456555.0079999994,96592047.686400011,0,4693475.5583999995,3,2,1,1
32,16,7,ok,57344,107216587.16160001,7398752.2560000001,95656174.387199998,0,4161660.5184000009,1,1,1,7
32,16,8,ok,50176,105886501.27360001,7398752.2559999991,94429671.42400001,0,4058077.5936000003,1,4,1,2
32,16,9,ok,49280,117863773.7184,7989166.0799999991,102395962.6848,0,7478644.9536000006,3,1,1,3
32,16,10,ok,43904,113181349.05599999,7514357.7599999998,99026067.39199999,0,6640923.9040000001,5,2,1,1
32,16,11,ok,37632,120578951.96160001,7629963.2639999995,100622046.6944,0,12326942.003200002,11,1,1,1
32,16,12,ok,34496,109281584.736,7456555.0079999994,96853175.059200004,0,4971854.668800001,3,4,1,1
32,16,13,ok,37632,125555921.088,7514357.7599999988,103806716.24960001,0,14234847.078400001,13,1,1,1
32,16,14,ok,28672,109090222.08000001,7398752.2560000001,96563035.340800002,0,5128434.4832000006,1,2,1,7
32,16,15,ok,28672,116882380.80000001,7927234.5600000005,103460395.008,0,5494751.2320000008,1,1,1,15
32,16,16,ok,25088,107560869.0688,7398752.2559999991,95120001.433600008,0,5042115.3792000003,1,16,1,1
32,32,1,ok,802816,207440843.57119998,14797504.511999998,186840535.8592,0,5802803.2000000011,1,1,1,1
32,32,2,ok,401408,207708505.70240003,14797504.511999998,186970087.42400002,0,5940913.7664000001,1,2,1,1
32,32,3,ok,275968,216674896.78080001,14913110.015999999,192792404.3136,0,8969382.4512000009,3,1,1,1
32,32,4,ok,200704,208243829.9648,14797504.511999998,187229190.55360001,0,6217134.8991999999,1,4,1,1
32,32,5,ok,172032,227073208.32000002,15854469.119999997,203682000.896,0,7536738.3040000014,1,1,1,5
32,32,6,ok,137984,216944650.02240005,14913110.015999999,192922968.00000003,0,9108572.0064000003,3,2,1,1
32,32,7,ok,114688,212559539.4048,14797504.512,190405487.82080001,0,7356547.0720000006,1,1,1,7
32,32,8,ok,100352,209314478.4896,14797504.511999998,187747396.81280002,0,6769577.1648000004,1,8,1,1
32,32,9,ok,98560,233867214.71999997,16349921.279999999,209214169.57440001,0,8303123.8656000011,1,3,1,3
32,32,10,ok,86016,228411518.97599998,15854469.119999997,204329758.71999997,0,8227291.1359999999,1,2,1,5
32,32,11,ok,75264,218093326.3872,15259926.527999999,195472469.3504,0,7360930.5088,1,11,1,1
32,32,12,ok,68992,217484156.50560004,14913110.015999999,193184095.37280002,0,9386951.116799999,3,4,1,1
32,32,13,ok,75264,250839997.824,15028715.519999998,207481856.69119999,0,28329425.612800006,13,1,1,1
32,32,14,ok,57344,214433174.32320002,14797504.512,191312348.7744,0,8323321.0368000017,1,2,1,7
32,32,15,ok,57344,229749829.632,15854469.120000001,204977516.544,0,8917843.9680000022,1,1,1,15
32,32,16,ok,50176,211773002.54720002,14797504.511999998,188859342.84800002,0,8116155.1872000005,1,8,1,2
32,64,1,ok,1605632,414614025.01120001,29595009.023999996,373551520.15360004,0,11467495.8336,1,1,1,1
32,64,2,ok,802816,414881687.14239997,29595009.023999996,373681071.7184,0,11605606.400000002,1,2,1,1
32,64,3,ok,551936,432947182.07999992,30519853.056000002,390329568.76799995,0,12097760.256000001,1,3,1,1
32,64,4,ok,401408,415417011.40480006,29595009.023999996,373940174.84800005,0,11881827.5328,1,4,1,1
32,64,5,ok,326144,426736123.13599998,30057431.039999999,384481732.35199994,0,12196959.744000003,1,5,1,1
32,64,6,ok,275968,433349793.56160003,29826220.031999998,385584808.62720001,0,17938764.902400002,3,2,1,1
32,64,7,ok,229376,423245443.89120001,29595009.024,379904114.68800002,0,13746320.179200001,1,1,1,7
32,64,8,ok,200704,416487659.9296,29595009.023999996,374458381.10720003,0,12434269.7984,1,8,1,1
32,64,9,ok,197120,466199943.32160014,32699842.559999999,418136848.12800008,0,15363252.6336,1,3,1,3
32,64,10,ok,163072,428693265.15200007,30057431.039999999,385257381.63199997,0,13378452.48,1,5,1,2
32,64,11,ok,150528,434311169.74079996,30519853.055999998,390588671.89759994,0,13202644.787200002,1,11,1,1
32,64,12,ok,137984,433889300.0448001,29826220.031999998,385845936.00000006,0,18217144.012800001,3,4,1,1
32,64,13,ok,125440,428100110.79679996,30057431.039999995,384740835.48159999,0,13301844.2752,1,13,1,1
32,64,14,ok,114688,425119078.8096,29595009.024,380810975.64160001,0,14713094.144000001,1,2,1,7
32,64,15,ok,114688,455484727.296,31708938.240000002,408011759.61600006,0,15764029.440000001,1,1,1,15
32,64,16,ok,100352,418628956.97920001,29595009.023999996,375494793.62560004,0,13539154.329600001,1,16,1,1
33,1,1,ok,112896,27001516.185600001,2080899.0719999999,24099439.155200001,0,821177.9584,1,1,1,1
33,1,2,ok,56448,27001516.185600001,2080899.0719999999,24099439.155200001,0,821177.9584,2,1,1,1
33,1,3,ok,42336,27987470.463600002,2097156.0959999999,25010676.606000002,0,879637.76160000009,3,1,1,1
33,1,4,ok,28224,27239440.742400005,2080899.0719999999,24231622.809600003,0,926918.86080000002,4,1,1,1
33,1,5,ok,24192,32265924.479999997,2229534.7199999997,26714958.719999999,0,3321431.04,1,1,1,5
33,1,6,ok,20160,30371291.827199996,2229534.7199999997,26063321.164799999,0,2078435.9424000001,2,1,1,3
33,1,7,ok,16128,32325267.609599993,2080899.0719999997,25694205.286399994,0,4550163.2511999998,1,1,1,7
33,1,8,ok,14112,27715289.856000006,2080899.0719999999,24495990.118400004,0,1138400.6656000002,8,1,1,1
33,1,9,ok,14112,28949089.829399999,2121541.6319999998,25622303.700600002,0,1205244.4968000001,9,1,1,1
33,1,10,ok,12096,32265924.479999997,2229534.7199999997,26714958.719999999,0,3321431.04,2,1,1,5
33,1,11,ok,12096,29327022.436799999,2145927.1679999996,25612479.428799998,0,1568615.8400000001,11,1,1,1
33,1,12,ok,10080,30626210.995199997,2229534.7199999997,26204946.508799996,0,2191729.7664000001,4,1,1,3
33,1,13,ok,12096,30237825.228,2113413.1200000001,26415916.539999999,0,1708495.568,13,1,1,1
33,1,14,ok,8064,32325267.609599993,2080899.0719999997,25694205.286399994,0,4550163.2511999998,2,1,1,7
33,1,15,ok,9072,33348364.442999996,2246952.96,27698269.958999995,0,3403141.5239999997,3,1,1,5
33,1,16,ok,7056,28662606.182400003,2080899.0719999999,24821808.896000002,0,1759898.2144000002,8,1,1,2
33,2,1,ok,225792,53235789.312000006,4161798.1439999999,48053132.800000004,0,1020858.368,1,1,1,1
33,2,2,ok,112896,53235789.312000006,4161798.1439999999,48053132.800000004,0,1020858.368,2,1,1,1
33,2,3,ok,84672,55201703.781599998,4194312.1919999998,49874469.064800002,0,1132922.5248,3,1,1,1
33,2,4,ok,56448,53711638.4256,4161798.1439999999,48317500.108800001,0,1232340.1728000001,4,1,1,1
33,2,5,ok,48384,60695633.664000005,4459069.4399999995,52701189.888000004,0,3535374.3360000001,1,1,1,5
33,2,6,ok,40320,58440854.476799995,4459069.4399999995,51689405.7984,0,2292379.2384000001,2,1,1,3
33,2,7,ok,32256,59279833.804799989,4161798.1439999994,50368191.999999993,0,4749843.6607999997,1,1,1,7
33,2,8,ok,28224,54478881.484800011,4161798.1439999999,48463245.619200006,0,1853837.7216,4,2,1,1
33,2,9,ok,28224,57115951.383599997,4243083.2639999995,51096015.298800007,0,1776852.8207999999,9,1,1,1
33,2,10,ok,24192,60695633.664000005,4459069.4399999995,52701189.888000004,0,3535374.3360000001,2,1,1,5
33,2,11,ok,24192,57411925.295999996,4291854.3359999992,50623758.627199993,0,2496312.3328000004,11,1,1,1
33,2,12,ok,20160,58950692.812800005,4459069.4399999995,51972656.486400001,0,2518966.8864000002,4,1,1,3
33,2,13,ok,24192,59252350.872000016,4226826.2400000002,52239741.944000006,0,2785782.6880000001,13,1,1,1
33,2,14,ok,16128,59279833.804799989,4161798.1439999994,50368191.999999993,0,4749843.6607999997,2,1,1,7
33,2,15,ok,18144,62830543.158,4493905.9199999999,54662119.181999996,0,3674518.0560000003,3,1,1,5
33,2,16,ok,14112,55430579.712000012,4161798.1439999999,48991980.236800008,0,2276801.3312000004,8,2,1,1
33,4,1,ok,451584,105704335.56480001,8323596.2879999997,95960520.089600012,0,1420219.1872,1,1,1,1
33,4,2,ok,225792,105704335.56480001,8323596.2879999997,95960520.089600012,0,1420219.1872,2,1,1,1
33,4,3,ok,155232,108203432.70240001,8388624.3839999996,97540870.852800012,0,2273937.4656000002,3,1,1,1
33,4,4,ok,112896,106471578.62400001,8323596.2879999997,96106265.600000009,0,2041716.736,2,2,1,1
33,4,5,ok,98784,109975737.648,8453652.4799999986,99451838.448000014,0,2070246.7200000002,5,1,1,1
33,4,6,ok,77616,110143242.648,8388624.3839999996,98854327.800000012,0,2900290.4640000002,3,1,1,2
33,4,7,ok,64512,113188966.19519998,8323596.2879999988,99716165.427199975,0,5149204.4800000004,1,1,1,7
33,4,8,ok,56448,107410462.92480001,8323596.2879999997,96397756.620800003,0,2689110.0160000003,8,1,1,1
33,4,9,ok,56448,112110971.4648,8486166.527999999,100704735.46800001,0,2920069.4687999999,9,1,1,1
33,4,10,ok,49392,111930584.88,8453652.4799999986,100775477.23200001,0,2701455.1679999996,5,1,1,2
33,4,11,ok,42336,111530367.3792,8583708.6719999984,99591939.039999992,0,3354719.6672,11,1,1,1
33,4,12,ok,38808,112571021.8224,8388624.3839999996,100029400.97760001,0,4152996.4608000005,3,1,2,2
33,4,13,ok,42336,115003372.848,8453652.4800000004,102787619.2096,0,3762101.1584000005,13,1,1,1
33,4,14,ok,32256,113188966.19519998,8323596.2879999988,99716165.427199975,0,5149204.4800000004,2,1,1,7
33,4,15,ok,33264,121997387.62799999,8987811.8399999999,108112541.72399999,0,4897034.0640000012,3,1,1,5
33,4,16,ok,28224,108957762.96960002,8323596.2879999997,96926491.238400012,0,3707675.4432000001,4,4,1,1
33,8,1,ok,903168,210641428.07040003,16647192.575999999,191775294.66880003,0,2218940.8256000001,1,1,1,1
33,8,2,ok,451584,210641428.07040003,16647192.575999999,191775294.66880003,0,2218940.8256000001,2,1,1,1
33,8,3,ok,310464,215192975.81760001,16777248.767999999,194494205.11680001,0,3921521.9328000005,3,1,1,1
33,8,4,ok,225792,211408671.12960002,16647192.575999999,191921040.17920002,0,2840438.3744000001,2,2,1,1
33,8,5,ok,197568,218728175.71200001,16907304.959999997,198311585.76000002,0,3509284.9920000001,5,1,1,1
33,8,6,ok,155232,216406865.40480003,16777248.767999999,195081741.70560002,0,4547874.9312000005,3,2,1,1
33,8,7,ok,129024,221007230.97599998,16647192.575999998,198412112.28159997,0,5947926.1184,1,1,1,7
33,8,8,ok,112896,212943157.24800003,16647192.575999999,192212531.20000002,0,4083433.4720000001,2,4,1,1
33,8,9,ok,112896,222993938.34719998,16972333.055999998,200815102.5264,0,5206502.7648,9,1,1,1
33,8,10,ok,98784,219951475.296,16907304.959999997,198903676.89600003,0,4140493.4400000004,5,2,1,1
33,8,11,ok,84672,221818615.18080002,17167417.343999997,198582677.84959999,0,6068519.9872000003,11,1,1,1
33,8,12,ok,77616,220286485.296,16777248.767999999,197708655.60000002,0,5800580.9280000003,3,1,2,2
33,8,13,ok,84672,228783446.11199999,16907304.960000001,204983147.2832,0,6892993.8688000003,13,1,1,1
33,8,14,ok,64512,221007230.97599998,16647192.575999998,198412112.28159997,0,5947926.1184,2,1,1,7
33,8,15,ok,66528,237925327.32000002,17975623.68,213287400.50400001,0,6662303.1360000009,3,1,1,5
33,8,16,ok,56448,214820925.84960002,16647192.575999999,192795513.24160001,0,5378220.0320000006,8,2,1,1
33,16,1,ok,1806336,420515613.08160007,33294385.151999999,383404843.82720006,0,3816384.1024000002,1,1,1,1
33,16,2,ok,903168,420515613.08160007,33294385.151999999,383404843.82720006,0,3816384.1024000002,2,1,1,1
33,16,3,ok,620928,429172062.04799998,33554497.535999998,388400873.64480001,0,7216690.8672000002,3,1,1,1
33,16,4,ok,451584,421282856.14080006,33294385.151999999,383550589.33760005,0,4437881.6512000002,2,2,1,1
33,16,5,ok,395136,436233051.84000009,33814609.919999994,396031080.38400006,0,6387361.5360000003,5,1,1,1
33,16,6,ok,310464,430385951.63520002,33554497.535999998,388988410.23360002,0,7843043.8656000011,3,2,1,1
33,16,7,ok,258048,436643760.53759998,33294385.151999995,395804005.99039996,0,7545369.3952000011,1,1,1,7
33,16,8,ok,225792,422817342.25920004,33294385.151999999,383842080.35840005,0,5680876.7488000002,2,4,1,1
33,16,9,ok,225792,444759872.11199999,33944666.111999996,401035836.64319998,0,9779369.3568000011,9,1,1,1
33,16,10,ok,197568,437456351.42400002,33814609.919999994,396623171.52000004,0,7018569.9840000002,5,2,1,1
33,16,11,ok,169344,442395110.78400004,34334834.687999994,396564155.46879995,0,11496120.627200002,11,1,1,1
33,16,12,ok,155232,432813730.80960006,33554497.535999998,390163483.41120005,0,9095749.8624000009,3,4,1,1
33,16,13,ok,169344,456343592.63999999,33814609.920000002,409374203.43039995,0,13154779.2896,13,1,1,1
33,16,14,ok,129024,436643760.53759998,33294385.151999995,395804005.99039996,0,7545369.3952000011,2,1,1,7
33,16,15,ok,133056,469781206.704,35951247.359999999,423637118.06400001,0,10192841.280000001,3,1,1,5
33,16,16,ok,112896,425886314.49600005,33294385.151999999,384425062.40000004,0,8166866.9440000001,2,8,1,1
33,32,1,ok,3612672,840263983.10400009,66588770.303999998,766663942.14400005,0,7011270.6560000004,1,1,1,1
33,32,2,ok,1806336,840263983.10400009,66588770.303999998,766663942.14400005,0,7011270.6560000004,2,1,1,1
33,32,3,ok,1241856,857130234.50880003,67108995.071999997,776214210.70079994,0,13807028.736000001,3,1,1,1
33,32,4,ok,903168,841031226.16320014,66588770.303999998,766809687.65440011,0,7632768.2048000004,2,2,1,1
33,32,5,ok,790272,871242804.09600019,67629219.839999989,791470069.63200021,0,12143514.624000002,5,1,1,1
33,32,6,ok,620928,858344124.09599996,67108995.071999997,776801747.28960001,0,14433381.7344,3,2,1,1
33,32,7,ok,516096,867916819.66079998,66588770.30399999,790587793.40799999,0,10740255.948800001,1,1,1,7
33,32,8,ok,451584,842565712.28160012,66588770.303999998,767101178.6752001,0,8875763.3024000004,2,4,1,1
33,32,9,ok,451584,888291739.64160001,67889332.223999992,801477304.87680006,0,18925102.540800001,9,1,1,1
33,32,10,ok,395136,872466103.68000019,67629219.839999989,792062160.76800013,0,12774723.072000001,5,2,1,1
33,32,11,ok,338688,874170686.82239997,68669669.375999987,792075090.89279985,0,13425926.553600002,1,11,1,1
33,32,12,ok,310464,860771903.27040005,67108995.071999997,777976820.46720004,0,15686087.731200002,3,4,1,1
33,32,13,ok,338688,911463885.6960001,67629219.840000004,818156315.72480011,0,25678350.131200001,13,1,1,1
33,32,14,ok,258048,867916819.66079998,66588770.30399999,790587793.40799999,0,10740255.948800001,2,1,1,7
33,32,15,ok,266112,933492965.47199988,71902494.719999999,844336553.1839999,0,17253917.568000004,3,1,1,5
33,32,16,ok,225792,845634684.51840007,66588770.303999998,767684160.71680009,0,11361753.4976,2,8,1,1
33,64,1,ok,7225344,1679760723.1488001,133177540.608,1533182138.7776,0,13401043.7632,1,1,1,1
33,64,2,ok,3612672,1679760723.1488001,133177540.608,1533182138.7776,0,13401043.7632,2,1,1,1
33,64,3,ok,2483712,1713046579.4303999,134217990.14399999,1551840884.8127999,0,26987704.4736,3,1,1,1
33,64,4,ok,1806336,1680527966.2080002,133177540.608,1533327884.2880001,0,14022541.312000001,2,2,1,1
33,64,5,ok,1467648,1709063968.5120001,135258439.67999998,1557718814.4640002,0,16086714.368000003,1,5,1,1
33,64,6,ok,1241856,1714260469.0176001,134217990.14399999,1552428421.4015999,0,27614057.472000003,3,2,1,1
33,64,7,ok,1032192,1730462937.9071999,133177540.60799998,1580155368.2432001,0,17130029.056000002,1,1,1,7
33,64,8,ok,903168,1682062452.3264003,133177540.608,1533619375.3088002,0,15265536.409600001,2,4,1,1
33,64,9,ok,903168,1775355474.7007999,135778664.44799998,1602360241.3440001,0,37216568.908800006,9,1,1,1
33,64,10,ok,733824,1709063968.5120001,135258439.67999998,1557718814.4640002,0,16086714.368000003,2,5,1,1
33,64,11,ok,677376,1739901699.9935999,137339338.75199997,1582546981.1711998,0,20015380.070400003,1,11,1,1
33,64,12,ok,620928,1716688248.1919999,134217990.14399999,1553603494.5792,0,28866763.468800001,3,4,1,1
33,64,13,ok,564480,1715201912.9856002,135258439.68000001,1558884778.5472002,0,21058694.758400001,1,13,1,1
33,64,14,ok,516096,1730462937.9071999,133177540.60799998,1580155368.2432001,0,17130029.056000002,2,1,1,7
33,64,15,ok,524160,1836030218.1120002,144919756.79999998,1667881683.8400002,0,23228777.472000003,1,5,1,3
33,64,16,ok,451584,1685131424.5632002,133177540.608,1534202357.3504002,0,17751526.604800001,2,8,1,1
34,1,1,ok,50176,12976155.3408,924844.03199999989,11346461.696,0,704849.6128,1,1,1,1
34,1,2,ok,25088,13095117.619199999,924844.03199999989,11412553.5232,0,757720.06400000001,2,1,1,1
34,1,3,ok,17248,13312291.762800004,926650.36800000002,11573777.482800003,0,811863.91200000001,3,1,1,1
34,1,4,ok,12544,13333042.175999999,924844.03199999989,11544737.1776,0,863460.96640000003,4,1,1,1
34,1,5,ok,10976,13696044.146999998,925747.19999999984,11853328.831,0,916968.11600000004,5,1,1,1
34,1,6,ok,8624,13653954.6876,926650.36800000002,11638679.780400001,0,1088624.5392,3,1,1,2
34,1,7,ok,7840,13974445.426200002,929359.87199999997,12019829.742200002,0,1025255.812,7,1,1,1
34,1,8,ok,6272,13674039.0912,924844.03199999989,11609512.959999999,0,1139682.0992000001,4,1,1,2
34,1,9,ok,6272,14259985.945199998,926650.3679999999,12204248.957999999,0,1129086.6192000001,9,1,1,1
34,1,10,ok,5488,14037374.067,925747.19999999984,11918167.871000001,0,1193458.996,5,1,1,2
34,1,11,ok,4704,14344943.434799999,933875.71199999982,12171146.614,0,1239921.1088,11,1,1,1
34,1,12,ok,4312,14497658.290800003,926650.36800000002,11928862.129200002,0,1642145.7936,3,1,2,2
34,1,13,ok,4480,14184082.392999999,927553.53599999996,11915323.7346,0,1341205.1224000002,13,1,1,1
34,1,14,ok,3584,15541261.9264,924844.03200000001,12201371.033600001,0,2415046.8608000004,2,1,1,7
34,1,15,ok,4032,14504058.225000001,934778.88,12117239.733000001,0,1452039.612,15,1,1,1
34,1,16,ok,3136,14149888.2048,924844.03199999989,11873880.2688,0,1351163.9040000001,8,1,1,2
34,2,1,ok,100352,25611313.766399998,1849688.0639999998,22628147.6096,0,1133478.0928000002,1,1,1,1
34,2,2,ok,50176,25849238.323199999,1849688.0639999998,22760331.263999999,0,1239218.9952000002,2,1,1,1
34,2,3,ok,34496,26282920.6008,1853300.736,23082652.668000001,0,1346967.1968,3,1,1,1
34,2,4,ok,25088,26190235.238399997,1849688.0639999998,22825107.046399999,0,1515440.128,2,1,1,2
34,2,5,ok,21952,27050758.373999998,1851494.3999999997,23641818.621999998,0,1557445.352,5,1,1,1
34,2,6,ok,17248,26624583.525600009,1853300.736,23147554.965600006,0,1623727.824,3,1,1,2
34,2,7,ok,14336,28457620.889600001,1849688.064,23817127.935999997,0,2790804.8896000003,1,1,1,7
34,2,8,ok,12544,26666084.351999998,1849688.0639999998,23089474.3552,0,1726921.9328000001,4,1,1,2
34,2,9,ok,12544,28178308.965600003,1853300.7359999998,24343595.6184,0,1981412.6112000004,9,1,1,1
34,2,10,ok,10976,27392088.293999996,1851494.3999999997,23706657.662,0,1833936.2320000001,5,1,1,2
34,2,11,ok,9408,28345559.906400003,1867751.4239999996,24276884.869600002,0,2200923.6128000002,11,1,1,1
34,2,12,ok,8624,27307909.3752,1853300.736,23277359.560800001,0,2177249.0784,3,2,1,2
34,2,13,ok,8960,27831272.1908,1855107.0719999999,23570785.248399999,0,2405379.8704000004,13,1,1,1
34,2,14,ok,7168,28695545.446400002,1849688.064,23949311.590399999,0,2896545.7920000004,2,1,1,7
34,2,15,ok,7392,29960741.430000003,1985679.3599999996,25444609.038000003,0,2530453.0320000001,3,1,1,5
34,2,16,ok,6272,27348078.182399999,1849688.0639999998,23219025.919999998,0,2279364.1984000001,4,2,1,2
34,4,1,ok,200704,50881630.617600001,3699376.1279999996,45191519.436800003,0,1990735.0528000002,1,1,1,1
34,4,2,ok,100352,51155256.115199998,3699376.1279999996,45253663.129599996,0,2202216.8576000002,2,1,1,1
34,4,3,ok,67424,51590138.212800011,3706601.4720000001,45466362.974400006,0,2417173.7664000001,3,1,1,1
34,4,4,ok,50176,51690580.377599999,3699376.1279999996,45512766.259199999,0,2478437.9904000005,2,1,1,2
34,4,5,ok,40768,52183591.499999993,3702988.7999999993,45642202.875999995,0,2838399.824,5,1,1,1
34,4,6,ok,33712,52126508.030400008,3706601.4720000001,45725972.164800003,0,2693934.3936000001,3,1,1,2
34,4,7,ok,28672,54528263.372799993,3699376.128,47180825.395199992,0,3648061.8496000003,1,1,1,7
34,4,8,ok,25088,52245727.641599998,3699376.1279999996,45644949.913599998,0,2901401.6000000006,4,1,1,2
34,4,9,ok,23520,53723421.028799996,3706601.4719999996,46330754.961599991,0,3686064.5951999999,9,1,1,1
34,4,10,ok,20384,52719438.539999992,3702988.7999999993,45901559.035999998,0,3114890.7039999999,5,1,1,2
34,4,11,ok,18816,54361987.627199993,3735502.8479999993,46503556.158399999,0,4122928.6208000001,11,1,1,1
34,4,12,ok,16856,53840758.680000007,3706601.4720000001,46886701.560000002,0,3247455.648,3,1,2,2
34,4,13,ok,15680,54483515.517600007,3710214.1439999999,46239572.007200003,0,4533729.3664000006,13,1,1,1
34,4,14,ok,14336,54819143.68,3699376.128,47260223.897599995,0,3859543.6544000003,2,1,1,7
34,4,15,ok,14112,55745870.148000002,3739115.52,47036161.236000001,0,4970593.3920000009,15,1,1,1
34,4,16,ok,12544,53332168.703999996,3699376.1279999996,46178948.7104,0,3453843.8656000001,4,2,1,2
34,8,1,ok,401408,101422264.31999999,7398752.2559999991,90318263.091199994,0,3705248.9728000006,1,1,1,1
34,8,2,ok,200704,101763261.2352,7398752.2559999991,90383038.873600006,0,3981470.1056000004,1,1,1,2
34,8,3,ok,134848,102643906.60800001,7413202.9440000001,90673116.758400023,0,4557586.9056000002,3,1,1,1
34,8,4,ok,100352,102310512.2304,7398752.2559999991,90507326.259199992,0,4404433.7152000004,2,1,1,2
34,8,5,ok,81536,103831335.96000001,7405977.5999999987,91025049.592000008,0,5400308.7679999992,5,1,1,1
34,8,6,ok,67424,103180276.42560002,7413202.9440000001,90932725.948800012,0,4834347.5328000002,3,1,1,2
34,8,7,ok,57344,105891017.52319999,7398752.2560000001,92706725.887999997,0,5785539.3792000012,1,1,1,7
34,8,8,ok,50176,103381160.7552,7398752.2559999991,91025532.518399999,0,4956875.980800001,2,2,1,2
34,8,9,ok,47040,106910472.23999999,7413202.9439999992,92401900.732799992,0,7095368.5632000007,9,1,1,1
34,8,10,ok,40768,104367182.99999999,7405977.5999999987,91284405.751999989,0,5676799.648,5,1,1,2
34,8,11,ok,37632,108183423.21599999,7471005.6959999986,92745478.88319999,0,7966938.6368000004,11,1,1,1
34,8,12,ok,33712,104253016.06080002,7413202.9440000001,91451944.329600006,0,5387868.7872000001,3,2,1,2
34,8,13,ok,31360,108430138.44,7420428.2879999997,92219281.793599993,0,8790428.3584000021,13,1,1,1
34,8,14,ok,28672,105891017.52319999,7398752.2560000001,92706725.887999997,0,5785539.3792000012,2,1,1,7
34,8,15,ok,28224,110950665.47999999,7478231.04,93810436.008000001,0,9661998.432,15,1,1,1
34,8,16,ok,25088,104491455.2832,7398752.2559999991,91289899.827199996,0,5802803.2000000011,4,2,1,2
34,16,1,ok,802816,202503531.72479999,14797504.511999998,180571750.40000001,0,7134276.8128000004,1,1,1,1
34,16,2,ok,401408,202844528.63999999,14797504.511999998,180636526.18239999,0,7410497.9456000011,1,1,1,2
34,16,3,ok,269696,204751443.39840004,14826405.888,181086624.32640004,0,8838413.1840000004,3,1,1,1
34,16,4,ok,200704,203526522.47040001,14797504.511999998,180766077.74720001,0,7962940.2112000007,1,2,1,2
34,16,5,ok,163072,207126824.88000003,14811955.199999997,181790743.02399999,0,10524126.655999999,5,1,1,1
34,16,6,ok,134848,205287813.21600002,14826405.888,181346233.51680005,0,9115173.8112000003,3,1,1,2
34,16,7,ok,114688,208034765.20959997,14797504.512,183599729.86879995,0,9637530.8288000003,1,1,1,7
34,16,8,ok,100352,204621024.46079999,14797504.511999998,181014652.51839998,0,8808867.4304000009,2,2,1,2
34,16,9,ok,94080,213284574.66239998,14826405.887999998,184544192.27519998,0,13913976.499200001,9,1,1,1
34,16,10,ok,81536,207662671.92000002,14811955.199999997,182050099.18400002,0,10800617.535999998,5,1,1,2
34,16,11,ok,75264,215826294.39359999,14942011.391999997,185229324.3328,0,15654958.6688,11,1,1,1
34,16,12,ok,67424,206360552.85120004,14826405.888,181865451.89760002,0,9668695.0656000003,3,2,1,2
34,16,13,ok,62720,216323384.28479999,14840856.575999999,184178701.3664,0,17303826.342399999,13,1,1,1
34,16,14,ok,57344,208034765.20959997,14797504.512,183599729.86879995,0,9637530.8288000003,2,1,1,7
34,16,15,ok,56448,221360256.14400002,14956462.08,187358985.55200002,0,19044808.511999998,15,1,1,1
34,16,16,ok,50176,206762321.5104,14797504.511999998,182051065.0368,0,9913751.9616000019,2,4,1,2
34,32,1,ok,1605632,404666066.53439999,29595009.023999996,361078725.0176,0,13992332.492800001,1,1,1,1
34,32,2,ok,802816,405007063.44959998,29595009.023999996,361143500.80000001,0,14268553.625600001,1,1,1,2
34,32,3,ok,539392,408966516.97920001,29652811.776000001,361913639.46240008,0,17400065.740800001,3,1,1,1
34,32,4,ok,401408,405689057.27999997,29595009.023999996,361273052.36479998,0,14820995.891200002,1,2,1,2
34,32,5,ok,326144,413717802.71999991,29623910.399999995,363322129.88799995,0,20771762.432,5,1,1,1
34,32,6,ok,269696,409502886.79680008,29652811.776000001,362173248.65280008,0,17676826.368000001,3,1,1,2
34,32,7,ok,229376,412322260.58240008,29595009.024,365385737.83039999,0,17341513.728,1,1,1,7
34,32,8,ok,200704,407053044.94080001,29595009.023999996,361532155.49440002,0,15925880.422400001,1,4,1,2
34,32,9,ok,188160,426032779.5072,29652811.775999997,368828775.36000001,0,27551192.371200003,9,1,1,1
34,32,10,ok,163072,414253649.76000005,29623910.399999995,363581486.04799998,0,21048253.311999999,5,1,1,2
34,32,11,ok,150528,420711194.11199999,30519853.055999998,373008168.75519997,0,17183172.300800003,1,11,1,1
34,32,12,ok,134848,410575626.43200004,29652811.776000001,362692467.03360009,0,18230347.622400001,3,2,1,2
34,32,13,ok,125440,432109875.97440004,29681713.151999999,368097540.51200002,0,34330622.310400002,13,1,1,1
34,32,14,ok,114688,412322260.58240008,29595009.024,365385737.83039999,0,17341513.728,2,1,1,7
34,32,15,ok,112896,442179437.47200006,29912924.16,374456084.64000005,0,37810428.672000006,15,1,1,1
34,32,16,ok,100352,409242048.92159998,29595009.023999996,362029305.03679997,0,17617734.860800002,2,4,1,2
34,64,1,ok,3211264,808991136.15359998,59190018.047999993,722092674.25279999,0,27708443.852800004,1,1,1,1
34,64,2,ok,1605632,809332133.06879997,59190018.047999993,722157450.0352,0,27984664.985600002,1,1,1,2
34,64,3,ok,1078784,817396664.14080012,59305623.552000001,723567669.73440015,0,34523370.854400001,3,1,1,1
34,64,4,ok,802816,810014126.89919996,59190018.047999993,722287001.60000002,0,28537107.251200002,1,2,1,2
34,64,5,ok,652288,822990282.23999989,60114862.079999998,733633463.29599988,0,29241956.864,1,5,1,1
34,64,6,ok,539392,817933033.95840001,59305623.552000001,723827278.92480016,0,34800131.481600001,3,1,1,2
34,64,7,ok,458752,820897251.32799983,59190018.048,728957753.75359988,0,32749479.526400007,1,1,1,7
34,64,8,ok,401408,811378114.55999994,59190018.047999993,722546104.72959995,0,29641991.782400005,1,4,1,2
34,64,9,ok,376320,851529189.19679976,59305623.551999994,737397941.52959991,0,54825624.115200005,9,1,1,1
34,64,10,ok,326144,824695266.81599998,60114862.079999998,733957342.20799994,0,30623062.527999997,1,5,1,2
34,64,11,ok,301056,837671422.15680003,61039706.111999996,745303803.90400004,0,31327912.140800007,1,11,1,1
34,64,12,ok,269696,819005773.59360015,59305623.552000001,724346497.30560017,0,35353652.736000001,3,2,1,2
34,64,13,ok,250880,825718257.56159985,60114862.079999991,734151669.55519986,0,31451725.926400002,1,13,1,1
34,64,14,ok,229376,820897251.32799983,59190018.048,728957753.75359988,0,32749479.526400007,2,1,1,7
34,64,15,ok,224224,844799189.0940001,60232273.919999994,748401398.52600002,0,36165516.648000002,3,5,1,1
34,64,16,ok,200704,814106089.88160002,59190018.047999993,723064310.98880005,0,31851760.844800003,1,8,1,2
35,1,1,ok,100352,26329395.097600002,1849688.0639999998,23468424.601600002,0,1011282.432,1,1,1,1
35,1,2,ok,50176,26516335.820800003,1849688.0639999998,23572283.187200002,0,1094364.5696,2,1,1,1
35,1,3,ok,34496,26900536.345200002,1853300.736,23867976.010799997,0,1179259.5984,3,1,1,1
35,1,4,ok,25088,26890217.267200001,1849688.0639999998,23780000.358400002,0,1260528.8448000001,4,1,1,1
35,1,5,ok,21952,27565655.411000006,1851494.3999999997,24369643.583000004,0,1344517.4280000001,5,1,1,1
35,1,6,ok,17248,27634846.028400004,1853300.736,24026105.674800001,0,1755439.6176,3,1,1,2
35,1,7,ok,15680,27986968.997400004,1858719.7439999999,24772553.121400002,0,1355696.132,7,1,1,1
35,1,8,ok,12544,27550239.743999999,1849688.0639999998,24288964.403200001,0,1411587.2768000001,8,1,1,1
35,1,9,ok,12544,28351922.713200007,1853300.7359999998,25024798.436400004,0,1473823.5408000001,9,1,1,1
35,1,10,ok,10976,28333288.307000007,1851494.3999999997,24546530.111000009,0,1935263.7960000001,5,1,1,2
35,1,11,ok,9408,28323747.658800006,1867751.4239999996,24854074.383600004,0,1601921.8511999999,11,1,1,1
35,1,12,ok,8624,29643008.741999999,1853300.736,24927225.879599996,0,2862482.1264,3,1,2,2
35,1,13,ok,8960,28089798.591399997,1855107.0719999999,24223704.099399995,0,2010987.4200000004,13,1,1,1
35,1,14,ok,7168,31030396.723200005,1849688.064,24726372.966400001,0,4454335.6928000003,2,1,1,7
35,1,15,ok,8064,28671113.456999999,1869557.76,24617152.436999999,0,2184403.2600000002,15,1,1,1
35,1,16,ok,6272,28455930.879999999,1849688.0639999998,24400519.782400001,0,2205723.0336000002,8,1,1,2
35,2,1,ok,200704,51976796.364799999,3699376.1279999996,46807297.638400003,0,1470122.5984,1,1,1,1
35,2,2,ok,100352,52350677.8112,3699376.1279999996,47015014.809600003,0,1636286.8736,2,1,1,1
35,2,3,ok,68992,53117746.840800002,3706601.4720000001,47606147.426400006,0,1804997.9424000001,3,1,1,1
35,2,4,ok,50176,53032671.641600005,3699376.1279999996,47144566.374400005,0,2188729.1392000001,2,2,1,1
35,2,5,ok,43904,54448650.982000008,3702988.7999999993,48609609.08600001,0,2136053.0960000004,5,1,1,1
35,2,6,ok,34496,53801072.690400004,3706601.4720000001,47735952.021599993,0,2358519.1968,3,2,1,1
35,2,7,ok,28672,56810987.519999996,3699376.128,48281517.670400001,0,4830093.7216000007,1,1,1,7
35,2,8,ok,25088,53780434.534400001,3699376.1279999996,47560000.716800004,0,2521057.6896000002,4,2,1,1
35,2,9,ok,25088,56020519.576800004,3706601.4719999996,49919792.277600005,0,2394125.8272000002,9,1,1,1
35,2,10,ok,21952,55131310.822000012,3702988.7999999993,48739287.166000009,0,2689034.8560000001,5,2,1,1
35,2,11,ok,18816,55958841.391200006,3735502.8479999993,49577332.050400011,0,2646006.4928000001,11,1,1,1
35,2,12,ok,17248,55269692.056800008,3706601.4720000001,48052211.349600002,0,3510879.2352,3,2,1,2
35,2,13,ok,17920,55105811.992399983,3710214.1439999999,47927683.757199995,0,3467914.0911999997,13,1,1,1
35,2,14,ok,14336,57286836.633599997,3699376.128,48545884.979200006,0,5041575.5264000008,2,1,1,7
35,2,15,ok,14784,60611452.469999999,3971358.7199999993,52385956.109999992,0,4254137.6400000006,3,1,1,5
35,2,16,ok,12544,55100479.487999998,3699376.1279999996,48577928.806400001,0,2823174.5536000002,8,2,1,1
35,4,1,ok,401408,103271598.89920001,7398752.2559999991,93485043.712000012,0,2387802.9312000005,1,1,1,1
35,4,2,ok,200704,103953592.7296,7398752.2559999991,93614595.276800007,0,2940245.1968,1,2,1,1
35,4,3,ok,134848,105847574.73119998,7413202.9440000001,94380911.50559999,0,4053460.2816000003,3,1,1,1
35,4,4,ok,100352,104657239.2448,7398752.2559999991,93873698.40640001,0,3384788.5824000002,4,1,1,1
35,4,5,ok,81536,105486327.5,7405977.5999999987,94361225.46800001,0,3719124.432,5,1,1,1
35,4,6,ok,67424,107158234.62240002,7413202.9440000001,94956780.024000004,0,4788251.6544000003,3,1,1,2
35,4,7,ok,57344,108848018.2272,7398752.2560000001,95656174.387199998,0,5793091.5840000007,1,1,1,7
35,4,8,ok,50176,105886501.27360001,7398752.2559999991,94429671.42400001,0,4058077.5936000003,4,1,1,2
35,4,9,ok,47040,108091818.18719999,7413202.9439999992,95628169.310400009,0,5050445.9327999996,9,1,1,1
35,4,10,ok,40768,106756288.46000002,7405977.5999999987,94927146.236000031,0,4423164.6240000008,5,1,1,2
35,4,11,ok,37632,109128872.95200001,7471005.6959999986,96923691.480000019,0,4734175.7760000005,11,1,1,1
35,4,12,ok,34496,107602145.38080001,7413202.9440000001,95471904.043199986,0,4717038.3936000001,3,4,1,1
35,4,13,ok,31360,108875629.668,7420428.2879999997,96251689.715999991,0,5203511.6640000008,13,1,1,1
35,4,14,ok,28672,109799716.45439999,7398752.2560000001,96184909.004799992,0,6216055.1936000008,2,1,1,7
35,4,15,ok,28224,110947879.61999999,7478231.04,97766691.539999992,0,5702957.040000001,15,1,1,1
35,4,16,ok,25088,107560869.0688,7398752.2559999991,95120001.433600008,0,5042115.3792000003,4,4,1,1
35,8,1,ok,802816,205861203.96799999,14797504.511999998,186840535.8592,0,4223163.5968000004,1,1,1,1
35,8,2,ok,401408,206543197.79840001,14797504.511999998,186970087.42400002,0,4775605.8624000009,1,2,1,1
35,8,3,ok,269696,210622409.82720003,14826405.888,188242604.6304,0,7553399.3088000007,3,1,1,1
35,8,4,ok,200704,207907185.45919999,14797504.511999998,187229190.55360001,0,5880490.3936000001,1,4,1,1
35,8,5,ok,163072,209900960.92000005,14811955.199999997,188203738.61600006,0,6885267.1040000003,5,1,1,1
35,8,6,ok,134848,211695149.46239996,14826405.888,188761823.01119998,0,8106920.5632000007,3,2,1,1
35,8,7,ok,114688,212922079.64160004,14797504.512,190405487.82080001,0,7719087.3088000007,1,1,1,7
35,8,8,ok,100352,209314478.4896,14797504.511999998,187747396.81280002,0,6769577.1648000004,4,2,1,1
35,8,9,ok,94080,215110896.73920003,14826405.887999998,190737120.24000004,0,9547370.6112000011,9,1,1,1
35,8,10,ok,81536,210972655,14811955.199999997,188722450.93600002,0,7438248.8640000001,5,2,1,1
35,8,11,ok,75264,217176641.82720003,14942011.391999997,193324116.09280005,0,8910514.3423999995,11,1,1,1
35,8,12,ok,67424,214316469.24480003,14826405.888,189913560.04800001,0,9576503.3088000007,3,2,1,2
35,8,13,ok,62720,216677474.14559999,14840856.575999999,191983654.99039999,0,9852962.5792000014,13,1,1,1
35,8,14,ok,57344,214825476.09600002,14797504.512,191462957.05599999,0,8565014.5280000009,2,1,1,7
35,8,15,ok,56448,220813609.60799998,14956462.08,195009610.15199998,0,10847537.376000002,15,1,1,1
35,8,16,ok,50176,211773002.54720002,14797504.511999998,188859342.84800002,0,8116155.1872000005,4,2,1,2
35,16,1,ok,1605632,411040414.1056,29595009.023999996,373551520.15360004,0,7893884.9280000003,1,1,1,1
35,16,2,ok,802816,411722407.93599999,29595009.023999996,373681071.7184,0,8446327.1936000008,1,2,1,1
35,16,3,ok,539392,420172080.01920009,29652811.776000001,375965990.88,0,14553277.363200001,3,1,1,1
35,16,4,ok,401408,413086395.59680003,29595009.023999996,373940174.84800005,0,9551211.7248000018,1,4,1,1
35,16,5,ok,326144,418730227.76000011,29623910.399999995,375888764.91200006,0,13217552.447999999,5,1,1,1
35,16,6,ok,269696,421244819.65440005,29652811.776000001,376485209.2608,0,15106798.617600001,3,2,1,1
35,16,7,ok,229376,421070202.47040004,29595009.024,379904114.68800002,0,11571078.758400002,1,1,1,7
35,16,8,ok,200704,415814370.91839999,29595009.023999996,374458381.10720003,0,11760980.7872,1,8,1,1
35,16,9,ok,188160,429149053.84320003,29652811.775999997,380955022.09920001,0,18541219.968000002,9,1,1,1
35,16,10,ok,163072,419801921.84000009,29623910.399999995,376407477.23200011,0,13770534.208000001,5,2,1,1
35,16,11,ok,150528,433272179.57760006,29884022.783999994,386124965.31840008,0,17263191.475200001,11,1,1,1
35,16,12,ok,134848,423390298.92479992,29652811.776000001,377523646.02239996,0,16213841.126400001,3,4,1,1
35,16,13,ok,125440,432281163.10080004,29681713.151999999,383447585.53920001,0,19151864.409600005,13,1,1,1
35,16,14,ok,114688,424876995.37919998,29595009.024,382019053.1584,0,13262933.196800003,2,1,1,7
35,16,15,ok,112896,440545069.58399999,29912924.16,389495447.37599999,0,21136698.048,15,1,1,1
35,16,16,ok,100352,418628956.97920001,29595009.023999996,375494793.62560004,0,13539154.329600001,4,4,1,1
35,32,1,ok,3211264,821398834.38080001,59190018.047999993,746973488.74240005,0,15235327.590400001,1,1,1,1
35,32,2,ok,1605632,822080828.2112,59190018.047999993,747103040.30720007,0,15787769.856000001,1,2,1,1
35,32,3,ok,1078784,839271420.40320003,59305623.552000001,751412763.37919998,0,28553033.472000003,3,1,1,1
35,32,4,ok,802816,823444815.87199998,59190018.047999993,747362143.4368,0,16892654.387200002,1,4,1,1
35,32,5,ok,652288,836388761.44000006,59247820.79999999,751258817.50400007,0,25882123.136,5,1,1,1
35,32,6,ok,539392,840344160.03840017,59305623.552000001,751931981.75999999,0,29106554.726400003,3,2,1,1
35,32,7,ok,458752,837366448.1279999,59190018.048,758901368.4224,0,19275061.657600001,1,1,1,7
35,32,8,ok,401408,826172791.19360006,59190018.047999993,747880349.6960001,0,19102423.449600004,1,8,1,1
35,32,9,ok,376320,857225368.05120015,59305623.551999994,761390825.81760001,0,36528918.681599997,9,1,1,1
35,32,10,ok,326144,837460455.52000022,59247820.79999999,751777529.82400012,0,26435104.895999998,5,2,1,1
35,32,11,ok,301056,853866173.95200002,61039706.111999996,771607877.42719996,0,21218590.412800003,1,11,1,1
35,32,12,ok,269696,842489639.3088001,59305623.552000001,752970418.52160001,0,30213597.235200003,3,4,1,1
35,32,13,ok,250880,863488541.01119995,59363426.303999998,766375446.63679993,0,37749668.0704,13,1,1,1
35,32,14,ok,229376,842140404.94080007,59190018.048,759808229.37600005,0,23142157.516800005,1,2,1,7
35,32,15,ok,225792,880007989.53599989,59825848.32,778467121.82399988,0,41715019.391999997,15,1,1,1
35,32,16,ok,200704,831628741.83679998,59190018.047999993,748916762.21440005,0,23521961.5744,1,16,1,1
35,64,1,ok,6422528,1642115674.9312,118380036.09599999,1493817425.9200001,0,29918212.915200002,1,1,1,1
35,64,2,ok,3211264,1642797668.7616,118380036.09599999,1493946977.4848001,0,30470655.180800002,1,2,1,1
35,64,3,ok,2157568,1677470101.1712003,118611247.104,1502306308.3776002,0,56552545.689600006,3,1,1,1
35,64,4,ok,1605632,1644161656.4224,118380036.09599999,1494206080.6144001,0,31575539.712000001,1,4,1,1
35,64,5,ok,1304576,1670491051.52,120229724.16,1517674505.2160001,0,32586822.144000001,1,5,1,1
35,64,6,ok,1078784,1678542840.8064001,118611247.104,1502825526.7584,0,57106066.944000006,3,2,1,1
35,64,7,ok,917504,1669958939.4431999,118380036.096,1516895875.8912001,0,34683027.456,1,1,1,7
35,64,8,ok,802816,1646889631.744,118380036.09599999,1494724286.8736,0,33785308.774400003,1,8,1,1
35,64,9,ok,752640,1713377996.4672,118611247.10399999,1522262433.2544,0,72504316.108800009,9,1,1,1
35,64,10,ok,652288,1672777522.8800001,118495641.59999998,1502517635.0080001,0,51764246.272,5,2,1,1
35,64,11,ok,602112,1700230415.7696002,122079412.22399999,1541790687.6416001,0,36360315.904000007,1,11,1,1
35,64,12,ok,539392,1680688320.0768003,118611247.104,1503863963.52,0,58213109.452800006,3,4,1,1
35,64,13,ok,501760,1675947002.1631999,120229724.15999998,1518710917.7344,0,37006360.268799998,1,13,1,1
35,64,14,ok,458752,1674732896.2559998,118380036.096,1517802736.8448,0,38550123.315200001,1,2,1,7
35,64,15,ok,448448,1707535311.4620004,120464547.83999999,1543630164.9900002,0,43440598.632000007,3,5,1,1
35,64,16,ok,401408,1652345582.3872001,118380036.09599999,1495760699.3920002,0,38204846.899200007,1,16,1,1
36,1,1,ok,6272,35042.918400000002,35042.918400000002,0,0,0,1,1,1,1
36,1,2,ok,3136,35042.918400000002,35042.918400000002,0,0,0,1,1,1,2
36,1,3,ok,2095,35111.361600000004,35111.361600000004,0,0,0,3,1,1,1
36,1,4,ok,1568,35042.918400000002,35042.918400000002,0,0,0,2,1,1,2
36,1,5,ok,1256,35077.139999999999,35077.139999999999,0,0,0,5,1,1,1
36,1,6,ok,1048,35111.361600000004,35111.361600000004,0,0,0,3,1,1,2
36,1,7,ok,896,35042.918399999995,35042.918399999995,0,0,0,1,1,1,7
36,1,8,ok,784,35042.918400000002,35042.918400000002,0,0,0,2,1,2,2
36,1,9,ok,699,35111.361600000004,35111.361600000004,0,0,0,9,1,1,1
36,1,10,ok,628,35077.139999999999,35077.139999999999,0,0,0,5,1,1,2
36,1,11,ok,576,35385.134400000003,35385.134400000003,0,0,0,11,1,1,1
36,1,12,ok,524,35111.361600000004,35111.361600000004,0,0,0,3,1,2,2
36,1,13,ok,484,35145.583200000001,35145.583200000001,0,0,0,13,1,1,1
36,1,14,ok,448,35042.918399999995,35042.918399999995,0,0,0,2,1,1,7
36,1,15,ok,423,35419.356,35419.356,0,0,0,15,1,1,1
36,1,16,ok,392,35042.918400000002,35042.918400000002,0,0,0,4,1,2,2
36,2,1,ok,12544,70085.836800000005,70085.836800000005,0,0,0,1,1,1,1
36,2,2,ok,6272,70085.836800000005,70085.836800000005,0,0,0,1,1,1,2
36,2,3,ok,4190,70222.723200000008,70222.723200000008,0,0,0,3,1,1,1
36,2,4,ok,3136,70085.836800000005,70085.836800000005,0,0,0,1,2,1,2
36,2,5,ok,2512,70154.279999999999,70154.279999999999,0,0,0,5,1,1,1
36,2,6,ok,2095,70222.723200000008,70222.723200000008,0,0,0,3,1,1,2
36,2,7,ok,1792,70085.83679999999,70085.83679999999,0,0,0,1,1,1,7
36,2,8,ok,1568,70085.836800000005,70085.836800000005,0,0,0,1,2,2,2
36,2,9,ok,1397,70222.723200000008,70222.723200000008,0,0,0,9,1,1,1
36,2,10,ok,1256,70154.279999999999,70154.279999999999,0,0,0,5,1,1,2
36,2,11,ok,1152,70770.268800000005,70770.268800000005,0,0,0,11,1,1,1
36,2,12,ok,1048,70222.723200000008,70222.723200000008,0,0,0,3,1,2,2
36,2,13,ok,968,70291.166400000002,70291.166400000002,0,0,0,13,1,1,1
36,2,14,ok,896,70085.83679999999,70085.83679999999,0,0,0,1,2,1,7
36,2,15,ok,846,70838.712,70838.712,0,0,0,15,1,1,1
36,2,16,ok,784,70085.836800000005,70085.836800000005,0,0,0,2,2,2,2
36,4,1,ok,25088,140171.67360000001,140171.67360000001,0,0,0,1,1,1,1
36,4,2,ok,12544,140171.67360000001,140171.67360000001,0,0,0,1,1,1,2
36,4,3,ok,8379,140445.44640000002,140445.44640000002,0,0,0,3,1,1,1
36,4,4,ok,6272,140171.67360000001,140171.67360000001,0,0,0,1,2,1,2
36,4,5,ok,5023,140308.56,140308.56,0,0,0,5,1,1,1
36,4,6,ok,4190,140445.44640000002,140445.44640000002,0,0,0,3,1,1,2
36,4,7,ok,3584,140171.67359999998,140171.67359999998,0,0,0,1,1,1,7
36,4,8,ok,3136,140171.67360000001,140171.67360000001,0,0,0,1,2,2,2
36,4,9,ok,2793,140445.44640000002,140445.44640000002,0,0,0,9,1,1,1
36,4,10,ok,2512,140308.56,140308.56,0,0,0,5,1,1,2
36,4,11,ok,2303,141540.53760000001,141540.53760000001,0,0,0,11,1,1,1
36,4,12,ok,2095,140445.44640000002,140445.44640000002,0,0,0,3,1,2,2
36,4,13,ok,1936,140582.3328,140582.3328,0,0,0,13,1,1,1
36,4,14,ok,1792,140171.67359999998,140171.67359999998,0,0,0,1,2,1,7
36,4,15,ok,1691,141677.424,141677.424,0,0,0,15,1,1,1
36,4,16,ok,1568,140171.67360000001,140171.67360000001,0,0,0,2,2,2,2
36,8,1,ok,50176,280343.34720000002,280343.34720000002,0,0,0,1,1,1,1
36,8,2,ok,25088,280343.34720000002,280343.34720000002,0,0,0,1,1,1,2
36,8,3,ok,16758,280890.89280000003,280890.89280000003,0,0,0,3,1,1,1
36,8,4,ok,12544,280343.34720000002,280343.34720000002,0,0,0,1,2,1,2
36,8,5,ok,10045,280617.12,280617.12,0,0,0,5,1,1,1
36,8,6,ok,8379,280890.89280000003,280890.89280000003,0,0,0,3,1,1,2
36,8,7,ok,7168,280343.34719999996,280343.34719999996,0,0,0,1,1,1,7
36,8,8,ok,6272,280343.34720000002,280343.34720000002,0,0,0,1,2,2,2
36,8,9,ok,5586,280890.89280000003,280890.89280000003,0,0,0,9,1,1,1
36,8,10,ok,5023,280617.12,280617.12,0,0,0,5,1,1,2
36,8,11,ok,4606,283081.07520000002,283081.07520000002,0,0,0,11,1,1,1
36,8,12,ok,4190,280890.89280000003,280890.89280000003,0,0,0,3,1,2,2
36,8,13,ok,3871,281164.66560000001,281164.66560000001,0,0,0,13,1,1,1
36,8,14,ok,3584,280343.34719999996,280343.34719999996,0,0,0,1,2,1,7
36,8,15,ok,3381,283354.848,283354.848,0,0,0,15,1,1,1
36,8,16,ok,3136,280343.34720000002,280343.34720000002,0,0,0,2,2,2,2
36,16,1,ok,100352,560686.69440000004,560686.69440000004,0,0,0,1,1,1,1
36,16,2,ok,50176,560686.69440000004,560686.69440000004,0,0,0,1,1,1,2
36,16,3,ok,33516,561781.78560000006,561781.78560000006,0,0,0,3,1,1,1
36,16,4,ok,25088,560686.69440000004,560686.69440000004,0,0,0,1,2,1,2
36,16,5,ok,20090,561234.23999999999,561234.23999999999,0,0,0,5,1,1,1
36,16,6,ok,16758,561781.78560000006,561781.78560000006,0,0,0,3,1,1,2
36,16,7,ok,14336,560686.69439999992,560686.69439999992,0,0,0,1,1,1,7
36,16,8,ok,12544,560686.69440000004,560686.69440000004,0,0,0,1,2,2,2
36,16,9,ok,11172,561781.78560000006,561781.78560000006,0,0,0,9,1,1,1
36,16,10,ok,10045,561234.23999999999,561234.23999999999,0,0,0,5,1,1,2
36,16,11,ok,9212,566162.15040000004,566162.15040000004,0,0,0,11,1,1,1
36,16,12,ok,8379,561781.78560000006,561781.78560000006,0,0,0,3,1,2,2
36,16,13,ok,7742,562329.33120000002,562329.33120000002,0,0,0,13,1,1,1
36,16,14,ok,7168,560686.69439999992,560686.69439999992,0,0,0,1,2,1,7
36,16,15,ok,6762,566709.696,566709.696,0,0,0,15,1,1,1
36,16,16,ok,6272,560686.69440000004,560686.69440000004,0,0,0,2,2,2,2
36,32,1,ok,200704,1121373.3888000001,1121373.3888000001,0,0,0,1,1,1,1
36,32,2,ok,100352,1121373.3888000001,1121373.3888000001,0,0,0,1,1,1,2
36,32,3,ok,67032,1123563.5712000001,1123563.5712000001,0,0,0,3,1,1,1
36,32,4,ok,50176,1121373.3888000001,1121373.3888000001,0,0,0,1,2,1,2
36,32,5,ok,40180,1122468.48,1122468.48,0,0,0,5,1,1,1
36,32,6,ok,33516,1123563.5712000001,1123563.5712000001,0,0,0,3,1,1,2
36,32,7,ok,28672,1121373.3887999998,1121373.3887999998,0,0,0,1,1,1,7
36,32,8,ok,25088,1121373.3888000001,1121373.3888000001,0,0,0,1,2,2,2
36,32,9,ok,22344,1123563.5712000001,1123563.5712000001,0,0,0,9,1,1,1
36,32,10,ok,20090,1122468.48,1122468.48,0,0,0,5,1,1,2
36,32,11,ok,18424,1132324.3008000001,1132324.3008000001,0,0,0,11,1,1,1
36,32,12,ok,16758,1123563.5712000001,1123563.5712000001,0,0,0,3,1,2,2
36,32,13,ok,15484,1124658.6624,1124658.6624,0,0,0,13,1,1,1
36,32,14,ok,14336,1121373.3887999998,1121373.3887999998,0,0,0,1,2,1,7
36,32,15,ok,13524,1133419.392,1133419.392,0,0,0,15,1,1,1
36,32,16,ok,12544,1121373.3888000001,1121373.3888000001,0,0,0,2,2,2,2
36,64,1,ok,401408,2242746.7776000001,2242746.7776000001,0,0,0,1,1,1,1
36,64,2,ok,200704,2242746.7776000001,2242746.7776000001,0,0,0,1,1,1,2
36,64,3,ok,134064,2247127.1424000002,2247127.1424000002,0,0,0,3,1,1,1
36,64,4,ok,100352,2242746.7776000001,2242746.7776000001,0,0,0,1,2,1,2
36,64,5,ok,80360,2244936.96,2244936.96,0,0,0,5,1,1,1
36,64,6,ok,67032,2247127.1424000002,2247127.1424000002,0,0,0,3,1,1,2
36,64,7,ok,57344,2242746.7775999997,2242746.7775999997,0,0,0,1,1,1,7
36,64,8,ok,50176,2242746.7776000001,2242746.7776000001,0,0,0,1,2,2,2
36,64,9,ok,44688,2247127.1424000002,2247127.1424000002,0,0,0,9,1,1,1
36,64,10,ok,40180,2244936.96,2244936.96,0,0,0,5,1,1,2
36,64,11,ok,36848,2264648.6016000002,2264648.6016000002,0,0,0,11,1,1,1
36,64,12,ok,33516,2247127.1424000002,2247127.1424000002,0,0,0,3,1,2,2
36,64,13,ok,30968,2249317.3248000001,2249317.3248000001,0,0,0,13,1,1,1
36,64,14,ok,28672,2242746.7775999997,2242746.7775999997,0,0,0,1,2,1,7
36,64,15,ok,27048,2266838.784,2266838.784,0,0,0,15,1,1,1
36,64,16,ok,25088,2242746.7776000001,2242746.7776000001,0,0,0,2,2,2,2
37,1,1,ok,50176,12853767.731199998,924844.03199999989,11347281.254399998,0,581642.44480000006,1,1,1,1
37,1,2,ok,25088,13274797.209599998,924844.03199999989,11492089.599999998,0,857863.57760000008,1,1,1,2
37,1,3,ok,17920,14549579.750399999,990904.32000000007,12402774.911999999,0,1155900.5184000002,1,1,1,3
37,1,4,ok,12544,13750646.323199999,924844.03199999989,11756456.908799998,0,1069345.3824000002,2,1,1,2
37,1,5,ok,10752,15311606.144000001,990904.31999999983,12612359.040000001,0,1708342.784,1,1,1,5
37,1,6,ok,8960,15059418.086400002,990904.32000000007,12686025.600000001,0,1382488.1664000002,2,1,1,3
37,1,7,ok,7168,14899749.222399998,924844.03200000001,11735935.948799999,0,2238969.2415999998,1,1,1,7
37,1,8,ok,6272,14432640.153599998,924844.03199999989,11886008.473599998,0,1621787.6480000003,2,1,2,2
37,1,9,ok,6720,15992228.302199999,998645.75999999989,13377246.471000001,0,1616336.0712000001,3,1,1,3
37,1,10,ok,5376,15821444.48,990904.31999999983,12895609.728,0,1934930.432,2,1,1,5
37,1,11,ok,5376,16100972.184000002,953745.40799999994,12439198.7632,0,2708028.0128000001,11,1,1,1
37,1,12,ok,4704,15306209.766000001,932069.37599999993,12531505.124399999,0,1842635.2656,3,1,2,2
37,1,13,ok,5376,16965255.372000001,939294.71999999986,12900752.7896,0,3125207.8624000004,13,1,1,1
37,1,14,ok,3584,15375598.335999999,924844.03200000001,12000303.2576,0,2450451.0463999999,2,1,1,7
37,1,15,ok,4032,16760208.027000003,998645.75999999989,13588467.975,0,2173094.2919999999,3,1,1,5
37,1,16,ok,3136,15384338.380799998,924844.03199999989,12414743.091199998,0,2044751.2576000004,4,1,2,2
37,2,1,ok,100352,25366538.547199994,1849688.0639999998,22629786.726399995,0,887063.75680000009,1,1,1,1
37,2,2,ok,50176,25707535.462399997,1849688.0639999998,22694562.508799996,0,1163284.8896000001,1,2,1,1
37,2,3,ok,35840,28076168.755200002,1981808.6400000001,24611222.476800002,0,1483137.6384000001,1,1,1,3
37,2,4,ok,25088,26549594.419199996,1849688.0639999998,22984179.199999996,0,1715727.1552000002,1,2,1,2
37,2,5,ok,21504,28918227.711999997,1981808.6399999997,24900839.167999998,0,2035579.9040000001,1,1,1,5
37,2,6,ok,17920,29095845.427200001,1981808.6400000001,25177723.852799997,0,1936312.9344000004,2,1,1,3
37,2,7,ok,14336,27412520.038399998,1849688.064,23018441.4208,0,2544390.5536000002,1,1,1,7
37,2,8,ok,12544,27501292.646399997,1849688.0639999998,23512913.817599997,0,2138690.7648000005,2,1,2,2
37,2,9,ok,12800,31951621.094399996,2123366.3999999999,26641042.099199999,0,3187212.5951999999,1,1,3,3
37,2,10,ok,10752,29937904.384,1981808.6399999997,25467340.544,0,2488755.2000000002,2,1,1,5
37,2,11,ok,10752,31649891.222399998,1907490.8159999999,24611197.423999999,0,5131202.9824000001,11,1,1,1
37,2,12,ok,8960,30118836.172800004,1981808.6400000001,25372051.200000003,0,2764976.3328000004,2,2,1,3
37,2,13,ok,10752,33386822.039999999,1878589.4399999997,25538353.963200003,0,5969878.6368000004,13,1,1,1
37,2,14,ok,7168,28364218.265600003,1849688.064,23547176.038399998,0,2967354.1632000003,2,1,1,7
37,2,15,ok,7168,33128522.495999999,1981808.6400000001,26348922.624000002,0,4797791.2319999998,1,1,1,15
37,2,16,ok,6272,28865280.307199996,1849688.0639999998,23772016.947199997,0,3243575.2960000006,2,2,2,2
37,4,1,ok,200704,50392080.179199994,3699376.1279999996,45194797.670399994,0,1497906.3808000002,1,1,1,1
37,4,2,ok,100352,50733077.094399989,3699376.1279999996,45259573.452799991,0,1774127.5136000002,1,2,1,1
37,4,3,ok,68992,52628151.192000002,3728277.5039999997,45705019.281599998,0,3194854.4064000007,3,1,1,1
37,4,4,ok,50176,51415070.924799994,3699376.1279999996,45389125.017599992,0,2326569.7792000002,1,4,1,1
37,4,5,ok,43008,56131470.848000005,3963617.2799999993,49477799.424000002,0,2690054.1440000003,1,1,1,5
37,4,6,ok,34496,53490288.945600003,3728277.5039999997,46288777.924800001,0,3473233.5168000003,3,1,1,2
37,4,7,ok,28672,52438061.670400009,3699376.128,45583452.364799999,0,3155233.1776000005,1,1,1,7
37,4,8,ok,25088,52829703.16799999,3699376.1279999996,45957830.041599989,0,3172496.9984000004,2,1,2,2
37,4,9,ok,24640,57911728.543199994,3994583.0399999996,49957213.211999997,0,3959932.2911999999,3,1,1,3
37,4,10,ok,21504,57442956.800000004,3963617.2799999993,49882934.784000002,0,3596404.7360000005,2,1,1,5
37,4,11,ok,18816,62417594.975999996,3814981.6319999998,48625060.422399998,0,9977552.9216000009,11,1,1,1
37,4,12,ok,17248,54569301.912,3728277.5039999997,46811032.670399994,0,4029991.7376000006,3,1,2,2
37,4,13,ok,18816,65904823.088000007,3757178.8799999994,50488424.022399999,0,11659220.185600001,13,1,1,1
37,4,14,ok,14336,54115545.702399999,3699376.128,46415009.177600004,0,4001160.3968000007,2,1,1,7
37,4,15,ok,14336,61142091.264000006,3963617.2800000003,51726208.512000002,0,5452265.472000001,1,1,1,15
37,4,16,ok,12544,55002585.292799994,3699376.1279999996,47025827.635199994,0,4277381.5296000009,2,2,2,2
37,8,1,ok,401408,100443163.44319999,7398752.2559999991,90324819.55839999,0,2719591.6288000001,1,1,1,1
37,8,2,ok,200704,100784160.35839999,7398752.2559999991,90389595.340799987,0,2995812.7616000003,1,2,1,1
37,8,3,ok,137984,104716795.90080002,7456555.0079999994,91148911.190400004,0,6111329.7024000008,3,1,1,1
37,8,4,ok,100352,101466154.18879998,7398752.2559999991,90519146.905599982,0,3548255.0272000004,1,4,1,1
37,8,5,ok,86016,110557957.11999999,7927234.5599999987,98631719.93599999,0,3999002.6240000008,1,1,1,5
37,8,6,ok,68992,105256302.384,7456555.0079999994,91410038.563199997,0,6389708.8128000014,3,2,1,1
37,8,7,ok,57344,102489144.93439999,7398752.2560000001,90713474.252800003,0,4376918.4256000007,1,1,1,7
37,8,8,ok,50176,102830141.84959999,7398752.2559999991,90778250.035199985,0,4653139.5584000004,1,8,1,1
37,8,9,ok,49280,114204937.63679999,7989166.0799999991,99131044.305599988,0,7084727.2511999998,3,1,1,3
37,8,10,ok,43008,112209292.288,7927234.5599999987,98470353.920000017,0,5811703.8080000002,2,1,1,5
37,8,11,ok,37632,124283136.8064,7629963.2639999995,96982920.742399991,0,19670252.800000001,11,1,1,1
37,8,12,ok,34496,106980577.89120001,7456555.0079999994,92577555.849600002,0,6946467.0336000007,3,1,2,2
37,8,13,ok,37632,131265957.472,7514357.7599999988,100713696.4288,0,23037903.283200003,13,1,1,1
37,8,14,ok,28672,104483821.56799999,7398752.2560000001,91016296.448000014,0,6068772.864000001,2,1,1,7
37,8,15,ok,28672,117169228.8,7927234.5600000005,102480780.288,0,6761213.9520000005,1,1,1,15
37,8,16,ok,25088,105659406.33599998,7398752.2559999991,91915660.083199978,0,6344993.9968000008,2,2,2,2
37,16,1,ok,802816,200545329.97119996,14797504.511999998,180584863.33439997,0,5162962.1248000003,1,1,1,1
37,16,2,ok,401408,200886326.88639998,14797504.511999998,180649639.11679998,0,5439183.2576000001,1,2,1,1
37,16,3,ok,275968,208894085.3184,14913110.015999999,182036695.00800002,0,11944280.294399999,3,1,1,1
37,16,4,ok,200704,201568320.71679997,14797504.511999998,180779190.68159997,0,5991625.5232000006,1,4,1,1
37,16,5,ok,172032,219410929.664,15854469.119999997,196939560.96000001,0,6616899.5839999998,1,1,1,5
37,16,6,ok,137984,209433591.80160004,14913110.015999999,182297822.38080001,0,12222659.404800002,3,2,1,1
37,16,7,ok,114688,202591311.46240002,14797504.512,180973518.02880001,0,6820288.9216000009,1,1,1,7
37,16,8,ok,100352,202932308.37759995,14797504.511999998,181038293.81119996,0,7096510.0544000007,1,8,1,1
37,16,9,ok,98560,226791355.82399994,15978332.159999998,197478706.49279997,0,13334317.171200002,3,1,1,3
37,16,10,ok,86016,221115914.23999998,15854469.119999997,197263439.87199998,0,7998005.2480000015,1,2,1,5
37,16,11,ok,75264,248014220.46719998,15259926.527999999,193698641.38239998,0,39055652.5568,11,1,1,1
37,16,12,ok,68992,210512604.76800001,14913110.015999999,182820077.12639999,0,12779417.625600003,3,4,1,1
37,16,13,ok,75264,261988226.24000001,15028715.519999998,201164241.24160001,0,45795269.478400007,13,1,1,1
37,16,14,ok,57344,204978289.86879998,14797504.512,181426948.50560001,0,8753836.8512000013,1,2,1,7
37,16,15,ok,57344,229223503.87199995,15854469.120000001,203989923.83999997,0,9379110.9120000005,1,1,1,15
37,16,16,ok,50176,205660283.69919997,14797504.511999998,181556500.07039997,0,9306279.1168000009,1,16,1,1
37,32,1,ok,1605632,400749663.02719992,29595009.023999996,361104950.88639992,0,10049703.116800001,1,1,1,1
37,32,2,ok,802816,401090659.94239992,29595009.023999996,361169726.66879994,0,10325924.249600001,1,2,1,1
37,32,3,ok,551936,413944427.67359996,30519853.056000002,372517007.92319995,0,10907566.694400001,1,3,1,1
37,32,4,ok,401408,401772653.77279997,29595009.023999996,361299278.23359996,0,10878366.5152,1,4,1,1
37,32,5,ok,344064,437116874.75200003,31708938.239999995,393555243.00800002,0,11852693.504000001,1,1,1,5
37,32,6,ok,275968,417608493.00479996,30519853.056000002,375352409.85599995,0,11736230.092800001,1,3,1,2
37,32,7,ok,229376,402795644.51839995,29595009.024,361493605.5808,0,11707029.913600001,1,1,1,7
37,32,8,ok,200704,403136641.43359995,29595009.023999996,361558381.36319995,0,11983251.046400001,1,8,1,1
37,32,9,ok,197120,449446409.39520007,32699842.559999999,403461751.68000001,0,13284815.155200001,1,3,1,3
37,32,10,ok,172032,438821859.32800001,31708938.239999995,393879121.92000002,0,13233799.168,1,2,1,5
37,32,11,ok,150528,416672402.99520004,30519853.055999998,373035214.18239999,0,13117335.7568,1,11,1,1
37,32,12,ok,137984,418867183.60320008,29826220.031999998,364595644.76160002,0,24445318.809600003,3,4,1,1
37,32,13,ok,150528,492431021.7216,36068917.247999996,440859798.57919997,0,15502305.894400001,1,13,1,1
37,32,14,ok,114688,405182622.92480004,29595009.024,361947036.05760002,0,13640577.843200002,1,2,1,7
37,32,15,ok,114688,453332054.01599997,31708938.240000002,407008210.94400001,0,14614904.832000002,1,1,1,15
37,32,16,ok,100352,405864616.75519991,29595009.023999996,362076587.62239993,0,14193020.108800001,1,16,1,1
37,64,1,ok,3211264,801158329.13919997,59190018.047999993,722145125.99039996,0,19823185.1008,1,1,1,1
37,64,2,ok,1605632,801499326.05439985,59190018.047999993,722209901.77279985,0,20099406.233600002,1,2,1,1
37,64,3,ok,1103872,826865864.60160005,61039706.112000003,744839688.49920011,0,20986469.990400001,1,3,1,1
37,64,4,ok,802816,802181319.88479984,59190018.047999993,722339453.33759987,0,20651848.499200001,1,4,1,1
37,64,5,ok,652288,815035087.61600006,60114862.079999998,733686734.59200001,0,21233490.944000002,1,5,1,1
37,64,6,ok,551936,827888855.34719992,61039706.112000003,745034015.8463999,0,21815133.388800003,1,6,1,1
37,64,7,ok,458752,803204310.63039994,59190018.048,722533780.68480003,0,21480511.897600003,1,1,1,7
37,64,8,ok,401408,803545307.54559994,59190018.047999993,722598556.46719992,0,21756733.030400001,1,8,1,1
37,64,9,ok,394240,895823846.55359995,65399685.119999997,806340521.31840014,0,24083640.115200002,1,3,1,3
37,64,10,ok,326144,821942188.79999995,60114862.079999998,739212730.11199999,0,22614596.608000003,1,5,1,2
37,64,11,ok,301056,829593839.92320013,61039706.111999996,745357894.75839996,0,23196239.052800003,1,11,1,1
37,64,12,ok,275968,835216986.00959992,61039706.112000003,750704819.71199989,0,23472460.185600001,1,3,2,2
37,64,13,ok,250880,817763062.93760002,60114862.079999991,734204940.8512001,0,23443260.0064,1,13,1,1
37,64,14,ok,229376,805591289.03679991,59190018.048,722987211.16159999,0,23414059.827200003,1,2,1,7
37,64,15,ok,232960,884343239.03999996,64408780.799999997,794520728.44799995,0,25413729.791999999,1,5,1,3
37,64,16,ok,200704,806273282.8671999,59190018.047999993,723116762.7263999,0,23966502.092800003,1,16,1,1
38,1,1,ok,112896,27001516.185600001,2080899.0719999999,24099439.155200001,0,821177.9584,1,1,1,1
38,1,2,ok,56448,27001516.185600001,2080899.0719999999,24099439.155200001,0,821177.9584,2,1,1,1
38,1,3,ok,42336,27987470.463600002,2097156.0959999999,25010676.606000002,0,879637.76160000009,3,1,1,1
38,1,4,ok,28224,27239440.742400005,2080899.0719999999,24231622.809600003,0,926918.86080000002,4,1,1,1
38,1,5,ok,24192,32265924.479999997,2229534.7199999997,26714958.719999999,0,3321431.04,1,1,1,5
38,1,6,ok,20160,30371291.827199996,2229534.7199999997,26063321.164799999,0,2078435.9424000001,2,1,1,3
38,1,7,ok,16128,32325267.609599993,2080899.0719999997,25694205.286399994,0,4550163.2511999998,1,1,1,7
38,1,8,ok,14112,27715289.856000006,2080899.0719999999,24495990.118400004,0,1138400.6656000002,8,1,1,1
38,1,9,ok,14112,28949089.829399999,2121541.6319999998,25622303.700600002,0,1205244.4968000001,9,1,1,1
38,1,10,ok,12096,32265924.479999997,2229534.7199999997,26714958.719999999,0,3321431.04,2,1,1,5
38,1,11,ok,12096,29327022.436799999,2145927.1679999996,25612479.428799998,0,1568615.8400000001,11,1,1,1
38,1,12,ok,10080,30626210.995199997,2229534.7199999997,26204946.508799996,0,2191729.7664000001,4,1,1,3
38,1,13,ok,12096,30237825.228,2113413.1200000001,26415916.539999999,0,1708495.568,13,1,1,1
38,1,14,ok,8064,32325267.609599993,2080899.0719999997,25694205.286399994,0,4550163.2511999998,2,1,1,7
38,1,15,ok,9072,33348364.442999996,2246952.96,27698269.958999995,0,3403141.5239999997,3,1,1,5
38,1,16,ok,7056,28662606.182400003,2080899.0719999999,24821808.896000002,0,1759898.2144000002,8,1,1,2
38,2,1,ok,225792,53235789.312000006,4161798.1439999999,48053132.800000004,0,1020858.368,1,1,1,1
38,2,2,ok,112896,53235789.312000006,4161798.1439999999,48053132.800000004,0,1020858.368,2,1,1,1
38,2,3,ok,84672,55201703.781599998,4194312.1919999998,49874469.064800002,0,1132922.5248,3,1,1,1
38,2,4,ok,56448,53711638.4256,4161798.1439999999,48317500.108800001,0,1232340.1728000001,4,1,1,1
38,2,5,ok,48384,60695633.664000005,4459069.4399999995,52701189.888000004,0,3535374.3360000001,1,1,1,5
38,2,6,ok,40320,58440854.476799995,4459069.4399999995,51689405.7984,0,2292379.2384000001,2,1,1,3
38,2,7,ok,32256,59279833.804799989,4161798.1439999994,50368191.999999993,0,4749843.6607999997,1,1,1,7
38,2,8,ok,28224,54478881.484800011,4161798.1439999999,48463245.619200006,0,1853837.7216,4,2,1,1
38,2,9,ok,28224,57115951.383599997,4243083.2639999995,51096015.298800007,0,1776852.8207999999,9,1,1,1
38,2,10,ok,24192,60695633.664000005,4459069.4399999995,52701189.888000004,0,3535374.3360000001,2,1,1,5
38,2,11,ok,24192,57411925.295999996,4291854.3359999992,50623758.627199993,0,2496312.3328000004,11,1,1,1
38,2,12,ok,20160,58950692.812800005,4459069.4399999995,51972656.486400001,0,2518966.8864000002,4,1,1,3
38,2,13,ok,24192,59252350.872000016,4226826.2400000002,52239741.944000006,0,2785782.6880000001,13,1,1,1
38,2,14,ok,16128,59279833.804799989,4161798.1439999994,50368191.999999993,0,4749843.6607999997,2,1,1,7
38,2,15,ok,18144,62830543.158,4493905.9199999999,54662119.181999996,0,3674518.0560000003,3,1,1,5
38,2,16,ok,14112,55430579.712000012,4161798.1439999999,48991980.236800008,0,2276801.3312000004,8,2,1,1
38,4,1,ok,451584,105704335.56480001,8323596.2879999997,95960520.089600012,0,1420219.1872,1,1,1,1
38,4,2,ok,225792,105704335.56480001,8323596.2879999997,95960520.089600012,0,1420219.1872,2,1,1,1
38,4,3,ok,155232,108203432.70240001,8388624.3839999996,97540870.852800012,0,2273937.4656000002,3,1,1,1
38,4,4,ok,112896,106471578.62400001,8323596.2879999997,96106265.600000009,0,2041716.736,2,2,1,1
38,4,5,ok,98784,109975737.648,8453652.4799999986,99451838.448000014,0,2070246.7200000002,5,1,1,1
38,4,6,ok,77616,110143242.648,8388624.3839999996,98854327.800000012,0,2900290.4640000002,3,1,1,2
38,4,7,ok,64512,113188966.19519998,8323596.2879999988,99716165.427199975,0,5149204.4800000004,1,1,1,7
38,4,8,ok,56448,107410462.92480001,8323596.2879999997,96397756.620800003,0,2689110.0160000003,8,1,1,1
38,4,9,ok,56448,112110971.4648,8486166.527999999,100704735.46800001,0,2920069.4687999999,9,1,1,1
38,4,10,ok,49392,111930584.88,8453652.4799999986,100775477.23200001,0,2701455.1679999996,5,1,1,2
38,4,11,ok,42336,111530367.3792,8583708.6719999984,99591939.039999992,0,3354719.6672,11,1,1,1
38,4,12,ok,38808,112571021.8224,8388624.3839999996,100029400.97760001,0,4152996.4608000005,3,1,2,2
38,4,13,ok,42336,115003372.848,8453652.4800000004,102787619.2096,0,3762101.1584000005,13,1,1,1
38,4,14,ok,32256,113188966.19519998,8323596.2879999988,99716165.427199975,0,5149204.4800000004,2,1,1,7
38,4,15,ok,33264,121997387.62799999,8987811.8399999999,108112541.72399999,0,4897034.0640000012,3,1,1,5
38,4,16,ok,28224,108957762.96960002,8323596.2879999997,96926491.238400012,0,3707675.4432000001,4,4,1,1
38,8,1,ok,903168,210641428.07040003,16647192.575999999,191775294.66880003,0,2218940.8256000001,1,1,1,1
38,8,2,ok,451584,210641428.07040003,16647192.575999999,191775294.66880003,0,2218940.8256000001,2,1,1,1
38,8,3,ok,310464,215192975.81760001,16777248.767999999,194494205.11680001,0,3921521.9328000005,3,1,1,1
38,8,4,ok,225792,211408671.12960002,16647192.575999999,191921040.17920002,0,2840438.3744000001,2,2,1,1
38,8,5,ok,197568,218728175.71200001,16907304.959999997,198311585.76000002,0,3509284.9920000001,5,1,1,1
38,8,6,ok,155232,216406865.40480003,16777248.767999999,195081741.70560002,0,4547874.9312000005,3,2,1,1
38,8,7,ok,129024,221007230.97599998,16647192.575999998,198412112.28159997,0,5947926.1184,1,1,1,7
38,8,8,ok,112896,212943157.24800003,16647192.575999999,192212531.20000002,0,4083433.4720000001,2,4,1,1
38,8,9,ok,112896,222993938.34719998,16972333.055999998,200815102.5264,0,5206502.7648,9,1,1,1
38,8,10,ok,98784,219951475.296,16907304.959999997,198903676.89600003,0,4140493.4400000004,5,2,1,1
38,8,11,ok,84672,221818615.18080002,17167417.343999997,198582677.84959999,0,6068519.9872000003,11,1,1,1
38,8,12,ok,77616,220286485.296,16777248.767999999,197708655.60000002,0,5800580.9280000003,3,1,2,2
38,8,13,ok,84672,228783446.11199999,16907304.960000001,204983147.2832,0,6892993.8688000003,13,1,1,1
38,8,14,ok,64512,221007230.97599998,16647192.575999998,198412112.28159997,0,5947926.1184,2,1,1,7
38,8,15,ok,66528,237925327.32000002,17975623.68,213287400.50400001,0,6662303.1360000009,3,1,1,5
38,8,16,ok,56448,214820925.84960002,16647192.575999999,192795513.24160001,0,5378220.0320000006,8,2,1,1
38,16,1,ok,1806336,420515613.08160007,33294385.151999999,383404843.82720006,0,3816384.1024000002,1,1,1,1
38,16,2,ok,903168,420515613.08160007,33294385.151999999,383404843.82720006,0,3816384.1024000002,2,1,1,1
38,16,3,ok,620928,429172062.04799998,33554497.535999998,388400873.64480001,0,7216690.8672000002,3,1,1,1
38,16,4,ok,451584,421282856.14080006,33294385.151999999,383550589.33760005,0,4437881.6512000002,2,2,1,1
38,16,5,ok,395136,436233051.84000009,33814609.919999994,396031080.38400006,0,6387361.5360000003,5,1,1,1
38,16,6,ok,310464,430385951.63520002,33554497.535999998,388988410.23360002,0,7843043.8656000011,3,2,1,1
38,16,7,ok,258048,436643760.53759998,33294385.151999995,395804005.99039996,0,7545369.3952000011,1,1,1,7
38,16,8,ok,225792,422817342.25920004,33294385.151999999,383842080.35840005,0,5680876.7488000002,2,4,1,1
38,16,9,ok,225792,444759872.11199999,33944666.111999996,401035836.64319998,0,9779369.3568000011,9,1,1,1
38,16,10,ok,197568,437456351.42400002,33814609.919999994,396623171.52000004,0,7018569.9840000002,5,2,1,1
38,16,11,ok,169344,442395110.78400004,34334834.687999994,396564155.46879995,0,11496120.627200002,11,1,1,1
38,16,12,ok,155232,432813730.80960006,33554497.535999998,390163483.41120005,0,9095749.8624000009,3,4,1,1
38,16,13,ok,169344,456343592.63999999,33814609.920000002,409374203.43039995,0,13154779.2896,13,1,1,1
38,16,14,ok,129024,436643760.53759998,33294385.151999995,395804005.99039996,0,7545369.3952000011,2,1,1,7
38,16,15,ok,133056,469781206.704,35951247.359999999,423637118.06400001,0,10192841.280000001,3,1,1,5
38,16,16,ok,112896,425886314.49600005,33294385.151999999,384425062.40000004,0,8166866.9440000001,2,8,1,1
38,32,1,ok,3612672,840263983.10400009,66588770.303999998,766663942.14400005,0,7011270.6560000004,1,1,1,1
38,32,2,ok,1806336,840263983.10400009,66588770.303999998,766663942.14400005,0,7011270.6560000004,2,1,1,1
38,32,3,ok,1241856,857130234.50880003,67108995.071999997,776214210.70079994,0,13807028.736000001,3,1,1,1
38,32,4,ok,903168,841031226.16320014,66588770.303999998,766809687.65440011,0,7632768.2048000004,2,2,1,1
38,32,5,ok,790272,871242804.09600019,67629219.839999989,791470069.63200021,0,12143514.624000002,5,1,1,1
38,32,6,ok,620928,858344124.09599996,67108995.071999997,776801747.28960001,0,14433381.7344,3,2,1,1
38,32,7,ok,516096,867916819.66079998,66588770.30399999,790587793.40799999,0,10740255.948800001,1,1,1,7
38,32,8,ok,451584,842565712.28160012,66588770.303999998,767101178.6752001,0,8875763.3024000004,2,4,1,1
38,32,9,ok,451584,888291739.64160001,67889332.223999992,801477304.87680006,0,18925102.540800001,9,1,1,1
38,32,10,ok,395136,872466103.68000019,67629219.839999989,792062160.76800013,0,12774723.072000001,5,2,1,1
38,32,11,ok,338688,874170686.82239997,68669669.375999987,792075090.89279985,0,13425926.553600002,1,11,1,1
38,32,12,ok,310464,860771903.27040005,67108995.071999997,777976820.46720004,0,15686087.731200002,3,4,1,1
38,32,13,ok,338688,911463885.6960001,67629219.840000004,818156315.72480011,0,25678350.131200001,13,1,1,1
38,32,14,ok,258048,867916819.66079998,66588770.30399999,790587793.40799999,0,10740255.948800001,2,1,1,7
38,32,15,ok,266112,933492965.47199988,71902494.719999999,844336553.1839999,0,17253917.568000004,3,1,1,5
38,32,16,ok,225792,845634684.51840007,66588770.303999998,767684160.71680009,0,11361753.4976,2,8,1,1
38,64,1,ok,7225344,1679760723.1488001,133177540.608,1533182138.7776,0,13401043.7632,1,1,1,1
38,64,2,ok,3612672,1679760723.1488001,133177540.608,1533182138.7776,0,13401043.7632,2,1,1,1
38,64,3,ok,2483712,1713046579.4303999,134217990.14399999,1551840884.8127999,0,26987704.4736,3,1,1,1
38,64,4,ok,1806336,1680527966.2080002,133177540.608,1533327884.2880001,0,14022541.312000001,2,2,1,1
38,64,5,ok,1467648,1709063968.5120001,135258439.67999998,1557718814.4640002,0,16086714.368000003,1,5,1,1
38,64,6,ok,1241856,1714260469.0176001,134217990.14399999,1552428421.4015999,0,27614057.472000003,3,2,1,1
38,64,7,ok,1032192,1730462937.9071999,133177540.60799998,1580155368.2432001,0,17130029.056000002,1,1,1,7
38,64,8,ok,903168,1682062452.3264003,133177540.608,1533619375.3088002,0,15265536.409600001,2,4,1,1
38,64,9,ok,903168,1775355474.7007999,135778664.44799998,1602360241.3440001,0,37216568.908800006,9,1,1,1
38,64,10,ok,733824,1709063968.5120001,135258439.67999998,1557718814.4640002,0,16086714.368000003,2,5,1,1
38,64,11,ok,677376,1739901699.9935999,137339338.75199997,1582546981.1711998,0,20015380.070400003,1,11,1,1
38,64,12,ok,620928,1716688248.1919999,134217990.14399999,1553603494.5792,0,28866763.468800001,3,4,1,1
38,64,13,ok,564480,1715201912.9856002,135258439.68000001,1558884778.5472002,0,21058694.758400001,1,13,1,1
38,64,14,ok,516096,1730462937.9071999,133177540.60799998,1580155368.2432001,0,17130029.056000002,2,1,1,7
38,64,15,ok,524160,1836030218.1120002,144919756.79999998,1667881683.8400002,0,23228777.472000003,1,5,1,3
38,64,16,ok,451584,1685131424.5632002,133177540.608,1534202357.3504002,0,17751526.604800001,2,8,1,1
39,1,1,ok,50176,12976155.3408,924844.03199999989,11346461.696,0,704849.6128,1,1,1,1
39,1,2,ok,25088,13095117.619199999,924844.03199999989,11412553.5232,0,757720.06400000001,2,1,1,1
39,1,3,ok,17248,13312291.762800004,926650.36800000002,11573777.482800003,0,811863.91200000001,3,1,1,1
39,1,4,ok,12544,13333042.175999999,924844.03199999989,11544737.1776,0,863460.96640000003,4,1,1,1
39,1,5,ok,10976,13696044.146999998,925747.19999999984,11853328.831,0,916968.11600000004,5,1,1,1
39,1,6,ok,8624,13653954.6876,926650.36800000002,11638679.780400001,0,1088624.5392,3,1,1,2
39,1,7,ok,7840,13974445.426200002,929359.87199999997,12019829.742200002,0,1025255.812,7,1,1,1
39,1,8,ok,6272,13674039.0912,924844.03199999989,11609512.959999999,0,1139682.0992000001,4,1,1,2
39,1,9,ok,6272,14259985.945199998,926650.3679999999,12204248.957999999,0,1129086.6192000001,9,1,1,1
39,1,10,ok,5488,14037374.067,925747.19999999984,11918167.871000001,0,1193458.996,5,1,1,2
39,1,11,ok,4704,14344943.434799999,933875.71199999982,12171146.614,0,1239921.1088,11,1,1,1
39,1,12,ok,4312,14497658.290800003,926650.36800000002,11928862.129200002,0,1642145.7936,3,1,2,2
39,1,13,ok,4480,14184082.392999999,927553.53599999996,11915323.7346,0,1341205.1224000002,13,1,1,1
39,1,14,ok,3584,15541261.9264,924844.03200000001,12201371.033600001,0,2415046.8608000004,2,1,1,7
39,1,15,ok,4032,14504058.225000001,934778.88,12117239.733000001,0,1452039.612,15,1,1,1
39,1,16,ok,3136,14149888.2048,924844.03199999989,11873880.2688,0,1351163.9040000001,8,1,1,2
39,2,1,ok,100352,25611313.766399998,1849688.0639999998,22628147.6096,0,1133478.0928000002,1,1,1,1
39,2,2,ok,50176,25849238.323199999,1849688.0639999998,22760331.263999999,0,1239218.9952000002,2,1,1,1
39,2,3,ok,34496,26282920.6008,1853300.736,23082652.668000001,0,1346967.1968,3,1,1,1
39,2,4,ok,25088,26190235.238399997,1849688.0639999998,22825107.046399999,0,1515440.128,2,1,1,2
39,2,5,ok,21952,27050758.373999998,1851494.3999999997,23641818.621999998,0,1557445.352,5,1,1,1
39,2,6,ok,17248,26624583.525600009,1853300.736,23147554.965600006,0,1623727.824,3,1,1,2
39,2,7,ok,14336,28457620.889600001,1849688.064,23817127.935999997,0,2790804.8896000003,1,1,1,7
39,2,8,ok,12544,26666084.351999998,1849688.0639999998,23089474.3552,0,1726921.9328000001,4,1,1,2
39,2,9,ok,12544,28178308.965600003,1853300.7359999998,24343595.6184,0,1981412.6112000004,9,1,1,1
39,2,10,ok,10976,27392088.293999996,1851494.3999999997,23706657.662,0,1833936.2320000001,5,1,1,2
39,2,11,ok,9408,28345559.906400003,1867751.4239999996,24276884.869600002,0,2200923.6128000002,11,1,1,1
39,2,12,ok,8624,27307909.3752,1853300.736,23277359.560800001,0,2177249.0784,3,2,1,2
39,2,13,ok,8960,27831272.1908,1855107.0719999999,23570785.248399999,0,2405379.8704000004,13,1,1,1
39,2,14,ok,7168,28695545.446400002,1849688.064,23949311.590399999,0,2896545.7920000004,2,1,1,7
39,2,15,ok,7392,29960741.430000003,1985679.3599999996,25444609.038000003,0,2530453.0320000001,3,1,1,5
39,2,16,ok,6272,27348078.182399999,1849688.0639999998,23219025.919999998,0,2279364.1984000001,4,2,1,2
39,4,1,ok,200704,50881630.617600001,3699376.1279999996,45191519.436800003,0,1990735.0528000002,1,1,1,1
39,4,2,ok,100352,51155256.115199998,3699376.1279999996,45253663.129599996,0,2202216.8576000002,2,1,1,1
39,4,3,ok,67424,51590138.212800011,3706601.4720000001,45466362.974400006,0,2417173.7664000001,3,1,1,1
39,4,4,ok,50176,51690580.377599999,3699376.1279999996,45512766.259199999,0,2478437.9904000005,2,1,1,2
39,4,5,ok,40768,52183591.499999993,3702988.7999999993,45642202.875999995,0,2838399.824,5,1,1,1
39,4,6,ok,33712,52126508.030400008,3706601.4720000001,45725972.164800003,0,2693934.3936000001,3,1,1,2
39,4,7,ok,28672,54528263.372799993,3699376.128,47180825.395199992,0,3648061.8496000003,1,1,1,7
39,4,8,ok,25088,52245727.641599998,3699376.1279999996,45644949.913599998,0,2901401.6000000006,4,1,1,2
39,4,9,ok,23520,53723421.028799996,3706601.4719999996,46330754.961599991,0,3686064.5951999999,9,1,1,1
39,4,10,ok,20384,52719438.539999992,3702988.7999999993,45901559.035999998,0,3114890.7039999999,5,1,1,2
39,4,11,ok,18816,54361987.627199993,3735502.8479999993,46503556.158399999,0,4122928.6208000001,11,1,1,1
39,4,12,ok,16856,53840758.680000007,3706601.4720000001,46886701.560000002,0,3247455.648,3,1,2,2
39,4,13,ok,15680,54483515.517600007,3710214.1439999999,46239572.007200003,0,4533729.3664000006,13,1,1,1
39,4,14,ok,14336,54819143.68,3699376.128,47260223.897599995,0,3859543.6544000003,2,1,1,7
39,4,15,ok,14112,55745870.148000002,3739115.52,47036161.236000001,0,4970593.3920000009,15,1,1,1
39,4,16,ok,12544,53332168.703999996,3699376.1279999996,46178948.7104,0,3453843.8656000001,4,2,1,2
39,8,1,ok,401408,101422264.31999999,7398752.2559999991,90318263.091199994,0,3705248.9728000006,1,1,1,1
39,8,2,ok,200704,101763261.2352,7398752.2559999991,90383038.873600006,0,3981470.1056000004,1,1,1,2
39,8,3,ok,134848,102643906.60800001,7413202.9440000001,90673116.758400023,0,4557586.9056000002,3,1,1,1
39,8,4,ok,100352,102310512.2304,7398752.2559999991,90507326.259199992,0,4404433.7152000004,2,1,1,2
39,8,5,ok,81536,103831335.96000001,7405977.5999999987,91025049.592000008,0,5400308.7679999992,5,1,1,1
39,8,6,ok,67424,103180276.42560002,7413202.9440000001,90932725.948800012,0,4834347.5328000002,3,1,1,2
39,8,7,ok,57344,105891017.52319999,7398752.2560000001,92706725.887999997,0,5785539.3792000012,1,1,1,7
39,8,8,ok,50176,103381160.7552,7398752.2559999991,91025532.518399999,0,4956875.980800001,2,2,1,2
39,8,9,ok,47040,106910472.23999999,7413202.9439999992,92401900.732799992,0,7095368.5632000007,9,1,1,1
39,8,10,ok,40768,104367182.99999999,7405977.5999999987,91284405.751999989,0,5676799.648,5,1,1,2
39,8,11,ok,37632,108183423.21599999,7471005.6959999986,92745478.88319999,0,7966938.6368000004,11,1,1,1
39,8,12,ok,33712,104253016.06080002,7413202.9440000001,91451944.329600006,0,5387868.7872000001,3,2,1,2
39,8,13,ok,31360,108430138.44,7420428.2879999997,92219281.793599993,0,8790428.3584000021,13,1,1,1
39,8,14,ok,28672,105891017.52319999,7398752.2560000001,92706725.887999997,0,5785539.3792000012,2,1,1,7
39,8,15,ok,28224,110950665.47999999,7478231.04,93810436.008000001,0,9661998.432,15,1,1,1
39,8,16,ok,25088,104491455.2832,7398752.2559999991,91289899.827199996,0,5802803.2000000011,4,2,1,2
39,16,1,ok,802816,202503531.72479999,14797504.511999998,180571750.40000001,0,7134276.8128000004,1,1,1,1
39,16,2,ok,401408,202844528.63999999,14797504.511999998,180636526.18239999,0,7410497.9456000011,1,1,1,2
39,16,3,ok,269696,204751443.39840004,14826405.888,181086624.32640004,0,8838413.1840000004,3,1,1,1
39,16,4,ok,200704,203526522.47040001,14797504.511999998,180766077.74720001,0,7962940.2112000007,1,2,1,2
39,16,5,ok,163072,207126824.88000003,14811955.199999997,181790743.02399999,0,10524126.655999999,5,1,1,1
39,16,6,ok,134848,205287813.21600002,14826405.888,181346233.51680005,0,9115173.8112000003,3,1,1,2
39,16,7,ok,114688,208034765.20959997,14797504.512,183599729.86879995,0,9637530.8288000003,1,1,1,7
39,16,8,ok,100352,204621024.46079999,14797504.511999998,181014652.51839998,0,8808867.4304000009,2,2,1,2
39,16,9,ok,94080,213284574.66239998,14826405.887999998,184544192.27519998,0,13913976.499200001,9,1,1,1
39,16,10,ok,81536,207662671.92000002,14811955.199999997,182050099.18400002,0,10800617.535999998,5,1,1,2
39,16,11,ok,75264,215826294.39359999,14942011.391999997,185229324.3328,0,15654958.6688,11,1,1,1
39,16,12,ok,67424,206360552.85120004,14826405.888,181865451.89760002,0,9668695.0656000003,3,2,1,2
39,16,13,ok,62720,216323384.28479999,14840856.575999999,184178701.3664,0,17303826.342399999,13,1,1,1
39,16,14,ok,57344,208034765.20959997,14797504.512,183599729.86879995,0,9637530.8288000003,2,1,1,7
39,16,15,ok,56448,221360256.14400002,14956462.08,187358985.55200002,0,19044808.511999998,15,1,1,1
39,16,16,ok,50176,206762321.5104,14797504.511999998,182051065.0368,0,9913751.9616000019,2,4,1,2
39,32,1,ok,1605632,404666066.53439999,29595009.023999996,361078725.0176,0,13992332.492800001,1,1,1,1
39,32,2,ok,802816,405007063.44959998,29595009.023999996,361143500.80000001,0,14268553.625600001,1,1,1,2
39,32,3,ok,539392,408966516.97920001,29652811.776000001,361913639.46240008,0,17400065.740800001,3,1,1,1
39,32,4,ok,401408,405689057.27999997,29595009.023999996,361273052.36479998,0,14820995.891200002,1,2,1,2
39,32,5,ok,326144,413717802.71999991,29623910.399999995,363322129.88799995,0,20771762.432,5,1,1,1
39,32,6,ok,269696,409502886.79680008,29652811.776000001,362173248.65280008,0,17676826.368000001,3,1,1,2
39,32,7,ok,229376,412322260.58240008,29595009.024,365385737.83039999,0,17341513.728,1,1,1,7
39,32,8,ok,200704,407053044.94080001,29595009.023999996,361532155.49440002,0,15925880.422400001,1,4,1,2
39,32,9,ok,188160,426032779.5072,29652811.775999997,368828775.36000001,0,27551192.371200003,9,1,1,1
39,32,10,ok,163072,414253649.76000005,29623910.399999995,363581486.04799998,0,21048253.311999999,5,1,1,2
39,32,11,ok,150528,420711194.11199999,30519853.055999998,373008168.75519997,0,17183172.300800003,1,11,1,1
39,32,12,ok,134848,410575626.43200004,29652811.776000001,362692467.03360009,0,18230347.622400001,3,2,1,2
39,32,13,ok,125440,432109875.97440004,29681713.151999999,368097540.51200002,0,34330622.310400002,13,1,1,1
39,32,14,ok,114688,412322260.58240008,29595009.024,365385737.83039999,0,17341513.728,2,1,1,7
39,32,15,ok,112896,442179437.47200006,29912924.16,374456084.64000005,0,37810428.672000006,15,1,1,1
39,32,16,ok,100352,409242048.92159998,29595009.023999996,362029305.03679997,0,17617734.860800002,2,4,1,2
39,64,1,ok,3211264,808991136.15359998,59190018.047999993,722092674.25279999,0,27708443.852800004,1,1,1,1
39,64,2,ok,1605632,809332133.06879997,59190018.047999993,722157450.0352,0,27984664.985600002,1,1,1,2
39,64,3,ok,1078784,817396664.14080012,59305623.552000001,723567669.73440015,0,34523370.854400001,3,1,1,1
39,64,4,ok,802816,810014126.89919996,59190018.047999993,722287001.60000002,0,28537107.251200002,1,2,1,2
39,64,5,ok,652288,822990282.23999989,60114862.079999998,733633463.29599988,0,29241956.864,1,5,1,1
39,64,6,ok,539392,817933033.95840001,59305623.552000001,723827278.92480016,0,34800131.481600001,3,1,1,2
39,64,7,ok,458752,820897251.32799983,59190018.048,728957753.75359988,0,32749479.526400007,1,1,1,7
39,64,8,ok,401408,811378114.55999994,59190018.047999993,722546104.72959995,0,29641991.782400005,1,4,1,2
39,64,9,ok,376320,851529189.19679976,59305623.551999994,737397941.52959991,0,54825624.115200005,9,1,1,1
39,64,10,ok,326144,824695266.81599998,60114862.079999998,733957342.20799994,0,30623062.527999997,1,5,1,2
39,64,11,ok,301056,837671422.15680003,61039706.111999996,745303803.90400004,0,31327912.140800007,1,11,1,1
39,64,12,ok,269696,819005773.59360015,59305623.552000001,724346497.30560017,0,35353652.736000001,3,2,1,2
39,64,13,ok,250880,825718257.56159985,60114862.079999991,734151669.55519986,0,31451725.926400002,1,13,1,1
39,64,14,ok,229376,820897251.32799983,59190018.048,728957753.75359988,0,32749479.526400007,2,1,1,7
39,64,15,ok,224224,844799189.0940001,60232273.919999994,748401398.52600002,0,36165516.648000002,3,5,1,1
39,64,16,ok,200704,814106089.88160002,59190018.047999993,723064310.98880005,0,31851760.844800003,1,8,1,2
40,1,1,ok,6272,35042.918400000002,35042.918400000002,0,0,0,1,1,1,1
40,1,2,ok,3136,35042.918400000002,35042.918400000002,0,0,0,1,1,1,2
40,1,3,ok,2095,35111.361600000004,35111.361600000004,0,0,0,3,1,1,1
40,1,4,ok,1568,35042.918400000002,35042.918400000002,0,0,0,2,1,1,2
40,1,5,ok,1256,35077.139999999999,35077.139999999999,0,0,0,5,1,1,1
40,1,6,ok,1048,35111.361600000004,35111.361600000004,0,0,0,3,1,1,2
40,1,7,ok,896,35042.918399999995,35042.918399999995,0,0,0,1,1,1,7
40,1,8,ok,784,35042.918400000002,35042.918400000002,0,0,0,2,1,2,2
40,1,9,ok,699,35111.361600000004,35111.361600000004,0,0,0,9,1,1,1
40,1,10,ok,628,35077.139999999999,35077.139999999999,0,0,0,5,1,1,2
40,1,11,ok,576,35385.134400000003,35385.134400000003,0,0,0,11,1,1,1
40,1,12,ok,524,35111.361600000004,35111.361600000004,0,0,0,3,1,2,2
40,1,13,ok,484,35145.583200000001,35145.583200000001,0,0,0,13,1,1,1
40,1,14,ok,448,35042.918399999995,35042.918399999995,0,0,0,2,1,1,7
40,1,15,ok,423,35419.356,35419.356,0,0,0,15,1,1,1
40,1,16,ok,392,35042.918400000002,35042.918400000002,0,0,0,4,1,2,2
40,2,1,ok,12544,70085.836800000005,70085.836800000005,0,0,0,1,1,1,1
40,2,2,ok,6272,70085.836800000005,70085.836800000005,0,0,0,1,1,1,2
40,2,3,ok,4190,70222.723200000008,70222.723200000008,0,0,0,3,1,1,1
40,2,4,ok,3136,70085.836800000005,70085.836800000005,0,0,0,1,2,1,2
40,2,5,ok,2512,70154.279999999999,70154.279999999999,0,0,0,5,1,1,1
40,2,6,ok,2095,70222.723200000008,70222.723200000008,0,0,0,3,1,1,2
40,2,7,ok,1792,70085.83679999999,70085.83679999999,0,0,0,1,1,1,7
40,2,8,ok,1568,70085.836800000005,70085.836800000005,0,0,0,1,2,2,2
40,2,9,ok,1397,70222.723200000008,70222.723200000008,0,0,0,9,1,1,1
40,2,10,ok,1256,70154.279999999999,70154.279999999999,0,0,0,5,1,1,2
40,2,11,ok,1152,70770.268800000005,70770.268800000005,0,0,0,11,1,1,1
40,2,12,ok,1048,70222.723200000008,70222.723200000008,0,0,0,3,1,2,2
40,2,13,ok,968,70291.166400000002,70291.166400000002,0,0,0,13,1,1,1
40,2,14,ok,896,70085.83679999999,70085.83679999999,0,0,0,1,2,1,7
40,2,15,ok,846,70838.712,70838.712,0,0,0,15,1,1,1
40,2,16,ok,784,70085.836800000005,70085.836800000005,0,0,0,2,2,2,2
40,4,1,ok,25088,140171.67360000001,140171.67360000001,0,0,0,1,1,1,1
40,4,2,ok,12544,140171.67360000001,140171.67360000001,0,0,0,1,1,1,2
40,4,3,ok,8379,140445.44640000002,140445.44640000002,0,0,0,3,1,1,1
40,4,4,ok,6272,140171.67360000001,140171.67360000001,0,0,0,1,2,1,2
40,4,5,ok,5023,140308.56,140308.56,0,0,0,5,1,1,1
40,4,6,ok,4190,140445.44640000002,140445.44640000002,0,0,0,3,1,1,2
40,4,7,ok,3584,140171.67359999998,140171.67359999998,0,0,0,1,1,1,7
40,4,8,ok,3136,140171.67360000001,140171.67360000001,0,0,0,1,2,2,2
40,4,9,ok,2793,140445.44640000002,140445.44640000002,0,0,0,9,1,1,1
40,4,10,ok,2512,140308.56,140308.56,0,0,0,5,1,1,2
40,4,11,ok,2303,141540.53760000001,141540.53760000001,0,0,0,11,1,1,1
40,4,12,ok,2095,140445.44640000002,140445.44640000002,0,0,0,3,1,2,2
40,4,13,ok,1936,140582.3328,140582.3328,0,0,0,13,1,1,1
40,4,14,ok,1792,140171.67359999998,140171.67359999998,0,0,0,1,2,1,7
40,4,15,ok,1691,141677.424,141677.424,0,0,0,15,1,1,1
40,4,16,ok,1568,140171.67360000001,140171.67360000001,0,0,0,2,2,2,2
40,8,1,ok,50176,280343.34720000002,280343.34720000002,0,0,0,1,1,1,1
40,8,2,ok,25088,280343.34720000002,280343.34720000002,0,0,0,1,1,1,2
40,8,3,ok,16758,280890.89280000003,280890.89280000003,0,0,0,3,1,1,1
40,8,4,ok,12544,280343.34720000002,280343.34720000002,0,0,0,1,2,1,2
40,8,5,ok,10045,280617.12,280617.12,0,0,0,5,1,1,1
40,8,6,ok,8379,280890.89280000003,280890.89280000003,0,0,0,3,1,1,2
40,8,7,ok,7168,280343.34719999996,280343.34719999996,0,0,0,1,1,1,7
40,8,8,ok,6272,280343.34720000002,280343.34720000002,0,0,0,1,2,2,2
40,8,9,ok,5586,280890.89280000003,280890.89280000003,0,0,0,9,1,1,1
40,8,10,ok,5023,280617.12,280617.12,0,0,0,5,1,1,2
40,8,11,ok,4606,283081.07520000002,283081.07520000002,0,0,0,11,1,1,1
40,8,12,ok,4190,280890.89280000003,280890.89280000003,0,0,0,3,1,2,2
40,8,13,ok,3871,281164.66560000001,281164.66560000001,0,0,0,13,1,1,1
40,8,14,ok,3584,280343.34719999996,280343.34719999996,0,0,0,1,2,1,7
40,8,15,ok,3381,283354.848,283354.848,0,0,0,15,1,1,1
40,8,16,ok,3136,280343.34720000002,280343.34720000002,0,0,0,2,2,2,2
40,16,1,ok,100352,560686.69440000004,560686.69440000004,0,0,0,1,1,1,1
40,16,2,ok,50176,560686.69440000004,560686.69440000004,0,0,0,1,1,1,2
40,16,3,ok,33516,561781.78560000006,561781.78560000006,0,0,0,3,1,1,1
40,16,4,ok,25088,560686.69440000004,560686.69440000004,0,0,0,1,2,1,2
40,16,5,ok,20090,561234.23999999999,561234.23999999999,0,0,0,5,1,1,1
40,16,6,ok,16758,561781.78560000006,561781.78560000006,0,0,0,3,1,1,2
40,16,7,ok,14336,560686.69439999992,560686.69439999992,0,0,0,1,1,1,7
40,16,8,ok,12544,560686.69440000004,560686.69440000004,0,0,0,1,2,2,2
40,16,9,ok,11172,561781.78560000006,561781.78560000006,0,0,0,9,1,1,1
40,16,10,ok,10045,561234.23999999999,561234.23999999999,0,0,0,5,1,1,2
40,16,11,ok,9212,566162.15040000004,566162.15040000004,0,0,0,11,1,1,1
40,16,12,ok,8379,561781.78560000006,561781.78560000006,0,0,0,3,1,2,2
40,16,13,ok,7742,562329.33120000002,562329.33120000002,0,0,0,13,1,1,1
40,16,14,ok,7168,560686.69439999992,560686.69439999992,0,0,0,1,2,1,7
40,16,15,ok,6762,566709.696,566709.696,0,0,0,15,1,1,1
40,16,16,ok,6272,560686.69440000004,560686.69440000004,0,0,0,2,2,2,2
40,32,1,ok,200704,1121373.3888000001,1121373.3888000001,0,0,0,1,1,1,1
40,32,2,ok,100352,1121373.3888000001,1121373.3888000001,0,0,0,1,1,1,2
40,32,3,ok,67032,1123563.5712000001,1123563.5712000001,0,0,0,3,1,1,1
40,32,4,ok,50176,1121373.3888000001,1121373.3888000001,0,0,0,1,2,1,2
40,32,5,ok,40180,1122468.48,1122468.48,0,0,0,5,1,1,1
40,32,6,ok,33516,1123563.5712000001,1123563.5712000001,0,0,0,3,1,1,2
40,32,7,ok,28672,1121373.3887999998,1121373.3887999998,0,0,0,1,1,1,7
40,32,8,ok,25088,1121373.3888000001,1121373.3888000001,0,0,0,1,2,2,2
40,32,9,ok,22344,1123563.5712000001,1123563.5712000001,0,0,0,9,1,1,1
40,32,10,ok,20090,1122468.48,1122468.48,0,0,0,5,1,1,2
40,32,11,ok,18424,1132324.3008000001,1132324.3008000001,0,0,0,11,1,1,1
40,32,12,ok,16758,1123563.5712000001,1123563.5712000001,0,0,0,3,1,2,2
40,32,13,ok,15484,1124658.6624,1124658.6624,0,0,0,13,1,1,1
40,32,14,ok,14336,1121373.3887999998,1121373.3887999998,0,0,0,1,2,1,7
40,32,15,ok,13524,1133419.392,1133419.392,0,0,0,15,1,1,1
40,32,16,ok,12544,1121373.3888000001,1121373.3888000001,0,0,0,2,2,2,2
40,64,1,ok,401408,2242746.7776000001,2242746.7776000001,0,0,0,1,1,1,1
40,64,2,ok,200704,2242746.7776000001,2242746.7776000001,0,0,0,1,1,1,2
40,64,3,ok,134064,2247127.1424000002,2247127.1424000002,0,0,0,3,1,1,1
40,64,4,ok,100352,2242746.7776000001,2242746.7776000001,0,0,0,1,2,1,2
40,64,5,ok,80360,2244936.96,2244936.96,0,0,0,5,1,1,1
40,64,6,ok,67032,2247127.1424000002,2247127.1424000002,0,0,0,3,1,1,2
40,64,7,ok,57344,2242746.7775999997,2242746.7775999997,0,0,0,1,1,1,7
40,64,8,ok,50176,2242746.7776000001,2242746.7776000001,0,0,0,1,2,2,2
40,64,9,ok,44688,2247127.1424000002,2247127.1424000002,0,0,0,9,1,1,1
40,64,10,ok,40180,2244936.96,2244936.96,0,0,0,5,1,1,2
40,64,11,ok,36848,2264648.6016000002,2264648.6016000002,0,0,0,11,1,1,1
40,64,12,ok,33516,2247127.1424000002,2247127.1424000002,0,0,0,3,1,2,2
40,64,13,ok,30968,2249317.3248000001,2249317.3248000001,0,0,0,13,1,1,1
40,64,14,ok,28672,2242746.7775999997,2242746.7775999997,0,0,0,1,2,1,7
40,64,15,ok,27048,2266838.784,2266838.784,0,0,0,15,1,1,1
40,64,16,ok,25088,2242746.7776000001,2242746.7776000001,0,0,0,2,2,2,2
41,1,1,ok,50176,12853767.731199998,924844.03199999989,11347281.254399998,0,581642.44480000006,1,1,1,1
41,1,2,ok,25088,13274797.209599998,924844.03199999989,11492089.599999998,0,857863.57760000008,1,1,1,2
41,1,3,ok,17920,14549579.750399999,990904.32000000007,12402774.911999999,0,1155900.5184000002,1,1,1,3
41,1,4,ok,12544,13750646.323199999,924844.03199999989,11756456.908799998,0,1069345.3824000002,2,1,1,2
41,1,5,ok,10752,15311606.144000001,990904.31999999983,12612359.040000001,0,1708342.784,1,1,1,5
41,1,6,ok,8960,15059418.086400002,990904.32000000007,12686025.600000001,0,1382488.1664000002,2,1,1,3
41,1,7,ok,7168,14899749.222399998,924844.03200000001,11735935.948799999,0,2238969.2415999998,1,1,1,7
41,1,8,ok,6272,14432640.153599998,924844.03199999989,11886008.473599998,0,1621787.6480000003,2,1,2,2
41,1,9,ok,6720,15992228.302199999,998645.75999999989,13377246.471000001,0,1616336.0712000001,3,1,1,3
41,1,10,ok,5376,15821444.48,990904.31999999983,12895609.728,0,1934930.432,2,1,1,5
41,1,11,ok,5376,16100972.184000002,953745.40799999994,12439198.7632,0,2708028.0128000001,11,1,1,1
41,1,12,ok,4704,15306209.766000001,932069.37599999993,12531505.124399999,0,1842635.2656,3,1,2,2
41,1,13,ok,5376,16965255.372000001,939294.71999999986,12900752.7896,0,3125207.8624000004,13,1,1,1
41,1,14,ok,3584,15375598.335999999,924844.03200000001,12000303.2576,0,2450451.0463999999,2,1,1,7
41,1,15,ok,4032,16760208.027000003,998645.75999999989,13588467.975,0,2173094.2919999999,3,1,1,5
41,1,16,ok,3136,15384338.380799998,924844.03199999989,12414743.091199998,0,2044751.2576000004,4,1,2,2
41,2,1,ok,100352,25366538.547199994,1849688.0639999998,22629786.726399995,0,887063.75680000009,1,1,1,1
41,2,2,ok,50176,25707535.462399997,1849688.0639999998,22694562.508799996,0,1163284.8896000001,1,2,1,1
41,2,3,ok,35840,28076168.755200002,1981808.6400000001,24611222.476800002,0,1483137.6384000001,1,1,1,3
41,2,4,ok,25088,26549594.419199996,1849688.0639999998,22984179.199999996,0,1715727.1552000002,1,2,1,2
41,2,5,ok,21504,28918227.711999997,1981808.6399999997,24900839.167999998,0,2035579.9040000001,1,1,1,5
41,2,6,ok,17920,29095845.427200001,1981808.6400000001,25177723.852799997,0,1936312.9344000004,2,1,1,3
41,2,7,ok,14336,27412520.038399998,1849688.064,23018441.4208,0,2544390.5536000002,1,1,1,7
41,2,8,ok,12544,27501292.646399997,1849688.0639999998,23512913.817599997,0,2138690.7648000005,2,1,2,2
41,2,9,ok,12800,31951621.094399996,2123366.3999999999,26641042.099199999,0,3187212.5951999999,1,1,3,3
41,2,10,ok,10752,29937904.384,1981808.6399999997,25467340.544,0,2488755.2000000002,2,1,1,5
41,2,11,ok,10752,31649891.222399998,1907490.8159999999,24611197.423999999,0,5131202.9824000001,11,1,1,1
41,2,12,ok,8960,30118836.172800004,1981808.6400000001,25372051.200000003,0,2764976.3328000004,2,2,1,3
41,2,13,ok,10752,33386822.039999999,1878589.4399999997,25538353.963200003,0,5969878.6368000004,13,1,1,1
41,2,14,ok,7168,28364218.265600003,1849688.064,23547176.038399998,0,2967354.1632000003,2,1,1,7
41,2,15,ok,7168,33128522.495999999,1981808.6400000001,26348922.624000002,0,4797791.2319999998,1,1,1,15
41,2,16,ok,6272,28865280.307199996,1849688.0639999998,23772016.947199997,0,3243575.2960000006,2,2,2,2
41,4,1,ok,200704,50392080.179199994,3699376.1279999996,45194797.670399994,0,1497906.3808000002,1,1,1,1
41,4,2,ok,100352,50733077.094399989,3699376.1279999996,45259573.452799991,0,1774127.5136000002,1,2,1,1
41,4,3,ok,68992,52628151.192000002,3728277.5039999997,45705019.281599998,0,3194854.4064000007,3,1,1,1
41,4,4,ok,50176,51415070.924799994,3699376.1279999996,45389125.017599992,0,2326569.7792000002,1,4,1,1
41,4,5,ok,43008,56131470.848000005,3963617.2799999993,49477799.424000002,0,2690054.1440000003,1,1,1,5
41,4,6,ok,34496,53490288.945600003,3728277.5039999997,46288777.924800001,0,3473233.5168000003,3,1,1,2
41,4,7,ok,28672,52438061.670400009,3699376.128,45583452.364799999,0,3155233.1776000005,1,1,1,7
41,4,8,ok,25088,52829703.16799999,3699376.1279999996,45957830.041599989,0,3172496.9984000004,2,1,2,2
41,4,9,ok,24640,57911728.543199994,3994583.0399999996,49957213.211999997,0,3959932.2911999999,3,1,1,3
41,4,10,ok,21504,57442956.800000004,3963617.2799999993,49882934.784000002,0,3596404.7360000005,2,1,1,5
41,4,11,ok,18816,62417594.975999996,3814981.6319999998,48625060.422399998,0,9977552.9216000009,11,1,1,1
41,4,12,ok,17248,54569301.912,3728277.5039999997,46811032.670399994,0,4029991.7376000006,3,1,2,2
41,4,13,ok,18816,65904823.088000007,3757178.8799999994,50488424.022399999,0,11659220.185600001,13,1,1,1
41,4,14,ok,14336,54115545.702399999,3699376.128,46415009.177600004,0,4001160.3968000007,2,1,1,7
41,4,15,ok,14336,61142091.264000006,3963617.2800000003,51726208.512000002,0,5452265.472000001,1,1,1,15
41,4,16,ok,12544,55002585.292799994,3699376.1279999996,47025827.635199994,0,4277381.5296000009,2,2,2,2
41,8,1,ok,401408,100443163.44319999,7398752.2559999991,90324819.55839999,0,2719591.6288000001,1,1,1,1
41,8,2,ok,200704,100784160.35839999,7398752.2559999991,90389595.340799987,0,2995812.7616000003,1,2,1,1
41,8,3,ok,137984,104716795.90080002,7456555.0079999994,91148911.190400004,0,6111329.7024000008,3,1,1,1
41,8,4,ok,100352,101466154.18879998,7398752.2559999991,90519146.905599982,0,3548255.0272000004,1,4,1,1
41,8,5,ok,86016,110557957.11999999,7927234.5599999987,98631719.93599999,0,3999002.6240000008,1,1,1,5
41,8,6,ok,68992,105256302.384,7456555.0079999994,91410038.563199997,0,6389708.8128000014,3,2,1,1
41,8,7,ok,57344,102489144.93439999,7398752.2560000001,90713474.252800003,0,4376918.4256000007,1,1,1,7
41,8,8,ok,50176,102830141.84959999,7398752.2559999991,90778250.035199985,0,4653139.5584000004,1,8,1,1
41,8,9,ok,49280,114204937.63679999,7989166.0799999991,99131044.305599988,0,7084727.2511999998,3,1,1,3
41,8,10,ok,43008,112209292.288,7927234.5599999987,98470353.920000017,0,5811703.8080000002,2,1,1,5
41,8,11,ok,37632,124283136.8064,7629963.2639999995,96982920.742399991,0,19670252.800000001,11,1,1,1
41,8,12,ok,34496,106980577.89120001,7456555.0079999994,92577555.849600002,0,6946467.0336000007,3,1,2,2
41,8,13,ok,37632,131265957.472,7514357.7599999988,100713696.4288,0,23037903.283200003,13,1,1,1
41,8,14,ok,28672,104483821.56799999,7398752.2560000001,91016296.448000014,0,6068772.864000001,2,1,1,7
41,8,15,ok,28672,117169228.8,7927234.5600000005,102480780.288,0,6761213.9520000005,1,1,1,15
41,8,16,ok,25088,105659406.33599998,7398752.2559999991,91915660.083199978,0,6344993.9968000008,2,2,2,2
41,16,1,ok,802816,200545329.97119996,14797504.511999998,180584863.33439997,0,5162962.1248000003,1,1,1,1
41,16,2,ok,401408,200886326.88639998,14797504.511999998,180649639.11679998,0,5439183.2576000001,1,2,1,1
41,16,3,ok,275968,208894085.3184,14913110.015999999,182036695.00800002,0,11944280.294399999,3,1,1,1
41,16,4,ok,200704,201568320.71679997,14797504.511999998,180779190.68159997,0,5991625.5232000006,1,4,1,1
41,16,5,ok,172032,219410929.664,15854469.119999997,196939560.96000001,0,6616899.5839999998,1,1,1,5
41,16,6,ok,137984,209433591.80160004,14913110.015999999,182297822.38080001,0,12222659.404800002,3,2,1,1
41,16,7,ok,114688,202591311.46240002,14797504.512,180973518.02880001,0,6820288.9216000009,1,1,1,7
41,16,8,ok,100352,202932308.37759995,14797504.511999998,181038293.81119996,0,7096510.0544000007,1,8,1,1
41,16,9,ok,98560,226791355.82399994,15978332.159999998,197478706.49279997,0,13334317.171200002,3,1,1,3
41,16,10,ok,86016,221115914.23999998,15854469.119999997,197263439.87199998,0,7998005.2480000015,1,2,1,5
41,16,11,ok,75264,248014220.46719998,15259926.527999999,193698641.38239998,0,39055652.5568,11,1,1,1
41,16,12,ok,68992,210512604.76800001,14913110.015999999,182820077.12639999,0,12779417.625600003,3,4,1,1
41,16,13,ok,75264,261988226.24000001,15028715.519999998,201164241.24160001,0,45795269.478400007,13,1,1,1
41,16,14,ok,57344,204978289.86879998,14797504.512,181426948.50560001,0,8753836.8512000013,1,2,1,7
41,16,15,ok,57344,229223503.87199995,15854469.120000001,203989923.83999997,0,9379110.9120000005,1,1,1,15
41,16,16,ok,50176,205660283.69919997,14797504.511999998,181556500.07039997,0,9306279.1168000009,1,16,1,1
41,32,1,ok,1605632,400749663.02719992,29595009.023999996,361104950.88639992,0,10049703.116800001,1,1,1,1
41,32,2,ok,802816,401090659.94239992,29595009.023999996,361169726.66879994,0,10325924.249600001,1,2,1,1
41,32,3,ok,551936,413944427.67359996,30519853.056000002,372517007.92319995,0,10907566.694400001,1,3,1,1
41,32,4,ok,401408,401772653.77279997,29595009.023999996,361299278.23359996,0,10878366.5152,1,4,1,1
41,32,5,ok,344064,437116874.75200003,31708938.239999995,393555243.00800002,0,11852693.504000001,1,1,1,5
41,32,6,ok,275968,417608493.00479996,30519853.056000002,375352409.85599995,0,11736230.092800001,1,3,1,2
41,32,7,ok,229376,402795644.51839995,29595009.024,361493605.5808,0,11707029.913600001,1,1,1,7
41,32,8,ok,200704,403136641.43359995,29595009.023999996,361558381.36319995,0,11983251.046400001,1,8,1,1
41,32,9,ok,197120,449446409.39520007,32699842.559999999,403461751.68000001,0,13284815.155200001,1,3,1,3
41,32,10,ok,172032,438821859.32800001,31708938.239999995,393879121.92000002,0,13233799.168,1,2,1,5
41,32,11,ok,150528,416672402.99520004,30519853.055999998,373035214.18239999,0,13117335.7568,1,11,1,1
41,32,12,ok,137984,418867183.60320008,29826220.031999998,364595644.76160002,0,24445318.809600003,3,4,1,1
41,32,13,ok,150528,492431021.7216,36068917.247999996,440859798.57919997,0,15502305.894400001,1,13,1,1
41,32,14,ok,114688,405182622.92480004,29595009.024,361947036.05760002,0,13640577.843200002,1,2,1,7
41,32,15,ok,114688,453332054.01599997,31708938.240000002,407008210.94400001,0,14614904.832000002,1,1,1,15
41,32,16,ok,100352,405864616.75519991,29595009.023999996,362076587.62239993,0,14193020.108800001,1,16,1,1
41,64,1,ok,3211264,801158329.13919997,59190018.047999993,722145125.99039996,0,19823185.1008,1,1,1,1
41,64,2,ok,1605632,801499326.05439985,59190018.047999993,722209901.77279985,0,20099406.233600002,1,2,1,1
41,64,3,ok,1103872,826865864.60160005,61039706.112000003,744839688.49920011,0,20986469.990400001,1,3,1,1
41,64,4,ok,802816,802181319.88479984,59190018.047999993,722339453.33759987,0,20651848.499200001,1,4,1,1
41,64,5,ok,652288,815035087.61600006,60114862.079999998,733686734.59200001,0,21233490.944000002,1,5,1,1
41,64,6,ok,551936,827888855.34719992,61039706.112000003,745034015.8463999,0,21815133.388800003,1,6,1,1
41,64,7,ok,458752,803204310.63039994,59190018.048,722533780.68480003,0,21480511.897600003,1,1,1,7
41,64,8,ok,401408,803545307.54559994,59190018.047999993,722598556.46719992,0,21756733.030400001,1,8,1,1
41,64,9,ok,394240,895823846.55359995,65399685.119999997,806340521.31840014,0,24083640.115200002,1,3,1,3
41,64,10,ok,326144,821942188.79999995,60114862.079999998,739212730.11199999,0,22614596.608000003,1,5,1,2
41,64,11,ok,301056,829593839.92320013,61039706.111999996,745357894.75839996,0,23196239.052800003,1,11,1,1
41,64,12,ok,275968,835216986.00959992,61039706.112000003,750704819.71199989,0,23472460.185600001,1,3,2,2
41,64,13,ok,250880,817763062.93760002,60114862.079999991,734204940.8512001,0,23443260.0064,1,13,1,1
41,64,14,ok,229376,805591289.03679991,59190018.048,722987211.16159999,0,23414059.827200003,1,2,1,7
41,64,15,ok,232960,884343239.03999996,64408780.799999997,794520728.44799995,0,25413729.791999999,1,5,1,3
41,64,16,ok,200704,806273282.8671999,59190018.047999993,723116762.7263999,0,23966502.092800003,1,16,1,1
42,1,1,ok,112896,27001516.185600001,2080899.0719999999,24099439.155200001,0,821177.9584,1,1,1,1
42,1,2,ok,56448,27001516.185600001,2080899.0719999999,24099439.155200001,0,821177.9584,2,1,1,1
42,1,3,ok,42336,27987470.463600002,2097156.0959999999,25010676.606000002,0,879637.76160000009,3,1,1,1
42,1,4,ok,28224,27239440.742400005,2080899.0719999999,24231622.809600003,0,926918.86080000002,4,1,1,1
42,1,5,ok,24192,32265924.479999997,2229534.7199999997,26714958.719999999,0,3321431.04,1,1,1,5
42,1,6,ok,20160,30371291.827199996,2229534.7199999997,26063321.164799999,0,2078435.9424000001,2,1,1,3
42,1,7,ok,16128,32325267.609599993,2080899.0719999997,25694205.286399994,0,4550163.2511999998,1,1,1,7
42,1,8,ok,14112,27715289.856000006,2080899.0719999999,24495990.118400004,0,1138400.6656000002,8,1,1,1
42,1,9,ok,14112,28949089.829399999,2121541.6319999998,25622303.700600002,0,1205244.4968000001,9,1,1,1
42,1,10,ok,12096,32265924.479999997,2229534.7199999997,26714958.719999999,0,3321431.04,2,1,1,5
42,1,11,ok,12096,29327022.436799999,2145927.1679999996,25612479.428799998,0,1568615.8400000001,11,1,1,1
42,1,12,ok,10080,30626210.995199997,2229534.7199999997,26204946.508799996,0,2191729.7664000001,4,1,1,3
42,1,13,ok,12096,30237825.228,2113413.1200000001,26415916.539999999,0,1708495.568,13,1,1,1
42,1,14,ok,8064,32325267.609599993,2080899.0719999997,25694205.286399994,0,4550163.2511999998,2,1,1,7
42,1,15,ok,9072,33348364.442999996,2246952.96,27698269.958999995,0,3403141.5239999997,3,1,1,5
42,1,16,ok,7056,28662606.182400003,2080899.0719999999,24821808.896000002,0,1759898.2144000002,8,1,1,2
42,2,1,ok,225792,53235789.312000006,4161798.1439999999,48053132.800000004,0,1020858.368,1,1,1,1
42,2,2,ok,112896,53235789.312000006,4161798.1439999999,48053132.800000004,0,1020858.368,2,1,1,1
42,2,3,ok,84672,55201703.781599998,4194312.1919999998,49874469.064800002,0,1132922.5248,3,1,1,1
42,2,4,ok,56448,53711638.4256,4161798.1439999999,48317500.108800001,0,1232340.1728000001,4,1,1,1
42,2,5,ok,48384,60695633.664000005,4459069.4399999995,52701189.888000004,0,3535374.3360000001,1,1,1,5
42,2,6,ok,40320,58440854.476799995,4459069.4399999995,51689405.7984,0,2292379.2384000001,2,1,1,3
42,2,7,ok,32256,59279833.804799989,4161798.1439999994,50368191.999999993,0,4749843.6607999997,1,1,1,7
42,2,8,ok,28224,54478881.484800011,4161798.1439999999,48463245.619200006,0,1853837.7216,4,2,1,1
42,2,9,ok,28224,57115951.383599997,4243083.2639999995,51096015.298800007,0,1776852.8207999999,9,1,1,1
42,2,10,ok,24192,60695633.664000005,4459069.4399999995,52701189.888000004,0,3535374.3360000001,2,1,1,5
42,2,11,ok,24192,57411925.295999996,4291854.3359999992,50623758.627199993,0,2496312.3328000004,11,1,1,1
42,2,12,ok,20160,58950692.812800005,4459069.4399999995,51972656.486400001,0,2518966.8864000002,4,1,1,3
42,2,13,ok,24192,59252350.872000016,4226826.2400000002,52239741.944000006,0,2785782.6880000001,13,1,1,1
42,2,14,ok,16128,59279833.804799989,4161798.1439999994,50368191.999999993,0,4749843.6607999997,2,1,1,7
42,2,15,ok,18144,62830543.158,4493905.9199999999,54662119.181999996,0,3674518.0560000003,3,1,1,5
42,2,16,ok,14112,55430579.712000012,4161798.1439999999,48991980.236800008,0,2276801.3312000004,8,2,1,1
42,4,1,ok,451584,105704335.56480001,8323596.2879999997,95960520.089600012,0,1420219.1872,1,1,1,1
42,4,2,ok,225792,105704335.56480001,8323596.2879999997,95960520.089600012,0,1420219.1872,2,1,1,1
42,4,3,ok,155232,108203432.70240001,8388624.3839999996,97540870.852800012,0,2273937.4656000002,3,1,1,1
42,4,4,ok,112896,106471578.62400001,8323596.2879999997,96106265.600000009,0,2041716.736,2,2,1,1
42,4,5,ok,98784,109975737.648,8453652.4799999986,99451838.448000014,0,2070246.7200000002,5,1,1,1
42,4,6,ok,77616,110143242.648,8388624.3839999996,98854327.800000012,0,2900290.4640000002,3,1,1,2
42,4,7,ok,64512,113188966.19519998,8323596.2879999988,99716165.427199975,0,5149204.4800000004,1,1,1,7
42,4,8,ok,56448,107410462.92480001,8323596.2879999997,96397756.620800003,0,2689110.0160000003,8,1,1,1
42,4,9,ok,56448,112110971.4648,8486166.527999999,100704735.46800001,0,2920069.4687999999,9,1,1,1
42,4,10,ok,49392,111930584.88,8453652.4799999986,100775477.23200001,0,2701455.1679999996,5,1,1,2
42,4,11,ok,42336,111530367.3792,8583708.6719999984,99591939.039999992,0,3354719.6672,11,1,1,1
42,4,12,ok,38808,112571021.8224,8388624.3839999996,100029400.97760001,0,4152996.4608000005,3,1,2,2
42,4,13,ok,42336,115003372.848,8453652.4800000004,102787619.2096,0,3762101.1584000005,13,1,1,1
42,4,14,ok,32256,113188966.19519998,8323596.2879999988,99716165.427199975,0,5149204.4800000004,2,1,1,7
42,4,15,ok,33264,121997387.62799999,8987811.8399999999,108112541.72399999,0,4897034.0640000012,3,1,1,5
42,4,16,ok,28224,108957762.96960002,8323596.2879999997,96926491.238400012,0,3707675.4432000001,4,4,1,1
42,8,1,ok,903168,210641428.07040003,16647192.575999999,191775294.66880003,0,2218940.8256000001,1,1,1,1
42,8,2,ok,451584,210641428.07040003,16647192.575999999,191775294.66880003,0,2218940.8256000001,2,1,1,1
42,8,3,ok,310464,215192975.81760001,16777248.767999999,194494205.11680001,0,3921521.9328000005,3,1,1,1
42,8,4,ok,225792,211408671.12960002,16647192.575999999,191921040.17920002,0,2840438.3744000001,2,2,1,1
42,8,5,ok,197568,218728175.71200001,16907304.959999997,198311585.76000002,0,3509284.9920000001,5,1,1,1
42,8,6,ok,155232,216406865.40480003,16777248.767999999,195081741.70560002,0,4547874.9312000005,3,2,1,1
42,8,7,ok,129024,221007230.97599998,16647192.575999998,198412112.28159997,0,5947926.1184,1,1,1,7
42,8,8,ok,112896,212943157.24800003,16647192.575999999,192212531.20000002,0,4083433.4720000001,2,4,1,1
42,8,9,ok,112896,222993938.34719998,16972333.055999998,200815102.5264,0,5206502.7648,9,1,1,1
42,8,10,ok,98784,219951475.296,16907304.959999997,198903676.89600003,0,4140493.4400000004,5,2,1,1
42,8,11,ok,84672,221818615.18080002,17167417.343999997,198582677.84959999,0,6068519.9872000003,11,1,1,1
42,8,12,ok,77616,220286485.296,16777248.767999999,197708655.60000002,0,5800580.9280000003,3,1,2,2
42,8,13,ok,84672,228783446.11199999,16907304.960000001,204983147.2832,0,6892993.8688000003,13,1,1,1
42,8,14,ok,64512,221007230.97599998,16647192.575999998,198412112.28159997,0,5947926.1184,2,1,1,7
42,8,15,ok,66528,237925327.32000002,17975623.68,213287400.50400001,0,6662303.1360000009,3,1,1,5
42,8,16,ok,56448,214820925.84960002,16647192.575999999,192795513.24160001,0,5378220.0320000006,8,2,1,1
42,16,1,ok,1806336,420515613.08160007,33294385.151999999,383404843.82720006,0,3816384.1024000002,1,1,1,1
42,16,2,ok,903168,420515613.08160007,33294385.151999999,383404843.82720006,0,3816384.1024000002,2,1,1,1
42,16,3,ok,620928,429172062.04799998,33554497.535999998,388400873.64480001,0,7216690.8672000002,3,1,1,1
42,16,4,ok,451584,421282856.14080006,33294385.151999999,383550589.33760005,0,4437881.6512000002,2,2,1,1
42,16,5,ok,395136,436233051.84000009,33814609.919999994,396031080.38400006,0,6387361.5360000003,5,1,1,1
42,16,6,ok,310464,430385951.63520002,33554497.535999998,388988410.23360002,0,7843043.8656000011,3,2,1,1
42,16,7,ok,258048,436643760.53759998,33294385.151999995,395804005.99039996,0,7545369.3952000011,1,1,1,7
42,16,8,ok,225792,422817342.25920004,33294385.151999999,383842080.35840005,0,5680876.7488000002,2,4,1,1
42,16,9,ok,225792,444759872.11199999,33944666.111999996,401035836.64319998,0,9779369.3568000011,9,1,1,1
42,16,10,ok,197568,437456351.42400002,33814609.919999994,396623171.52000004,0,7018569.9840000002,5,2,1,1
42,16,11,ok,169344,442395110.78400004,34334834.687999994,396564155.46879995,0,11496120.627200002,11,1,1,1
42,16,12,ok,155232,432813730.80960006,33554497.535999998,390163483.41120005,0,9095749.8624000009,3,4,1,1
42,16,13,ok,169344,456343592.63999999,33814609.920000002,409374203.43039995,0,13154779.2896,13,1,1,1
42,16,14,ok,129024,436643760.53759998,33294385.151999995,395804005.99039996,0,7545369.3952000011,2,1,1,7
42,16,15,ok,133056,469781206.704,35951247.359999999,423637118.06400001,0,10192841.280000001,3,1,1,5
42,16,16,ok,112896,425886314.49600005,33294385.151999999,384425062.40000004,0,8166866.9440000001,2,8,1,1
42,32,1,ok,3612672,840263983.10400009,66588770.303999998,766663942.14400005,0,7011270.6560000004,1,1,1,1
42,32,2,ok,1806336,840263983.10400009,66588770.303999998,766663942.14400005,0,7011270.6560000004,2,1,1,1
42,32,3,ok,1241856,857130234.50880003,67108995.071999997,776214210.70079994,0,13807028.736000001,3,1,1,1
42,32,4,ok,903168,841031226.16320014,66588770.303999998,766809687.65440011,0,7632768.2048000004,2,2,1,1
42,32,5,ok,790272,871242804.09600019,67629219.839999989,791470069.63200021,0,12143514.624000002,5,1,1,1
42,32,6,ok,620928,858344124.09599996,67108995.071999997,776801747.28960001,0,14433381.7344,3,2,1,1
42,32,7,ok,516096,867916819.66079998,66588770.30399999,790587793.40799999,0,10740255.948800001,1,1,1,7
42,32,8,ok,451584,842565712.28160012,66588770.303999998,767101178.6752001,0,8875763.3024000004,2,4,1,1
42,32,9,ok,451584,888291739.64160001,67889332.223999992,801477304.87680006,0,18925102.540800001,9,1,1,1
42,32,10,ok,395136,872466103.68000019,67629219.839999989,792062160.76800013,0,12774723.072000001,5,2,1,1
42,32,11,ok,338688,874170686.82239997,68669669.375999987,792075090.89279985,0,13425926.553600002,1,11,1,1
42,32,12,ok,310464,860771903.27040005,67108995.071999997,777976820.46720004,0,15686087.731200002,3,4,1,1
42,32,13,ok,338688,911463885.6960001,67629219.840000004,818156315.72480011,0,25678350.131200001,13,1,1,1
42,32,14,ok,258048,867916819.66079998,66588770.30399999,790587793.40799999,0,10740255.948800001,2,1,1,7
42,32,15,ok,266112,933492965.47199988,71902494.719999999,844336553.1839999,0,17253917.568000004,3,1,1,5
42,32,16,ok,225792,845634684.51840007,66588770.303999998,767684160.71680009,0,11361753.4976,2,8,1,1
42,64,1,ok,7225344,1679760723.1488001,133177540.608,1533182138.7776,0,13401043.7632,1,1,1,1
42,64,2,ok,3612672,1679760723.1488001,133177540.608,1533182138.7776,0,13401043.7632,2,1,1,1
42,64,3,ok,2483712,1713046579.4303999,134217990.14399999,1551840884.8127999,0,26987704.4736,3,1,1,1
42,64,4,ok,1806336,1680527966.2080002,133177540.608,1533327884.2880001,0,14022541.312000001,2,2,1,1
42,64,5,ok,1467648,1709063968.5120001,135258439.67999998,1557718814.4640002,0,16086714.368000003,1,5,1,1
42,64,6,ok,1241856,1714260469.0176001,134217990.14399999,1552428421.4015999,0,27614057.472000003,3,2,1,1
42,64,7,ok,1032192,1730462937.9071999,133177540.60799998,1580155368.2432001,0,17130029.056000002,1,1,1,7
42,64,8,ok,903168,1682062452.3264003,133177540.608,1533619375.3088002,0,15265536.409600001,2,4,1,1
42,64,9,ok,903168,1775355474.7007999,135778664.44799998,1602360241.3440001,0,37216568.908800006,9,1,1,1
42,64,10,ok,733824,1709063968.5120001,135258439.67999998,1557718814.4640002,0,16086714.368000003,2,5,1,1
42,64,11,ok,677376,1739901699.9935999,137339338.75199997,1582546981.1711998,0,20015380.070400003,1,11,1,1
42,64,12,ok,620928,1716688248.1919999,134217990.14399999,1553603494.5792,0,28866763.468800001,3,4,1,1
42,64,13,ok,564480,1715201912.9856002,135258439.68000001,1558884778.5472002,0,21058694.758400001,1,13,1,1
42,64,14,ok,516096,1730462937.9071999,133177540.60799998,1580155368.2432001,0,17130029.056000002,2,1,1,7
42,64,15,ok,524160,1836030218.1120002,144919756.79999998,1667881683.8400002,0,23228777.472000003,1,5,1,3
42,64,16,ok,451584,1685131424.5632002,133177540.608,1534202357.3504002,0,17751526.604800001,2,8,1,1
43,1,1,ok,50176,12976155.3408,924844.03199999989,11346461.696,0,704849.6128,1,1,1,1
43,1,2,ok,25088,13095117.619199999,924844.03199999989,11412553.5232,0,757720.06400000001,2,1,1,1
43,1,3,ok,17248,13312291.762800004,926650.36800000002,11573777.482800003,0,811863.91200000001,3,1,1,1
43,1,4,ok,12544,13333042.175999999,924844.03199999989,11544737.1776,0,863460.96640000003,4,1,1,1
43,1,5,ok,10976,13696044.146999998,925747.19999999984,11853328.831,0,916968.11600000004,5,1,1,1
43,1,6,ok,8624,13653954.6876,926650.36800000002,11638679.780400001,0,1088624.5392,3,1,1,2
43,1,7,ok,7840,13974445.426200002,929359.87199999997,12019829.742200002,0,1025255.812,7,1,1,1
43,1,8,ok,6272,13674039.0912,924844.03199999989,11609512.959999999,0,1139682.0992000001,4,1,1,2
43,1,9,ok,6272,14259985.945199998,926650.3679999999,12204248.957999999,0,1129086.6192000001,9,1,1,1
43,1,10,ok,5488,14037374.067,925747.19999999984,11918167.871000001,0,1193458.996,5,1,1,2
43,1,11,ok,4704,14344943.434799999,933875.71199999982,12171146.614,0,1239921.1088,11,1,1,1
43,1,12,ok,4312,14497658.290800003,926650.36800000002,11928862.129200002,0,1642145.7936,3,1,2,2
43,1,13,ok,4480,14184082.392999999,927553.53599999996,11915323.7346,0,1341205.1224000002,13,1,1,1
43,1,14,ok,3584,15541261.9264,924844.03200000001,12201371.033600001,0,2415046.8608000004,2,1,1,7
43,1,15,ok,4032,14504058.225000001,934778.88,12117239.733000001,0,1452039.612,15,1,1,1
43,1,16,ok,3136,14149888.2048,924844.03199999989,11873880.2688,0,1351163.9040000001,8,1,1,2
43,2,1,ok,100352,25611313.766399998,1849688.0639999998,22628147.6096,0,1133478.0928000002,1,1,1,1
43,2,2,ok,50176,25849238.323199999,1849688.0639999998,22760331.263999999,0,1239218.9952000002,2,1,1,1
43,2,3,ok,34496,26282920.6008,1853300.736,23082652.668000001,0,1346967.1968,3,1,1,1
43,2,4,ok,25088,26190235.238399997,1849688.0639999998,22825107.046399999,0,1515440.128,2,1,1,2
43,2,5,ok,21952,27050758.373999998,1851494.3999999997,23641818.621999998,0,1557445.352,5,1,1,1
43,2,6,ok,17248,26624583.525600009,1853300.736,23147554.965600006,0,1623727.824,3,1,1,2
43,2,7,ok,14336,28457620.889600001,1849688.064,23817127.935999997,0,2790804.8896000003,1,1,1,7
43,2,8,ok,12544,26666084.351999998,1849688.0639999998,23089474.3552,0,1726921.9328000001,4,1,1,2
43,2,9,ok,12544,28178308.965600003,1853300.7359999998,24343595.6184,0,1981412.6112000004,9,1,1,1
43,2,10,ok,10976,27392088.293999996,1851494.3999999997,23706657.662,0,1833936.2320000001,5,1,1,2
43,2,11,ok,9408,28345559.906400003,1867751.4239999996,24276884.869600002,0,2200923.6128000002,11,1,1,1
43,2,12,ok,8624,27307909.3752,1853300.736,23277359.560800001,0,2177249.0784,3,2,1,2
43,2,13,ok,8960,27831272.1908,1855107.0719999999,23570785.248399999,0,2405379.8704000004,13,1,1,1
43,2,14,ok,7168,28695545.446400002,1849688.064,23949311.590399999,0,2896545.7920000004,2,1,1,7
43,2,15,ok,7392,29960741.430000003,1985679.3599999996,25444609.038000003,0,2530453.0320000001,3,1,1,5
43,2,16,ok,6272,27348078.182399999,1849688.0639999998,23219025.919999998,0,2279364.1984000001,4,2,1,2
43,4,1,ok,200704,50881630.617600001,3699376.1279999996,45191519.436800003,0,1990735.0528000002,1,1,1,1
43,4,2,ok,100352,51155256.115199998,3699376.1279999996,45253663.129599996,0,2202216.8576000002,2,1,1,1
43,4,3,ok,67424,51590138.212800011,3706601.4720000001,45466362.974400006,0,2417173.7664000001,3,1,1,1
43,4,4,ok,50176,51690580.377599999,3699376.1279999996,45512766.259199999,0,2478437.9904000005,2,1,1,2
43,4,5,ok,40768,52183591.499999993,3702988.7999999993,45642202.875999995,0,2838399.824,5,1,1,1
43,4,6,ok,33712,52126508.030400008,3706601.4720000001,45725972.164800003,0,2693934.3936000001,3,1,1,2
43,4,7,ok,28672,54528263.372799993,3699376.128,47180825.395199992,0,3648061.8496000003,1,1,1,7
43,4,8,ok,25088,52245727.641599998,3699376.1279999996,45644949.913599998,0,2901401.6000000006,4,1,1,2
43,4,9,ok,23520,53723421.028799996,3706601.4719999996,46330754.961599991,0,3686064.5951999999,9,1,1,1
43,4,10,ok,20384,52719438.539999992,3702988.7999999993,45901559.035999998,0,3114890.7039999999,5,1,1,2
43,4,11,ok,18816,54361987.627199993,3735502.8479999993,46503556.158399999,0,4122928.6208000001,11,1,1,1
43,4,12,ok,16856,53840758.680000007,3706601.4720000001,46886701.560000002,0,3247455.648,3,1,2,2
43,4,13,ok,15680,54483515.517600007,3710214.1439999999,46239572.007200003,0,4533729.3664000006,13,1,1,1
43,4,14,ok,14336,54819143.68,3699376.128,47260223.897599995,0,3859543.6544000003,2,1,1,7
43,4,15,ok,14112,55745870.148000002,3739115.52,47036161.236000001,0,4970593.3920000009,15,1,1,1
43,4,16,ok,12544,53332168.703999996,3699376.1279999996,46178948.7104,0,3453843.8656000001,4,2,1,2
43,8,1,ok,401408,101422264.31999999,7398752.2559999991,90318263.091199994,0,3705248.9728000006,1,1,1,1
43,8,2,ok,200704,101763261.2352,7398752.2559999991,90383038.873600006,0,3981470.1056000004,1,1,1,2
43,8,3,ok,134848,102643906.60800001,7413202.9440000001,90673116.758400023,0,4557586.9056000002,3,1,1,1
43,8,4,ok,100352,102310512.2304,7398752.2559999991,90507326.259199992,0,4404433.7152000004,2,1,1,2
43,8,5,ok,81536,103831335.96000001,7405977.5999999987,91025049.592000008,0,5400308.7679999992,5,1,1,1
43,8,6,ok,67424,103180276.42560002,7413202.9440000001,90932725.948800012,0,4834347.5328000002,3,1,1,2
43,8,7,ok,57344,105891017.52319999,7398752.2560000001,92706725.887999997,0,5785539.3792000012,1,1,1,7
43,8,8,ok,50176,103381160.7552,7398752.2559999991,91025532.518399999,0,4956875.980800001,2,2,1,2
43,8,9,ok,47040,106910472.23999999,7413202.9439999992,92401900.732799992,0,7095368.5632000007,9,1,1,1
43,8,10,ok,40768,104367182.99999999,7405977.5999999987,91284405.751999989,0,5676799.648,5,1,1,2
43,8,11,ok,37632,108183423.21599999,7471005.6959999986,92745478.88319999,0,7966938.6368000004,11,1,1,1
43,8,12,ok,33712,104253016.06080002,7413202.9440000001,91451944.329600006,0,5387868.7872000001,3,2,1,2
43,8,13,ok,31360,108430138.44,7420428.2879999997,92219281.793599993,0,8790428.3584000021,13,1,1,1
43,8,14,ok,28672,105891017.52319999,7398752.2560000001,92706725.887999997,0,5785539.3792000012,2,1,1,7
43,8,15,ok,28224,110950665.47999999,7478231.04,93810436.008000001,0,9661998.432,15,1,1,1
43,8,16,ok,25088,104491455.2832,7398752.2559999991,91289899.827199996,0,5802803.2000000011,4,2,1,2
43,16,1,ok,802816,202503531.72479999,14797504.511999998,180571750.40000001,0,7134276.8128000004,1,1,1,1
43,16,2,ok,401408,202844528.63999999,14797504.511999998,180636526.18239999,0,7410497.9456000011,1,1,1,2
43,16,3,ok,269696,204751443.39840004,14826405.888,181086624.32640004,0,8838413.1840000004,3,1,1,1
43,16,4,ok,200704,203526522.47040001,14797504.511999998,180766077.74720001,0,7962940.2112000007,1,2,1,2
43,16,5,ok,163072,207126824.88000003,14811955.199999997,181790743.02399999,0,10524126.655999999,5,1,1,1
43,16,6,ok,134848,205287813.21600002,14826405.888,181346233.51680005,0,9115173.8112000003,3,1,1,2
43,16,7,ok,114688,208034765.20959997,14797504.512,183599729.86879995,0,9637530.8288000003,1,1,1,7
43,16,8,ok,100352,204621024.46079999,14797504.511999998,181014652.51839998,0,8808867.4304000009,2,2,1,2
43,16,9,ok,94080,213284574.66239998,14826405.887999998,184544192.27519998,0,13913976.499200001,9,1,1,1
43,16,10,ok,81536,207662671.92000002,14811955.199999997,182050099.18400002,0,10800617.535999998,5,1,1,2
43,16,11,ok,75264,215826294.39359999,14942011.391999997,185229324.3328,0,15654958.6688,11,1,1,1
43,16,12,ok,67424,206360552.85120004,14826405.888,181865451.89760002,0,9668695.0656000003,3,2,1,2
43,16,13,ok,62720,216323384.28479999,14840856.575999999,184178701.3664,0,17303826.342399999,13,1,1,1
43,16,14,ok,57344,208034765.20959997,14797504.512,183599729.86879995,0,9637530.8288000003,2,1,1,7
43,16,15,ok,56448,221360256.14400002,14956462.08,187358985.55200002,0,19044808.511999998,15,1,1,1
43,16,16,ok,50176,206762321.5104,14797504.511999998,182051065.0368,0,9913751.9616000019,2,4,1,2
43,32,1,ok,1605632,404666066.53439999,29595009.023999996,361078725.0176,0,13992332.492800001,1,1,1,1
43,32,2,ok,802816,405007063.44959998,29595009.023999996,361143500.80000001,0,14268553.625600001,1,1,1,2
43,32,3,ok,539392,408966516.97920001,29652811.776000001,361913639.46240008,0,17400065.740800001,3,1,1,1
43,32,4,ok,401408,405689057.27999997,29595009.023999996,361273052.36479998,0,14820995.891200002,1,2,1,2
43,32,5,ok,326144,413717802.71999991,29623910.399999995,363322129.88799995,0,20771762.432,5,1,1,1
43,32,6,ok,269696,409502886.79680008,29652811.776000001,362173248.65280008,0,17676826.368000001,3,1,1,2
43,32,7,ok,229376,412322260.58240008,29595009.024,365385737.83039999,0,17341513.728,1,1,1,7
43,32,8,ok,200704,407053044.94080001,29595009.023999996,361532155.49440002,0,15925880.422400001,1,4,1,2
43,32,9,ok,188160,426032779.5072,29652811.775999997,368828775.36000001,0,27551192.371200003,9,1,1,1
43,32,10,ok,163072,414253649.76000005,29623910.399999995,363581486.04799998,0,21048253.311999999,5,1,1,2
43,32,11,ok,150528,420711194.11199999,30519853.055999998,373008168.75519997,0,17183172.300800003,1,11,1,1
43,32,12,ok,134848,410575626.43200004,29652811.776000001,362692467.03360009,0,18230347.622400001,3,2,1,2
43,32,13,ok,125440,432109875.97440004,29681713.151999999,368097540.51200002,0,34330622.310400002,13,1,1,1
43,32,14,ok,114688,412322260.58240008,29595009.024,365385737.83039999,0,17341513.728,2,1,1,7
43,32,15,ok,112896,442179437.47200006,29912924.16,374456084.64000005,0,37810428.672000006,15,1,1,1
43,32,16,ok,100352,409242048.92159998,29595009.023999996,362029305.03679997,0,17617734.860800002,2,4,1,2
43,64,1,ok,3211264,808991136.15359998,59190018.047999993,722092674.25279999,0,27708443.852800004,1,1,1,1
43,64,2,ok,1605632,809332133.06879997,59190018.047999993,722157450.0352,0,27984664.985600002,1,1,1,2
43,64,3,ok,1078784,817396664.14080012,59305623.552000001,723567669.73440015,0,34523370.854400001,3,1,1,1
43,64,4,ok,802816,810014126.89919996,59190018.047999993,722287001.60000002,0,28537107.251200002,1,2,1,2
43,64,5,ok,652288,822990282.23999989,60114862.079999998,733633463.29599988,0,29241956.864,1,5,1,1
43,64,6,ok,539392,817933033.95840001,59305623.552000001,723827278.92480016,0,34800131.481600001,3,1,1,2
43,64,7,ok,458752,820897251.32799983,59190018.048,728957753.75359988,0,32749479.526400007,1,1,1,7
43,64,8,ok,401408,811378114.55999994,59190018.047999993,722546104.72959995,0,29641991.782400005,1,4,1,2
43,64,9,ok,376320,851529189.19679976,59305623.551999994,737397941.52959991,0,54825624.115200005,9,1,1,1
43,64,10,ok,326144,824695266.81599998,60114862.079999998,733957342.20799994,0,30623062.527999997,1,5,1,2
43,64,11,ok,301056,837671422.15680003,61039706.111999996,745303803.90400004,0,31327912.140800007,1,11,1,1
43,64,12,ok,269696,819005773.59360015,59305623.552000001,724346497.30560017,0,35353652.736000001,3,2,1,2
43,64,13,ok,250880,825718257.56159985,60114862.079999991,734151669.55519986,0,31451725.926400002,1,13,1,1
43,64,14,ok,229376,820897251.32799983,59190018.048,728957753.75359988,0,32749479.526400007,2,1,1,7
43,64,15,ok,224224,844799189.0940001,60232273.919999994,748401398.52600002,0,36165516.648000002,3,5,1,1
43,64,16,ok,200704,814106089.88160002,59190018.047999993,723064310.98880005,0,31851760.844800003,1,8,1,2
44,1,1,ok,6272,35042.918400000002,35042.918400000002,0,0,0,1,1,1,1
44,1,2,ok,3136,35042.918400000002,35042.918400000002,0,0,0,1,1,1,2
44,1,3,ok,2095,35111.361600000004,35111.361600000004,0,0,0,3,1,1,1
44,1,4,ok,1568,35042.918400000002,35042.918400000002,0,0,0,2,1,1,2
44,1,5,ok,1256,35077.139999999999,35077.139999999999,0,0,0,5,1,1,1
44,1,6,ok,1048,35111.361600000004,35111.361600000004,0,0,0,3,1,1,2
44,1,7,ok,896,35042.918399999995,35042.918399999995,0,0,0,1,1,1,7
44,1,8,ok,784,35042.918400000002,35042.918400000002,0,0,0,2,1,2,2
44,1,9,ok,699,35111.361600000004,35111.361600000004,0,0,0,9,1,1,1
44,1,10,ok,628,35077.139999999999,35077.139999999999,0,0,0,5,1,1,2
44,1,11,ok,576,35385.134400000003,35385.134400000003,0,0,0,11,1,1,1
44,1,12,ok,524,35111.361600000004,35111.361600000004,0,0,0,3,1,2,2
44,1,13,ok,484,35145.583200000001,35145.583200000001,0,0,0,13,1,1,1
44,1,14,ok,448,35042.918399999995,35042.918399999995,0,0,0,2,1,1,7
44,1,15,ok,423,35419.356,35419.356,0,0,0,15,1,1,1
44,1,16,ok,392,35042.918400000002,35042.918400000002,0,0,0,4,1,2,2
44,2,1,ok,12544,70085.836800000005,70085.836800000005,0,0,0,1,1,1,1
44,2,2,ok,6272,70085.836800000005,70085.836800000005,0,0,0,1,1,1,2
44,2,3,ok,4190,70222.723200000008,70222.723200000008,0,0,0,3,1,1,1
44,2,4,ok,3136,70085.836800000005,70085.836800000005,0,0,0,1,2,1,2
44,2,5,ok,2512,70154.279999999999,70154.279999999999,0,0,0,5,1,1,1
44,2,6,ok,2095,70222.723200000008,70222.723200000008,0,0,0,3,1,1,2
44,2,7,ok,1792,70085.83679999999,70085.83679999999,0,0,0,1,1,1,7
44,2,8,ok,1568,70085.836800000005,70085.836800000005,0,0,0,1,2,2,2
44,2,9,ok,1397,70222.723200000008,70222.723200000008,0,0,0,9,1,1,1
44,2,10,ok,1256,70154.279999999999,70154.279999999999,0,0,0,5,1,1,2
44,2,11,ok,1152,70770.268800000005,70770.268800000005,0,0,0,11,1,1,1
44,2,12,ok,1048,70222.723200000008,70222.723200000008,0,0,0,3,1,2,2
44,2,13,ok,968,70291.166400000002,70291.166400000002,0,0,0,13,1,1,1
44,2,14,ok,896,70085.83679999999,70085.83679999999,0,0,0,1,2,1,7
44,2,15,ok,846,70838.712,70838.712,0,0,0,15,1,1,1
44,2,16,ok,784,70085.836800000005,70085.836800000005,0,0,0,2,2,2,2
44,4,1,ok,25088,140171.67360000001,140171.67360000001,0,0,0,1,1,1,1
44,4,2,ok,12544,140171.67360000001,140171.67360000001,0,0,0,1,1,1,2
44,4,3,ok,8379,140445.44640000002,140445.44640000002,0,0,0,3,1,1,1
44,4,4,ok,6272,140171.67360000001,140171.67360000001,0,0,0,1,2,1,2
44,4,5,ok,5023,140308.56,140308.56,0,0,0,5,1,1,1
44,4,6,ok,4190,140445.44640000002,140445.44640000002,0,0,0,3,1,1,2
44,4,7,ok,3584,140171.67359999998,140171.67359999998,0,0,0,1,1,1,7
44,4,8,ok,3136,140171.67360000001,140171.67360000001,0,0,0,1,2,2,2
44,4,9,ok,2793,140445.44640000002,140445.44640000002,0,0,0,9,1,1,1
44,4,10,ok,2512,140308.56,140308.56,0,0,0,5,1,1,2
44,4,11,ok,2303,141540.53760000001,141540.53760000001,0,0,0,11,1,1,1
44,4,12,ok,2095,140445.44640000002,140445.44640000002,0,0,0,3,1,2,2
44,4,13,ok,1936,140582.3328,140582.3328,0,0,0,13,1,1,1
44,4,14,ok,1792,140171.67359999998,140171.67359999998,0,0,0,1,2,1,7
44,4,15,ok,1691,141677.424,141677.424,0,0,0,15,1,1,1
44,4,16,ok,1568,140171.67360000001,140171.67360000001,0,0,0,2,2,2,2
44,8,1,ok,50176,280343.34720000002,280343.34720000002,0,0,0,1,1,1,1
44,8,2,ok,25088,280343.34720000002,280343.34720000002,0,0,0,1,1,1,2
44,8,3,ok,16758,280890.89280000003,280890.89280000003,0,0,0,3,1,1,1
44,8,4,ok,12544,280343.34720000002,280343.34720000002,0,0,0,1,2,1,2
44,8,5,ok,10045,280617.12,280617.12,0,0,0,5,1,1,1
44,8,6,ok,8379,280890.89280000003,280890.89280000003,0,0,0,3,1,1,2
44,8,7,ok,7168,280343.34719999996,280343.34719999996,0,0,0,1,1,1,7
44,8,8,ok,6272,280343.34720000002,280343.34720000002,0,0,0,1,2,2,2
44,8,9,ok,5586,280890.89280000003,280890.89280000003,0,0,0,9,1,1,1
44,8,10,ok,5023,280617.12,280617.12,0,0,0,5,1,1,2
44,8,11,ok,4606,283081.07520000002,283081.07520000002,0,0,0,11,1,1,1
44,8,12,ok,4190,280890.89280000003,280890.89280000003,0,0,0,3,1,2,2
44,8,13,ok,3871,281164.66560000001,281164.66560000001,0,0,0,13,1,1,1
44,8,14,ok,3584,280343.34719999996,280343.34719999996,0,0,0,1,2,1,7
44,8,15,ok,3381,283354.848,283354.848,0,0,0,15,1,1,1
44,8,16,ok,3136,280343.34720000002,280343.34720000002,0,0,0,2,2,2,2
44,16,1,ok,100352,560686.69440000004,560686.69440000004,0,0,0,1,1,1,1
44,16,2,ok,50176,560686.69440000004,560686.69440000004,0,0,0,1,1,1,2
44,16,3,ok,33516,561781.78560000006,561781.78560000006,0,0,0,3,1,1,1
44,16,4,ok,25088,560686.69440000004,560686.69440000004,0,0,0,1,2,1,2
44,16,5,ok,20090,561234.23999999999,561234.23999999999,0,0,0,5,1,1,1
44,16,6,ok,16758,561781.78560000006,561781.78560000006,0,0,0,3,1,1,2
44,16,7,ok,14336,560686.69439999992,560686.69439999992,0,0,0,1,1,1,7
44,16,8,ok,12544,560686.69440000004,560686.69440000004,0,0,0,1,2,2,2
44,16,9,ok,11172,561781.78560000006,561781.78560000006,0,0,0,9,1,1,1
44,16,10,ok,10045,561234.23999999999,561234.23999999999,0,0,0,5,1,1,2
44,16,11,ok,9212,566162.15040000004,566162.15040000004,0,0,0,11,1,1,1
44,16,12,ok,8379,561781.78560000006,561781.78560000006,0,0,0,3,1,2,2
44,16,13,ok,7742,562329.33120000002,562329.33120000002,0,0,0,13,1,1,1
44,16,14,ok,7168,560686.69439999992,560686.69439999992,0,0,0,1,2,1,7
44,16,15,ok,6762,566709.696,566709.696,0,0,0,15,1,1,1
44,16,16,ok,6272,560686.69440000004,560686.69440000004,0,0,0,2,2,2,2
44,32,1,ok,200704,1121373.3888000001,1121373.3888000001,0,0,0,1,1,1,1
44,32,2,ok,100352,1121373.3888000001,1121373.3888000001,0,0,0,1,1,1,2
44,32,3,ok,67032,1123563.5712000001,1123563.5712000001,0,0,0,3,1,1,1
44,32,4,ok,50176,1121373.3888000001,1121373.3888000001,0,0,0,1,2,1,2
44,32,5,ok,40180,1122468.48,1122468.48,0,0,0,5,1,1,1
44,32,6,ok,33516,1123563.5712000001,1123563.5712000001,0,0,0,3,1,1,2
44,32,7,ok,28672,1121373.3887999998,1121373.3887999998,0,0,0,1,1,1,7
44,32,8,ok,25088,1121373.3888000001,1121373.3888000001,0,0,0,1,2,2,2
44,32,9,ok,22344,1123563.5712000001,1123563.5712000001,0,0,0,9,1,1,1
44,32,10,ok,20090,1122468.48,1122468.48,0,0,0,5,1,1,2
44,32,11,ok,18424,1132324.3008000001,1132324.3008000001,0,0,0,11,1,1,1
44,32,12,ok,16758,1123563.5712000001,1123563.5712000001,0,0,0,3,1,2,2
44,32,13,ok,15484,1124658.6624,1124658.6624,0,0,0,13,1,1,1
44,32,14,ok,14336,1121373.3887999998,1121373.3887999998,0,0,0,1,2,1,7
44,32,15,ok,13524,1133419.392,1133419.392,0,0,0,15,1,1,1
44,32,16,ok,12544,1121373.3888000001,1121373.3888000001,0,0,0,2,2,2,2
44,64,1,ok,401408,2242746.7776000001,2242746.7776000001,0,0,0,1,1,1,1
44,64,2,ok,200704,2242746.7776000001,2242746.7776000001,0,0,0,1,1,1,2
44,64,3,ok,134064,2247127.1424000002,2247127.1424000002,0,0,0,3,1,1,1
44,64,4,ok,100352,2242746.7776000001,2242746.7776000001,0,0,0,1,2,1,2
44,64,5,ok,80360,2244936.96,2244936.96,0,0,0,5,1,1,1
44,64,6,ok,67032,2247127.1424000002,2247127.1424000002,0,0,0,3,1,1,2
44,64,7,ok,57344,2242746.7775999997,2242746.7775999997,0,0,0,1,1,1,7
44,64,8,ok,50176,2242746.7776000001,2242746.7776000001,0,0,0,1,2,2,2
44,64,9,ok,44688,2247127.1424000002,2247127.1424000002,0,0,0,9,1,1,1
44,64,10,ok,40180,2244936.96,2244936.96,0,0,0,5,1,1,2
44,64,11,ok,36848,2264648.6016000002,2264648.6016000002,0,0,0,11,1,1,1
44,64,12,ok,33516,2247127.1424000002,2247127.1424000002,0,0,0,3,1,2,2
44,64,13,ok,30968,2249317.3248000001,2249317.3248000001,0,0,0,13,1,1,1
44,64,14,ok,28672,2242746.7775999997,2242746.7775999997,0,0,0,1,2,1,7
44,64,15,ok,27048,2266838.784,2266838.784,0,0,0,15,1,1,1
44,64,16,ok,25088,2242746.7776000001,2242746.7776000001,0,0,0,2,2,2,2
45,1,1,ok,50176,12853767.731199998,924844.03199999989,11347281.254399998,0,581642.44480000006,1,1,1,1
45,1,2,ok,25088,13274797.209599998,924844.03199999989,11492089.599999998,0,857863.57760000008,1,1,1,2
45,1,3,ok,17920,14549579.750399999,990904.32000000007,12402774.911999999,0,1155900.5184000002,1,1,1,3
45,1,4,ok,12544,13750646.323199999,924844.03199999989,11756456.908799998,0,1069345.3824000002,2,1,1,2
45,1,5,ok,10752,15311606.144000001,990904.31999999983,12612359.040000001,0,1708342.784,1,1,1,5
45,1,6,ok,8960,15059418.086400002,990904.32000000007,12686025.600000001,0,1382488.1664000002,2,1,1,3
45,1,7,ok,7168,14899749.222399998,924844.03200000001,11735935.948799999,0,2238969.2415999998,1,1,1,7
45,1,8,ok,6272,14432640.153599998,924844.03199999989,11886008.473599998,0,1621787.6480000003,2,1,2,2
45,1,9,ok,6720,15992228.302199999,998645.75999999989,13377246.471000001,0,1616336.0712000001,3,1,1,3
45,1,10,ok,5376,15821444.48,990904.31999999983,12895609.728,0,1934930.432,2,1,1,5
45,1,11,ok,5376,16100972.184000002,953745.40799999994,12439198.7632,0,2708028.0128000001,11,1,1,1
45,1,12,ok,4704,15306209.766000001,932069.37599999993,12531505.124399999,0,1842635.2656,3,1,2,2
45,1,13,ok,5376,16965255.372000001,939294.71999999986,12900752.7896,0,3125207.8624000004,13,1,1,1
45,1,14,ok,3584,15375598.335999999,924844.03200000001,12000303.2576,0,2450451.0463999999,2,1,1,7
45,1,15,ok,4032,16760208.027000003,998645.75999999989,13588467.975,0,2173094.2919999999,3,1,1,5
45,1,16,ok,3136,15384338.380799998,924844.03199999989,12414743.091199998,0,2044751.2576000004,4,1,2,2
45,2,1,ok,100352,25366538.547199994,1849688.0639999998,22629786.726399995,0,887063.75680000009,1,1,1,1
45,2,2,ok,50176,25707535.462399997,1849688.0639999998,22694562.508799996,0,1163284.8896000001,1,2,1,1
45,2,3,ok,35840,28076168.755200002,1981808.6400000001,24611222.476800002,0,1483137.6384000001,1,1,1,3
45,2,4,ok,25088,26549594.419199996,1849688.0639999998,22984179.199999996,0,1715727.1552000002,1,2,1,2
45,2,5,ok,21504,28918227.711999997,1981808.6399999997,24900839.167999998,0,2035579.9040000001,1,1,1,5
45,2,6,ok,17920,29095845.427200001,1981808.6400000001,25177723.852799997,0,1936312.9344000004,2,1,1,3
45,2,7,ok,14336,27412520.038399998,1849688.064,23018441.4208,0,2544390.5536000002,1,1,1,7
45,2,8,ok,12544,27501292.646399997,1849688.0639999998,23512913.817599997,0,2138690.7648000005,2,1,2,2
45,2,9,ok,12800,31951621.094399996,2123366.3999999999,26641042.099199999,0,3187212.5951999999,1,1,3,3
45,2,10,ok,10752,29937904.384,1981808.6399999997,25467340.544,0,2488755.2000000002,2,1,1,5
45,2,11,ok,10752,31649891.222399998,1907490.8159999999,24611197.423999999,0,5131202.9824000001,11,1,1,1
45,2,12,ok,8960,30118836.172800004,1981808.6400000001,25372051.200000003,0,2764976.3328000004,2,2,1,3
45,2,13,ok,10752,33386822.039999999,1878589.4399999997,25538353.963200003,0,5969878.6368000004,13,1,1,1
45,2,14,ok,7168,28364218.265600003,1849688.064,23547176.038399998,0,2967354.1632000003,2,1,1,7
45,2,15,ok,7168,33128522.495999999,1981808.6400000001,26348922.624000002,0,4797791.2319999998,1,1,1,15
45,2,16,ok,6272,28865280.307199996,1849688.0639999998,23772016.947199997,0,3243575.2960000006,2,2,2,2
45,4,1,ok,200704,50392080.179199994,3699376.1279999996,45194797.670399994,0,1497906.3808000002,1,1,1,1
45,4,2,ok,100352,50733077.094399989,3699376.1279999996,45259573.452799991,0,1774127.5136000002,1,2,1,1
45,4,3,ok,68992,52628151.192000002,3728277.5039999997,45705019.281599998,0,3194854.4064000007,3,1,1,1
45,4,4,ok,50176,51415070.924799994,3699376.1279999996,45389125.017599992,0,2326569.7792000002,1,4,1,1
45,4,5,ok,43008,56131470.848000005,3963617.2799999993,49477799.424000002,0,2690054.1440000003,1,1,1,5
45,4,6,ok,34496,53490288.945600003,3728277.5039999997,46288777.924800001,0,3473233.5168000003,3,1,1,2
45,4,7,ok,28672,52438061.670400009,3699376.128,45583452.364799999,0,3155233.1776000005,1,1,1,7
45,4,8,ok,25088,52829703.16799999,3699376.1279999996,45957830.041599989,0,3172496.9984000004,2,1,2,2
45,4,9,ok,24640,57911728.543199994,3994583.0399999996,49957213.211999997,0,3959932.2911999999,3,1,1,3
45,4,10,ok,21504,57442956.800000004,3963617.2799999993,49882934.784000002,0,3596404.7360000005,2,1,1,5
45,4,11,ok,18816,62417594.975999996,3814981.6319999998,48625060.422399998,0,9977552.9216000009,11,1,1,1
45,4,12,ok,17248,54569301.912,3728277.5039999997,46811032.670399994,0,4029991.7376000006,3,1,2,2
45,4,13,ok,18816,65904823.088000007,3757178.8799999994,50488424.022399999,0,11659220.185600001,13,1,1,1
45,4,14,ok,14336,54115545.702399999,3699376.128,46415009.177600004,0,4001160.3968000007,2,1,1,7
45,4,15,ok,14336,61142091.264000006,3963617.2800000003,51726208.512000002,0,5452265.472000001,1,1,1,15
45,4,16,ok,12544,55002585.292799994,3699376.1279999996,47025827.635199994,0,4277381.5296000009,2,2,2,2
45,8,1,ok,401408,100443163.44319999,7398752.2559999991,90324819.55839999,0,2719591.6288000001,1,1,1,1
45,8,2,ok,200704,100784160.35839999,7398752.2559999991,90389595.340799987,0,2995812.7616000003,1,2,1,1
45,8,3,ok,137984,104716795.90080002,7456555.0079999994,91148911.190400004,0,6111329.7024000008,3,1,1,1
45,8,4,ok,100352,101466154.18879998,7398752.2559999991,90519146.905599982,0,3548255.0272000004,1,4,1,1
45,8,5,ok,86016,110557957.11999999,7927234.5599999987,98631719.93599999,0,3999002.6240000008,1,1,1,5
45,8,6,ok,68992,105256302.384,7456555.0079999994,91410038.563199997,0,6389708.8128000014,3,2,1,1
45,8,7,ok,57344,102489144.93439999,7398752.2560000001,90713474.252800003,0,4376918.4256000007,1,1,1,7
45,8,8,ok,50176,102830141.84959999,7398752.2559999991,90778250.035199985,0,4653139.5584000004,1,8,1,1
45,8,9,ok,49280,114204937.63679999,7989166.0799999991,99131044.305599988,0,7084727.2511999998,3,1,1,3
45,8,10,ok,43008,112209292.288,7927234.5599999987,98470353.920000017,0,5811703.8080000002,2,1,1,5
45,8,11,ok,37632,124283136.8064,7629963.2639999995,96982920.742399991,0,19670252.800000001,11,1,1,1
45,8,12,ok,34496,106980577.89120001,7456555.0079999994,92577555.849600002,0,6946467.0336000007,3,1,2,2
45,8,13,ok,37632,131265957.472,7514357.7599999988,100713696.4288,0,23037903.283200003,13,1,1,1
45,8,14,ok,28672,104483821.56799999,7398752.2560000001,91016296.448000014,0,6068772.864000001,2,1,1,7
45,8,15,ok,28672,117169228.8,7927234.5600000005,102480780.288,0,6761213.9520000005,1,1,1,15
45,8,16,ok,25088,105659406.33599998,7398752.2559999991,91915660.083199978,0,6344993.9968000008,2,2,2,2
45,16,1,ok,802816,200545329.97119996,14797504.511999998,180584863.33439997,0,5162962.1248000003,1,1,1,1
45,16,2,ok,401408,200886326.88639998,14797504.511999998,180649639.11679998,0,5439183.2576000001,1,2,1,1
45,16,3,ok,275968,208894085.3184,14913110.015999999,182036695.00800002,0,11944280.294399999,3,1,1,1
45,16,4,ok,200704,201568320.71679997,14797504.511999998,180779190.68159997,0,5991625.5232000006,1,4,1,1
45,16,5,ok,172032,219410929.664,15854469.119999997,196939560.96000001,0,6616899.5839999998,1,1,1,5
45,16,6,ok,137984,209433591.80160004,14913110.015999999,182297822.38080001,0,12222659.404800002,3,2,1,1
45,16,7,ok,114688,202591311.46240002,14797504.512,180973518.02880001,0,6820288.9216000009,1,1,1,7
45,16,8,ok,100352,202932308.37759995,14797504.511999998,181038293.81119996,0,7096510.0544000007,1,8,1,1
45,16,9,ok,98560,226791355.82399994,15978332.159999998,197478706.49279997,0,13334317.171200002,3,1,1,3
45,16,10,ok,86016,221115914.23999998,15854469.119999997,197263439.87199998,0,7998005.2480000015,1,2,1,5
45,16,11,ok,75264,248014220.46719998,15259926.527999999,193698641.38239998,0,39055652.5568,11,1,1,1
45,16,12,ok,68992,210512604.76800001,14913110.015999999,182820077.12639999,0,12779417.625600003,3,4,1,1
45,16,13,ok,75264,261988226.24000001,15028715.519999998,201164241.24160001,0,45795269.478400007,13,1,1,1
45,16,14,ok,57344,204978289.86879998,14797504.512,181426948.50560001,0,8753836.8512000013,1,2,1,7
45,16,15,ok,57344,229223503.87199995,15854469.120000001,203989923.83999997,0,9379110.9120000005,1,1,1,15
45,16,16,ok,50176,205660283.69919997,14797504.511999998,181556500.07039997,0,9306279.1168000009,1,16,1,1
45,32,1,ok,1605632,400749663.02719992,29595009.023999996,361104950.88639992,0,10049703.116800001,1,1,1,1
45,32,2,ok,802816,401090659.94239992,29595009.023999996,361169726.66879994,0,10325924.249600001,1,2,1,1
45,32,3,ok,551936,413944427.67359996,30519853.056000002,372517007.92319995,0,10907566.694400001,1,3,1,1
45,32,4,ok,401408,401772653.77279997,29595009.023999996,361299278.23359996,0,10878366.5152,1,4,1,1
45,32,5,ok,344064,437116874.75200003,31708938.239999995,393555243.00800002,0,11852693.504000001,1,1,1,5
45,32,6,ok,275968,417608493.00479996,30519853.056000002,375352409.85599995,0,11736230.092800001,1,3,1,2
45,32,7,ok,229376,402795644.51839995,29595009.024,361493605.5808,0,11707029.913600001,1,1,1,7
45,32,8,ok,200704,403136641.43359995,29595009.023999996,361558381.36319995,0,11983251.046400001,1,8,1,1
45,32,9,ok,197120,449446409.39520007,32699842.559999999,403461751.68000001,0,13284815.155200001,1,3,1,3
45,32,10,ok,172032,438821859.32800001,31708938.239999995,393879121.92000002,0,13233799.168,1,2,1,5
45,32,11,ok,150528,416672402.99520004,30519853.055999998,373035214.18239999,0,13117335.7568,1,11,1,1
45,32,12,ok,137984,418867183.60320008,29826220.031999998,364595644.76160002,0,24445318.809600003,3,4,1,1
45,32,13,ok,150528,492431021.7216,36068917.247999996,440859798.57919997,0,15502305.894400001,1,13,1,1
45,32,14,ok,114688,405182622.92480004,29595009.024,361947036.05760002,0,13640577.843200002,1,2,1,7
45,32,15,ok,114688,453332054.01599997,31708938.240000002,407008210.94400001,0,14614904.832000002,1,1,1,15
45,32,16,ok,100352,405864616.75519991,29595009.023999996,362076587.62239993,0,14193020.108800001,1,16,1,1
45,64,1,ok,3211264,801158329.13919997,59190018.047999993,722145125.99039996,0,19823185.1008,1,1,1,1
45,64,2,ok,1605632,801499326.05439985,59190018.047999993,722209901.77279985,0,20099406.233600002,1,2,1,1
45,64,3,ok,1103872,826865864.60160005,61039706.112000003,744839688.49920011,0,20986469.990400001,1,3,1,1
45,64,4,ok,802816,802181319.88479984,59190018.047999993,722339453.33759987,0,20651848.499200001,1,4,1,1
45,64,5,ok,652288,815035087.61600006,60114862.079999998,733686734.59200001,0,21233490.944000002,1,5,1,1
45,64,6,ok,551936,827888855.34719992,61039706.112000003,745034015.8463999,0,21815133.388800003,1,6,1,1
45,64,7,ok,458752,803204310.63039994,59190018.048,722533780.68480003,0,21480511.897600003,1,1,1,7
45,64,8,ok,401408,803545307.54559994,59190018.047999993,722598556.46719992,0,21756733.030400001,1,8,1,1
45,64,9,ok,394240,895823846.55359995,65399685.119999997,806340521.31840014,0,24083640.115200002,1,3,1,3
45,64,10,ok,326144,821942188.79999995,60114862.079999998,739212730.11199999,0,22614596.608000003,1,5,1,2
45,64,11,ok,301056,829593839.92320013,61039706.111999996,745357894.75839996,0,23196239.052800003,1,11,1,1
45,64,12,ok,275968,835216986.00959992,61039706.112000003,750704819.71199989,0,23472460.185600001,1,3,2,2
45,64,13,ok,250880,817763062.93760002,60114862.079999991,734204940.8512001,0,23443260.0064,1,13,1,1
45,64,14,ok,229376,805591289.03679991,59190018.048,722987211.16159999,0,23414059.827200003,1,2,1,7
45,64,15,ok,232960,884343239.03999996,64408780.799999997,794520728.44799995,0,25413729.791999999,1,5,1,3
45,64,16,ok,200704,806273282.8671999,59190018.047999993,723116762.7263999,0,23966502.092800003,1,16,1,1
46,1,1,ok,112896,27001516.185600001,2080899.0719999999,24099439.155200001,0,821177.9584,1,1,1,1
46,1,2,ok,56448,27001516.185600001,2080899.0719999999,24099439.155200001,0,821177.9584,2,1,1,1
46,1,3,ok,42336,27987470.463600002,2097156.0959999999,25010676.606000002,0,879637.76160000009,3,1,1,1
46,1,4,ok,28224,27239440.742400005,2080899.0719999999,24231622.809600003,0,926918.86080000002,4,1,1,1
46,1,5,ok,24192,32265924.479999997,2229534.7199999997,26714958.719999999,0,3321431.04,1,1,1,5
46,1,6,ok,20160,30371291.827199996,2229534.7199999997,26063321.164799999,0,2078435.9424000001,2,1,1,3
46,1,7,ok,16128,32325267.609599993,2080899.0719999997,25694205.286399994,0,4550163.2511999998,1,1,1,7
46,1,8,ok,14112,27715289.856000006,2080899.0719999999,24495990.118400004,0,1138400.6656000002,8,1,1,1
46,1,9,ok,14112,28949089.829399999,2121541.6319999998,25622303.700600002,0,1205244.4968000001,9,1,1,1
46,1,10,ok,12096,32265924.479999997,2229534.7199999997,26714958.719999999,0,3321431.04,2,1,1,5
46,1,11,ok,12096,29327022.436799999,2145927.1679999996,25612479.428799998,0,1568615.8400000001,11,1,1,1
46,1,12,ok,10080,30626210.995199997,2229534.7199999997,26204946.508799996,0,2191729.7664000001,4,1,1,3
46,1,13,ok,12096,30237825.228,2113413.1200000001,26415916.539999999,0,1708495.568,13,1,1,1
46,1,14,ok,8064,32325267.609599993,2080899.0719999997,25694205.286399994,0,4550163.2511999998,2,1,1,7
46,1,15,ok,9072,33348364.442999996,2246952.96,27698269.958999995,0,3403141.5239999997,3,1,1,5
46,1,16,ok,7056,28662606.182400003,2080899.0719999999,24821808.896000002,0,1759898.2144000002,8,1,1,2
46,2,1,ok,225792,53235789.312000006,4161798.1439999999,48053132.800000004,0,1020858.368,1,1,1,1
46,2,2,ok,112896,53235789.312000006,4161798.1439999999,48053132.800000004,0,1020858.368,2,1,1,1
46,2,3,ok,84672,55201703.781599998,4194312.1919999998,49874469.064800002,0,1132922.5248,3,1,1,1
46,2,4,ok,56448,53711638.4256,4161798.1439999999,48317500.108800001,0,1232340.1728000001,4,1,1,1
46,2,5,ok,48384,60695633.664000005,4459069.4399999995,52701189.888000004,0,3535374.3360000001,1,1,1,5
46,2,6,ok,40320,58440854.476799995,4459069.4399999995,51689405.7984,0,2292379.2384000001,2,1,1,3
46,2,7,ok,32256,59279833.804799989,4161798.1439999994,50368191.999999993,0,4749843.6607999997,1,1,1,7
46,2,8,ok,28224,54478881.484800011,4161798.1439999999,48463245.619200006,0,1853837.7216,4,2,1,1
46,2,9,ok,28224,57115951.383599997,4243083.2639999995,51096015.298800007,0,1776852.8207999999,9,1,1,1
46,2,10,ok,24192,60695633.664000005,4459069.4399999995,52701189.888000004,0,3535374.3360000001,2,1,1,5
46,2,11,ok,24192,57411925.295999996,4291854.3359999992,50623758.627199993,0,2496312.3328000004,11,1,1,1
46,2,12,ok,20160,58950692.812800005,4459069.4399999995,51972656.486400001,0,2518966.8864000002,4,1,1,3
46,2,13,ok,24192,59252350.872000016,4226826.2400000002,52239741.944000006,0,2785782.6880000001,13,1,1,1
46,2,14,ok,16128,59279833.804799989,4161798.1439999994,50368191.999999993,0,4749843.6607999997,2,1,1,7
46,2,15,ok,18144,62830543.158,4493905.9199999999,54662119.181999996,0,3674518.0560000003,3,1,1,5
46,2,16,ok,14112,55430579.712000012,4161798.1439999999,48991980.236800008,0,2276801.3312000004,8,2,1,1
46,4,1,ok,451584,105704335.56480001,8323596.2879999997,95960520.089600012,0,1420219.1872,1,1,1,1
46,4,2,ok,225792,105704335.56480001,8323596.2879999997,95960520.089600012,0,1420219.1872,2,1,1,1
46,4,3,ok,155232,108203432.70240001,8388624.3839999996,97540870.852800012,0,2273937.4656000002,3,1,1,1
46,4,4,ok,112896,106471578.62400001,8323596.2879999997,96106265.600000009,0,2041716.736,2,2,1,1
46,4,5,ok,98784,109975737.648,8453652.4799999986,99451838.448000014,0,2070246.7200000002,5,1,1,1
46,4,6,ok,77616,110143242.648,8388624.3839999996,98854327.800000012,0,2900290.4640000002,3,1,1,2
46,4,7,ok,64512,113188966.19519998,8323596.2879999988,99716165.427199975,0,5149204.4800000004,1,1,1,7
46,4,8,ok,56448,107410462.92480001,8323596.2879999997,96397756.620800003,0,2689110.0160000003,8,1,1,1
46,4,9,ok,56448,112110971.4648,8486166.527999999,100704735.46800001,0,2920069.4687999999,9,1,1,1
46,4,10,ok,49392,111930584.88,8453652.4799999986,100775477.23200001,0,2701455.1679999996,5,1,1,2
46,4,11,ok,42336,111530367.3792,8583708.6719999984,99591939.039999992,0,3354719.6672,11,1,1,1
46,4,12,ok,38808,112571021.8224,8388624.3839999996,100029400.97760001,0,4152996.4608000005,3,1,2,2
46,4,13,ok,42336,115003372.848,8453652.4800000004,102787619.2096,0,3762101.1584000005,13,1,1,1
46,4,14,ok,32256,113188966.19519998,8323596.2879999988,99716165.427199975,0,5149204.4800000004,2,1,1,7
46,4,15,ok,33264,121997387.62799999,8987811.8399999999,108112541.72399999,0,4897034.0640000012,3,1,1,5
46,4,16,ok,28224,108957762.96960002,8323596.2879999997,96926491.238400012,0,3707675.4432000001,4,4,1,1
46,8,1,ok,903168,210641428.07040003,16647192.575999999,191775294.66880003,0,2218940.8256000001,1,1,1,1
46,8,2,ok,451584,210641428.07040003,16647192.575999999,191775294.66880003,0,2218940.8256000001,2,1,1,1
46,8,3,ok,310464,215192975.81760001,16777248.767999999,194494205.11680001,0,3921521.9328000005,3,1,1,1
46,8,4,ok,225792,211408671.12960002,16647192.575999999,191921040.17920002,0,2840438.3744000001,2,2,1,1
46,8,5,ok,197568,218728175.71200001,16907304.959999997,198311585.76000002,0,3509284.9920000001,5,1,1,1
46,8,6,ok,155232,216406865.40480003,16777248.767999999,195081741.70560002,0,4547874.9312000005,3,2,1,1
46,8,7,ok,129024,221007230.97599998,16647192.575999998,198412112.28159997,0,5947926.1184,1,1,1,7
46,8,8,ok,112896,212943157.24800003,16647192.575999999,192212531.20000002,0,4083433.4720000001,2,4,1,1
46,8,9,ok,112896,222993938.34719998,16972333.055999998,200815102.5264,0,5206502.7648,9,1,1,1
46,8,10,ok,98784,219951475.296,16907304.959999997,198903676.89600003,0,4140493.4400000004,5,2,1,1
46,8,11,ok,84672,221818615.18080002,17167417.343999997,198582677.84959999,0,6068519.9872000003,11,1,1,1
46,8,12,ok,77616,220286485.296,16777248.767999999,197708655.60000002,0,5800580.9280000003,3,1,2,2
46,8,13,ok,84672,228783446.11199999,16907304.960000001,204983147.2832,0,6892993.8688000003,13,1,1,1
46,8,14,ok,64512,221007230.97599998,16647192.575999998,198412112.28159997,0,5947926.1184,2,1,1,7
46,8,15,ok,66528,237925327.32000002,17975623.68,213287400.50400001,0,6662303.1360000009,3,1,1,5
46,8,16,ok,56448,214820925.84960002,16647192.575999999,192795513.24160001,0,5378220.0320000006,8,2,1,1
46,16,1,ok,1806336,420515613.08160007,33294385.151999999,383404843.82720006,0,3816384.1024000002,1,1,1,1
46,16,2,ok,903168,420515613.08160007,33294385.151999999,383404843.82720006,0,3816384.1024000002,2,1,1,1
46,16,3,ok,620928,429172062.04799998,33554497.535999998,388400873.64480001,0,7216690.8672000002,3,1,1,1
46,16,4,ok,451584,421282856.14080006,33294385.151999999,383550589.33760005,0,4437881.6512000002,2,2,1,1
46,16,5,ok,395136,436233051.84000009,33814609.919999994,396031080.38400006,0,6387361.5360000003,5,1,1,1
46,16,6,ok,310464,430385951.63520002,33554497.535999998,388988410.23360002,0,7843043.8656000011,3,2,1,1
46,16,7,ok,258048,436643760.53759998,33294385.151999995,395804005.99039996,0,7545369.3952000011,1,1,1,7
46,16,8,ok,225792,422817342.25920004,33294385.151999999,383842080.35840005,0,5680876.7488000002,2,4,1,1
46,16,9,ok,225792,444759872.11199999,33944666.111999996,401035836.64319998,0,9779369.3568000011,9,1,1,1
46,16,10,ok,197568,437456351.42400002,33814609.919999994,396623171.52000004,0,7018569.9840000002,5,2,1,1
46,16,11,ok,169344,442395110.78400004,34334834.687999994,396564155.46879995,0,11496120.627200002,11,1,1,1
46,16,12,ok,155232,432813730.80960006,33554497.535999998,390163483.41120005,0,9095749.8624000009,3,4,1,1
46,16,13,ok,169344,456343592.63999999,33814609.920000002,409374203.43039995,0,13154779.2896,13,1,1,1
46,16,14,ok,129024,436643760.53759998,33294385.151999995,395804005.99039996,0,7545369.3952000011,2,1,1,7
46,16,15,ok,133056,469781206.704,35951247.359999999,423637118.06400001,0,10192841.280000001,3,1,1,5
46,16,16,ok,112896,425886314.49600005,33294385.151999999,384425062.40000004,0,8166866.9440000001,2,8,1,1
46,32,1,ok,3612672,840263983.10400009,66588770.303999998,766663942.14400005,0,7011270.6560000004,1,1,1,1
46,32,2,ok,1806336,840263983.10400009,66588770.303999998,766663942.14400005,0,7011270.6560000004,2,1,1,1
46,32,3,ok,1241856,857130234.50880003,67108995.071999997,776214210.70079994,0,13807028.736000001,3,1,1,1
46,32,4,ok,903168,841031226.16320014,66588770.303999998,766809687.65440011,0,7632768.2048000004,2,2,1,1
46,32,5,ok,790272,871242804.09600019,67629219.839999989,791470069.63200021,0,12143514.624000002,5,1,1,1
46,32,6,ok,620928,858344124.09599996,67108995.071999997,776801747.28960001,0,14433381.7344,3,2,1,1
46,32,7,ok,516096,867916819.66079998,66588770.30399999,790587793.40799999,0,10740255.948800001,1,1,1,7
46,32,8,ok,451584,842565712.28160012,66588770.303999998,767101178.6752001,0,8875763.3024000004,2,4,1,1
46,32,9,ok,451584,888291739.64160001,67889332.223999992,801477304.87680006,0,18925102.540800001,9,1,1,1
46,32,10,ok,395136,872466103.68000019,67629219.839999989,792062160.76800013,0,12774723.072000001,5,2,1,1
46,32,11,ok,338688,874170686.82239997,68669669.375999987,792075090.89279985,0,13425926.553600002,1,11,1,1
46,32,12,ok,310464,860771903.27040005,67108995.071999997,777976820.46720004,0,15686087.731200002,3,4,1,1
46,32,13,ok,338688,911463885.6960001,67629219.840000004,818156315.72480011,0,25678350.131200001,13,1,1,1
46,32,14,ok,258048,867916819.66079998,66588770.30399999,790587793.40799999,0,10740255.948800001,2,1,1,7
46,32,15,ok,266112,933492965.47199988,71902494.719999999,844336553.1839999,0,17253917.568000004,3,1,1,5
46,32,16,ok,225792,845634684.51840007,66588770.303999998,767684160.71680009,0,11361753.4976,2,8,1,1
46,64,1,ok,7225344,1679760723.1488001,133177540.608,1533182138.7776,0,13401043.7632,1,1,1,1
46,64,2,ok,3612672,1679760723.1488001,133177540.608,1533182138.7776,0,13401043.7632,2,1,1,1
46,64,3,ok,2483712,1713046579.4303999,134217990.14399999,1551840884.8127999,0,26987704.4736,3,1,1,1
46,64,4,ok,1806336,1680527966.2080002,133177540.608,1533327884.2880001,0,14022541.312000001,2,2,1,1
46,64,5,ok,1467648,1709063968.5120001,135258439.67999998,1557718814.4640002,0,16086714.368000003,1,5,1,1
46,64,6,ok,1241856,1714260469.0176001,134217990.14399999,1552428421.4015999,0,27614057.472000003,3,2,1,1
46,64,7,ok,1032192,1730462937.9071999,133177540.60799998,1580155368.2432001,0,17130029.056000002,1,1,1,7
46,64,8,ok,903168,1682062452.3264003,133177540.608,1533619375.3088002,0,15265536.409600001,2,4,1,1
46,64,9,ok,903168,1775355474.7007999,135778664.44799998,1602360241.3440001,0,37216568.908800006,9,1,1,1
46,64,10,ok,733824,1709063968.5120001,135258439.67999998,1557718814.4640002,0,16086714.368000003,2,5,1,1
46,64,11,ok,677376,1739901699.9935999,137339338.75199997,1582546981.1711998,0,20015380.070400003,1,11,1,1
46,64,12,ok,620928,1716688248.1919999,134217990.14399999,1553603494.5792,0,28866763.468800001,3,4,1,1
46,64,13,ok,564480,1715201912.9856002,135258439.68000001,1558884778.5472002,0,21058694.758400001,1,13,1,1
46,64,14,ok,516096,1730462937.9071999,133177540.60799998,1580155368.2432001,0,17130029.056000002,2,1,1,7
46,64,15,ok,524160,1836030218.1120002,144919756.79999998,1667881683.8400002,0,23228777.472000003,1,5,1,3
46,64,16,ok,451584,1685131424.5632002,133177540.608,1534202357.3504002,0,17751526.604800001,2,8,1,1
47,1,1,ok,50176,12976155.3408,924844.03199999989,11346461.696,0,704849.6128,1,1,1,1
47,1,2,ok,25088,13095117.619199999,924844.03199999989,11412553.5232,0,757720.06400000001,2,1,1,1
47,1,3,ok,17248,13312291.762800004,926650.36800000002,11573777.482800003,0,811863.91200000001,3,1,1,1
47,1,4,ok,12544,13333042.175999999,924844.03199999989,11544737.1776,0,863460.96640000003,4,1,1,1
47,1,5,ok,10976,13696044.146999998,925747.19999999984,11853328.831,0,916968.11600000004,5,1,1,1
47,1,6,ok,8624,13653954.6876,926650.36800000002,11638679.780400001,0,1088624.5392,3,1,1,2
47,1,7,ok,7840,13974445.426200002,929359.87199999997,12019829.742200002,0,1025255.812,7,1,1,1
47,1,8,ok,6272,13674039.0912,924844.03199999989,11609512.959999999,0,1139682.0992000001,4,1,1,2
47,1,9,ok,6272,14259985.945199998,926650.3679999999,12204248.957999999,0,1129086.6192000001,9,1,1,1
47,1,10,ok,5488,14037374.067,925747.19999999984,11918167.871000001,0,1193458.996,5,1,1,2
47,1,11,ok,4704,14344943.434799999,933875.71199999982,12171146.614,0,1239921.1088,11,1,1,1
47,1,12,ok,4312,14497658.290800003,926650.36800000002,11928862.129200002,0,1642145.7936,3,1,2,2
47,1,13,ok,4480,14184082.392999999,927553.53599999996,11915323.7346,0,1341205.1224000002,13,1,1,1
47,1,14,ok,3584,15541261.9264,924844.03200000001,12201371.033600001,0,2415046.8608000004,2,1,1,7
47,1,15,ok,4032,14504058.225000001,934778.88,12117239.733000001,0,1452039.612,15,1,1,1
47,1,16,ok,3136,14149888.2048,924844.03199999989,11873880.2688,0,1351163.9040000001,8,1,1,2
47,2,1,ok,100352,25611313.766399998,1849688.0639999998,22628147.6096,0,1133478.0928000002,1,1,1,1
47,2,2,ok,50176,25849238.323199999,1849688.0639999998,22760331.263999999,0,1239218.9952000002,2,1,1,1
47,2,3,ok,34496,26282920.6008,1853300.736,23082652.668000001,0,1346967.1968,3,1,1,1
47,2,4,ok,25088,26190235.238399997,1849688.0639999998,22825107.046399999,0,1515440.128,2,1,1,2
47,2,5,ok,21952,27050758.373999998,1851494.3999999997,23641818.621999998,0,1557445.352,5,1,1,1
47,2,6,ok,17248,26624583.525600009,1853300.736,23147554.965600006,0,1623727.824,3,1,1,2
47,2,7,ok,14336,28457620.889600001,1849688.064,23817127.935999997,0,2790804.8896000003,1,1,1,7
47,2,8,ok,12544,26666084.351999998,1849688.0639999998,23089474.3552,0,1726921.9328000001,4,1,1,2
47,2,9,ok,12544,28178308.965600003,1853300.7359999998,24343595.6184,0,1981412.6112000004,9,1,1,1
47,2,10,ok,10976,27392088.293999996,1851494.3999999997,23706657.662,0,1833936.2320000001,5,1,1,2
47,2,11,ok,9408,28345559.906400003,1867751.4239999996,24276884.869600002,0,2200923.6128000002,11,1,1,1
47,2,12,ok,8624,27307909.3752,1853300.736,23277359.560800001,0,2177249.0784,3,2,1,2
47,2,13,ok,8960,27831272.1908,1855107.0719999999,23570785.248399999,0,2405379.8704000004,13,1,1,1
47,2,14,ok,7168,28695545.446400002,1849688.064,23949311.590399999,0,2896545.7920000004,2,1,1,7
47,2,15,ok,7392,29960741.430000003,1985679.3599999996,25444609.038000003,0,2530453.0320000001,3,1,1,5
47,2,16,ok,6272,27348078.182399999,1849688.0639999998,23219025.919999998,0,2279364.1984000001,4,2,1,2
47,4,1,ok,200704,50881630.617600001,3699376.1279999996,45191519.436800003,0,1990735.0528000002,1,1,1,1
47,4,2,ok,100352,51155256.115199998,3699376.1279999996,45253663.129599996,0,2202216.8576000002,2,1,1,1
47,4,3,ok,67424,51590138.212800011,3706601.4720000001,45466362.974400006,0,2417173.7664000001,3,1,1,1
47,4,4,ok,50176,51690580.377599999,3699376.1279999996,45512766.259199999,0,2478437.9904000005,2,1,1,2
47,4,5,ok,40768,52183591.499999993,3702988.7999999993,45642202.875999995,0,2838399.824,5,1,1,1
47,4,6,ok,33712,52126508.030400008,3706601.4720000001,45725972.164800003,0,2693934.3936000001,3,1,1,2
47,4,7,ok,28672,54528263.372799993,3699376.128,47180825.395199992,0,3648061.8496000003,1,1,1,7
47,4,8,ok,25088,52245727.641599998,3699376.1279999996,45644949.913599998,0,2901401.6000000006,4,1,1,2
47,4,9,ok,23520,53723421.028799996,3706601.4719999996,46330754.961599991,0,3686064.5951999999,9,1,1,1
47,4,10,ok,20384,52719438.539999992,3702988.7999999993,45901559.035999998,0,3114890.7039999999,5,1,1,2
47,4,11,ok,18816,54361987.627199993,3735502.8479999993,46503556.158399999,0,4122928.6208000001,11,1,1,1
47,4,12,ok,16856,53840758.680000007,3706601.4720000001,46886701.560000002,0,3247455.648,3,1,2,2
47,4,13,ok,15680,54483515.517600007,3710214.1439999999,46239572.007200003,0,4533729.3664000006,13,1,1,1
47,4,14,ok,14336,54819143.68,3699376.128,47260223.897599995,0,3859543.6544000003,2,1,1,7
47,4,15,ok,14112,55745870.148000002,3739115.52,47036161.236000001,0,4970593.3920000009,15,1,1,1
47,4,16,ok,12544,53332168.703999996,3699376.1279999996,46178948.7104,0,3453843.8656000001,4,2,1,2
47,8,1,ok,401408,101422264.31999999,7398752.2559999991,90318263.091199994,0,3705248.9728000006,1,1,1,1
47,8,2,ok,200704,101763261.2352,7398752.2559999991,90383038.873600006,0,3981470.1056000004,1,1,1,2
47,8,3,ok,134848,102643906.60800001,7413202.9440000001,90673116.758400023,0,4557586.9056000002,3,1,1,1
47,8,4,ok,100352,102310512.2304,7398752.2559999991,90507326.259199992,0,4404433.7152000004,2,1,1,2
47,8,5,ok,81536,103831335.96000001,7405977.5999999987,91025049.592000008,0,5400308.7679999992,5,1,1,1
47,8,6,ok,67424,103180276.42560002,7413202.9440000001,90932725.948800012,0,4834347.5328000002,3,1,1,2
47,8,7,ok,57344,105891017.52319999,7398752.2560000001,92706725.887999997,0,5785539.3792000012,1,1,1,7
47,8,8,ok,50176,103381160.7552,7398752.2559999991,91025532.518399999,0,4956875.980800001,2,2,1,2
47,8,9,ok,47040,106910472.23999999,7413202.9439999992,92401900.732799992,0,7095368.5632000007,9,1,1,1
47,8,10,ok,40768,104367182.99999999,7405977.5999999987,91284405.751999989,0,5676799.648,5,1,1,2
47,8,11,ok,37632,108183423.21599999,7471005.6959999986,92745478.88319999,0,7966938.6368000004,11,1,1,1
47,8,12,ok,33712,104253016.06080002,7413202.9440000001,91451944.329600006,0,5387868.7872000001,3,2,1,2
47,8,13,ok,31360,108430138.44,7420428.2879999997,92219281.793599993,0,8790428.3584000021,13,1,1,1
47,8,14,ok,28672,105891017.52319999,7398752.2560000001,92706725.887999997,0,5785539.3792000012,2,1,1,7
47,8,15,ok,28224,110950665.47999999,7478231.04,93810436.008000001,0,9661998.432,15,1,1,1
47,8,16,ok,25088,104491455.2832,7398752.2559999991,91289899.827199996,0,5802803.2000000011,4,2,1,2
47,16,1,ok,802816,202503531.72479999,14797504.511999998,180571750.40000001,0,7134276.8128000004,1,1,1,1
47,16,2,ok,401408,202844528.63999999,14797504.511999998,180636526.18239999,0,7410497.9456000011,1,1,1,2
47,16,3,ok,269696,204751443.39840004,14826405.888,181086624.32640004,0,8838413.1840000004,3,1,1,1
47,16,4,ok,200704,203526522.47040001,14797504.511999998,180766077.74720001,0,7962940.2112000007,1,2,1,2
47,16,5,ok,163072,207126824.88000003,14811955.199999997,181790743.02399999,0,10524126.655999999,5,1,1,1
47,16,6,ok,134848,205287813.21600002,14826405.888,181346233.51680005,0,9115173.8112000003,3,1,1,2
47,16,7,ok,114688,208034765.20959997,14797504.512,183599729.86879995,0,9637530.8288000003,1,1,1,7
47,16,8,ok,100352,204621024.46079999,14797504.511999998,181014652.51839998,0,8808867.4304000009,2,2,1,2
47,16,9,ok,94080,213284574.66239998,14826405.887999998,184544192.27519998,0,13913976.499200001,9,1,1,1
47,16,10,ok,81536,207662671.92000002,14811955.199999997,182050099.18400002,0,10800617.535999998,5,1,1,2
47,16,11,ok,75264,215826294.39359999,14942011.391999997,185229324.3328,0,15654958.6688,11,1,1,1
47,16,12,ok,67424,206360552.85120004,14826405.888,181865451.89760002,0,9668695.0656000003,3,2,1,2
47,16,13,ok,62720,216323384.28479999,14840856.575999999,184178701.3664,0,17303826.342399999,13,1,1,1
47,16,14,ok,57344,208034765.20959997,14797504.512,183599729.86879995,0,9637530.8288000003,2,1,1,7
47,16,15,ok,56448,221360256.14400002,14956462.08,187358985.55200002,0,19044808.511999998,15,1,1,1
47,16,16,ok,50176,206762321.5104,14797504.511999998,182051065.0368,0,9913751.9616000019,2,4,1,2
47,32,1,ok,1605632,404666066.53439999,29595009.023999996,361078725.0176,0,13992332.492800001,1,1,1,1
47,32,2,ok,802816,405007063.44959998,29595009.023999996,361143500.80000001,0,14268553.625600001,1,1,1,2
47,32,3,ok,539392,408966516.97920001,29652811.776000001,361913639.46240008,0,17400065.740800001,3,1,1,1
47,32,4,ok,401408,405689057.27999997,29595009.023999996,361273052.36479998,0,14820995.891200002,1,2,1,2
47,32,5,ok,326144,413717802.71999991,29623910.399999995,363322129.88799995,0,20771762.432,5,1,1,1
47,32,6,ok,269696,409502886.79680008,29652811.776000001,362173248.65280008,0,17676826.368000001,3,1,1,2
47,32,7,ok,229376,412322260.58240008,29595009.024,365385737.83039999,0,17341513.728,1,1,1,7
47,32,8,ok,200704,407053044.94080001,29595009.023999996,361532155.49440002,0,15925880.422400001,1,4,1,2
47,32,9,ok,188160,426032779.5072,29652811.775999997,368828775.36000001,0,27551192.371200003,9,1,1,1
47,32,10,ok,163072,414253649.76000005,29623910.399999995,363581486.04799998,0,21048253.311999999,5,1,1,2
47,32,11,ok,150528,420711194.11199999,30519853.055999998,373008168.75519997,0,17183172.300800003,1,11,1,1
47,32,12,ok,134848,410575626.43200004,29652811.776000001,362692467.03360009,0,18230347.622400001,3,2,1,2
47,32,13,ok,125440,432109875.97440004,29681713.151999999,368097540.51200002,0,34330622.310400002,13,1,1,1
47,32,14,ok,114688,412322260.58240008,29595009.024,365385737.83039999,0,17341513.728,2,1,1,7
47,32,15,ok,112896,442179437.47200006,29912924.16,374456084.64000005,0,37810428.672000006,15,1,1,1
47,32,16,ok,100352,409242048.92159998,29595009.023999996,362029305.03679997,0,17617734.860800002,2,4,1,2
47,64,1,ok,3211264,808991136.15359998,59190018.047999993,722092674.25279999,0,27708443.852800004,1,1,1,1
47,64,2,ok,1605632,809332133.06879997,59190018.047999993,722157450.0352,0,27984664.985600002,1,1,1,2
47,64,3,ok,1078784,817396664.14080012,59305623.552000001,723567669.73440015,0,34523370.854400001,3,1,1,1
47,64,4,ok,802816,810014126.89919996,59190018.047999993,722287001.60000002,0,28537107.251200002,1,2,1,2
47,64,5,ok,652288,822990282.23999989,60114862.079999998,733633463.29599988,0,29241956.864,1,5,1,1
47,64,6,ok,539392,817933033.95840001,59305623.552000001,723827278.92480016,0,34800131.481600001,3,1,1,2
47,64,7,ok,458752,820897251.32799983,59190018.048,728957753.75359988,0,32749479.526400007,1,1,1,7
47,64,8,ok,401408,811378114.55999994,59190018.047999993,722546104.72959995,0,29641991.782400005,1,4,1,2
47,64,9,ok,376320,851529189.19679976,59305623.551999994,737397941.52959991,0,54825624.115200005,9,1,1,1
47,64,10,ok,326144,824695266.81599998,60114862.079999998,733957342.20799994,0,30623062.527999997,1,5,1,2
47,64,11,ok,301056,837671422.15680003,61039706.111999996,745303803.90400004,0,31327912.140800007,1,11,1,1
47,64,12,ok,269696,819005773.59360015,59305623.552000001,724346497.30560017,0,35353652.736000001,3,2,1,2
47,64,13,ok,250880,825718257.56159985,60114862.079999991,734151669.55519986,0,31451725.926400002,1,13,1,1
47,64,14,ok,229376,820897251.32799983,59190018.048,728957753.75359988,0,32749479.526400007,2,1,1,7
47,64,15,ok,224224,844799189.0940001,60232273.919999994,748401398.52600002,0,36165516.648000002,3,5,1,1
47,64,16,ok,200704,814106089.88160002,59190018.047999993,723064310.98880005,0,31851760.844800003,1,8,1,2
48,1,1,ok,6272,35042.918400000002,35042.918400000002,0,0,0,1,1,1,1
48,1,2,ok,3136,35042.918400000002,35042.918400000002,0,0,0,1,1,1,2
48,1,3,ok,2095,35111.361600000004,35111.361600000004,0,0,0,3,1,1,1
48,1,4,ok,1568,35042.918400000002,35042.918400000002,0,0,0,2,1,1,2
48,1,5,ok,1256,35077.139999999999,35077.139999999999,0,0,0,5,1,1,1
48,1,6,ok,1048,35111.361600000004,35111.361600000004,0,0,0,3,1,1,2
48,1,7,ok,896,35042.918399999995,35042.918399999995,0,0,0,1,1,1,7
48,1,8,ok,784,35042.918400000002,35042.918400000002,0,0,0,2,1,2,2
48,1,9,ok,699,35111.361600000004,35111.361600000004,0,0,0,9,1,1,1
48,1,10,ok,628,35077.139999999999,35077.139999999999,0,0,0,5,1,1,2
48,1,11,ok,576,35385.134400000003,35385.134400000003,0,0,0,11,1,1,1
48,1,12,ok,524,35111.361600000004,35111.361600000004,0,0,0,3,1,2,2
48,1,13,ok,484,35145.583200000001,35145.583200000001,0,0,0,13,1,1,1
48,1,14,ok,448,35042.918399999995,35042.918399999995,0,0,0,2,1,1,7
48,1,15,ok,423,35419.356,35419.356,0,0,0,15,1,1,1
48,1,16,ok,392,35042.918400000002,35042.918400000002,0,0,0,4,1,2,2
48,2,1,ok,12544,70085.836800000005,70085.836800000005,0,0,0,1,1,1,1
48,2,2,ok,6272,70085.836800000005,70085.836800000005,0,0,0,1,1,1,2
48,2,3,ok,4190,70222.723200000008,70222.723200000008,0,0,0,3,1,1,1
48,2,4,ok,3136,70085.836800000005,70085.836800000005,0,0,0,1,2,1,2
48,2,5,ok,2512,70154.279999999999,70154.279999999999,0,0,0,5,1,1,1
48,2,6,ok,2095,70222.723200000008,70222.723200000008,0,0,0,3,1,1,2
48,2,7,ok,1792,70085.83679999999,70085.83679999999,0,0,0,1,1,1,7
48,2,8,ok,1568,70085.836800000005,70085.836800000005,0,0,0,1,2,2,2
48,2,9,ok,1397,70222.723200000008,70222.723200000008,0,0,0,9,1,1,1
48,2,10,ok,1256,70154.279999999999,70154.279999999999,0,0,0,5,1,1,2
48,2,11,ok,1152,70770.268800000005,70770.268800000005,0,0,0,11,1,1,1
48,2,12,ok,1048,70222.723200000008,70222.723200000008,0,0,0,3,1,2,2
48,2,13,ok,968,70291.166400000002,70291.166400000002,0,0,0,13,1,1,1
48,2,14,ok,896,70085.83679999999,70085.83679999999,0,0,0,1,2,1,7
48,2,15,ok,846,70838.712,70838.712,0,0,0,15,1,1,1
48,2,16,ok,784,70085.836800000005,70085.836800000005,0,0,0,2,2,2,2
48,4,1,ok,25088,140171.67360000001,140171.67360000001,0,0,0,1,1,1,1
48,4,2,ok,12544,140171.67360000001,140171.67360000001,0,0,0,1,1,1,2
48,4,3,ok,8379,140445.44640000002,140445.44640000002,0,0,0,3,1,1,1
48,4,4,ok,6272,140171.67360000001,140171.67360000001,0,0,0,1,2,1,2
48,4,5,ok,5023,140308.56,140308.56,0,0,0,5,1,1,1
48,4,6,ok,4190,140445.44640000002,140445.44640000002,0,0,0,3,1,1,2
48,4,7,ok,3584,140171.67359999998,140171.67359999998,0,0,0,1,1,1,7
48,4,8,ok,3136,140171.67360000001,140171.67360000001,0,0,0,1,2,2,2
48,4,9,ok,2793,140445.44640000002,140445.44640000002,0,0,0,9,1,1,1
48,4,10,ok,2512,140308.56,140308.56,0,0,0,5,1,1,2
48,4,11,ok,2303,141540.53760000001,141540.53760000001,0,0,0,11,1,1,1
48,4,12,ok,2095,140445.44640000002,140445.44640000002,0,0,0,3,1,2,2
48,4,13,ok,1936,140582.3328,140582.3328,0,0,0,13,1,1,1
48,4,14,ok,1792,140171.67359999998,140171.67359999998,0,0,0,1,2,1,7
48,4,15,ok,1691,141677.424,141677.424,0,0,0,15,1,1,1
48,4,16,ok,1568,140171.67360000001,140171.67360000001,0,0,0,2,2,2,2
48,8,1,ok,50176,280343.34720000002,280343.34720000002,0,0,0,1,1,1,1
48,8,2,ok,25088,280343.34720000002,280343.34720000002,0,0,0,1,1,1,2
48,8,3,ok,16758,280890.89280000003,280890.89280000003,0,0,0,3,1,1,1
48,8,4,ok,12544,280343.34720000002,280343.34720000002,0,0,0,1,2,1,2
48,8,5,ok,10045,280617.12,280617.12,0,0,0,5,1,1,1
48,8,6,ok,8379,280890.89280000003,280890.89280000003,0,0,0,3,1,1,2
48,8,7,ok,7168,280343.34719999996,280343.34719999996,0,0,0,1,1,1,7
48,8,8,ok,6272,280343.34720000002,280343.34720000002,0,0,0,1,2,2,2
48,8,9,ok,5586,280890.89280000003,280890.89280000003,0,0,0,9,1,1,1
48,8,10,ok,5023,280617.12,280617.12,0,0,0,5,1,1,2
48,8,11,ok,4606,283081.07520000002,283081.07520000002,0,0,0,11,1,1,1
48,8,12,ok,4190,280890.89280000003,280890.89280000003,0,0,0,3,1,2,2
48,8,13,ok,3871,281164.66560000001,281164.66560000001,0,0,0,13,1,1,1
48,8,14,ok,3584,280343.34719999996,280343.34719999996,0,0,0,1,2,1,7
48,8,15,ok,3381,283354.848,283354.848,0,0,0,15,1,1,1
48,8,16,ok,3136,280343.34720000002,280343.34720000002,0,0,0,2,2,2,2
48,16,1,ok,100352,560686.69440000004,560686.69440000004,0,0,0,1,1,1,1
48,16,2,ok,50176,560686.69440000004,560686.69440000004,0,0,0,1,1,1,2
48,16,3,ok,33516,561781.78560000006,561781.78560000006,0,0,0,3,1,1,1
48,16,4,ok,25088,560686.69440000004,560686.69440000004,0,0,0,1,2,1,2
48,16,5,ok,20090,561234.23999999999,561234.23999999999,0,0,0,5,1,1,1
48,16,6,ok,16758,561781.78560000006,561781.78560000006,0,0,0,3,1,1,2
48,16,7,ok,14336,560686.69439999992,560686.69439999992,0,0,0,1,1,1,7
48,16,8,ok,12544,560686.69440000004,560686.69440000004,0,0,0,1,2,2,2
48,16,9,ok,11172,561781.78560000006,561781.78560000006,0,0,0,9,1,1,1
48,16,10,ok,10045,561234.23999999999,561234.23999999999,0,0,0,5,1,1,2
48,16,11,ok,9212,566162.15040000004,566162.15040000004,0,0,0,11,1,1,1
48,16,12,ok,8379,561781.78560000006,561781.78560000006,0,0,0,3,1,2,2
48,16,13,ok,7742,562329.33120000002,562329.33120000002,0,0,0,13,1,1,1
48,16,14,ok,7168,560686.69439999992,560686.69439999992,0,0,0,1,2,1,7
48,16,15,ok,6762,566709.696,566709.696,0,0,0,15,1,1,1
48,16,16,ok,6272,560686.69440000004,560686.69440000004,0,0,0,2,2,2,2
48,32,1,ok,200704,1121373.3888000001,1121373.3888000001,0,0,0,1,1,1,1
48,32,2,ok,100352,1121373.3888000001,1121373.3888000001,0,0,0,1,1,1,2
48,32,3,ok,67032,1123563.5712000001,1123563.5712000001,0,0,0,3,1,1,1
48,32,4,ok,50176,1121373.3888000001,1121373.3888000001,0,0,0,1,2,1,2
48,32,5,ok,40180,1122468.48,1122468.48,0,0,0,5,1,1,1
48,32,6,ok,33516,1123563.5712000001,1123563.5712000001,0,0,0,3,1,1,2
48,32,7,ok,28672,1121373.3887999998,1121373.3887999998,0,0,0,1,1,1,7
48,32,8,ok,25088,1121373.3888000001,1121373.3888000001,0,0,0,1,2,2,2
48,32,9,ok,22344,1123563.5712000001,1123563.5712000001,0,0,0,9,1,1,1
48,32,10,ok,20090,1122468.48,1122468.48,0,0,0,5,1,1,2
48,32,11,ok,18424,1132324.3008000001,1132324.3008000001,0,0,0,11,1,1,1
48,32,12,ok,16758,1123563.5712000001,1123563.5712000001,0,0,0,3,1,2,2
48,32,13,ok,15484,1124658.6624,1124658.6624,0,0,0,13,1,1,1
48,32,14,ok,14336,1121373.3887999998,1121373.3887999998,0,0,0,1,2,1,7
48,32,15,ok,13524,1133419.392,1133419.392,0,0,0,15,1,1,1
48,32,16,ok,12544,1121373.3888000001,1121373.3888000001,0,0,0,2,2,2,2
48,64,1,ok,401408,2242746.7776000001,2242746.7776000001,0,0,0,1,1,1,1
48,64,2,ok,200704,2242746.7776000001,2242746.7776000001,0,0,0,1,1,1,2
48,64,3,ok,134064,2247127.1424000002,2247127.1424000002,0,0,0,3,1,1,1
48,64,4,ok,100352,2242746.7776000001,2242746.7776000001,0,0,0,1,2,1,2
48,64,5,ok,80360,2244936.96,2244936.96,0,0,0,5,1,1,1
48,64,6,ok,67032,2247127.1424000002,2247127.1424000002,0,0,0,3,1,1,2
48,64,7,ok,57344,2242746.7775999997,2242746.7775999997,0,0,0,1,1,1,7
48,64,8,ok,50176,2242746.7776000001,2242746.7776000001,0,0,0,1,2,2,2
48,64,9,ok,44688,2247127.1424000002,2247127.1424000002,0,0,0,9,1,1,1
48,64,10,ok,40180,2244936.96,2244936.96,0,0,0,5,1,1,2
48,64,11,ok,36848,2264648.6016000002,2264648.6016000002,0,0,0,11,1,1,1
48,64,12,ok,33516,2247127.1424000002,2247127.1424000002,0,0,0,3,1,2,2
48,64,13,ok,30968,2249317.3248000001,2249317.3248000001,0,0,0,13,1,1,1
48,64,14,ok,28672,2242746.7775999997,2242746.7775999997,0,0,0,1,2,1,7
48,64,15,ok,27048,2266838.784,2266838.784,0,0,0,15,1,1,1
48,64,16,ok,25088,2242746.7776000001,2242746.7776000001,0,0,0,2,2,2,2
49,1,1,ok,50176,12853767.731199998,924844.03199999989,11347281.254399998,0,581642.44480000006,1,1,1,1
49,1,2,ok,25088,13274797.209599998,924844.03199999989,11492089.599999998,0,857863.57760000008,1,1,1,2
49,1,3,ok,17920,14549579.750399999,990904.32000000007,12402774.911999999,0,1155900.5184000002,1,1,1,3
49,1,4,ok,12544,13750646.323199999,924844.03199999989,11756456.908799998,0,1069345.3824000002,2,1,1,2
49,1,5,ok,10752,15311606.144000001,990904.31999999983,12612359.040000001,0,1708342.784,1,1,1,5
49,1,6,ok,8960,15059418.086400002,990904.32000000007,12686025.600000001,0,1382488.1664000002,2,1,1,3
49,1,7,ok,7168,14899749.222399998,924844.03200000001,11735935.948799999,0,2238969.2415999998,1,1,1,7
49,1,8,ok,6272,14432640.153599998,924844.03199999989,11886008.473599998,0,1621787.6480000003,2,1,2,2
49,1,9,ok,6720,15992228.302199999,998645.75999999989,13377246.471000001,0,1616336.0712000001,3,1,1,3
49,1,10,ok,5376,15821444.48,990904.31999999983,12895609.728,0,1934930.432,2,1,1,5
49,1,11,ok,5376,16100972.184000002,953745.40799999994,12439198.7632,0,2708028.0128000001,11,1,1,1
49,1,12,ok,4704,15306209.766000001,932069.37599999993,12531505.124399999,0,1842635.2656,3,1,2,2
49,1,13,ok,5376,16965255.372000001,939294.71999999986,12900752.7896,0,3125207.8624000004,13,1,1,1
49,1,14,ok,3584,15375598.335999999,924844.03200000001,12000303.2576,0,2450451.0463999999,2,1,1,7
49,1,15,ok,4032,16760208.027000003,998645.75999999989,13588467.975,0,2173094.2919999999,3,1,1,5
49,1,16,ok,3136,15384338.380799998,924844.03199999989,12414743.091199998,0,2044751.2576000004,4,1,2,2
49,2,1,ok,100352,25366538.547199994,1849688.0639999998,22629786.726399995,0,887063.75680000009,1,1,1,1
49,2,2,ok,50176,25707535.462399997,1849688.0639999998,22694562.508799996,0,1163284.8896000001,1,2,1,1
49,2,3,ok,35840,28076168.755200002,1981808.6400000001,24611222.476800002,0,1483137.6384000001,1,1,1,3
49,2,4,ok,25088,26549594.419199996,1849688.0639999998,22984179.199999996,0,1715727.1552000002,1,2,1,2
49,2,5,ok,21504,28918227.711999997,1981808.6399999997,24900839.167999998,0,2035579.9040000001,1,1,1,5
49,2,6,ok,17920,29095845.427200001,1981808.6400000001,25177723.852799997,0,1936312.9344000004,2,1,1,3
49,2,7,ok,14336,27412520.038399998,1849688.064,23018441.4208,0,2544390.5536000002,1,1,1,7
49,2,8,ok,12544,27501292.646399997,1849688.0639999998,23512913.817599997,0,2138690.7648000005,2,1,2,2
49,2,9,ok,12800,31951621.094399996,2123366.3999999999,26641042.099199999,0,3187212.5951999999,1,1,3,3
49,2,10,ok,10752,29937904.384,1981808.6399999997,25467340.544,0,2488755.2000000002,2,1,1,5
49,2,11,ok,10752,31649891.222399998,1907490.8159999999,24611197.423999999,0,5131202.9824000001,11,1,1,1
49,2,12,ok,8960,30118836.172800004,1981808.6400000001,25372051.200000003,0,2764976.3328000004,2,2,1,3
49,2,13,ok,10752,33386822.039999999,1878589.4399999997,25538353.963200003,0,5969878.6368000004,13,1,1,1
49,2,14,ok,7168,28364218.265600003,1849688.064,23547176.038399998,0,2967354.1632000003,2,1,1,7
49,2,15,ok,7168,33128522.495999999,1981808.6400000001,26348922.624000002,0,4797791.2319999998,1,1,1,15
49,2,16,ok,6272,28865280.307199996,1849688.0639999998,23772016.947199997,0,3243575.2960000006,2,2,2,2
49,4,1,ok,200704,50392080.179199994,3699376.1279999996,45194797.670399994,0,1497906.3808000002,1,1,1,1
49,4,2,ok,100352,50733077.094399989,3699376.1279999996,45259573.452799991,0,1774127.5136000002,1,2,1,1
49,4,3,ok,68992,52628151.192000002,3728277.5039999997,45705019.281599998,0,3194854.4064000007,3,1,1,1
49,4,4,ok,50176,51415070.924799994,3699376.1279999996,45389125.017599992,0,2326569.7792000002,1,4,1,1
49,4,5,ok,43008,56131470.848000005,3963617.2799999993,49477799.424000002,0,2690054.1440000003,1,1,1,5
49,4,6,ok,34496,53490288.945600003,3728277.5039999997,46288777.924800001,0,3473233.5168000003,3,1,1,2
49,4,7,ok,28672,52438061.670400009,3699376.128,45583452.364799999,0,3155233.1776000005,1,1,1,7
49,4,8,ok,25088,52829703.16799999,3699376.1279999996,45957830.041599989,0,3172496.9984000004,2,1,2,2
49,4,9,ok,24640,57911728.543199994,3994583.0399999996,49957213.211999997,0,3959932.2911999999,3,1,1,3
49,4,10,ok,21504,57442956.800000004,3963617.2799999993,49882934.784000002,0,3596404.7360000005,2,1,1,5
49,4,11,ok,18816,62417594.975999996,3814981.6319999998,48625060.422399998,0,9977552.9216000009,11,1,1,1
49,4,12,ok,17248,54569301.912,3728277.5039999997,46811032.670399994,0,4029991.7376000006,3,1,2,2
49,4,13,ok,18816,65904823.088000007,3757178.8799999994,50488424.022399999,0,11659220.185600001,13,1,1,1
49,4,14,ok,14336,54115545.702399999,3699376.128,46415009.177600004,0,4001160.3968000007,2,1,1,7
49,4,15,ok,14336,61142091.264000006,3963617.2800000003,51726208.512000002,0,5452265.472000001,1,1,1,15
49,4,16,ok,12544,55002585.292799994,3699376.1279999996,47025827.635199994,0,4277381.5296000009,2,2,2,2
49,8,1,ok,401408,100443163.44319999,7398752.2559999991,90324819.55839999,0,2719591.6288000001,1,1,1,1
49,8,2,ok,200704,100784160.35839999,7398752.2559999991,90389595.340799987,0,2995812.7616000003,1,2,1,1
49,8,3,ok,137984,104716795.90080002,7456555.0079999994,91148911.190400004,0,6111329.7024000008,3,1,1,1
49,8,4,ok,100352,101466154.18879998,7398752.2559999991,90519146.905599982,0,3548255.0272000004,1,4,1,1
49,8,5,ok,86016,110557957.11999999,7927234.5599999987,98631719.93599999,0,3999002.6240000008,1,1,1,5
49,8,6,ok,68992,105256302.384,7456555.0079999994,91410038.563199997,0,6389708.8128000014,3,2,1,1
49,8,7,ok,57344,102489144.93439999,7398752.2560000001,90713474.252800003,0,4376918.4256000007,1,1,1,7
49,8,8,ok,50176,102830141.84959999,7398752.2559999991,90778250.035199985,0,4653139.5584000004,1,8,1,1
49,8,9,ok,49280,114204937.63679999,7989166.0799999991,99131044.305599988,0,7084727.2511999998,3,1,1,3
49,8,10,ok,43008,112209292.288,7927234.5599999987,98470353.920000017,0,5811703.8080000002,2,1,1,5
49,8,11,ok,37632,124283136.8064,7629963.2639999995,96982920.742399991,0,19670252.800000001,11,1,1,1
49,8,12,ok,34496,106980577.89120001,7456555.0079999994,92577555.849600002,0,6946467.0336000007,3,1,2,2
49,8,13,ok,37632,131265957.472,7514357.7599999988,100713696.4288,0,23037903.283200003,13,1,1,1
49,8,14,ok,28672,104483821.56799999,7398752.2560000001,91016296.448000014,0,6068772.864000001,2,1,1,7
49,8,15,ok,28672,117169228.8,7927234.5600000005,102480780.288,0,6761213.9520000005,1,1,1,15
49,8,16,ok,25088,105659406.33599998,7398752.2559999991,91915660.083199978,0,6344993.9968000008,2,2,2,2
49,16,1,ok,802816,200545329.97119996,14797504.511999998,180584863.33439997,0,5162962.1248000003,1,1,1,1
49,16,2,ok,401408,200886326.88639998,14797504.511999998,180649639.11679998,0,5439183.2576000001,1,2,1,1
49,16,3,ok,275968,208894085.3184,14913110.015999999,182036695.00800002,0,11944280.294399999,3,1,1,1
49,16,4,ok,200704,201568320.71679997,14797504.511999998,180779190.68159997,0,5991625.5232000006,1,4,1,1
49,16,5,ok,172032,219410929.664,15854469.119999997,196939560.96000001,0,6616899.5839999998,1,1,1,5
49,16,6,ok,137984,209433591.80160004,14913110.015999999,182297822.38080001,0,12222659.404800002,3,2,1,1
49,16,7,ok,114688,202591311.46240002,14797504.512,180973518.02880001,0,6820288.9216000009,1,1,1,7
49,16,8,ok,100352,202932308.37759995,14797504.511999998,181038293.81119996,0,7096510.0544000007,1,8,1,1
49,16,9,ok,98560,226791355.82399994,15978332.159999998,197478706.49279997,0,13334317.171200002,3,1,1,3
49,16,10,ok,86016,221115914.23999998,15854469.119999997,197263439.87199998,0,7998005.2480000015,1,2,1,5
49,16,11,ok,75264,248014220.46719998,15259926.527999999,193698641.38239998,0,39055652.5568,11,1,1,1
49,16,12,ok,68992,210512604.76800001,14913110.015999999,182820077.12639999,0,12779417.625600003,3,4,1,1
49,16,13,ok,75264,261988226.24000001,15028715.519999998,201164241.24160001,0,45795269.478400007,13,1,1,1
49,16,14,ok,57344,204978289.86879998,14797504.512,181426948.50560001,0,8753836.8512000013,1,2,1,7
49,16,15,ok,57344,229223503.87199995,15854469.120000001,203989923.83999997,0,9379110.9120000005,1,1,1,15
49,16,16,ok,50176,205660283.69919997,14797504.511999998,181556500.07039997,0,9306279.1168000009,1,16,1,1
49,32,1,ok,1605632,400749663.02719992,29595009.023999996,361104950.88639992,0,10049703.116800001,1,1,1,1
49,32,2,ok,802816,401090659.94239992,29595009.023999996,361169726.66879994,0,10325924.249600001,1,2,1,1
49,32,3,ok,551936,413944427.67359996,30519853.056000002,372517007.92319995,0,10907566.694400001,1,3,1,1
49,32,4,ok,401408,401772653.77279997,29595009.023999996,361299278.23359996,0,10878366.5152,1,4,1,1
49,32,5,ok,344064,437116874.75200003,31708938.239999995,393555243.00800002,0,11852693.504000001,1,1,1,5
49,32,6,ok,275968,417608493.00479996,30519853.056000002,375352409.85599995,0,11736230.092800001,1,3,1,2
49,32,7,ok,229376,402795644.51839995,29595009.024,361493605.5808,0,11707029.913600001,1,1,1,7
49,32,8,ok,200704,403136641.43359995,29595009.023999996,361558381.36319995,0,11983251.046400001,1,8,1,1
49,32,9,ok,197120,449446409.39520007,32699842.559999999,403461751.68000001,0,13284815.155200001,1,3,1,3
49,32,10,ok,172032,438821859.32800001,31708938.239999995,393879121.92000002,0,13233799.168,1,2,1,5
49,32,11,ok,150528,416672402.99520004,30519853.055999998,373035214.18239999,0,13117335.7568,1,11,1,1
49,32,12,ok,137984,418867183.60320008,29826220.031999998,364595644.76160002,0,24445318.809600003,3,4,1,1
49,32,13,ok,150528,492431021.7216,36068917.247999996,440859798.57919997,0,15502305.894400001,1,13,1,1
49,32,14,ok,114688,405182622.92480004,29595009.024,361947036.05760002,0,13640577.843200002,1,2,1,7
49,32,15,ok,114688,453332054.01599997,31708938.240000002,407008210.94400001,0,14614904.832000002,1,1,1,15
49,32,16,ok,100352,405864616.75519991,29595009.023999996,362076587.62239993,0,14193020.108800001,1,16,1,1
49,64,1,ok,3211264,801158329.13919997,59190018.047999993,722145125.99039996,0,19823185.1008,1,1,1,1
49,64,2,ok,1605632,801499326.05439985,59190018.047999993,722209901.77279985,0,20099406.233600002,1,2,1,1
49,64,3,ok,1103872,826865864.60160005,61039706.112000003,744839688.49920011,0,20986469.990400001,1,3,1,1
49,64,4,ok,802816,802181319.88479984,59190018.047999993,722339453.33759987,0,20651848.499200001,1,4,1,1
49,64,5,ok,652288,815035087.61600006,60114862.079999998,733686734.59200001,0,21233490.944000002,1,5,1,1
49,64,6,ok,551936,827888855.34719992,61039706.112000003,745034015.8463999,0,21815133.388800003,1,6,1,1
49,64,7,ok,458752,803204310.63039994,59190018.048,722533780.68480003,0,21480511.897600003,1,1,1,7
49,64,8,ok,401408,803545307.54559994,59190018.047999993,722598556.46719992,0,21756733.030400001,1,8,1,1
49,64,9,ok,394240,895823846.55359995,65399685.119999997,806340521.31840014,0,24083640.115200002,1,3,1,3
49,64,10,ok,326144,821942188.79999995,60114862.079999998,739212730.11199999,0,22614596.608000003,1,5,1,2
49,64,11,ok,301056,829593839.92320013,61039706.111999996,745357894.75839996,0,23196239.052800003,1,11,1,1
49,64,12,ok,275968,835216986.00959992,61039706.112000003,750704819.71199989,0,23472460.185600001,1,3,2,2
49,64,13,ok,250880,817763062.93760002,60114862.079999991,734204940.8512001,0,23443260.0064,1,13,1,1
49,64,14,ok,229376,805591289.03679991,59190018.048,722987211.16159999,0,23414059.827200003,1,2,1,7
49,64,15,ok,232960,884343239.03999996,64408780.799999997,794520728.44799995,0,25413729.791999999,1,5,1,3
49,64,16,ok,200704,806273282.8671999,59190018.047999993,723116762.7263999,0,23966502.092800003,1,16,1,1
50,1,1,ok,112896,27001516.185600001,2080899.0719999999,24099439.155200001,0,821177.9584,1,1,1,1
50,1,2,ok,56448,27001516.185600001,2080899.0719999999,24099439.155200001,0,821177.9584,2,1,1,1
50,1,3,ok,42336,27987470.463600002,2097156.0959999999,25010676.606000002,0,879637.76160000009,3,1,1,1
50,1,4,ok,28224,27239440.742400005,2080899.0719999999,24231622.809600003,0,926918.86080000002,4,1,1,1
50,1,5,ok,24192,32265924.479999997,2229534.7199999997,26714958.719999999,0,3321431.04,1,1,1,5
50,1,6,ok,20160,30371291.827199996,2229534.7199999997,26063321.164799999,0,2078435.9424000001,2,1,1,3
50,1,7,ok,16128,32325267.609599993,2080899.0719999997,25694205.286399994,0,4550163.2511999998,1,1,1,7
50,1,8,ok,14112,27715289.856000006,2080899.0719999999,24495990.118400004,0,1138400.6656000002,8,1,1,1
50,1,9,ok,14112,28949089.829399999,2121541.6319999998,25622303.700600002,0,1205244.4968000001,9,1,1,1
50,1,10,ok,12096,32265924.479999997,2229534.7199999997,26714958.719999999,0,3321431.04,2,1,1,5
50,1,11,ok,12096,29327022.436799999,2145927.1679999996,25612479.428799998,0,1568615.8400000001,11,1,1,1
50,1,12,ok,10080,30626210.995199997,2229534.7199999997,26204946.508799996,0,2191729.7664000001,4,1,1,3
50,1,13,ok,12096,30237825.228,2113413.1200000001,26415916.539999999,0,1708495.568,13,1,1,1
50,1,14,ok,8064,32325267.609599993,2080899.0719999997,25694205.286399994,0,4550163.2511999998,2,1,1,7
50,1,15,ok,9072,33348364.442999996,2246952.96,27698269.958999995,0,3403141.5239999997,3,1,1,5
50,1,16,ok,7056,28662606.182400003,2080899.0719999999,24821808.896000002,0,1759898.2144000002,8,1,1,2
50,2,1,ok,225792,53235789.312000006,4161798.1439999999,48053132.800000004,0,1020858.368,1,1,1,1
50,2,2,ok,112896,53235789.312000006,4161798.1439999999,48053132.800000004,0,1020858.368,2,1,1,1
50,2,3,ok,84672,55201703.781599998,4194312.1919999998,49874469.064800002,0,1132922.5248,3,1,1,1
50,2,4,ok,56448,53711638.4256,4161798.1439999999,48317500.108800001,0,1232340.1728000001,4,1,1,1
50,2,5,ok,48384,60695633.664000005,4459069.4399999995,52701189.888000004,0,3535374.3360000001,1,1,1,5
50,2,6,ok,40320,58440854.476799995,4459069.4399999995,51689405.7984,0,2292379.2384000001,2,1,1,3
50,2,7,ok,32256,59279833.804799989,4161798.1439999994,50368191.999999993,0,4749843.6607999997,1,1,1,7
50,2,8,ok,28224,54478881.484800011,4161798.1439999999,48463245.619200006,0,1853837.7216,4,2,1,1
50,2,9,ok,28224,57115951.383599997,4243083.2639999995,51096015.298800007,0,1776852.8207999999,9,1,1,1
50,2,10,ok,24192,60695633.664000005,4459069.4399999995,52701189.888000004,0,3535374.3360000001,2,1,1,5
50,2,11,ok,24192,57411925.295999996,4291854.3359999992,50623758.627199993,0,2496312.3328000004,11,1,1,1
50,2,12,ok,20160,58950692.812800005,4459069.4399999995,51972656.486400001,0,2518966.8864000002,4,1,1,3
50,2,13,ok,24192,59252350.872000016,4226826.2400000002,52239741.944000006,0,2785782.6880000001,13,1,1,1
50,2,14,ok,16128,59279833.804799989,4161798.1439999994,50368191.999999993,0,4749843.6607999997,2,1,1,7
50,2,15,ok,18144,62830543.158,4493905.9199999999,54662119.181999996,0,3674518.0560000003,3,1,1,5
50,2,16,ok,14112,55430579.712000012,4161798.1439999999,48991980.236800008,0,2276801.3312000004,8,2,1,1
50,4,1,ok,451584,105704335.56480001,8323596.2879999997,95960520.089600012,0,1420219.1872,1,1,1,1
50,4,2,ok,225792,105704335.56480001,8323596.2879999997,95960520.089600012,0,1420219.1872,2,1,1,1
50,4,3,ok,155232,108203432.70240001,8388624.3839999996,97540870.852800012,0,2273937.4656000002,3,1,1,1
50,4,4,ok,112896,106471578.62400001,8323596.2879999997,96106265.600000009,0,2041716.736,2,2,1,1
50,4,5,ok,98784,109975737.648,8453652.4799999986,99451838.448000014,0,2070246.7200000002,5,1,1,1
50,4,6,ok,77616,110143242.648,8388624.3839999996,98854327.800000012,0,2900290.4640000002,3,1,1,2
50,4,7,ok,64512,113188966.19519998,8323596.2879999988,99716165.427199975,0,5149204.4800000004,1,1,1,7
50,4,8,ok,56448,107410462.92480001,8323596.2879999997,96397756.620800003,0,2689110.0160000003,8,1,1,1
50,4,9,ok,56448,112110971.4648,8486166.527999999,100704735.46800001,0,2920069.4687999999,9,1,1,1
50,4,10,ok,49392,111930584.88,8453652.4799999986,100775477.23200001,0,2701455.1679999996,5,1,1,2
50,4,11,ok,42336,111530367.3792,8583708.6719999984,99591939.039999992,0,3354719.6672,11,1,1,1
50,4,12,ok,38808,112571021.8224,8388624.3839999996,100029400.97760001,0,4152996.4608000005,3,1,2,2
50,4,13,ok,42336,115003372.848,8453652.4800000004,102787619.2096,0,3762101.1584000005,13,1,1,1
50,4,14,ok,32256,113188966.19519998,8323596.2879999988,99716165.427199975,0,5149204.4800000004,2,1,1,7
50,4,15,ok,33264,121997387.62799999,8987811.8399999999,108112541.72399999,0,4897034.0640000012,3,1,1,5
50,4,16,ok,28224,108957762.96960002,8323596.2879999997,96926491.238400012,0,3707675.4432000001,4,4,1,1
50,8,1,ok,903168,210641428.07040003,16647192.575999999,191775294.66880003,0,2218940.8256000001,1,1,1,1
50,8,2,ok,451584,210641428.07040003,16647192.575999999,191775294.66880003,0,2218940.8256000001,2,1,1,1
50,8,3,ok,310464,215192975.81760001,16777248.767999999,194494205.11680001,0,3921521.9328000005,3,1,1,1
50,8,4,ok,225792,211408671.12960002,16647192.575999999,191921040.17920002,0,2840438.3744000001,2,2,1,1
50,8,5,ok,197568,218728175.71200001,16907304.959999997,198311585.76000002,0,3509284.9920000001,5,1,1,1
50,8,6,ok,155232,216406865.40480003,16777248.767999999,195081741.70560002,0,4547874.9312000005,3,2,1,1
50,8,7,ok,129024,221007230.97599998,16647192.575999998,198412112.28159997,0,5947926.1184,1,1,1,7
50,8,8,ok,112896,212943157.24800003,16647192.575999999,192212531.20000002,0,4083433.4720000001,2,4,1,1
50,8,9,ok,112896,222993938.34719998,16972333.055999998,200815102.5264,0,5206502.7648,9,1,1,1
50,8,10,ok,98784,219951475.296,16907304.959999997,198903676.89600003,0,4140493.4400000004,5,2,1,1
50,8,11,ok,84672,221818615.18080002,17167417.343999997,198582677.84959999,0,6068519.9872000003,11,1,1,1
50,8,12,ok,77616,220286485.296,16777248.767999999,197708655.60000002,0,5800580.9280000003,3,1,2,2
50,8,13,ok,84672,228783446.11199999,16907304.960000001,204983147.2832,0,6892993.8688000003,13,1,1,1
50,8,14,ok,64512,221007230.97599998,16647192.575999998,198412112.28159997,0,5947926.1184,2,1,1,7
50,8,15,ok,66528,237925327.32000002,17975623.68,213287400.50400001,0,6662303.1360000009,3,1,1,5
50,8,16,ok,56448,214820925.84960002,16647192.575999999,192795513.24160001,0,5378220.0320000006,8,2,1,1
50,16,1,ok,1806336,420515613.08160007,33294385.151999999,383404843.82720006,0,3816384.1024000002,1,1,1,1
50,16,2,ok,903168,420515613.08160007,33294385.151999999,383404843.82720006,0,3816384.1024000002,2,1,1,1
50,16,3,ok,620928,429172062.04799998,33554497.535999998,388400873.64480001,0,7216690.8672000002,3,1,1,1
50,16,4,ok,451584,421282856.14080006,33294385.151999999,383550589.33760005,0,4437881.6512000002,2,2,1,1
50,16,5,ok,395136,436233051.84000009,33814609.919999994,396031080.38400006,0,6387361.5360000003,5,1,1,1
50,16,6,ok,310464,430385951.63520002,33554497.535999998,388988410.23360002,0,7843043.8656000011,3,2,1,1
50,16,7,ok,258048,436643760.53759998,33294385.151999995,395804005.99039996,0,7545369.3952000011,1,1,1,7
50,16,8,ok,225792,422817342.25920004,33294385.151999999,383842080.35840005,0,5680876.7488000002,2,4,1,1
50,16,9,ok,225792,444759872.11199999,33944666.111999996,401035836.64319998,0,9779369.3568000011,9,1,1,1
50,16,10,ok,197568,437456351.42400002,33814609.919999994,396623171.52000004,0,7018569.9840000002,5,2,1,1
50,16,11,ok,169344,442395110.78400004,34334834.687999994,396564155.46879995,0,11496120.627200002,11,1,1,1
50,16,12,ok,155232,432813730.80960006,33554497.535999998,390163483.41120005,0,9095749.8624000009,3,4,1,1
50,16,13,ok,169344,456343592.63999999,33814609.920000002,409374203.43039995,0,13154779.2896,13,1,1,1
50,16,14,ok,129024,436643760.53759998,33294385.151999995,395804005.99039996,0,7545369.3952000011,2,1,1,7
50,16,15,ok,133056,469781206.704,35951247.359999999,423637118.06400001,0,10192841.280000001,3,1,1,5
50,16,16,ok,112896,425886314.49600005,33294385.151999999,384425062.40000004,0,8166866.9440000001,2,8,1,1
50,32,1,ok,3612672,840263983.10400009,66588770.303999998,766663942.14400005,0,7011270.6560000004,1,1,1,1
50,32,2,ok,1806336,840263983.10400009,66588770.303999998,766663942.14400005,0,7011270.6560000004,2,1,1,1
50,32,3,ok,1241856,857130234.50880003,67108995.071999997,776214210.70079994,0,13807028.736000001,3,1,1,1
50,32,4,ok,903168,841031226.16320014,66588770.303999998,766809687.65440011,0,7632768.2048000004,2,2,1,1
50,32,5,ok,790272,871242804.09600019,67629219.839999989,791470069.63200021,0,12143514.624000002,5,1,1,1
50,32,6,ok,620928,858344124.09599996,67108995.071999997,776801747.28960001,0,14433381.7344,3,2,1,1
50,32,7,ok,516096,867916819.66079998,66588770.30399999,790587793.40799999,0,10740255.948800001,1,1,1,7
50,32,8,ok,451584,842565712.28160012,66588770.303999998,767101178.6752001,0,8875763.3024000004,2,4,1,1
50,32,9,ok,451584,888291739.64160001,67889332.223999992,801477304.87680006,0,18925102.540800001,9,1,1,1
50,32,10,ok,395136,872466103.68000019,67629219.839999989,792062160.76800013,0,12774723.072000001,5,2,1,1
50,32,11,ok,338688,874170686.82239997,68669669.375999987,792075090.89279985,0,13425926.553600002,1,11,1,1
50,32,12,ok,310464,860771903.27040005,67108995.071999997,777976820.46720004,0,15686087.731200002,3,4,1,1
50,32,13,ok,338688,911463885.6960001,67629219.840000004,818156315.72480011,0,25678350.131200001,13,1,1,1
50,32,14,ok,258048,867916819.66079998,66588770.30399999,790587793.40799999,0,10740255.948800001,2,1,1,7
50,32,15,ok,266112,933492965.47199988,71902494.719999999,844336553.1839999,0,17253917.568000004,3,1,1,5
50,32,16,ok,225792,845634684.51840007,66588770.303999998,767684160.71680009,0,11361753.4976,2,8,1,1
50,64,1,ok,7225344,1679760723.1488001,133177540.608,1533182138.7776,0,13401043.7632,1,1,1,1
50,64,2,ok,3612672,1679760723.1488001,133177540.608,1533182138.7776,0,13401043.7632,2,1,1,1
50,64,3,ok,2483712,1713046579.4303999,134217990.14399999,1551840884.8127999,0,26987704.4736,3,1,1,1
50,64,4,ok,1806336,1680527966.2080002,133177540.608,1533327884.2880001,0,14022541.312000001,2,2,1,1
50,64,5,ok,1467648,1709063968.5120001,135258439.67999998,1557718814.4640002,0,16086714.368000003,1,5,1,1
50,64,6,ok,1241856,1714260469.0176001,134217990.14399999,1552428421.4015999,0,27614057.472000003,3,2,1,1
50,64,7,ok,1032192,1730462937.9071999,133177540.60799998,1580155368.2432001,0,17130029.056000002,1,1,1,7
50,64,8,ok,903168,1682062452.3264003,133177540.608,1533619375.3088002,0,15265536.409600001,2,4,1,1
50,64,9,ok,903168,1775355474.7007999,135778664.44799998,1602360241.3440001,0,37216568.908800006,9,1,1,1
50,64,10,ok,733824,1709063968.5120001,135258439.67999998,1557718814.4640002,0,16086714.368000003,2,5,1,1
50,64,11,ok,677376,1739901699.9935999,137339338.75199997,1582546981.1711998,0,20015380.070400003,1,11,1,1
50,64,12,ok,620928,1716688248.1919999,134217990.14399999,1553603494.5792,0,28866763.468800001,3,4,1,1
50,64,13,ok,564480,1715201912.9856002,135258439.68000001,1558884778.5472002,0,21058694.758400001,1,13,1,1
50,64,14,ok,516096,1730462937.9071999,133177540.60799998,1580155368.2432001,0,17130029.056000002,2,1,1,7
50,64,15,ok,524160,1836030218.1120002,144919756.79999998,1667881683.8400002,0,23228777.472000003,1,5,1,3
50,64,16,ok,451584,1685131424.5632002,133177540.608,1534202357.3504002,0,17751526.604800001,2,8,1,1
51,1,1,ok,50176,12976155.3408,924844.03199999989,11346461.696,0,704849.6128,1,1,1,1
51,1,2,ok,25088,13095117.619199999,924844.03199999989,11412553.5232,0,757720.06400000001,2,1,1,1
51,1,3,ok,17248,13312291.762800004,926650.36800000002,11573777.482800003,0,811863.91200000001,3,1,1,1
51,1,4,ok,12544,13333042.175999999,924844.03199999989,11544737.1776,0,863460.96640000003,4,1,1,1
51,1,5,ok,10976,13696044.146999998,925747.19999999984,11853328.831,0,916968.11600000004,5,1,1,1
51,1,6,ok,8624,13653954.6876,926650.36800000002,11638679.780400001,0,1088624.5392,3,1,1,2
51,1,7,ok,7840,13974445.426200002,929359.87199999997,12019829.742200002,0,1025255.812,7,1,1,1
51,1,8,ok,6272,13674039.0912,924844.03199999989,11609512.959999999,0,1139682.0992000001,4,1,1,2
51,1,9,ok,6272,14259985.945199998,926650.3679999999,12204248.957999999,0,1129086.6192000001,9,1,1,1
51,1,10,ok,5488,14037374.067,925747.19999999984,11918167.871000001,0,1193458.996,5,1,1,2
51,1,11,ok,4704,14344943.434799999,933875.71199999982,12171146.614,0,1239921.1088,11,1,1,1
51,1,12,ok,4312,14497658.290800003,926650.36800000002,11928862.129200002,0,1642145.7936,3,1,2,2
51,1,13,ok,4480,14184082.392999999,927553.53599999996,11915323.7346,0,1341205.1224000002,13,1,1,1
51,1,14,ok,3584,15541261.9264,924844.03200000001,12201371.033600001,0,2415046.8608000004,2,1,1,7
51,1,15,ok,4032,14504058.225000001,934778.88,12117239.733000001,0,1452039.612,15,1,1,1
51,1,16,ok,3136,14149888.2048,924844.03199999989,11873880.2688,0,1351163.9040000001,8,1,1,2
51,2,1,ok,100352,25611313.766399998,1849688.0639999998,22628147.6096,0,1133478.0928000002,1,1,1,1
51,2,2,ok,50176,25849238.323199999,1849688.0639999998,22760331.263999999,0,1239218.9952000002,2,1,1,1
51,2,3,ok,34496,26282920.6008,1853300.736,23082652.668000001,0,1346967.1968,3,1,1,1
51,2,4,ok,25088,26190235.238399997,1849688.0639999998,22825107.046399999,0,1515440.128,2,1,1,2
51,2,5,ok,21952,27050758.373999998,1851494.3999999997,23641818.621999998,0,1557445.352,5,1,1,1
51,2,6,ok,17248,26624583.525600009,1853300.736,23147554.965600006,0,1623727.824,3,1,1,2
51,2,7,ok,14336,28457620.889600001,1849688.064,23817127.935999997,0,2790804.8896000003,1,1,1,7
51,2,8,ok,12544,26666084.351999998,1849688.0639999998,23089474.3552,0,1726921.9328000001,4,1,1,2
51,2,9,ok,12544,28178308.965600003,1853300.7359999998,24343595.6184,0,1981412.6112000004,9,1,1,1
51,2,10,ok,10976,27392088.293999996,1851494.3999999997,23706657.662,0,1833936.2320000001,5,1,1,2
51,2,11,ok,9408,28345559.906400003,1867751.4239999996,24276884.869600002,0,2200923.6128000002,11,1,1,1
51,2,12,ok,8624,27307909.3752,1853300.736,23277359.560800001,0,2177249.0784,3,2,1,2
51,2,13,ok,8960,27831272.1908,1855107.0719999999,23570785.248399999,0,2405379.8704000004,13,1,1,1
51,2,14,ok,7168,28695545.446400002,1849688.064,23949311.590399999,0,2896545.7920000004,2,1,1,7
51,2,15,ok,7392,29960741.430000003,1985679.3599999996,25444609.038000003,0,2530453.0320000001,3,1,1,5
51,2,16,ok,6272,27348078.182399999,1849688.0639999998,23219025.919999998,0,2279364.1984000001,4,2,1,2
51,4,1,ok,200704,50881630.617600001,3699376.1279999996,45191519.436800003,0,1990735.0528000002,1,1,1,1
51,4,2,ok,100352,51155256.115199998,3699376.1279999996,45253663.129599996,0,2202216.8576000002,2,1,1,1
51,4,3,ok,67424,51590138.212800011,3706601.4720000001,45466362.974400006,0,2417173.7664000001,3,1,1,1
51,4,4,ok,50176,51690580.377599999,3699376.1279999996,45512766.259199999,0,2478437.9904000005,2,1,1,2
51,4,5,ok,40768,52183591.499999993,3702988.7999999993,45642202.875999995,0,2838399.824,5,1,1,1
51,4,6,ok,33712,52126508.030400008,3706601.4720000001,45725972.164800003,0,2693934.3936000001,3,1,1,2
51,4,7,ok,28672,54528263.372799993,3699376.128,47180825.395199992,0,3648061.8496000003,1,1,1,7
51,4,8,ok,25088,52245727.641599998,3699376.1279999996,45644949.913599998,0,2901401.6000000006,4,1,1,2
51,4,9,ok,23520,53723421.028799996,3706601.4719999996,46330754.961599991,0,3686064.5951999999,9,1,1,1
51,4,10,ok,20384,52719438.539999992,3702988.7999999993,45901559.035999998,0,3114890.7039999999,5,1,1,2
51,4,11,ok,18816,54361987.627199993,3735502.8479999993,46503556.158399999,0,4122928.6208000001,11,1,1,1
51,4,12,ok,16856,53840758.680000007,3706601.4720000001,46886701.560000002,0,3247455.648,3,1,2,2
51,4,13,ok,15680,54483515.517600007,3710214.1439999999,46239572.007200003,0,4533729.3664000006,13,1,1,1
51,4,14,ok,14336,54819143.68,3699376.128,47260223.897599995,0,3859543.6544000003,2,1,1,7
51,4,15,ok,14112,55745870.148000002,3739115.52,47036161.236000001,0,4970593.3920000009,15,1,1,1
51,4,16,ok,12544,53332168.703999996,3699376.1279999996,46178948.7104,0,3453843.8656000001,4,2,1,2
51,8,1,ok,401408,101422264.31999999,7398752.2559999991,90318263.091199994,0,3705248.9728000006,1,1,1,1
51,8,2,ok,200704,101763261.2352,7398752.2559999991,90383038.873600006,0,3981470.1056000004,1,1,1,2
51,8,3,ok,134848,102643906.60800001,7413202.9440000001,90673116.758400023,0,4557586.9056000002,3,1,1,1
51,8,4,ok,100352,102310512.2304,7398752.2559999991,90507326.259199992,0,4404433.7152000004,2,1,1,2
51,8,5,ok,81536,103831335.96000001,7405977.5999999987,91025049.592000008,0,5400308.7679999992,5,1,1,1
51,8,6,ok,67424,103180276.42560002,7413202.9440000001,90932725.948800012,0,4834347.5328000002,3,1,1,2
51,8,7,ok,57344,105891017.52319999,7398752.2560000001,92706725.887999997,0,5785539.3792000012,1,1,1,7
51,8,8,ok,50176,103381160.7552,7398752.2559999991,91025532.518399999,0,4956875.980800001,2,2,1,2
51,8,9,ok,47040,106910472.23999999,7413202.9439999992,92401900.732799992,0,7095368.5632000007,9,1,1,1
51,8,10,ok,40768,104367182.99999999,7405977.5999999987,91284405.751999989,0,5676799.648,5,1,1,2
51,8,11,ok,37632,108183423.21599999,7471005.6959999986,92745478.88319999,0,7966938.6368000004,11,1,1,1
51,8,12,ok,33712,104253016.06080002,7413202.9440000001,91451944.329600006,0,5387868.7872000001,3,2,1,2
51,8,13,ok,31360,108430138.44,7420428.2879999997,92219281.793599993,0,8790428.3584000021,13,1,1,1
51,8,14,ok,28672,105891017.52319999,7398752.2560000001,92706725.887999997,0,5785539.3792000012,2,1,1,7
51,8,15,ok,28224,110950665.47999999,7478231.04,93810436.008000001,0,9661998.432,15,1,1,1
51,8,16,ok,25088,104491455.2832,7398752.2559999991,91289899.827199996,0,5802803.2000000011,4,2,1,2
51,16,1,ok,802816,202503531.72479999,14797504.511999998,180571750.40000001,0,7134276.8128000004,1,1,1,1
51,16,2,ok,401408,202844528.63999999,14797504.511999998,180636526.18239999,0,7410497.9456000011,1,1,1,2
51,16,3,ok,269696,204751443.39840004,14826405.888,181086624.32640004,0,8838413.1840000004,3,1,1,1
51,16,4,ok,200704,203526522.47040001,14797504.511999998,180766077.74720001,0,7962940.2112000007,1,2,1,2
51,16,5,ok,163072,207126824.88000003,14811955.199999997,181790743.02399999,0,10524126.655999999,5,1,1,1
51,16,6,ok,134848,205287813.21600002,14826405.888,181346233.51680005,0,9115173.8112000003,3,1,1,2
51,16,7,ok,114688,208034765.20959997,14797504.512,183599729.86879995,0,9637530.8288000003,1,1,1,7
51,16,8,ok,100352,204621024.46079999,14797504.511999998,181014652.51839998,0,8808867.4304000009,2,2,1,2
51,16,9,ok,94080,213284574.66239998,14826405.887999998,184544192.27519998,0,13913976.499200001,9,1,1,1
51,16,10,ok,81536,207662671.92000002,14811955.199999997,182050099.18400002,0,10800617.535999998,5,1,1,2
51,16,11,ok,75264,215826294.39359999,14942011.391999997,185229324.3328,0,15654958.6688,11,1,1,1
51,16,12,ok,67424,206360552.85120004,14826405.888,181865451.89760002,0,9668695.0656000003,3,2,1,2
51,16,13,ok,62720,216323384.28479999,14840856.575999999,184178701.3664,0,17303826.342399999,13,1,1,1
51,16,14,ok,57344,208034765.20959997,14797504.512,183599729.86879995,0,9637530.8288000003,2,1,1,7
51,16,15,ok,56448,221360256.14400002,14956462.08,187358985.55200002,0,19044808.511999998,15,1,1,1
51,16,16,ok,50176,206762321.5104,14797504.511999998,182051065.0368,0,9913751.9616000019,2,4,1,2
51,32,1,ok,1605632,404666066.53439999,29595009.023999996,361078725.0176,0,13992332.492800001,1,1,1,1
51,32,2,ok,802816,405007063.44959998,29595009.023999996,361143500.80000001,0,14268553.625600001,1,1,1,2
51,32,3,ok,539392,408966516.97920001,29652811.776000001,361913639.46240008,0,17400065.740800001,3,1,1,1
51,32,4,ok,401408,405689057.27999997,29595009.023999996,361273052.36479998,0,14820995.891200002,1,2,1,2
51,32,5,ok,326144,413717802.71999991,29623910.399999995,363322129.88799995,0,20771762.432,5,1,1,1
51,32,6,ok,269696,409502886.79680008,29652811.776000001,362173248.65280008,0,17676826.368000001,3,1,1,2
51,32,7,ok,229376,412322260.58240008,29595009.024,365385737.83039999,0,17341513.728,1,1,1,7
51,32,8,ok,200704,407053044.94080001,29595009.023999996,361532155.49440002,0,15925880.422400001,1,4,1,2
51,32,9,ok,188160,426032779.5072,29652811.775999997,368828775.36000001,0,27551192.371200003,9,1,1,1
51,32,10,ok,163072,414253649.76000005,29623910.399999995,363581486.04799998,0,21048253.311999999,5,1,1,2
51,32,11,ok,150528,420711194.11199999,30519853.055999998,373008168.75519997,0,17183172.300800003,1,11,1,1
51,32,12,ok,134848,410575626.43200004,29652811.776000001,362692467.03360009,0,18230347.622400001,3,2,1,2
51,32,13,ok,125440,432109875.97440004,29681713.151999999,368097540.51200002,0,34330622.310400002,13,1,1,1
51,32,14,ok,114688,412322260.58240008,29595009.024,365385737.83039999,0,17341513.728,2,1,1,7
51,32,15,ok,112896,442179437.47200006,29912924.16,374456084.64000005,0,37810428.672000006,15,1,1,1
51,32,16,ok,100352,409242048.92159998,29595009.023999996,362029305.03679997,0,17617734.860800002,2,4,1,2
51,64,1,ok,3211264,808991136.15359998,59190018.047999993,722092674.25279999,0,27708443.852800004,1,1,1,1
51,64,2,ok,1605632,809332133.06879997,59190018.047999993,722157450.0352,0,27984664.985600002,1,1,1,2
51,64,3,ok,1078784,817396664.14080012,59305623.552000001,723567669.73440015,0,34523370.854400001,3,1,1,1
51,64,4,ok,802816,810014126.89919996,59190018.047999993,722287001.60000002,0,28537107.251200002,1,2,1,2
51,64,5,ok,652288,822990282.23999989,60114862.079999998,733633463.29599988,0,29241956.864,1,5,1,1
51,64,6,ok,539392,817933033.95840001,59305623.552000001,723827278.92480016,0,34800131.481600001,3,1,1,2
51,64,7,ok,458752,820897251.32799983,59190018.048,728957753.75359988,0,32749479.526400007,1,1,1,7
51,64,8,ok,401408,811378114.55999994,59190018.047999993,722546104.72959995,0,29641991.782400005,1,4,1,2
51,64,9,ok,376320,851529189.19679976,59305623.551999994,737397941.52959991,0,54825624.115200005,9,1,1,1
51,64,10,ok,326144,824695266.81599998,60114862.079999998,733957342.20799994,0,30623062.527999997,1,5,1,2
51,64,11,ok,301056,837671422.15680003,61039706.111999996,745303803.90400004,0,31327912.140800007,1,11,1,1
51,64,12,ok,269696,819005773.59360015,59305623.552000001,724346497.30560017,0,35353652.736000001,3,2,1,2
51,64,13,ok,250880,825718257.56159985,60114862.079999991,734151669.55519986,0,31451725.926400002,1,13,1,1
51,64,14,ok,229376,820897251.32799983,59190018.048,728957753.75359988,0,32749479.526400007,2,1,1,7
51,64,15,ok,224224,844799189.0940001,60232273.919999994,748401398.52600002,0,36165516.648000002,3,5,1,1
51,64,16,ok,200704,814106089.88160002,59190018.047999993,723064310.98880005,0,31851760.844800003,1,8,1,2
52,1,1,ok,6272,35042.918400000002,35042.918400000002,0,0,0,1,1,1,1
52,1,2,ok,3136,35042.918400000002,35042.918400000002,0,0,0,1,1,1,2
52,1,3,ok,2095,35111.361600000004,35111.361600000004,0,0,0,3,1,1,1
52,1,4,ok,1568,35042.918400000002,35042.918400000002,0,0,0,2,1,1,2
52,1,5,ok,1256,35077.139999999999,35077.139999999999,0,0,0,5,1,1,1
52,1,6,ok,1048,35111.361600000004,35111.361600000004,0,0,0,3,1,1,2
52,1,7,ok,896,35042.918399999995,35042.918399999995,0,0,0,1,1,1,7
52,1,8,ok,784,35042.918400000002,35042.918400000002,0,0,0,2,1,2,2
52,1,9,ok,699,35111.361600000004,35111.361600000004,0,0,0,9,1,1,1
52,1,10,ok,628,35077.139999999999,35077.139999999999,0,0,0,5,1,1,2
52,1,11,ok,576,35385.134400000003,35385.134400000003,0,0,0,11,1,1,1
52,1,12,ok,524,35111.361600000004,35111.361600000004,0,0,0,3,1,2,2
52,1,13,ok,484,35145.583200000001,35145.583200000001,0,0,0,13,1,1,1
52,1,14,ok,448,35042.918399999995,35042.918399999995,0,0,0,2,1,1,7
52,1,15,ok,423,35419.356,35419.356,0,0,0,15,1,1,1
52,1,16,ok,392,35042.918400000002,35042.918400000002,0,0,0,4,1,2,2
52,2,1,ok,12544,70085.836800000005,70085.836800000005,0,0,0,1,1,1,1
52,2,2,ok,6272,70085.836800000005,70085.836800000005,0,0,0,1,1,1,2
52,2,3,ok,4190,70222.723200000008,70222.723200000008,0,0,0,3,1,1,1
52,2,4,ok,3136,70085.836800000005,70085.836800000005,0,0,0,1,2,1,2
52,2,5,ok,2512,70154.279999999999,70154.279999999999,0,0,0,5,1,1,1
52,2,6,ok,2095,70222.723200000008,70222.723200000008,0,0,0,3,1,1,2
52,2,7,ok,1792,70085.83679999999,70085.83679999999,0,0,0,1,1,1,7
52,2,8,ok,1568,70085.836800000005,70085.836800000005,0,0,0,1,2,2,2
52,2,9,ok,1397,70222.723200000008,70222.723200000008,0,0,0,9,1,1,1
52,2,10,ok,1256,70154.279999999999,70154.279999999999,0,0,0,5,1,1,2
52,2,11,ok,1152,70770.268800000005,70770.268800000005,0,0,0,11,1,1,1
52,2,12,ok,1048,70222.723200000008,70222.723200000008,0,0,0,3,1,2,2
52,2,13,ok,968,70291.166400000002,70291.166400000002,0,0,0,13,1,1,1
52,2,14,ok,896,70085.83679999999,70085.83679999999,0,0,0,1,2,1,7
52,2,15,ok,846,70838.712,70838.712,0,0,0,15,1,1,1
52,2,16,ok,784,70085.836800000005,70085.836800000005,0,0,0,2,2,2,2
52,4,1,ok,25088,140171.67360000001,140171.67360000001,0,0,0,1,1,1,1
52,4,2,ok,12544,140171.67360000001,140171.67360000001,0,0,0,1,1,1,2
52,4,3,ok,8379,140445.44640000002,140445.44640000002,0,0,0,3,1,1,1
52,4,4,ok,6272,140171.67360000001,140171.67360000001,0,0,0,1,2,1,2
52,4,5,ok,5023,140308.56,140308.56,0,0,0,5,1,1,1
52,4,6,ok,4190,140445.44640000002,140445.44640000002,0,0,0,3,1,1,2
52,4,7,ok,3584,140171.67359999998,140171.67359999998,0,0,0,1,1,1,7
52,4,8,ok,3136,140171.67360000001,140171.67360000001,0,0,0,1,2,2,2
52,4,9,ok,2793,140445.44640000002,140445.44640000002,0,0,0,9,1,1,1
52,4,10,ok,2512,140308.56,140308.56,0,0,0,5,1,1,2
52,4,11,ok,2303,141540.53760000001,141540.53760000001,0,0,0,11,1,1,1
52,4,12,ok,2095,140445.44640000002,140445.44640000002,0,0,0,3,1,2,2
52,4,13,ok,1936,140582.3328,140582.3328,0,0,0,13,1,1,1
52,4,14,ok,1792,140171.67359999998,140171.67359999998,0,0,0,1,2,1,7
52,4,15,ok,1691,141677.424,141677.424,0,0,0,15,1,1,1
52,4,16,ok,1568,140171.67360000001,140171.67360000001,0,0,0,2,2,2,2
52,8,1,ok,50176,280343.34720000002,280343.34720000002,0,0,0,1,1,1,1
52,8,2,ok,25088,280343.34720000002,280343.34720000002,0,0,0,1,1,1,2
52,8,3,ok,16758,280890.89280000003,280890.89280000003,0,0,0,3,1,1,1
52,8,4,ok,12544,280343.34720000002,280343.34720000002,0,0,0,1,2,1,2
52,8,5,ok,10045,280617.12,280617.12,0,0,0,5,1,1,1
52,8,6,ok,8379,280890.89280000003,280890.89280000003,0,0,0,3,1,1,2
52,8,7,ok,7168,280343.34719999996,280343.34719999996,0,0,0,1,1,1,7
52,8,8,ok,6272,280343.34720000002,280343.34720000002,0,0,0,1,2,2,2
52,8,9,ok,5586,280890.89280000003,280890.89280000003,0,0,0,9,1,1,1
52,8,10,ok,5023,280617.12,280617.12,0,0,0,5,1,1,2
52,8,11,ok,4606,283081.07520000002,283081.07520000002,0,0,0,11,1,1,1
52,8,12,ok,4190,280890.89280000003,280890.89280000003,0,0,0,3,1,2,2
52,8,13,ok,3871,281164.66560000001,281164.66560000001,0,0,0,13,1,1,1
52,8,14,ok,3584,280343.34719999996,280343.34719999996,0,0,0,1,2,1,7
52,8,15,ok,3381,283354.848,283354.848,0,0,0,15,1,1,1
52,8,16,ok,3136,280343.34720000002,280343.34720000002,0,0,0,2,2,2,2
52,16,1,ok,100352,560686.69440000004,560686.69440000004,0,0,0,1,1,1,1
52,16,2,ok,50176,560686.69440000004,560686.69440000004,0,0,0,1,1,1,2
52,16,3,ok,33516,561781.78560000006,561781.78560000006,0,0,0,3,1,1,1
52,16,4,ok,25088,560686.69440000004,560686.69440000004,0,0,0,1,2,1,2
52,16,5,ok,20090,561234.23999999999,561234.23999999999,0,0,0,5,1,1,1
52,16,6,ok,16758,561781.78560000006,561781.78560000006,0,0,0,3,1,1,2
52,16,7,ok,14336,560686.69439999992,560686.69439999992,0,0,0,1,1,1,7
52,16,8,ok,12544,560686.69440000004,560686.69440000004,0,0,0,1,2,2,2
52,16,9,ok,11172,561781.78560000006,561781.78560000006,0,0,0,9,1,1,1
52,16,10,ok,10045,561234.23999999999,561234.23999999999,0,0,0,5,1,1,2
52,16,11,ok,9212,566162.15040000004,566162.15040000004,0,0,0,11,1,1,1
52,16,12,ok,8379,561781.78560000006,561781.78560000006,0,0,0,3,1,2,2
52,16,13,ok,7742,562329.33120000002,562329.33120000002,0,0,0,13,1,1,1
52,16,14,ok,7168,560686.69439999992,560686.69439999992,0,0,0,1,2,1,7
52,16,15,ok,6762,566709.696,566709.696,0,0,0,15,1,1,1
52,16,16,ok,6272,560686.69440000004,560686.69440000004,0,0,0,2,2,2,2
52,32,1,ok,200704,1121373.3888000001,1121373.3888000001,0,0,0,1,1,1,1
52,32,2,ok,100352,1121373.3888000001,1121373.3888000001,0,0,0,1,1,1,2
52,32,3,ok,67032,1123563.5712000001,1123563.5712000001,0,0,0,3,1,1,1
52,32,4,ok,50176,1121373.3888000001,1121373.3888000001,0,0,0,1,2,1,2
52,32,5,ok,40180,1122468.48,1122468.48,0,0,0,5,1,1,1
52,32,6,ok,33516,1123563.5712000001,1123563.5712000001,0,0,0,3,1,1,2
52,32,7,ok,28672,1121373.3887999998,1121373.3887999998,0,0,0,1,1,1,7
52,32,8,ok,25088,1121373.3888000001,1121373.3888000001,0,0,0,1,2,2,2
52,32,9,ok,22344,1123563.5712000001,1123563.5712000001,0,0,0,9,1,1,1
52,32,10,ok,20090,1122468.48,1122468.48,0,0,0,5,1,1,2
52,32,11,ok,18424,1132324.3008000001,1132324.3008000001,0,0,0,11,1,1,1
52,32,12,ok,16758,1123563.5712000001,1123563.5712000001,0,0,0,3,1,2,2
52,32,13,ok,15484,1124658.6624,1124658.6624,0,0,0,13,1,1,1
52,32,14,ok,14336,1121373.3887999998,1121373.3887999998,0,0,0,1,2,1,7
52,32,15,ok,13524,1133419.392,1133419.392,0,0,0,15,1,1,1
52,32,16,ok,12544,1121373.3888000001,1121373.3888000001,0,0,0,2,2,2,2
52,64,1,ok,401408,2242746.7776000001,2242746.7776000001,0,0,0,1,1,1,1
52,64,2,ok,200704,2242746.7776000001,2242746.7776000001,0,0,0,1,1,1,2
52,64,3,ok,134064,2247127.1424000002,2247127.1424000002,0,0,0,3,1,1,1
52,64,4,ok,100352,2242746.7776000001,2242746.7776000001,0,0,0,1,2,1,2
52,64,5,ok,80360,2244936.96,2244936.96,0,0,0,5,1,1,1
52,64,6,ok,67032,2247127.1424000002,2247127.1424000002,0,0,0,3,1,1,2
52,64,7,ok,57344,2242746.7775999997,2242746.7775999997,0,0,0,1,1,1,7
52,64,8,ok,50176,2242746.7776000001,2242746.7776000001,0,0,0,1,2,2,2
52,64,9,ok,44688,2247127.1424000002,2247127.1424000002,0,0,0,9,1,1,1
52,64,10,ok,40180,2244936.96,2244936.96,0,0,0,5,1,1,2
52,64,11,ok,36848,2264648.6016000002,2264648.6016000002,0,0,0,11,1,1,1
52,64,12,ok,33516,2247127.1424000002,2247127.1424000002,0,0,0,3,1,2,2
52,64,13,ok,30968,2249317.3248000001,2249317.3248000001,0,0,0,13,1,1,1
52,64,14,ok,28672,2242746.7775999997,2242746.7775999997,0,0,0,1,2,1,7
52,64,15,ok,27048,2266838.784,2266838.784,0,0,0,15,1,1,1
52,64,16,ok,25088,2242746.7776000001,2242746.7776000001,0,0,0,2,2,2,2
53,1,1,ok,50176,12853767.731199998,924844.03199999989,11347281.254399998,0,581642.44480000006,1,1,1,1
53,1,2,ok,25088,13274797.209599998,924844.03199999989,11492089.599999998,0,857863.57760000008,1,1,1,2
53,1,3,ok,17920,14549579.750399999,990904.32000000007,12402774.911999999,0,1155900.5184000002,1,1,1,3
53,1,4,ok,12544,13750646.323199999,924844.03199999989,11756456.908799998,0,1069345.3824000002,2,1,1,2
53,1,5,ok,10752,15311606.144000001,990904.31999999983,12612359.040000001,0,1708342.784,1,1,1,5
53,1,6,ok,8960,15059418.086400002,990904.32000000007,12686025.600000001,0,1382488.1664000002,2,1,1,3
53,1,7,ok,7168,14899749.222399998,924844.03200000001,11735935.948799999,0,2238969.2415999998,1,1,1,7
53,1,8,ok,6272,14432640.153599998,924844.03199999989,11886008.473599998,0,1621787.6480000003,2,1,2,2
53,1,9,ok,6720,15992228.302199999,998645.75999999989,13377246.471000001,0,1616336.0712000001,3,1,1,3
53,1,10,ok,5376,15821444.48,990904.31999999983,12895609.728,0,1934930.432,2,1,1,5
53,1,11,ok,5376,16100972.184000002,953745.40799999994,12439198.7632,0,2708028.0128000001,11,1,1,1
53,1,12,ok,4704,15306209.766000001,932069.37599999993,12531505.124399999,0,1842635.2656,3,1,2,2
53,1,13,ok,5376,16965255.372000001,939294.71999999986,12900752.7896,0,3125207.8624000004,13,1,1,1
53,1,14,ok,3584,15375598.335999999,924844.03200000001,12000303.2576,0,2450451.0463999999,2,1,1,7
53,1,15,ok,4032,16760208.027000003,998645.75999999989,13588467.975,0,2173094.2919999999,3,1,1,5
53,1,16,ok,3136,15384338.380799998,924844.03199999989,12414743.091199998,0,2044751.2576000004,4,1,2,2
53,2,1,ok,100352,25366538.547199994,1849688.0639999998,22629786.726399995,0,887063.75680000009,1,1,1,1
53,2,2,ok,50176,25707535.462399997,1849688.0639999998,22694562.508799996,0,1163284.8896000001,1,2,1,1
53,2,3,ok,35840,28076168.755200002,1981808.6400000001,24611222.476800002,0,1483137.6384000001,1,1,1,3
53,2,4,ok,25088,26549594.419199996,1849688.0639999998,22984179.199999996,0,1715727.1552000002,1,2,1,2
53,2,5,ok,21504,28918227.711999997,1981808.6399999997,24900839.167999998,0,2035579.9040000001,1,1,1,5
53,2,6,ok,17920,29095845.427200001,1981808.6400000001,25177723.852799997,0,1936312.9344000004,2,1,1,3
53,2,7,ok,14336,27412520.038399998,1849688.064,23018441.4208,0,2544390.5536000002,1,1,1,7
53,2,8,ok,12544,27501292.646399997,1849688.0639999998,23512913.817599997,0,2138690.7648000005,2,1,2,2
53,2,9,ok,12800,31951621.094399996,2123366.3999999999,26641042.099199999,0,3187212.5951999999,1,1,3,3
53,2,10,ok,10752,29937904.384,1981808.6399999997,25467340.544,0,2488755.2000000002,2,1,1,5
53,2,11,ok,10752,31649891.222399998,1907490.8159999999,24611197.423999999,0,5131202.9824000001,11,1,1,1
53,2,12,ok,8960,30118836.172800004,1981808.6400000001,25372051.200000003,0,2764976.3328000004,2,2,1,3
53,2,13,ok,10752,33386822.039999999,1878589.4399999997,25538353.963200003,0,5969878.6368000004,13,1,1,1
53,2,14,ok,7168,28364218.265600003,1849688.064,23547176.038399998,0,2967354.1632000003,2,1,1,7
53,2,15,ok,7168,33128522.495999999,1981808.6400000001,26348922.624000002,0,4797791.2319999998,1,1,1,15
53,2,16,ok,6272,28865280.307199996,1849688.0639999998,23772016.947199997,0,3243575.2960000006,2,2,2,2
53,4,1,ok,200704,50392080.179199994,3699376.1279999996,45194797.670399994,0,1497906.3808000002,1,1,1,1
53,4,2,ok,100352,50733077.094399989,3699376.1279999996,45259573.452799991,0,1774127.5136000002,1,2,1,1
53,4,3,ok,68992,52628151.192000002,3728277.5039999997,45705019.281599998,0,3194854.4064000007,3,1,1,1
53,4,4,ok,50176,51415070.924799994,3699376.1279999996,45389125.017599992,0,2326569.7792000002,1,4,1,1
53,4,5,ok,43008,56131470.848000005,3963617.2799999993,49477799.424000002,0,2690054.1440000003,1,1,1,5
53,4,6,ok,34496,53490288.945600003,3728277.5039999997,46288777.924800001,0,3473233.5168000003,3,1,1,2
53,4,7,ok,28672,52438061.670400009,3699376.128,45583452.364799999,0,3155233.1776000005,1,1,1,7
53,4,8,ok,25088,52829703.16799999,3699376.1279999996,45957830.041599989,0,3172496.9984000004,2,1,2,2
53,4,9,ok,24640,57911728.543199994,3994583.0399999996,49957213.211999997,0,3959932.2911999999,3,1,1,3
53,4,10,ok,21504,57442956.800000004,3963617.2799999993,49882934.784000002,0,3596404.7360000005,2,1,1,5
53,4,11,ok,18816,62417594.975999996,3814981.6319999998,48625060.422399998,0,9977552.9216000009,11,1,1,1
53,4,12,ok,17248,54569301.912,3728277.5039999997,46811032.670399994,0,4029991.7376000006,3,1,2,2
53,4,13,ok,18816,65904823.088000007,3757178.8799999994,50488424.022399999,0,11659220.185600001,13,1,1,1
53,4,14,ok,14336,54115545.702399999,3699376.128,46415009.177600004,0,4001160.3968000007,2,1,1,7
53,4,15,ok,14336,61142091.264000006,3963617.2800000003,51726208.512000002,0,5452265.472000001,1,1,1,15
53,4,16,ok,12544,55002585.292799994,3699376.1279999996,47025827.635199994,0,4277381.5296000009,2,2,2,2
53,8,1,ok,401408,100443163.44319999,7398752.2559999991,90324819.55839999,0,2719591.6288000001,1,1,1,1
53,8,2,ok,200704,100784160.35839999,7398752.2559999991,90389595.340799987,0,2995812.7616000003,1,2,1,1
53,8,3,ok,137984,104716795.90080002,7456555.0079999994,91148911.190400004,0,6111329.7024000008,3,1,1,1
53,8,4,ok,100352,101466154.18879998,7398752.2559999991,90519146.905599982,0,3548255.0272000004,1,4,1,1
53,8,5,ok,86016,110557957.11999999,7927234.5599999987,98631719.93599999,0,3999002.6240000008,1,1,1,5
53,8,6,ok,68992,105256302.384,7456555.0079999994,91410038.563199997,0,6389708.8128000014,3,2,1,1
53,8,7,ok,57344,102489144.93439999,7398752.2560000001,90713474.252800003,0,4376918.4256000007,1,1,1,7
53,8,8,ok,50176,102830141.84959999,7398752.2559999991,90778250.035199985,0,4653139.5584000004,1,8,1,1
53,8,9,ok,49280,114204937.63679999,7989166.0799999991,99131044.305599988,0,7084727.2511999998,3,1,1,3
53,8,10,ok,43008,112209292.288,7927234.5599999987,98470353.920000017,0,5811703.8080000002,2,1,1,5
53,8,11,ok,37632,124283136.8064,7629963.2639999995,96982920.742399991,0,19670252.800000001,11,1,1,1
53,8,12,ok,34496,106980577.89120001,7456555.0079999994,92577555.849600002,0,6946467.0336000007,3,1,2,2
53,8,13,ok,37632,131265957.472,7514357.7599999988,100713696.4288,0,23037903.283200003,13,1,1,1
53,8,14,ok,28672,104483821.56799999,7398752.2560000001,91016296.448000014,0,6068772.864000001,2,1,1,7
53,8,15,ok,28672,117169228.8,7927234.5600000005,102480780.288,0,6761213.9520000005,1,1,1,15
53,8,16,ok,25088,105659406.33599998,7398752.2559999991,91915660.083199978,0,6344993.9968000008,2,2,2,2
53,16,1,ok,802816,200545329.97119996,14797504.511999998,180584863.33439997,0,5162962.1248000003,1,1,1,1
53,16,2,ok,401408,200886326.88639998,14797504.511999998,180649639.11679998,0,5439183.2576000001,1,2,1,1
53,16,3,ok,275968,208894085.3184,14913110.015999999,182036695.00800002,0,11944280.294399999,3,1,1,1
53,16,4,ok,200704,201568320.71679997,14797504.511999998,180779190.68159997,0,5991625.5232000006,1,4,1,1
53,16,5,ok,172032,219410929.664,15854469.119999997,196939560.96000001,0,6616899.5839999998,1,1,1,5
53,16,6,ok,137984,209433591.80160004,14913110.015999999,182297822.38080001,0,12222659.404800002,3,2,1,1
53,16,7,ok,114688,202591311.46240002,14797504.512,180973518.02880001,0,6820288.9216000009,1,1,1,7
53,16,8,ok,100352,202932308.37759995,14797504.511999998,181038293.81119996,0,7096510.0544000007,1,8,1,1
53,16,9,ok,98560,226791355.82399994,15978332.159999998,197478706.49279997,0,13334317.171200002,3,1,1,3
53,16,10,ok,86016,221115914.23999998,15854469.119999997,197263439.87199998,0,7998005.2480000015,1,2,1,5
53,16,11,ok,75264,248014220.46719998,15259926.527999999,193698641.38239998,0,39055652.5568,11,1,1,1
53,16,12,ok,68992,210512604.76800001,14913110.015999999,182820077.12639999,0,12779417.625600003,3,4,1,1
53,16,13,ok,75264,261988226.24000001,15028715.519999998,201164241.24160001,0,45795269.478400007,13,1,1,1
53,16,14,ok,57344,204978289.86879998,14797504.512,181426948.50560001,0,8753836.8512000013,1,2,1,7
53,16,15,ok,57344,229223503.87199995,15854469.120000001,203989923.83999997,0,9379110.9120000005,1,1,1,15
53,16,16,ok,50176,205660283.69919997,14797504.511999998,181556500.07039997,0,9306279.1168000009,1,16,1,1
53,32,1,ok,1605632,400749663.02719992,29595009.023999996,361104950.88639992,0,10049703.116800001,1,1,1,1
53,32,2,ok,802816,401090659.94239992,29595009.023999996,361169726.66879994,0,10325924.249600001,1,2,1,1
53,32,3,ok,551936,413944427.67359996,30519853.056000002,372517007.92319995,0,10907566.694400001,1,3,1,1
53,32,4,ok,401408,401772653.77279997,29595009.023999996,361299278.23359996,0,10878366.5152,1,4,1,1
53,32,5,ok,344064,437116874.75200003,31708938.239999995,393555243.00800002,0,11852693.504000001,1,1,1,5
53,32,6,ok,275968,417608493.00479996,30519853.056000002,375352409.85599995,0,11736230.092800001,1,3,1,2
53,32,7,ok,229376,402795644.51839995,29595009.024,361493605.5808,0,11707029.913600001,1,1,1,7
53,32,8,ok,200704,403136641.43359995,29595009.023999996,361558381.36319995,0,11983251.046400001,1,8,1,1
53,32,9,ok,197120,449446409.39520007,32699842.559999999,403461751.68000001,0,13284815.155200001,1,3,1,3
53,32,10,ok,172032,438821859.32800001,31708938.239999995,393879121.92000002,0,13233799.168,1,2,1,5
53,32,11,ok,150528,416672402.99520004,30519853.055999998,373035214.18239999,0,13117335.7568,1,11,1,1
53,32,12,ok,137984,418867183.60320008,29826220.031999998,364595644.76160002,0,24445318.809600003,3,4,1,1
53,32,13,ok,150528,492431021.7216,36068917.247999996,440859798.57919997,0,15502305.894400001,1,13,1,1
53,32,14,ok,114688,405182622.92480004,29595009.024,361947036.05760002,0,13640577.843200002,1,2,1,7
53,32,15,ok,114688,453332054.01599997,31708938.240000002,407008210.94400001,0,14614904.832000002,1,1,1,15
53,32,16,ok,100352,405864616.75519991,29595009.023999996,362076587.62239993,0,14193020.108800001,1,16,1,1
53,64,1,ok,3211264,801158329.13919997,59190018.047999993,722145125.99039996,0,19823185.1008,1,1,1,1
53,64,2,ok,1605632,801499326.05439985,59190018.047999993,722209901.77279985,0,20099406.233600002,1,2,1,1
53,64,3,ok,1103872,826865864.60160005,61039706.112000003,744839688.49920011,0,20986469.990400001,1,3,1,1
53,64,4,ok,802816,802181319.88479984,59190018.047999993,722339453.33759987,0,20651848.499200001,1,4,1,1
53,64,5,ok,652288,815035087.61600006,60114862.079999998,733686734.59200001,0,21233490.944000002,1,5,1,1
53,64,6,ok,551936,827888855.34719992,61039706.112000003,745034015.8463999,0,21815133.388800003,1,6,1,1
53,64,7,ok,458752,803204310.63039994,59190018.048,722533780.68480003,0,21480511.897600003,1,1,1,7
53,64,8,ok,401408,803545307.54559994,59190018.047999993,722598556.46719992,0,21756733.030400001,1,8,1,1
53,64,9,ok,394240,895823846.55359995,65399685.119999997,806340521.31840014,0,24083640.115200002,1,3,1,3
53,64,10,ok,326144,821942188.79999995,60114862.079999998,739212730.11199999,0,22614596.608000003,1,5,1,2
53,64,11,ok,301056,829593839.92320013,61039706.111999996,745357894.75839996,0,23196239.052800003,1,11,1,1
53,64,12,ok,275968,835216986.00959992,61039706.112000003,750704819.71199989,0,23472460.185600001,1,3,2,2
53,64,13,ok,250880,817763062.93760002,60114862.079999991,734204940.8512001,0,23443260.0064,1,13,1,1
53,64,14,ok,229376,805591289.03679991,59190018.048,722987211.16159999,0,23414059.827200003,1,2,1,7
53,64,15,ok,232960,884343239.03999996,64408780.799999997,794520728.44799995,0,25413729.791999999,1,5,1,3
53,64,16,ok,200704,806273282.8671999,59190018.047999993,723116762.7263999,0,23966502.092800003,1,16,1,1
54,1,1,ok,112896,27001516.185600001,2080899.0719999999,24099439.155200001,0,821177.9584,1,1,1,1
54,1,2,ok,56448,27001516.185600001,2080899.0719999999,24099439.155200001,0,821177.9584,2,1,1,1
54,1,3,ok,42336,27987470.463600002,2097156.0959999999,25010676.606000002,0,879637.76160000009,3,1,1,1
54,1,4,ok,28224,27239440.742400005,2080899.0719999999,24231622.809600003,0,926918.86080000002,4,1,1,1
54,1,5,ok,24192,32265924.479999997,2229534.7199999997,26714958.719999999,0,3321431.04,1,1,1,5
54,1,6,ok,20160,30371291.827199996,2229534.7199999997,26063321.164799999,0,2078435.9424000001,2,1,1,3
54,1,7,ok,16128,32325267.609599993,2080899.0719999997,25694205.286399994,0,4550163.2511999998,1,1,1,7
54,1,8,ok,14112,27715289.856000006,2080899.0719999999,24495990.118400004,0,1138400.6656000002,8,1,1,1
54,1,9,ok,14112,28949089.829399999,2121541.6319999998,25622303.700600002,0,1205244.4968000001,9,1,1,1
54,1,10,ok,12096,32265924.479999997,2229534.7199999997,26714958.719999999,0,3321431.04,2,1,1,5
54,1,11,ok,12096,29327022.436799999,2145927.1679999996,25612479.428799998,0,1568615.8400000001,11,1,1,1
54,1,12,ok,10080,30626210.995199997,2229534.7199999997,26204946.508799996,0,2191729.7664000001,4,1,1,3
54,1,13,ok,12096,30237825.228,2113413.1200000001,26415916.539999999,0,1708495.568,13,1,1,1
54,1,14,ok,8064,32325267.609599993,2080899.0719999997,25694205.286399994,0,4550163.2511999998,2,1,1,7
54,1,15,ok,9072,33348364.442999996,2246952.96,27698269.958999995,0,3403141.5239999997,3,1,1,5
54,1,16,ok,7056,28662606.182400003,2080899.0719999999,24821808.896000002,0,1759898.2144000002,8,1,1,2
54,2,1,ok,225792,53235789.312000006,4161798.1439999999,48053132.800000004,0,1020858.368,1,1,1,1
54,2,2,ok,112896,53235789.312000006,4161798.1439999999,48053132.800000004,0,1020858.368,2,1,1,1
54,2,3,ok,84672,55201703.781599998,4194312.1919999998,49874469.064800002,0,1132922.5248,3,1,1,1
54,2,4,ok,56448,53711638.4256,4161798.1439999999,48317500.108800001,0,1232340.1728000001,4,1,1,1
54,2,5,ok,48384,60695633.664000005,4459069.4399999995,52701189.888000004,0,3535374.3360000001,1,1,1,5
54,2,6,ok,40320,58440854.476799995,4459069.4399999995,51689405.7984,0,2292379.2384000001,2,1,1,3
54,2,7,ok,32256,59279833.804799989,4161798.1439999994,50368191.999999993,0,4749843.6607999997,1,1,1,7
54,2,8,ok,28224,54478881.484800011,4161798.1439999999,48463245.619200006,0,1853837.7216,4,2,1,1
54,2,9,ok,28224,57115951.383599997,4243083.2639999995,51096015.298800007,0,1776852.8207999999,9,1,1,1
54,2,10,ok,24192,60695633.664000005,4459069.4399999995,52701189.888000004,0,3535374.3360000001,2,1,1,5
54,2,11,ok,24192,57411925.295999996,4291854.3359999992,50623758.627199993,0,2496312.3328000004,11,1,1,1
54,2,12,ok,20160,58950692.812800005,4459069.4399999995,51972656.486400001,0,2518966.8864000002,4,1,1,3
54,2,13,ok,24192,59252350.872000016,4226826.2400000002,52239741.944000006,0,2785782.6880000001,13,1,1,1
54,2,14,ok,16128,59279833.804799989,4161798.1439999994,50368191.999999993,0,4749843.6607999997,2,1,1,7
54,2,15,ok,18144,62830543.158,4493905.9199999999,54662119.181999996,0,3674518.0560000003,3,1,1,5
54,2,16,ok,14112,55430579.712000012,4161798.1439999999,48991980.236800008,0,2276801.3312000004,8,2,1,1
54,4,1,ok,451584,105704335.56480001,8323596.2879999997,95960520.089600012,0,1420219.1872,1,1,1,1
54,4,2,ok,225792,105704335.56480001,8323596.2879999997,95960520.089600012,0,1420219.1872,2,1,1,1
54,4,3,ok,155232,108203432.70240001,8388624.3839999996,97540870.852800012,0,2273937.4656000002,3,1,1,1
54,4,4,ok,112896,106471578.62400001,8323596.2879999997,96106265.600000009,0,2041716.736,2,2,1,1
54,4,5,ok,98784,109975737.648,8453652.4799999986,99451838.448000014,0,2070246.7200000002,5,1,1,1
54,4,6,ok,77616,110143242.648,8388624.3839999996,98854327.800000012,0,2900290.4640000002,3,1,1,2
54,4,7,ok,64512,113188966.19519998,8323596.2879999988,99716165.427199975,0,5149204.4800000004,1,1,1,7
54,4,8,ok,56448,107410462.92480001,8323596.2879999997,96397756.620800003,0,2689110.0160000003,8,1,1,1
54,4,9,ok,56448,112110971.4648,8486166.527999999,100704735.46800001,0,2920069.4687999999,9,1,1,1
54,4,10,ok,49392,111930584.88,8453652.4799999986,100775477.23200001,0,2701455.1679999996,5,1,1,2
54,4,11,ok,42336,111530367.3792,8583708.6719999984,99591939.039999992,0,3354719.6672,11,1,1,1
54,4,12,ok,38808,112571021.8224,8388624.3839999996,100029400.97760001,0,4152996.4608000005,3,1,2,2
54,4,13,ok,42336,115003372.848,8453652.4800000004,102787619.2096,0,3762101.1584000005,13,1,1,1
54,4,14,ok,32256,113188966.19519998,8323596.2879999988,99716165.427199975,0,5149204.4800000004,2,1,1,7
54,4,15,ok,33264,121997387.62799999,8987811.8399999999,108112541.72399999,0,4897034.0640000012,3,1,1,5
54,4,16,ok,28224,108957762.96960002,8323596.2879999997,96926491.238400012,0,3707675.4432000001,4,4,1,1
54,8,1,ok,903168,210641428.07040003,16647192.575999999,191775294.66880003,0,2218940.8256000001,1,1,1,1
54,8,2,ok,451584,210641428.07040003,16647192.575999999,191775294.66880003,0,2218940.8256000001,2,1,1,1
54,8,3,ok,310464,215192975.81760001,16777248.767999999,194494205.11680001,0,3921521.9328000005,3,1,1,1
54,8,4,ok,225792,211408671.12960002,16647192.575999999,191921040.17920002,0,2840438.3744000001,2,2,1,1
54,8,5,ok,197568,218728175.71200001,16907304.959999997,198311585.76000002,0,3509284.9920000001,5,1,1,1
54,8,6,ok,155232,216406865.40480003,16777248.767999999,195081741.70560002,0,4547874.9312000005,3,2,1,1
54,8,7,ok,129024,221007230.97599998,16647192.575999998,198412112.28159997,0,5947926.1184,1,1,1,7
54,8,8,ok,112896,212943157.24800003,16647192.575999999,192212531.20000002,0,4083433.4720000001,2,4,1,1
54,8,9,ok,112896,222993938.34719998,16972333.055999998,200815102.5264,0,5206502.7648,9,1,1,1
54,8,10,ok,98784,219951475.296,16907304.959999997,198903676.89600003,0,4140493.4400000004,5,2,1,1
54,8,11,ok,84672,221818615.18080002,17167417.343999997,198582677.84959999,0,6068519.9872000003,11,1,1,1
54,8,12,ok,77616,220286485.296,16777248.767999999,197708655.60000002,0,5800580.9280000003,3,1,2,2
54,8,13,ok,84672,228783446.11199999,16907304.960000001,204983147.2832,0,6892993.8688000003,13,1,1,1
54,8,14,ok,64512,221007230.97599998,16647192.575999998,198412112.28159997,0,5947926.1184,2,1,1,7
54,8,15,ok,66528,237925327.32000002,17975623.68,213287400.50400001,0,6662303.1360000009,3,1,1,5
54,8,16,ok,56448,214820925.84960002,16647192.575999999,192795513.24160001,0,5378220.0320000006,8,2,1,1
54,16,1,ok,1806336,420515613.08160007,33294385.151999999,383404843.82720006,0,3816384.1024000002,1,1,1,1
54,16,2,ok,903168,420515613.08160007,33294385.151999999,383404843.82720006,0,3816384.1024000002,2,1,1,1
54,16,3,ok,620928,429172062.04799998,33554497.535999998,388400873.64480001,0,7216690.8672000002,3,1,1,1
54,16,4,ok,451584,421282856.14080006,33294385.151999999,383550589.33760005,0,4437881.6512000002,2,2,1,1
54,16,5,ok,395136,436233051.84000009,33814609.919999994,396031080.38400006,0,6387361.5360000003,5,1,1,1
54,16,6,ok,310464,430385951.63520002,33554497.535999998,388988410.23360002,0,7843043.8656000011,3,2,1,1
54,16,7,ok,258048,436643760.53759998,33294385.151999995,395804005.99039996,0,7545369.3952000011,1,1,1,7
54,16,8,ok,225792,422817342.25920004,33294385.151999999,383842080.35840005,0,5680876.7488000002,2,4,1,1
54,16,9,ok,225792,444759872.11199999,33944666.111999996,401035836.64319998,0,9779369.3568000011,9,1,1,1
54,16,10,ok,197568,437456351.42400002,33814609.919999994,396623171.52000004,0,7018569.9840000002,5,2,1,1
54,16,11,ok,169344,442395110.78400004,34334834.687999994,396564155.46879995,0,11496120.627200002,11,1,1,1
54,16,12,ok,155232,432813730.80960006,33554497.535999998,390163483.41120005,0,9095749.8624000009,3,4,1,1
54,16,13,ok,169344,456343592.63999999,33814609.920000002,409374203.43039995,0,13154779.2896,13,1,1,1
54,16,14,ok,129024,436643760.53759998,33294385.151999995,395804005.99039996,0,7545369.3952000011,2,1,1,7
54,16,15,ok,133056,469781206.704,35951247.359999999,423637118.06400001,0,10192841.280000001,3,1,1,5
54,16,16,ok,112896,425886314.49600005,33294385.151999999,384425062.40000004,0,8166866.9440000001,2,8,1,1
54,32,1,ok,3612672,840263983.10400009,66588770.303999998,766663942.14400005,0,7011270.6560000004,1,1,1,1
54,32,2,ok,1806336,840263983.10400009,66588770.303999998,766663942.14400005,0,7011270.6560000004,2,1,1,1
54,32,3,ok,1241856,857130234.50880003,67108995.071999997,776214210.70079994,0,13807028.736000001,3,1,1,1
54,32,4,ok,903168,841031226.16320014,66588770.303999998,766809687.65440011,0,7632768.2048000004,2,2,1,1
54,32,5,ok,790272,871242804.09600019,67629219.839999989,791470069.63200021,0,12143514.624000002,5,1,1,1
54,32,6,ok,620928,858344124.09599996,67108995.071999997,776801747.28960001,0,14433381.7344,3,2,1,1
54,32,7,ok,516096,867916819.66079998,66588770.30399999,790587793.40799999,0,10740255.948800001,1,1,1,7
54,32,8,ok,451584,842565712.28160012,66588770.303999998,767101178.6752001,0,8875763.3024000004,2,4,1,1
54,32,9,ok,451584,888291739.64160001,67889332.223999992,801477304.87680006,0,18925102.540800001,9,1,1,1
54,32,10,ok,395136,872466103.68000019,67629219.839999989,792062160.76800013,0,12774723.072000001,5,2,1,1
54,32,11,ok,338688,874170686.82239997,68669669.375999987,792075090.89279985,0,13425926.553600002,1,11,1,1
54,32,12,ok,310464,860771903.27040005,67108995.071999997,777976820.46720004,0,15686087.731200002,3,4,1,1
54,32,13,ok,338688,911463885.6960001,67629219.840000004,818156315.72480011,0,25678350.131200001,13,1,1,1
54,32,14,ok,258048,867916819.66079998,66588770.30399999,790587793.40799999,0,10740255.948800001,2,1,1,7
54,32,15,ok,266112,933492965.47199988,71902494.719999999,844336553.1839999,0,17253917.568000004,3,1,1,5
54,32,16,ok,225792,845634684.51840007,66588770.303999998,767684160.71680009,0,11361753.4976,2,8,1,1
54,64,1,ok,7225344,1679760723.1488001,133177540.608,1533182138.7776,0,13401043.7632,1,1,1,1
54,64,2,ok,3612672,1679760723.1488001,133177540.608,1533182138.7776,0,13401043.7632,2,1,1,1
54,64,3,ok,2483712,1713046579.4303999,134217990.14399999,1551840884.8127999,0,26987704.4736,3,1,1,1
54,64,4,ok,1806336,1680527966.2080002,133177540.608,1533327884.2880001,0,14022541.312000001,2,2,1,1
54,64,5,ok,1467648,1709063968.5120001,135258439.67999998,1557718814.4640002,0,16086714.368000003,1,5,1,1
54,64,6,ok,1241856,1714260469.0176001,134217990.14399999,1552428421.4015999,0,27614057.472000003,3,2,1,1
54,64,7,ok,1032192,1730462937.9071999,133177540.60799998,1580155368.2432001,0,17130029.056000002,1,1,1,7
54,64,8,ok,903168,1682062452.3264003,133177540.608,1533619375.3088002,0,15265536.409600001,2,4,1,1
54,64,9,ok,903168,1775355474.7007999,135778664.44799998,1602360241.3440001,0,37216568.908800006,9,1,1,1
54,64,10,ok,733824,1709063968.5120001,135258439.67999998,1557718814.4640002,0,16086714.368000003,2,5,1,1
54,64,11,ok,677376,1739901699.9935999,137339338.75199997,1582546981.1711998,0,20015380.070400003,1,11,1,1
54,64,12,ok,620928,1716688248.1919999,134217990.14399999,1553603494.5792,0,28866763.468800001,3,4,1,1
54,64,13,ok,564480,1715201912.9856002,135258439.68000001,1558884778.5472002,0,21058694.758400001,1,13,1,1
54,64,14,ok,516096,1730462937.9071999,133177540.60799998,1580155368.2432001,0,17130029.056000002,2,1,1,7
54,64,15,ok,524160,1836030218.1120002,144919756.79999998,1667881683.8400002,0,23228777.472000003,1,5,1,3
54,64,16,ok,451584,1685131424.5632002,133177540.608,1534202357.3504002,0,17751526.604800001,2,8,1,1
55,1,1,ok,50176,12976155.3408,924844.03199999989,11346461.696,0,704849.6128,1,1,1,1
55,1,2,ok,25088,13095117.619199999,924844.03199999989,11412553.5232,0,757720.06400000001,2,1,1,1
55,1,3,ok,17248,13312291.762800004,926650.36800000002,11573777.482800003,0,811863.91200000001,3,1,1,1
55,1,4,ok,12544,13333042.175999999,924844.03199999989,11544737.1776,0,863460.96640000003,4,1,1,1
55,1,5,ok,10976,13696044.146999998,925747.19999999984,11853328.831,0,916968.11600000004,5,1,1,1
55,1,6,ok,8624,13653954.6876,926650.36800000002,11638679.780400001,0,1088624.5392,3,1,1,2
55,1,7,ok,7840,13974445.426200002,929359.87199999997,12019829.742200002,0,1025255.812,7,1,1,1
55,1,8,ok,6272,13674039.0912,924844.03199999989,11609512.959999999,0,1139682.0992000001,4,1,1,2
55,1,9,ok,6272,14259985.945199998,926650.3679999999,12204248.957999999,0,1129086.6192000001,9,1,1,1
55,1,10,ok,5488,14037374.067,925747.19999999984,11918167.871000001,0,1193458.996,5,1,1,2
55,1,11,ok,4704,14344943.434799999,933875.71199999982,12171146.614,0,1239921.1088,11,1,1,1
55,1,12,ok,4312,14497658.290800003,926650.36800000002,11928862.129200002,0,1642145.7936,3,1,2,2
55,1,13,ok,4480,14184082.392999999,927553.53599999996,11915323.7346,0,1341205.1224000002,13,1,1,1
55,1,14,ok,3584,15541261.9264,924844.03200000001,12201371.033600001,0,2415046.8608000004,2,1,1,7
55,1,15,ok,4032,14504058.225000001,934778.88,12117239.733000001,0,1452039.612,15,1,1,1
55,1,16,ok,3136,14149888.2048,924844.03199999989,11873880.2688,0,1351163.9040000001,8,1,1,2
55,2,1,ok,100352,25611313.766399998,1849688.0639999998,22628147.6096,0,1133478.0928000002,1,1,1,1
55,2,2,ok,50176,25849238.323199999,1849688.0639999998,22760331.263999999,0,1239218.9952000002,2,1,1,1
55,2,3,ok,34496,26282920.6008,1853300.736,23082652.668000001,0,1346967.1968,3,1,1,1
55,2,4,ok,25088,26190235.238399997,1849688.0639999998,22825107.046399999,0,1515440.128,2,1,1,2
55,2,5,ok,21952,27050758.373999998,1851494.3999999997,23641818.621999998,0,1557445.352,5,1,1,1
55,2,6,ok,17248,26624583.525600009,1853300.736,23147554.965600006,0,1623727.824,3,1,1,2
55,2,7,ok,14336,28457620.889600001,1849688.064,23817127.935999997,0,2790804.8896000003,1,1,1,7
55,2,8,ok,12544,26666084.351999998,1849688.0639999998,23089474.3552,0,1726921.9328000001,4,1,1,2
55,2,9,ok,12544,28178308.965600003,1853300.7359999998,24343595.6184,0,1981412.6112000004,9,1,1,1
55,2,10,ok,10976,27392088.293999996,1851494.3999999997,23706657.662,0,1833936.2320000001,5,1,1,2
55,2,11,ok,9408,28345559.906400003,1867751.4239999996,24276884.869600002,0,2200923.6128000002,11,1,1,1
55,2,12,ok,8624,27307909.3752,1853300.736,23277359.560800001,0,2177249.0784,3,2,1,2
55,2,13,ok,8960,27831272.1908,1855107.0719999999,23570785.248399999,0,2405379.8704000004,13,1,1,1
55,2,14,ok,7168,28695545.446400002,1849688.064,23949311.590399999,0,2896545.7920000004,2,1,1,7
55,2,15,ok,7392,29960741.430000003,1985679.3599999996,25444609.038000003,0,2530453.0320000001,3,1,1,5
55,2,16,ok,6272,27348078.182399999,1849688.0639999998,23219025.919999998,0,2279364.1984000001,4,2,1,2
55,4,1,ok,200704,50881630.617600001,3699376.1279999996,45191519.436800003,0,1990735.0528000002,1,1,1,1
55,4,2,ok,100352,51155256.115199998,3699376.1279999996,45253663.129599996,0,2202216.8576000002,2,1,1,1
55,4,3,ok,67424,51590138.212800011,3706601.4720000001,45466362.974400006,0,2417173.7664000001,3,1,1,1
55,4,4,ok,50176,51690580.377599999,3699376.1279999996,45512766.259199999,0,2478437.9904000005,2,1,1,2
55,4,5,ok,40768,52183591.499999993,3702988.7999999993,45642202.875999995,0,2838399.824,5,1,1,1
55,4,6,ok,33712,52126508.030400008,3706601.4720000001,45725972.164800003,0,2693934.3936000001,3,1,1,2
55,4,7,ok,28672,54528263.372799993,3699376.128,47180825.395199992,0,3648061.8496000003,1,1,1,7
55,4,8,ok,25088,52245727.641599998,3699376.1279999996,45644949.913599998,0,2901401.6000000006,4,1,1,2
55,4,9,ok,23520,53723421.028799996,3706601.4719999996,46330754.961599991,0,3686064.5951999999,9,1,1,1
55,4,10,ok,20384,52719438.539999992,3702988.7999999993,45901559.035999998,0,3114890.7039999999,5,1,1,2
55,4,11,ok,18816,54361987.627199993,3735502.8479999993,46503556.158399999,0,4122928.6208000001,11,1,1,1
55,4,12,ok,16856,53840758.680000007,3706601.4720000001,46886701.560000002,0,3247455.648,3,1,2,2
55,4,13,ok,15680,54483515.517600007,3710214.1439999999,46239572.007200003,0,4533729.3664000006,13,1,1,1
55,4,14,ok,14336,54819143.68,3699376.128,47260223.897599995,0,3859543.6544000003,2,1,1,7
55,4,15,ok,14112,55745870.148000002,3739115.52,47036161.236000001,0,4970593.3920000009,15,1,1,1
55,4,16,ok,12544,53332168.703999996,3699376.1279999996,46178948.7104,0,3453843.8656000001,4,2,1,2
55,8,1,ok,401408,101422264.31999999,7398752.2559999991,90318263.091199994,0,3705248.9728000006,1,1,1,1
55,8,2,ok,200704,101763261.2352,7398752.2559999991,90383038.873600006,0,3981470.1056000004,1,1,1,2
55,8,3,ok,134848,102643906.60800001,7413202.9440000001,90673116.758400023,0,4557586.9056000002,3,1,1,1
55,8,4,ok,100352,102310512.2304,7398752.2559999991,90507326.259199992,0,4404433.7152000004,2,1,1,2
55,8,5,ok,81536,103831335.96000001,7405977.5999999987,91025049.592000008,0,5400308.7679999992,5,1,1,1
55,8,6,ok,67424,103180276.42560002,7413202.9440000001,90932725.948800012,0,4834347.5328000002,3,1,1,2
55,8,7,ok,57344,105891017.52319999,7398752.2560000001,92706725.887999997,0,5785539.3792000012,1,1,1,7
55,8,8,ok,50176,103381160.7552,7398752.2559999991,91025532.518399999,0,4956875.980800001,2,2,1,2
55,8,9,ok,47040,106910472.23999999,7413202.9439999992,92401900.732799992,0,7095368.5632000007,9,1,1,1
55,8,10,ok,40768,104367182.99999999,7405977.5999999987,91284405.751999989,0,5676799.648,5,1,1,2
55,8,11,ok,37632,108183423.21599999,7471005.6959999986,92745478.88319999,0,7966938.6368000004,11,1,1,1
55,8,12,ok,33712,104253016.06080002,7413202.9440000001,91451944.329600006,0,5387868.7872000001,3,2,1,2
55,8,13,ok,31360,108430138.44,7420428.2879999997,92219281.793599993,0,8790428.3584000021,13,1,1,1
55,8,14,ok,28672,105891017.52319999,7398752.2560000001,92706725.887999997,0,5785539.3792000012,2,1,1,7
55,8,15,ok,28224,110950665.47999999,7478231.04,93810436.008000001,0,9661998.432,15,1,1,1
55,8,16,ok,25088,104491455.2832,7398752.2559999991,91289899.827199996,0,5802803.2000000011,4,2,1,2
55,16,1,ok,802816,202503531.72479999,14797504.511999998,180571750.40000001,0,7134276.8128000004,1,1,1,1
55,16,2,ok,401408,202844528.63999999,14797504.511999998,180636526.18239999,0,7410497.9456000011,1,1,1,2
55,16,3,ok,269696,204751443.39840004,14826405.888,181086624.32640004,0,8838413.1840000004,3,1,1,1
55,16,4,ok,200704,203526522.47040001,14797504.511999998,180766077.74720001,0,7962940.2112000007,1,2,1,2
55,16,5,ok,163072,207126824.88000003,14811955.199999997,181790743.02399999,0,10524126.655999999,5,1,1,1
55,16,6,ok,134848,205287813.21600002,14826405.888,181346233.51680005,0,9115173.8112000003,3,1,1,2
55,16,7,ok,114688,208034765.20959997,14797504.512,183599729.86879995,0,9637530.8288000003,1,1,1,7
55,16,8,ok,100352,204621024.46079999,14797504.511999998,181014652.51839998,0,8808867.4304000009,2,2,1,2
55,16,9,ok,94080,213284574.66239998,14826405.887999998,184544192.27519998,0,13913976.499200001,9,1,1,1
55,16,10,ok,81536,207662671.92000002,14811955.199999997,182050099.18400002,0,10800617.535999998,5,1,1,2
55,16,11,ok,75264,215826294.39359999,14942011.391999997,185229324.3328,0,15654958.6688,11,1,1,1
55,16,12,ok,67424,206360552.85120004,14826405.888,181865451.89760002,0,9668695.0656000003,3,2,1,2
55,16,13,ok,62720,216323384.28479999,14840856.575999999,184178701.3664,0,17303826.342399999,13,1,1,1
55,16,14,ok,57344,208034765.20959997,14797504.512,183599729.86879995,0,9637530.8288000003,2,1,1,7
55,16,15,ok,56448,221360256.14400002,14956462.08,187358985.55200002,0,19044808.511999998,15,1,1,1
55,16,16,ok,50176,206762321.5104,14797504.511999998,182051065.0368,0,9913751.9616000019,2,4,1,2
55,32,1,ok,1605632,404666066.53439999,29595009.023999996,361078725.0176,0,13992332.492800001,1,1,1,1
55,32,2,ok,802816,405007063.44959998,29595009.023999996,361143500.80000001,0,14268553.625600001,1,1,1,2
55,32,3,ok,539392,408966516.97920001,29652811.776000001,361913639.46240008,0,17400065.740800001,3,1,1,1
55,32,4,ok,401408,405689057.27999997,29595009.023999996,361273052.36479998,0,14820995.891200002,1,2,1,2
55,32,5,ok,326144,413717802.71999991,29623910.399999995,363322129.88799995,0,20771762.432,5,1,1,1
55,32,6,ok,269696,409502886.79680008,29652811.776000001,362173248.65280008,0,17676826.368000001,3,1,1,2
55,32,7,ok,229376,412322260.58240008,29595009.024,365385737.83039999,0,17341513.728,1,1,1,7
55,32,8,ok,200704,407053044.94080001,29595009.023999996,361532155.49440002,0,15925880.422400001,1,4,1,2
55,32,9,ok,188160,426032779.5072,29652811.775999997,368828775.36000001,0,27551192.371200003,9,1,1,1
55,32,10,ok,163072,414253649.76000005,29623910.399999995,363581486.04799998,0,21048253.311999999,5,1,1,2
55,32,11,ok,150528,420711194.11199999,30519853.055999998,373008168.75519997,0,17183172.300800003,1,11,1,1
55,32,12,ok,134848,410575626.43200004,29652811.776000001,362692467.03360009,0,18230347.622400001,3,2,1,2
55,32,13,ok,125440,432109875.97440004,29681713.151999999,368097540.51200002,0,34330622.310400002,13,1,1,1
55,32,14,ok,114688,412322260.58240008,29595009.024,365385737.83039999,0,17341513.728,2,1,1,7
55,32,15,ok,112896,442179437.47200006,29912924.16,374456084.64000005,0,37810428.672000006,15,1,1,1
55,32,16,ok,100352,409242048.92159998,29595009.023999996,362029305.03679997,0,17617734.860800002,2,4,1,2
55,64,1,ok,3211264,808991136.15359998,59190018.047999993,722092674.25279999,0,27708443.852800004,1,1,1,1
55,64,2,ok,1605632,809332133.06879997,59190018.047999993,722157450.0352,0,27984664.985600002,1,1,1,2
55,64,3,ok,1078784,817396664.14080012,59305623.552000001,723567669.73440015,0,34523370.854400001,3,1,1,1
55,64,4,ok,802816,810014126.89919996,59190018.047999993,722287001.60000002,0,28537107.251200002,1,2,1,2
55,64,5,ok,652288,822990282.23999989,60114862.079999998,733633463.29599988,0,29241956.864,1,5,1,1
55,64,6,ok,539392,817933033.95840001,59305623.552000001,723827278.92480016,0,34800131.481600001,3,1,1,2
55,64,7,ok,458752,820897251.32799983,59190018.048,728957753.75359988,0,32749479.526400007,1,1,1,7
55,64,8,ok,401408,811378114.55999994,59190018.047999993,722546104.72959995,0,29641991.782400005,1,4,1,2
55,64,9,ok,376320,851529189.19679976,59305623.551999994,737397941.52959991,0,54825624.115200005,9,1,1,1
55,64,10,ok,326144,824695266.81599998,60114862.079999998,733957342.20799994,0,30623062.527999997,1,5,1,2
55,64,11,ok,301056,837671422.15680003,61039706.111999996,745303803.90400004,0,31327912.140800007,1,11,1,1
55,64,12,ok,269696,819005773.59360015,59305623.552000001,724346497.30560017,0,35353652.736000001,3,2,1,2
55,64,13,ok,250880,825718257.56159985,60114862.079999991,734151669.55519986,0,31451725.926400002,1,13,1,1
55,64,14,ok,229376,820897251.32799983,59190018.048,728957753.75359988,0,32749479.526400007,2,1,1,7
55,64,15,ok,224224,844799189.0940001,60232273.919999994,748401398.52600002,0,36165516.648000002,3,5,1,1
55,64,16,ok,200704,814106089.88160002,59190018.047999993,723064310.98880005,0,31851760.844800003,1,8,1,2
56,1,1,ok,6272,35042.918400000002,35042.918400000002,0,0,0,1,1,1,1
56,1,2,ok,3136,35042.918400000002,35042.918400000002,0,0,0,1,1,1,2
56,1,3,ok,2095,35111.361600000004,35111.361600000004,0,0,0,3,1,1,1
56,1,4,ok,1568,35042.918400000002,35042.918400000002,0,0,0,2,1,1,2
56,1,5,ok,1256,35077.139999999999,35077.139999999999,0,0,0,5,1,1,1
56,1,6,ok,1048,35111.361600000004,35111.361600000004,0,0,0,3,1,1,2
56,1,7,ok,896,35042.918399999995,35042.918399999995,0,0,0,1,1,1,7
56,1,8,ok,784,35042.918400000002,35042.918400000002,0,0,0,2,1,2,2
56,1,9,ok,699,35111.361600000004,35111.361600000004,0,0,0,9,1,1,1
56,1,10,ok,628,35077.139999999999,35077.139999999999,0,0,0,5,1,1,2
56,1,11,ok,576,35385.134400000003,35385.134400000003,0,0,0,11,1,1,1
56,1,12,ok,524,35111.361600000004,35111.361600000004,0,0,0,3,1,2,2
56,1,13,ok,484,35145.583200000001,35145.583200000001,0,0,0,13,1,1,1
56,1,14,ok,448,35042.918399999995,35042.918399999995,0,0,0,2,1,1,7
56,1,15,ok,423,35419.356,35419.356,0,0,0,15,1,1,1
56,1,16,ok,392,35042.918400000002,35042.918400000002,0,0,0,4,1,2,2
56,2,1,ok,12544,70085.836800000005,70085.836800000005,0,0,0,1,1,1,1
56,2,2,ok,6272,70085.836800000005,70085.836800000005,0,0,0,1,1,1,2
56,2,3,ok,4190,70222.723200000008,70222.723200000008,0,0,0,3,1,1,1
56,2,4,ok,3136,70085.836800000005,70085.836800000005,0,0,0,1,2,1,2
56,2,5,ok,2512,70154.279999999999,70154.279999999999,0,0,0,5,1,1,1
56,2,6,ok,2095,70222.723200000008,70222.723200000008,0,0,0,3,1,1,2
56,2,7,ok,1792,70085.83679999999,70085.83679999999,0,0,0,1,1,1,7
56,2,8,ok,1568,70085.836800000005,70085.836800000005,0,0,0,1,2,2,2
56,2,9,ok,1397,70222.723200000008,70222.723200000008,0,0,0,9,1,1,1
56,2,10,ok,1256,70154.279999999999,70154.279999999999,0,0,0,5,1,1,2
56,2,11,ok,1152,70770.268800000005,70770.268800000005,0,0,0,11,1,1,1
56,2,12,ok,1048,70222.723200000008,70222.723200000008,0,0,0,3,1,2,2
56,2,13,ok,968,70291.166400000002,70291.166400000002,0,0,0,13,1,1,1
56,2,14,ok,896,70085.83679999999,70085.83679999999,0,0,0,1,2,1,7
56,2,15,ok,846,70838.712,70838.712,0,0,0,15,1,1,1
56,2,16,ok,784,70085.836800000005,70085.836800000005,0,0,0,2,2,2,2
56,4,1,ok,25088,140171.67360000001,140171.67360000001,0,0,0,1,1,1,1
56,4,2,ok,12544,140171.67360000001,140171.67360000001,0,0,0,1,1,1,2
56,4,3,ok,8379,140445.44640000002,140445.44640000002,0,0,0,3,1,1,1
56,4,4,ok,6272,140171.67360000001,140171.67360000001,0,0,0,1,2,1,2
56,4,5,ok,5023,140308.56,140308.56,0,0,0,5,1,1,1
56,4,6,ok,4190,140445.44640000002,140445.44640000002,0,0,0,3,1,1,2
56,4,7,ok,3584,140171.67359999998,140171.67359999998,0,0,0,1,1,1,7
56,4,8,ok,3136,140171.67360000001,140171.67360000001,0,0,0,1,2,2,2
56,4,9,ok,2793,140445.44640000002,140445.44640000002,0,0,0,9,1,1,1
56,4,10,ok,2512,140308.56,140308.56,0,0,0,5,1,1,2
56,4,11,ok,2303,141540.53760000001,141540.53760000001,0,0,0,11,1,1,1
56,4,12,ok,2095,140445.44640000002,140445.44640000002,0,0,0,3,1,2,2
56,4,13,ok,1936,140582.3328,140582.3328,0,0,0,13,1,1,1
56,4,14,ok,1792,140171.67359999998,140171.67359999998,0,0,0,1,2,1,7
56,4,15,ok,1691,141677.424,141677.424,0,0,0,15,1,1,1
56,4,16,ok,1568,140171.67360000001,140171.67360000001,0,0,0,2,2,2,2
56,8,1,ok,50176,280343.34720000002,280343.34720000002,0,0,0,1,1,1,1
56,8,2,ok,25088,280343.34720000002,280343.34720000002,0,0,0,1,1,1,2
56,8,3,ok,16758,280890.89280000003,280890.89280000003,0,0,0,3,1,1,1
56,8,4,ok,12544,280343.34720000002,280343.34720000002,0,0,0,1,2,1,2
56,8,5,ok,10045,280617.12,280617.12,0,0,0,5,1,1,1
56,8,6,ok,8379,280890.89280000003,280890.89280000003,0,0,0,3,1,1,2
56,8,7,ok,7168,280343.34719999996,280343.34719999996,0,0,0,1,1,1,7
56,8,8,ok,6272,280343.34720000002,280343.34720000002,0,0,0,1,2,2,2
56,8,9,ok,5586,280890.89280000003,280890.89280000003,0,0,0,9,1,1,1
56,8,10,ok,5023,280617.12,280617.12,0,0,0,5,1,1,2
56,8,11,ok,4606,283081.07520000002,283081.07520000002,0,0,0,11,1,1,1
56,8,12,ok,4190,280890.89280000003,280890.89280000003,0,0,0,3,1,2,2
56,8,13,ok,3871,281164.66560000001,281164.66560000001,0,0,0,13,1,1,1
56,8,14,ok,3584,280343.34719999996,280343.34719999996,0,0,0,1,2,1,7
56,8,15,ok,3381,283354.848,283354.848,0,0,0,15,1,1,1
56,8,16,ok,3136,280343.34720000002,280343.34720000002,0,0,0,2,2,2,2
56,16,1,ok,100352,560686.69440000004,560686.69440000004,0,0,0,1,1,1,1
56,16,2,ok,50176,560686.69440000004,560686.69440000004,0,0,0,1,1,1,2
56,16,3,ok,33516,561781.78560000006,561781.78560000006,0,0,0,3,1,1,1
56,16,4,ok,25088,560686.69440000004,560686.69440000004,0,0,0,1,2,1,2
56,16,5,ok,20090,561234.23999999999,561234.23999999999,0,0,0,5,1,1,1
56,16,6,ok,16758,561781.78560000006,561781.78560000006,0,0,0,3,1,1,2
56,16,7,ok,14336,560686.69439999992,560686.69439999992,0,0,0,1,1,1,7
56,16,8,ok,12544,560686.69440000004,560686.69440000004,0,0,0,1,2,2,2
56,16,9,ok,11172,561781.78560000006,561781.78560000006,0,0,0,9,1,1,1
56,16,10,ok,10045,561234.23999999999,561234.23999999999,0,0,0,5,1,1,2
56,16,11,ok,9212,566162.15040000004,566162.15040000004,0,0,0,11,1,1,1
56,16,12,ok,8379,561781.78560000006,561781.78560000006,0,0,0,3,1,2,2
56,16,13,ok,7742,562329.33120000002,562329.33120000002,0,0,0,13,1,1,1
56,16,14,ok,7168,560686.69439999992,560686.69439999992,0,0,0,1,2,1,7
56,16,15,ok,6762,566709.696,566709.696,0,0,0,15,1,1,1
56,16,16,ok,6272,560686.69440000004,560686.69440000004,0,0,0,2,2,2,2
56,32,1,ok,200704,1121373.3888000001,1121373.3888000001,0,0,0,1,1,1,1
56,32,2,ok,100352,1121373.3888000001,1121373.3888000001,0,0,0,1,1,1,2
56,32,3,ok,67032,1123563.5712000001,1123563.5712000001,0,0,0,3,1,1,1
56,32,4,ok,50176,1121373.3888000001,1121373.3888000001,0,0,0,1,2,1,2
56,32,5,ok,40180,1122468.48,1122468.48,0,0,0,5,1,1,1
56,32,6,ok,33516,1123563.5712000001,1123563.5712000001,0,0,0,3,1,1,2
56,32,7,ok,28672,1121373.3887999998,1121373.3887999998,0,0,0,1,1,1,7
56,32,8,ok,25088,1121373.3888000001,1121373.3888000001,0,0,0,1,2,2,2
56,32,9,ok,22344,1123563.5712000001,1123563.5712000001,0,0,0,9,1,1,1
56,32,10,ok,20090,1122468.48,1122468.48,0,0,0,5,1,1,2
56,32,11,ok,18424,1132324.3008000001,1132324.3008000001,0,0,0,11,1,1,1
56,32,12,ok,16758,1123563.5712000001,1123563.5712000001,0,0,0,3,1,2,2
56,32,13,ok,15484,1124658.6624,1124658.6624,0,0,0,13,1,1,1
56,32,14,ok,14336,1121373.3887999998,1121373.3887999998,0,0,0,1,2,1,7
56,32,15,ok,13524,1133419.392,1133419.392,0,0,0,15,1,1,1
56,32,16,ok,12544,1121373.3888000001,1121373.3888000001,0,0,0,2,2,2,2
56,64,1,ok,401408,2242746.7776000001,2242746.7776000001,0,0,0,1,1,1,1
56,64,2,ok,200704,2242746.7776000001,2242746.7776000001,0,0,0,1,1,1,2
56,64,3,ok,134064,2247127.1424000002,2247127.1424000002,0,0,0,3,1,1,1
56,64,4,ok,100352,2242746.7776000001,2242746.7776000001,0,0,0,1,2,1,2
56,64,5,ok,80360,2244936.96,2244936.96,0,0,0,5,1,1,1
56,64,6,ok,67032,2247127.1424000002,2247127.1424000002,0,0,0,3,1,1,2
56,64,7,ok,57344,2242746.7775999997,2242746.7775999997,0,0,0,1,1,1,7
56,64,8,ok,50176,2242746.7776000001,2242746.7776000001,0,0,0,1,2,2,2
56,64,9,ok,44688,2247127.1424000002,2247127.1424000002,0,0,0,9,1,1,1
56,64,10,ok,40180,2244936.96,2244936.96,0,0,0,5,1,1,2
56,64,11,ok,36848,2264648.6016000002,2264648.6016000002,0,0,0,11,1,1,1
56,64,12,ok,33516,2247127.1424000002,2247127.1424000002,0,0,0,3,1,2,2
56,64,13,ok,30968,2249317.3248000001,2249317.3248000001,0,0,0,13,1,1,1
56,64,14,ok,28672,2242746.7775999997,2242746.7775999997,0,0,0,1,2,1,7
56,64,15,ok,27048,2266838.784,2266838.784,0,0,0,15,1,1,1
56,64,16,ok,25088,2242746.7776000001,2242746.7776000001,0,0,0,2,2,2,2
57,1,1,ok,25088,7659758.8735999987,462422.01599999995,6545054.3871999988,0,652282.47040000011,1,1,1,1
57,1,2,ok,12544,7778721.1519999988,462422.01599999995,6611146.214399999,0,705152.92160000012,2,1,1,1
57,1,3,ok,9408,8065921.8847500002,463325.18400000001,6843402.6013500001,0,759194.09940000006,3,1,1,1
57,1,4,ok,6272,7972775.5007999986,462422.01599999995,6790094.7199999988,0,720258.76480000012,4,1,1,1
57,1,5,ok,5824,8347366.1662499998,465131.51999999996,7128252.0152500002,0,753982.63100000005,5,1,1,1
57,1,6,ok,4704,8315095.6926000025,466034.68799999997,7063695.9606000017,0,785365.04400000011,6,1,1,1
57,1,7,ok,4480,8564229.2925000004,467841.02399999998,7278470.0849000011,0,817918.18360000011,7,1,1,1
57,1,8,ok,3136,8244689.2799999993,462422.01599999995,6941161.7535999995,0,841105.51040000014,8,1,1,1
57,1,9,ok,3136,8481218.8063500002,463325.18399999995,7145405.6989500001,0,872487.92340000009,9,1,1,1
57,1,10,ok,3136,8709915.75,469647.35999999999,7329373.6940000001,0,910894.69600000011,10,1,1,1
57,1,11,ok,2688,8631506.12775,466937.85599999991,7226974.0691499989,0,937594.20260000008,11,1,1,1
57,1,12,ok,2688,8774756.5950000025,466034.68799999997,7342086.7446000008,0,966635.16240000003,12,1,1,1
57,1,13,ok,2240,8731408.9979999997,469647.35999999993,7260231.8828000007,0,1001529.7552,13,1,1,1
57,1,14,ok,2240,8841802.9244999997,467841.02399999998,7344561.9121000003,0,1029399.9884000001,14,1,1,1
57,1,15,ok,2240,9072465.3337500002,474163.19999999995,7530495.3727500001,0,1067806.7609999999,15,1,1,1
57,1,16,ok,1568,8788516.8383999988,462422.01599999995,7243295.8207999989,0,1082799.0016000001,16,1,1,1
57,2,1,ok,50176,14637523.916799998,924844.03199999989,12960557.209599998,0,752122.67520000006,1,1,1,1
57,2,2,ok,25088,14875448.473599998,924844.03199999989,13092740.863999998,0,857863.57760000008,2,1,1,1
57,2,3,ok,18816,15448517.9199,926650.36800000002,13557000.607499998,0,964866.94440000015,3,1,1,1
57,2,4,ok,12544,15263557.171199998,924844.03199999989,13450637.875199998,0,888075.26400000008,4,1,1,1
57,2,5,ok,11648,15617810.476500003,930263.03999999992,13735261.406500002,0,952286.03000000014,5,1,1,1
57,2,6,ok,9408,15942869.478,932069.37599999993,13996828.2348,0,1013971.8672000002,6,1,1,1
57,2,7,ok,7168,18729486.8992,924844.03200000001,13737866.5984,0,4066776.2688000007,1,1,1,7
57,2,8,ok,6272,15807384.729599997,924844.03199999989,13752771.942399997,0,1129768.7552000002,8,1,1,1
57,2,9,ok,6272,16279111.763100002,926650.3679999999,14161006.802700002,0,1191454.5924000002,9,1,1,1
57,2,10,ok,5824,16694732.3325,930263.03999999992,14256504.0305,0,1507965.2620000001,5,2,1,1
57,2,11,ok,5376,16181908.178699996,933875.71199999982,13930681.2711,0,1317351.1956,11,1,1,1
57,2,12,ok,4704,16630191.385200005,932069.37599999993,14127391.921200003,0,1570730.0880000002,6,2,1,1
57,2,13,ok,4480,16375440.588000001,939294.71999999986,13994160.533600001,0,1441985.3344000001,13,1,1,1
57,2,14,ok,3584,18967411.456,924844.03200000001,13870050.252800001,0,4172517.1712000007,2,1,1,7
57,2,15,ok,4480,17047097.7075,948326.39999999991,14529626.9055,0,1569144.402,15,1,1,1
57,2,16,ok,3136,16489378.559999999,924844.03199999989,13882323.507199999,0,1682211.0208000003,8,2,1,1
57,4,1,ok,100352,28593054.003199995,1849688.0639999998,25791562.854399994,0,951803.08480000007,1,1,1,1
57,4,2,ok,50176,29068903.116799999,1849688.0639999998,26055930.163199998,0,1163284.8896000001,2,1,1,1
57,4,3,ok,34496,30300927.4494,1853300.736,26980779.0198,0,1466847.6936000001,3,1,1,1
57,4,4,ok,25088,29616154.111999996,1849688.0639999998,26180217.548799995,0,1586248.4992000002,4,1,1,1
57,4,5,ok,20384,30109487.705000006,1860526.0799999998,26446893.501000002,0,1802068.1240000003,5,1,1,1
57,4,6,ok,17248,30442465.432800002,1864138.7519999999,27107141.167199999,0,1471185.5136000002,6,1,1,1
57,4,7,ok,14336,32685016.985600002,1849688.064,26568872.2432,0,4266456.6783999996,1,1,1,7
57,4,8,ok,12544,30415028.121599998,1849688.0639999998,26858244.812799998,0,1707095.2448000002,8,1,1,1
57,4,9,ok,12544,31244608.985400002,1853300.7359999998,27561920.318999998,0,1829387.9304000004,9,1,1,1
57,4,10,ok,10976,31577530.776000001,1878589.4399999999,27738585.079999998,0,1960356.2560000001,10,1,1,1
57,4,11,ok,9408,31282712.280599996,1867751.4239999996,27338095.674999997,0,2076865.1816000002,11,1,1,1
57,4,12,ok,9408,31861987.480800003,1864138.7519999999,27801582.741600003,0,2196265.9872000003,12,1,1,1
57,4,13,ok,7840,31663503.767999999,1878589.4399999997,27462017.835200001,0,2322896.4928000006,13,1,1,1
57,4,14,ok,7168,33160866.099199999,1849688.064,26833239.552000001,0,4477938.4831999997,2,1,1,7
57,4,15,ok,7840,32996362.454999998,1896652.7999999998,28527889.971000001,0,2571819.6839999999,15,1,1,1
57,4,16,ok,6272,31614769.459199995,1849688.0639999998,27505543.884799995,0,2259537.5104000005,8,2,1,1
57,8,1,ok,200704,56504114.175999992,3699376.1279999996,51453574.143999994,0,1351163.9040000001,1,1,1,1
57,8,2,ok,100352,57186108.006399989,3699376.1279999996,51583125.708799988,0,1903606.1696000001,1,2,1,1
57,8,3,ok,68992,59529115.263599999,3706601.4720000001,53442339.658799998,0,2380174.1327999998,3,1,1,1
57,8,4,ok,50176,58137806.233599998,3699376.1279999996,52111860.326399997,0,2326569.7792000002,2,2,1,1
57,8,5,ok,40768,59142053.554000005,3721052.1599999997,52372544.378000006,0,3048457.0160000003,5,1,1,1
57,8,6,ok,34496,59805917.899200015,3728277.5039999997,53692027.588800006,0,2385612.8064000001,6,1,1,1
57,8,7,ok,28672,60596077.158399992,3699376.128,52230883.532799996,0,4665817.4976000004,1,1,1,7
57,8,8,ok,25088,59232308.223999992,3699376.1279999996,52360435.097599991,0,3172496.9984000004,4,2,1,1
57,8,9,ok,25088,61416478.335600004,3706601.4719999996,54604622.257200003,0,3105254.6064000009,9,1,1,1
57,8,10,ok,20384,60218975.410000011,3721052.1599999997,52893787.002000004,0,3604136.2480000006,5,2,1,1
57,8,11,ok,18816,61484320.484399989,3735502.8479999993,54152924.482799992,0,3595893.1535999998,11,1,1,1
57,8,12,ok,17248,60884930.865600005,3728277.5039999997,54214282.334399998,0,2942371.0272000004,6,2,1,1
57,8,13,ok,15680,62239630.127999999,3757178.8799999994,54397732.4384,0,4084718.8096000003,13,1,1,1
57,8,14,ok,14336,61547775.385600001,3699376.128,52759618.150400005,0,5088781.1072000004,2,1,1,7
57,8,15,ok,15680,64894891.949999996,3793305.5999999996,56524416.101999998,0,4577170.2479999997,15,1,1,1
57,8,16,ok,12544,60830056.243199997,3699376.1279999996,53716489.625599995,0,3414190.4896000004,8,2,1,1
57,16,1,ok,401408,112326234.52159999,7398752.2559999991,102777596.72319999,0,2149885.5424000002,1,1,1,1
57,16,2,ok,200704,113008228.35199998,7398752.2559999991,102907148.28799999,0,2702327.8080000002,1,2,1,1
57,16,3,ok,137984,117985490.892,7413202.9440000001,106365460.9368,0,4206827.0111999996,3,1,1,1
57,16,4,ok,100352,114372216.01279998,7398752.2559999991,103166251.41759998,0,3807212.3392000003,1,4,1,1
57,16,5,ok,81536,117207185.25200002,7442104.3199999994,104223846.13200001,0,5541234.8000000007,5,1,1,1
57,16,6,ok,68992,118532822.83200002,7456555.0079999994,106861800.43200001,0,4214467.3920000009,6,1,1,1
57,16,7,ok,57344,116418197.50400001,7398752.2560000001,103554906.112,0,5464539.1360000009,1,1,1,7
57,16,8,ok,50176,116275612.4672,7398752.2559999991,104223720.65279999,0,4653139.5584000004,2,4,1,1
57,16,9,ok,50176,121760217.03599998,7413202.9439999992,108690026.1336,0,5656987.9584000008,9,1,1,1
57,16,10,ok,40768,118284107.10800001,7442104.3199999994,104745088.75600001,0,6096914.0320000006,5,2,1,1
57,16,11,ok,37632,121887536.89199999,7471005.6959999986,107782582.09839998,0,6633949.0976,11,1,1,1
57,16,12,ok,34496,119611835.79840003,7456555.0079999994,107384055.17760001,0,4771225.6128000002,6,2,1,1
57,16,13,ok,31360,123391882.848,7514357.7599999988,108269161.64480001,0,7608363.4432000006,13,1,1,1
57,16,14,ok,28672,118321593.9584,7398752.2560000001,104612375.34719999,0,6310466.355200001,2,1,1,7
57,16,15,ok,31360,128691950.94,7586611.1999999993,112517468.36399999,0,8587871.3760000002,15,1,1,1
57,16,16,ok,25088,118464616.44799998,7398752.2559999991,104720870.19519998,0,6344993.9968000008,4,4,1,1
57,32,1,ok,802816,223970475.21279997,14797504.511999998,205425641.88159996,0,3747328.8192000007,1,1,1,1
57,32,2,ok,401408,224652469.04319999,14797504.511999998,205555193.44639999,0,4299771.0848000003,1,2,1,1
57,32,3,ok,275968,232312227.91680002,15259926.528000001,212100247.83360001,0,4952053.5552000003,1,3,1,1
57,32,4,ok,200704,226016456.70399997,14797504.511999998,205814296.57599998,0,5404655.6160000004,1,4,1,1
57,32,5,ok,163072,233337448.64800003,14884208.639999999,207926449.64000002,0,10526790.368000001,5,1,1,1
57,32,6,ok,137984,235970981.78400001,14826405.888,212730921.87360001,0,8413654.0223999992,3,2,1,1
57,32,7,ok,114688,228062438.19519997,14797504.512,206202951.27039999,0,7061982.412800001,1,1,1,7
57,32,8,ok,100352,228744432.02559996,14797504.511999998,206332502.83519995,0,7614424.6784000006,1,8,1,1
57,32,9,ok,100352,242447694.43680003,14826405.887999998,216860833.88640001,0,10760454.662400002,9,1,1,1
57,32,10,ok,81536,234414370.50400004,14884208.639999999,208447692.26400003,0,11082469.600000001,5,2,1,1
57,32,11,ok,75264,237768178.56,15259926.527999999,213136660.35200003,0,9371591.6800000016,1,11,1,1
57,32,12,ok,68992,237065645.66400003,14913110.015999999,213723600.86400002,0,8428934.7840000018,6,2,1,1
57,32,13,ok,62720,245696388.28799999,15028715.519999998,216012020.05760002,0,14655652.710400002,13,1,1,1
57,32,14,ok,57344,231869231.104,14797504.512,208317889.74080002,0,8753836.8512000013,2,1,1,7
57,32,15,ok,61152,246130496.99024999,15349340.159999998,218831410.77524999,0,11949746.055000002,5,3,1,1
57,32,16,ok,50176,232551224.93439999,14797504.511999998,208447441.30559999,0,9306279.1168000009,2,8,1,1
57,64,1,ok,1605632,447258956.59519988,29595009.023999996,410721732.1983999,0,6942215.3728,1,1,1,1
57,64,2,ok,802816,447940950.42559993,29595009.023999996,410851283.76319993,0,7494657.6384000015,1,2,1,1
57,64,3,ok,551936,462578474.34239995,30519853.056000002,423811840.97279996,0,8246780.3136000009,1,3,1,1
57,64,4,ok,401408,449304938.08639997,29595009.023999996,411110386.89279997,0,8599542.1696000006,1,4,1,1
57,64,5,ok,326144,456964696.96000004,30057431.039999999,417655441.27999997,0,9251824.6400000006,1,5,1,1
57,64,6,ok,275968,464624455.83360004,30519853.056000002,424200495.66720003,0,9904107.1104000006,1,6,1,1
57,64,7,ok,229376,451350919.5776,29595009.024,411499041.58720005,0,10256868.966400001,1,1,1,7
57,64,8,ok,200704,452032913.40799993,29595009.023999996,411628593.15199995,0,10809311.232000001,1,8,1,1
57,64,9,ok,200704,483822649.23840004,29652811.775999997,433202449.39200008,0,20967388.0704,9,1,1,1
57,64,10,ok,163072,464697245.05599999,30057431.039999999,421951410.04799998,0,12688403.968,2,5,1,1
57,64,11,ok,150528,468034424.98560005,30519853.055999998,424848253.49120003,0,12666318.438400002,1,11,1,1
57,64,12,ok,137984,471941963.56800002,29652811.776000001,425461843.74720001,0,16827308.044799998,3,4,1,1
57,64,13,ok,125440,462420647.60320002,30057431.039999995,418691853.79840004,0,13671362.764800001,1,13,1,1
57,64,14,ok,114688,456124876.39039993,29595009.024,412405902.54079998,0,14123964.825600002,1,2,1,7
57,64,15,ok,122304,483285371.53274995,30116136.959999997,437032893.37574995,0,16136341.197000002,3,5,1,1
57,64,16,ok,100352,457488864.05119991,29595009.023999996,412665005.6703999,0,15228849.356800001,1,16,1,1
58,1,1,ok,112896,30176001.100799996,2080899.0719999999,25403530.726399995,0,2691571.3023999999,1,1,1,1
58,1,2,ok,56448,30176001.100799996,2080899.0719999999,25403530.726399995,0,2691571.3023999999,2,1,1,1
58,1,3,ok,42336,30925038.070350006,2084963.3279999997,26143556.252550006,0,2696518.4898000001,3,1,1,1
58,1,4,ok,28224,30294963.3792,2080899.0719999999,25469622.553599998,0,2744441.7535999999,4,1,1,1
58,1,5,ok,28224,31959275.030249998,2093091.8399999999,27054029.423250001,0,2812153.767,5,1,1,1
58,1,6,ok,21168,31066864.370999999,2097156.0959999999,26258348.223000001,0,2711360.0520000001,6,1,1,1
58,1,7,ok,21168,32273538.681299999,2105284.6079999995,27420564.420899998,0,2747689.6524000005,7,1,1,1
58,1,8,ok,14112,30294963.3792,2080899.0719999999,25469622.553599998,0,2744441.7535999999,8,1,1,1
58,1,9,ok,14112,31103481.487949997,2084963.3279999997,26242693.993349995,0,2775824.1666000001,9,1,1,1
58,1,10,ok,14112,32195652.197999999,2113413.1199999996,27245349.374000002,0,2836889.7040000004,10,1,1,1
58,1,11,ok,12096,34869220.047750004,2101220.352,29130236.02115,0,3637763.6746000005,11,1,1,1
58,1,12,ok,12096,35470909.682999998,2097156.0959999999,29642749.118999999,0,3731004.4680000003,12,1,1,1
58,1,13,ok,10080,35199761.765999995,2113413.1200000001,29237367.447599996,0,3848981.1984000001,13,1,1,1
58,1,14,ok,10080,35660226.220500007,2105284.6079999995,29617666.8081,0,3937274.8044000003,14,1,1,1
58,1,15,ok,10080,36602235.573749997,2133734.3999999999,30398408.076749999,0,4070093.0969999996,15,1,1,1
58,1,16,ok,7056,30770812.492800001,2080899.0719999999,25733989.862399999,0,2955923.5584,16,1,1,1
58,2,1,ok,225792,57283029.964799993,4161798.1439999999,50224079.411199994,0,2897152.4095999999,1,1,1,1
58,2,2,ok,112896,57283029.964799993,4161798.1439999999,50224079.411199994,0,2897152.4095999999,2,1,1,1
58,2,3,ok,84672,58775109.817500003,4169926.6559999995,51702991.826700002,0,2902191.3348000003,3,1,1,1
58,2,4,ok,56448,57520954.521599993,4161798.1439999999,50356263.065599993,0,3002893.3119999999,4,1,1,1
58,2,5,ok,52416,64889451.820500001,4186183.6799999997,55653522.142499998,0,5049745.9980000006,5,1,1,1
58,2,6,ok,42336,59040780.159599997,4194312.1919999998,51929159.857199997,0,2917308.1104000001,6,1,1,1
58,2,7,ok,42336,61442140.6074,4210569.2159999991,54251314.979399994,0,2980256.412,7,1,1,1
58,2,8,ok,28224,57520954.521599993,4161798.1439999999,50356263.065599993,0,3002893.3119999999,8,1,1,1
58,2,9,ok,28224,59131996.652699992,4169926.6559999995,51901267.308299989,0,3060802.6883999999,9,1,1,1
58,2,10,ok,28224,61274379.467999995,4226826.2399999993,53898607.611999996,0,3148945.6160000004,10,1,1,1
58,2,11,ok,24192,64873471.749899991,4202440.7039999999,55905771.139899984,0,4765259.9060000004,11,1,1,1
58,2,12,ok,21168,62133728.741999999,4194312.1919999998,52516696.446000002,0,5422720.1040000003,6,2,1,1
58,2,13,ok,20160,65506325.196000002,4226826.2400000002,56106370.351199992,0,5173128.6047999999,13,1,1,1
58,2,14,ok,16128,82899794.073599994,4161798.1439999994,60924902.348799996,0,17813093.580800001,2,1,1,7
58,2,15,ok,20160,68264222.827500001,4267468.7999999998,58405678.873499997,0,5591075.1540000001,15,1,1,1
58,2,16,ok,14112,58472652.748799995,4161798.1439999999,50884997.683199994,0,3425856.9216,16,1,1,1
58,4,1,ok,451584,111497087.69279999,8323596.2879999997,99865176.780799985,0,3308314.6240000003,1,1,1,1
58,4,2,ok,225792,111497087.69279999,8323596.2879999997,99865176.780799985,0,3308314.6240000003,2,1,1,1
58,4,3,ok,155232,116025666.9822,8339853.311999999,102468940.4022,0,5216873.2680000002,3,1,1,1
58,4,4,ok,112896,111972936.8064,8323596.2879999997,100129544.0896,0,3519796.4288000003,4,1,1,1
58,4,5,ok,91728,116162643.80099998,8372367.3599999994,102457217.469,0,5333058.9720000001,5,1,1,1
58,4,6,ok,77616,116549273.13840002,8388624.3839999996,102928108.28400001,0,5232540.4704,6,1,1,1
58,4,7,ok,70560,118857014.24519999,8421138.4319999982,104769926.93159999,0,5665948.8816,7,1,1,1
58,4,8,ok,56448,111972936.8064,8323596.2879999997,100129544.0896,0,3519796.4288000003,8,1,1,1
58,4,9,ok,56448,115189026.9822,8339853.311999999,103218413.93819998,0,3630759.7320000003,9,1,1,1
58,4,10,ok,49392,119483658.64799999,8453652.4799999986,105142130.68000001,0,5887875.4879999999,10,1,1,1
58,4,11,ok,42336,116446234.8918,8404881.4079999998,103015072.4174,0,5026281.0664000008,11,1,1,1
58,4,12,ok,42336,118081560.31919999,8388624.3839999996,103858319.71439999,0,5834616.2208000002,6,2,1,1
58,4,13,ok,35280,117174107.544,8453652.4800000004,103255543.1856,0,5464911.8784000007,13,1,1,1
58,4,14,ok,35280,118857014.24519999,8421138.4319999982,104769926.93159999,0,5665948.8816,14,1,1,1
58,4,15,ok,35280,122110739.41500001,8534937.5999999996,107661814.323,0,5913987.4920000006,15,1,1,1
58,4,16,ok,28224,113876333.26079999,8323596.2879999997,101187013.32479998,0,4365723.648,16,1,1,1
58,8,1,ok,903168,219925203.14879999,16647192.575999999,199147371.51999998,0,4130639.0528000002,1,1,1,1
58,8,2,ok,451584,219925203.14879999,16647192.575999999,199147371.51999998,0,4130639.0528000002,2,1,1,1
58,8,3,ok,310464,227224005.60600001,16679706.623999998,202601398.09079999,0,7942900.8912000004,3,1,1,1
58,8,4,ok,225792,220876901.37599999,16647192.575999999,199676106.13759997,0,4553602.6624000007,4,1,1,1
58,8,5,ok,183456,227479139.25,16744734.719999999,202568843.13,0,8165561.4000000013,5,1,1,1
58,8,6,ok,155232,228242987.92799997,16777248.767999999,203506070.2128,0,7959668.9472000003,6,1,1,1
58,8,7,ok,141120,232839650.14799997,16842276.863999996,207180598.41359997,0,8816774.8704000004,7,1,1,1
58,8,8,ok,112896,220876901.37599999,16647192.575999999,199676106.13759997,0,4553602.6624000007,8,1,1,1
58,8,9,ok,112896,227303087.64119998,16679706.623999998,205852707.19799995,0,4770673.8192000007,9,1,1,1
58,8,10,ok,91728,232325287.60199997,16744734.719999999,204914434.93799999,0,10666117.944,5,2,1,1
58,8,11,ok,84672,228027501.43799999,16809762.816,203675443.93239999,0,7542294.6896000011,11,1,1,1
58,8,12,ok,77616,233098546.27680004,16777248.767999999,205856216.56800002,0,10465080.9408,6,2,1,1
58,8,13,ok,70560,229455016.75200003,16907304.960000001,204142721.82720003,0,8404989.9648000002,13,1,1,1
58,8,14,ok,70560,232839650.14799997,16842276.863999996,207180598.41359997,0,8816774.8704000004,14,1,1,1
58,8,15,ok,70560,239281230.50999999,17069875.199999999,212932491.366,0,9278863.9440000001,15,1,1,1
58,8,16,ok,56448,223945873.6128,16647192.575999999,200259088.17919999,0,7039592.8576000007,8,2,1,1
58,16,1,ok,1806336,436781434.06079996,33294385.151999999,397711760.99839997,0,5775287.9104000004,1,1,1,1
58,16,2,ok,903168,436781434.06079996,33294385.151999999,397711760.99839997,0,5775287.9104000004,2,1,1,1
58,16,3,ok,620928,449620682.85360014,33359413.247999996,402866313.46800005,0,13394956.137600001,3,1,1,1
58,16,4,ok,451584,438684830.51519996,33294385.151999999,398769230.23359996,0,6621215.1296000006,4,1,1,1
58,16,5,ok,366912,450112130.14800006,33489469.439999998,402792094.45200002,0,13830566.256000001,5,1,1,1
58,16,6,ok,310464,451630417.50719994,33554497.535999998,404661994.0704,0,13413925.900800001,6,1,1,1
58,16,7,ok,282240,460804921.95359993,33684553.727999993,412001941.37759995,0,15118426.847999999,7,1,1,1
58,16,8,ok,225792,438684830.51519996,33294385.151999999,398769230.23359996,0,6621215.1296000006,8,1,1,1
58,16,9,ok,225792,451531208.95919991,33359413.247999996,411121293.71759993,0,7050501.9936000016,9,1,1,1
58,16,10,ok,183456,454958278.5,33489469.439999998,405137686.25999999,0,16331122.800000003,5,2,1,1
58,16,11,ok,169344,451190034.53039998,33619525.631999999,404996186.96239996,0,12574321.936000003,11,1,1,1
58,16,12,ok,155232,456485975.85599995,33554497.535999998,407012140.42559999,0,15919337.894400001,6,2,1,1
58,16,13,ok,141120,454016835.16800004,33814609.920000002,405917079.11040002,0,14285146.137600001,13,1,1,1
58,16,14,ok,141120,460804921.95359993,33684553.727999993,412001941.37759995,0,15118426.847999999,14,1,1,1
58,16,15,ok,141120,473622212.69999999,34139750.399999999,423473845.45200002,0,16008616.848000001,15,1,1,1
58,16,16,ok,112896,441753802.75199997,33294385.151999999,399352212.27519995,0,9107205.3248000015,8,2,1,1
58,32,1,ok,3612672,870493895.88479984,66588770.303999998,794840539.95519984,0,9064585.6256000008,1,1,1,1
58,32,2,ok,1806336,870493895.88479984,66588770.303999998,794840539.95519984,0,9064585.6256000008,2,1,1,1
58,32,3,ok,1241856,894414037.34879994,66718826.495999992,803396144.22239995,0,24299066.630400002,3,1,1,1
58,32,4,ok,903168,873562868.12159991,66588770.303999998,795423521.99679995,0,11550575.820800001,2,2,1,1
58,32,5,ok,733824,895378111.94400001,66978938.879999995,803238597.09599996,0,25160575.968000002,5,1,1,1
58,32,6,ok,620928,898405276.66559994,67108995.071999997,806973841.78559995,0,24322439.808000002,6,1,1,1
58,32,7,ok,564480,916735465.56479979,67369107.455999985,821644627.30559981,0,27721730.803200003,7,1,1,1
58,32,8,ok,451584,874300688.79359996,66588770.303999998,796955478.42559993,0,10756440.064000001,8,1,1,1
58,32,9,ok,451584,899987451.59519994,66718826.495999992,821658466.75679982,0,11610158.342400003,9,1,1,1
58,32,10,ok,366912,900224260.29600012,66978938.879999995,805584188.90400004,0,27661132.512000002,5,2,1,1
58,32,11,ok,338688,897515100.71519995,67239051.263999999,807637673.0223999,0,22638376.428800002,11,1,1,1
58,32,12,ok,310464,903260835.01439989,67108995.071999997,809323988.1408,0,26827851.801600002,6,2,1,1
58,32,13,ok,282240,903140472,67629219.840000004,809465793.67680013,0,26045458.483200002,13,1,1,1
58,32,14,ok,282240,916735465.56479979,67369107.455999985,821644627.30559981,0,27721730.803200003,14,1,1,1
58,32,15,ok,275184,937246613.72624993,69072030.719999999,837304768.34325004,0,30869814.662999999,5,3,1,1
58,32,16,ok,225792,877369661.03039992,66588770.303999998,797538460.46719992,0,13242430.259200001,8,2,1,1
58,64,1,ok,7225344,1737918819.5327997,133177540.608,1589098097.8687997,0,15643181.056,1,1,1,1
58,64,2,ok,3612672,1737918819.5327997,133177540.608,1589098097.8687997,0,15643181.056,2,1,1,1
58,64,3,ok,2483712,1784000746.3392,133437652.99199998,1604455805.7312,0,46107287.616000004,3,1,1,1
58,64,4,ok,1806336,1740987791.7695997,133177540.608,1589681079.9103997,0,18129171.251200002,2,2,1,1
58,64,5,ok,1467648,1777301737.3440001,135258439.67999998,1616250574.72,0,25792722.943999998,1,5,1,1
58,64,6,ok,1241856,1788828074.6975999,133437652.99199998,1606792288.4447999,0,48598133.260800004,3,2,1,1
58,64,7,ok,1032192,1986826434.9695997,133177540.60799998,1823089772.1343999,0,30559122.227200001,1,1,1,7
58,64,8,ok,903168,1745532405.3504,133177540.608,1593327974.8095999,0,19026889.932800002,8,1,1,1
58,64,9,ok,903168,1796899936.8671999,133437652.99199998,1642732812.8351996,0,20729471.039999999,9,1,1,1
58,64,10,ok,733824,1777301737.3440001,135258439.67999998,1616250574.72,0,25792722.943999998,2,5,1,1
58,64,11,ok,677376,1790165233.0848,134478102.528,1612920645.1423998,0,42766485.414400004,11,1,1,1
58,64,12,ok,620928,1796810553.3311999,134217990.14399999,1613947683.5711999,0,48644879.616000004,6,2,1,1
58,64,13,ok,564480,1801387745.6640003,135258439.68000001,1616563222.8096001,0,49566083.174400009,13,1,1,1
58,64,14,ok,516096,1986826434.9695997,133177540.60799998,1823089772.1343999,0,30559122.227200001,2,1,1,7
58,64,15,ok,550368,1825629495.1807501,135522616.31999999,1664283915.71175,0,25822963.149,3,5,1,1
58,64,16,ok,451584,1748601377.5871999,133177540.608,1593910956.8511999,0,21512880.128000002,8,2,1,1
59,1,1,ok,50176,13572919.705600001,924844.03199999989,11302441.676800001,0,1345633.9968000001,1,1,1,1
59,1,2,ok,25088,13572919.705600001,924844.03199999989,11302441.676800001,0,1345633.9968000001,2,1,1,1
59,1,3,ok,17248,13715725.327949999,925295.61599999992,11417729.257349998,0,1372700.4545999998,3,1,1,1
59,1,4,ok,12544,13691881.984000001,924844.03199999989,11368533.504000001,0,1398504.4480000001,4,1,1,1
59,1,5,ok,10192,13801051.833500003,925747.19999999984,11449102.495500002,0,1426202.1380000003,5,1,1,1
59,1,6,ok,8624,13910221.682999998,926650.36800000002,11529671.487,0,1453899.828,6,1,1,1
59,1,7,ok,7840,14120298.851049999,926198.78399999999,11714396.245649999,0,1479703.8214000002,7,1,1,1
59,1,8,ok,6272,13929806.540800001,924844.03199999989,11500717.158400001,0,1504245.3504000001,8,1,1,1
59,1,9,ok,6272,14322585.612600001,926650.3679999999,11862729.739800001,0,1533205.5048000002,9,1,1,1
59,1,10,ok,5488,14293391.289500002,925747.19999999984,11809265.823500004,0,1558378.2660000003,10,1,1,1
59,1,11,ok,4704,14234382.274750004,928908.28799999994,11716241.869750002,0,1589232.1170000001,11,1,1,1
59,1,12,ok,4704,14501029.030199999,926650.36800000002,11961867.480599999,0,1612511.1816000002,12,1,1,1
59,1,13,ok,3920,14298304.863700002,927553.53599999996,11730542.4561,0,1640208.8716000002,13,1,1,1
59,1,14,ok,3920,14574123.679500001,929359.87199999997,11975594.781500001,0,1669169.0260000001,14,1,1,1
59,1,15,ok,3920,14812485.641249999,928005.11999999988,12190769.966250001,0,1693710.5550000002,15,1,1,1
59,1,16,ok,3136,14405655.6544,924844.03199999989,11765084.4672,0,1715727.1552000002,16,1,1,1
59,2,1,ok,100352,25781851.750399999,1849688.0639999998,22345780.223999999,0,1586383.4624000001,1,1,1,1
59,2,2,ok,50176,25781851.750399999,1849688.0639999998,22345780.223999999,0,1586383.4624000001,2,1,1,1
59,2,3,ok,34496,26066796.985499997,1850591.2319999998,22576228.869899996,0,1639976.8836000001,3,1,1,1
59,2,4,ok,25088,26019776.3072,1849688.0639999998,22477963.878400002,0,1692124.3648000001,4,1,1,1
59,2,5,ok,20384,26236783.987000007,1851494.3999999997,22638848.831000008,0,1746440.7560000001,5,1,1,1
59,2,6,ok,17248,26453791.6668,1853300.736,22799733.783599999,0,1800757.1472,6,1,1,1
59,2,7,ok,15680,26874612.012499996,1852397.568,23169309.816099998,0,1852904.6284000003,7,1,1,1
59,2,8,ok,12544,26495625.4208,1849688.0639999998,22742331.187200002,0,1903606.1696000001,8,1,1,1
59,2,9,ok,12544,27278519.526000001,1853300.7359999998,23465850.2892,0,1959368.5008,9,1,1,1
59,2,10,ok,10192,27602103.667000007,1851494.3999999997,22898204.991000004,0,2852404.2760000005,5,2,1,1
59,2,11,ok,9408,27098782.802300002,1857816.5759999999,23172241.973099999,0,2068724.2532000002,11,1,1,1
59,2,12,ok,8624,27820443.365999997,1853300.736,23059342.973999999,0,2907799.656,6,2,1,1
59,2,13,ok,7840,27228626.009,1855107.0719999999,23201222.691399999,0,2172296.2456,13,1,1,1
59,2,14,ok,7840,27777599.602200001,1858719.7439999999,23690821.281400003,0,2228058.5767999999,14,1,1,1
59,2,15,ok,7840,28256321.554499995,1856010.2399999998,24121551.196499996,0,2278760.1180000002,15,1,1,1
59,2,16,ok,6272,27447323.647999998,1849688.0639999998,23271065.8048,0,2326569.7792000002,16,1,1,1
59,4,1,ok,200704,50199715.840000004,3699376.1279999996,44432457.318400003,0,2067882.3936000001,1,1,1,1
59,4,2,ok,100352,50199715.840000004,3699376.1279999996,44432457.318400003,0,2067882.3936000001,2,1,1,1
59,4,3,ok,67424,51848016.396599993,3701182.4639999997,45337858.776600003,0,2808975.156,3,1,1,1
59,4,4,ok,50176,50675564.953599997,3699376.1279999996,44696824.6272,0,2279364.1984000001,4,1,1,1
59,4,5,ok,40768,51108248.294000015,3702988.7999999993,45018341.502000012,0,2386917.9920000001,5,1,1,1
59,4,6,ok,33712,52323733.1448,3706601.4720000001,45488214.472800002,0,3128917.2000000002,6,1,1,1
59,4,7,ok,29008,52620508.095399998,3704795.1359999999,45576220.400199994,0,3339492.5592,7,1,1,1
59,4,8,ok,25088,51611470.643200003,3699376.1279999996,45209766.707200006,0,2702327.8080000002,8,1,1,1
59,4,9,ok,22736,52024332.952799998,3706601.4719999996,45506036.987999998,0,2811694.4928000001,9,1,1,1
59,4,10,ok,20384,52084562.150000006,3702988.7999999993,45465950.846000008,0,2915622.5040000002,10,1,1,1
59,4,11,ok,18816,52517794.007800005,3715633.1519999998,45774452.330200002,0,3027708.5256000003,11,1,1,1
59,4,12,ok,17248,52557653.656800002,3706601.4720000001,45722134.984800003,0,3128917.2000000002,12,1,1,1
59,4,13,ok,15680,52580064.331600003,3710214.1439999999,45633379.193999998,0,3236470.9936000006,13,1,1,1
59,4,14,ok,14896,53031913.39320001,3717439.4879999999,45968636.22680001,0,3345837.6784000001,14,1,1,1
59,4,15,ok,14112,53267290.916999996,3712020.4799999995,46106411.192999989,0,3448859.2440000004,15,1,1,1
59,4,16,ok,12544,52721765.1712,3699376.1279999996,45474134.016000003,0,3548255.0272000004,16,1,1,1
59,8,1,ok,401408,99035444.019199997,7398752.2559999991,88605811.507200003,0,3030880.2560000001,1,1,1,1
59,8,2,ok,200704,99035444.019199997,7398752.2559999991,88605811.507200003,0,3030880.2560000001,2,1,1,1
59,8,3,ok,134848,101553690.18840002,7402364.9279999994,89638798.974000007,0,4512526.2864000006,3,1,1,1
59,8,4,ok,100352,99987142.246399999,7398752.2559999991,89134546.124799997,0,3453843.8656000001,4,1,1,1
59,8,5,ok,81536,100851176.90800002,7405977.5999999987,89777326.844000012,0,3667872.4640000002,5,1,1,1
59,8,6,ok,67424,102501987.01920001,7413202.9440000001,89937992.184,0,5150791.8912000004,6,1,1,1
59,8,7,ok,58016,103096582.47559999,7409590.2719999999,90114510.099599987,0,5572482.1040000003,7,1,1,1
59,8,8,ok,50176,101081644.2368,7398752.2559999991,89383120.895999998,0,4299771.0848000003,8,1,1,1
59,8,9,ok,45472,101903186.63519999,7413202.9439999992,89973637.214399993,0,4516346.4768000003,9,1,1,1
59,8,10,ok,40768,102025736.14000002,7405977.5999999987,89894477.052000016,0,4725281.4879999999,10,1,1,1
59,8,11,ok,37632,102884880.96920002,7431266.3039999995,90507937.594799995,0,4945677.0704000005,11,1,1,1
59,8,12,ok,33712,104647466.2896,7413202.9440000001,90976428.945600003,0,6257834.4000000004,6,2,1,1
59,8,13,ok,31360,103012558.28240001,7420428.2879999997,90227309.504800007,0,5364820.4896000009,13,1,1,1
59,8,14,ok,29008,105241016.1908,7409590.2719999999,91152440.800399989,0,6678985.1184,7,2,1,1
59,8,15,ok,28224,104385965.898,7424040.959999999,91172867.441999987,0,5789057.4960000003,15,1,1,1
59,8,16,ok,25088,103222941.28640001,7398752.2559999991,90419533.414400011,0,5404655.6160000004,8,2,1,1
59,16,1,ok,802816,196706900.37760001,14797504.511999998,176952519.88480002,0,4956875.980800001,1,1,1,1
59,16,2,ok,401408,196706900.37760001,14797504.511999998,176952519.88480002,0,4956875.980800001,2,1,1,1
59,16,3,ok,269696,200965037.77200001,14804729.855999999,178240679.36879998,0,7919628.5472000008,3,1,1,1
59,16,4,ok,200704,198070888.03839999,14797504.511999998,177211623.01440001,0,6061760.5120000001,2,2,1,1
59,16,5,ok,163072,200337034.13600001,14811955.199999997,179295297.52800003,0,6229781.4079999998,5,1,1,1
59,16,6,ok,134848,202858494.76800001,14826405.888,178837547.60640001,0,9194541.2736000009,6,1,1,1
59,16,7,ok,116032,204048731.236,14819180.544,179191089.49839997,0,10038461.193600001,7,1,1,1
59,16,8,ok,100352,199974284.4928,14797504.511999998,178269092.24959999,0,6907687.7312000003,4,2,1,1
59,16,9,ok,90944,201660894,14826405.887999998,178908837.6672,0,7925650.4448000016,9,1,1,1
59,16,10,ok,81536,201702353.81600004,14811955.199999997,179554653.68800002,0,7335744.9280000003,5,2,1,1
59,16,11,ok,75264,203619054.89200002,14862532.607999999,179974908.12400001,0,8781614.1600000001,11,1,1,1
59,16,12,ok,67424,205003974.03840002,14826405.888,179875984.368,0,10301583.782400001,6,2,1,1
59,16,13,ok,62720,203877546.18399999,14840856.575999999,179415170.12639999,0,9621519.4816000015,13,1,1,1
59,16,14,ok,58016,206193164.95119998,14819180.544,180229020.19919997,0,11144964.208000001,7,2,1,1
59,16,15,ok,56448,206623315.85999995,14848081.919999998,181305779.93999997,0,10469454.000000002,15,1,1,1
59,16,16,ok,50176,202163288.4736,14797504.511999998,178766241.792,0,8599542.1696000006,8,2,1,1
59,32,1,ok,1605632,392049813.09440005,29595009.023999996,353645936.64000005,0,8808867.4304000009,1,1,1,1
59,32,2,ok,802816,392049813.09440005,29595009.023999996,353645936.64000005,0,8808867.4304000009,2,1,1,1
59,32,3,ok,539392,399787732.93920004,29609459.711999997,355444440.1584,0,14733833.0688,3,1,1,1
59,32,4,ok,401408,393413800.75520003,29595009.023999996,353905039.76960003,0,9913751.9616000019,2,2,1,1
59,32,5,ok,326144,399308748.59200007,29623910.399999995,358331238.89600009,0,11353599.296,5,1,1,1
59,32,6,ok,269696,401930075.54400003,29609459.711999997,356481358.73759997,0,15839257.094400002,3,2,1,1
59,32,7,ok,232064,405953028.75680006,29638361.088,357344248.296,0,18970419.372800004,7,1,1,1
59,32,8,ok,200704,396141776.07679999,29595009.023999996,354423246.02880001,0,12123521.024,2,4,1,1
59,32,9,ok,181888,401176308.72959995,29652811.775999997,356779238.57279998,0,14744258.380799999,9,1,1,1
59,32,10,ok,163072,400674068.27200001,29623910.399999995,358590595.05600005,0,12459562.816,5,2,1,1
59,32,11,ok,150528,405087402.73760003,29725065.215999998,358908849.18239999,0,16453488.339200001,11,1,1,1
59,32,12,ok,134848,405716989.53600001,29652811.776000001,357675095.21280003,0,18389082.547200002,6,2,1,1
59,32,13,ok,125440,405607521.98720002,29681713.151999999,357790891.3696,0,18134917.465600003,13,1,1,1
59,32,14,ok,116032,408097462.472,29638361.088,358382178.99679995,0,20076922.387200002,7,2,1,1
59,32,15,ok,112896,411098015.78399998,29696163.839999996,361571604.93599993,0,19830247.008000001,15,1,1,1
59,32,16,ok,100352,399948568.98559999,29595009.023999996,356538184.49919999,0,13815375.462400001,4,4,1,1
59,64,1,ok,3211264,782735638.528,59190018.047999993,707032770.15040004,0,16512850.329600003,1,1,1,1
59,64,2,ok,1605632,782735638.528,59190018.047999993,707032770.15040004,0,16512850.329600003,2,1,1,1
59,64,3,ok,1078784,797433123.27359998,59218919.423999995,709851961.73759997,0,28362242.112,3,1,1,1
59,64,4,ok,802816,784099626.1888001,59190018.047999993,707291873.28000009,0,17617734.860800002,2,2,1,1
59,64,5,ok,652288,797252177.50400019,59247820.79999999,716403121.63200021,0,21601235.071999997,5,1,1,1
59,64,6,ok,539392,799575465.87840009,59218919.423999995,710888880.3168,0,29467666.137600001,3,2,1,1
59,64,7,ok,464128,809761623.79839993,59276722.175999999,713650565.89119995,0,36834335.731200002,7,1,1,1
59,64,8,ok,401408,786827601.51040006,59190018.047999993,707810079.53920007,0,19827503.923200004,2,4,1,1
59,64,9,ok,363776,800207138.1888001,59305623.551999994,712520040.38400006,0,28381474.252800003,9,1,1,1
59,64,10,ok,326144,798617497.18400013,59247820.79999999,716662477.79200017,0,22707198.592,5,2,1,1
59,64,11,ok,301056,808024098.42880011,59450130.431999996,716776731.29919994,0,31797236.6976,11,1,1,1
59,64,12,ok,269696,803860151.08800006,59218919.423999995,712962717.47519994,0,31678514.188800003,3,4,1,1
59,64,13,ok,250880,809067473.59360003,59363426.303999998,714542333.85599995,0,35161713.433600008,13,1,1,1
59,64,14,ok,232064,811906057.51360011,59276722.175999999,714688496.59200001,0,37940838.745600007,7,2,1,1
59,64,15,ok,224224,809642926.09275007,60144215.039999992,726598623.0397501,0,22900088.013,3,5,1,1
59,64,16,ok,200704,792283552.15359998,59190018.047999993,708846492.05760002,0,24247042.048,2,8,1,1
60,1,1,ok,100352,30639035.494399995,1849688.0639999998,26180217.548799995,0,2609129.8816000004,1,1,1,1
60,1,2,ok,50176,30639035.494399995,1849688.0639999998,26180217.548799995,0,2609129.8816000004,2,1,1,1
60,1,3,ok,34496,31045198.505549993,1850591.2319999998,26478565.762949996,0,2716041.5106000002,3,1,1,1
60,1,4,ok,25088,30639035.494399995,1849688.0639999998,26180217.548799995,0,2609129.8816000004,4,1,1,1
60,1,5,ok,20384,30860554.169500001,1851494.3999999997,26344717.983499996,0,2664341.7860000003,5,1,1,1
60,1,6,ok,17248,31082072.844599996,1853300.736,26509218.418199994,0,2719553.6904000002,6,1,1,1
60,1,7,ok,15680,31500637.692650005,1852397.568,26876986.709649999,0,2771253.415,7,1,1,1
60,1,8,ok,12544,31114884.607999995,1849688.0639999998,26444584.857599996,0,2820611.6864000005,8,1,1,1
60,1,9,ok,12544,31906800.703800004,1853300.7359999998,27175334.923800003,0,2878165.0440000002,9,1,1,1
60,1,10,ok,10976,31845233.081500005,1851494.3999999997,27065044.639500003,0,2928694.0420000004,10,1,1,1
60,1,11,ok,9408,31738341.468350004,1857816.5759999999,26890765.31295,0,2989759.5794000002,11,1,1,1
60,1,12,ok,9408,32263687.539000001,1853300.736,27373610.405400001,0,3036776.3976000003,12,1,1,1
60,1,13,ok,7840,31840764.614099994,1855107.0719999999,27188233.182499997,0,2797424.3596000001,13,1,1,1
60,1,14,ok,7840,32349026.873099998,1858719.7439999999,27657988.1767,0,2832318.9524000003,14,1,1,1
60,1,15,ok,7840,32769060.617249999,1856010.2399999998,28054031.918249998,0,2859018.4590000003,15,1,1,1
60,1,16,ok,6272,31891102.003199995,1849688.0639999998,27160378.879999995,0,2881035.0592000005,16,1,1,1
60,2,1,ok,200704,58550095.667199992,3699376.1279999996,51842228.838399991,0,3008490.7008000002,1,1,1,1
60,2,2,ok,100352,58550095.667199992,3699376.1279999996,51842228.838399991,0,3008490.7008000002,2,1,1,1
60,2,3,ok,68992,59361089.670299985,3701182.4639999997,52438672.236299992,0,3221234.9699999997,3,1,1,1
60,2,4,ok,50176,58550095.667199992,3699376.1279999996,51842228.838399991,0,3008490.7008000002,4,1,1,1
60,2,5,ok,40768,58990468.978999995,3702988.7999999993,52170723.647,0,3116756.5320000006,5,1,1,1
60,2,6,ok,34496,59430842.290799998,3706601.4720000001,52499218.455599993,0,3225022.3632000005,6,1,1,1
60,2,7,ok,31360,60269304.006099999,3704795.1359999999,53235008.068900004,0,3329500.8012000006,7,1,1,1
60,2,8,ok,25088,59501793.894399993,3699376.1279999996,52370963.455999993,0,3431454.3104000003,8,1,1,1
60,2,9,ok,25088,61080298.009200014,3706601.4719999996,53831451.466800012,0,3542245.0704000005,9,1,1,1
60,2,10,ok,20384,61721108.339000002,3702988.7999999993,52689435.966999993,0,5328683.5720000006,5,2,1,1
60,2,11,ok,18816,60736719.442300007,3715633.1519999998,53261047.093100004,0,3760039.1972000003,11,1,1,1
60,2,12,ok,17248,62164145.689199992,3706601.4720000001,53018436.836399987,0,5439107.3808000004,6,2,1,1
60,2,13,ok,15680,60945561.791399986,3710214.1439999999,53856741.923399992,0,3378605.7240000004,13,1,1,1
60,2,14,ok,15680,61956758.232599996,3717439.4879999999,54795239.790200002,0,3444078.9544000002,14,1,1,1
60,2,15,ok,15680,62800821.778500006,3712020.4799999995,55588086.364500001,0,3500714.9340000004,15,1,1,1
60,2,16,ok,12544,61054228.684799992,3699376.1279999996,53802551.500799991,0,3552301.0560000003,16,1,1,1
60,4,1,ok,401408,114372216.01279998,7398752.2559999991,103166251.41759998,0,3807212.3392000003,1,1,1,1
60,4,2,ok,200704,114372216.01279998,7398752.2559999991,103166251.41759998,0,3807212.3392000003,2,1,1,1
60,4,3,ok,137984,115992871.99980001,7402364.9279999994,104358885.183,0,4231621.8888000008,3,1,1,1
60,4,4,ok,100352,114372216.01279998,7398752.2559999991,103166251.41759998,0,3807212.3392000003,4,1,1,1
60,4,5,ok,81536,115250298.59799998,7405977.5999999987,103822734.97399999,0,4021586.0240000002,5,1,1,1
60,4,6,ok,68992,116128381.1832,7413202.9440000001,104479218.53039999,0,4235959.7088000001,6,1,1,1
60,4,7,ok,58016,120224191.57700002,7409590.2719999999,105407860.46420002,0,7406740.8408000004,7,1,1,1
60,4,8,ok,50176,116275612.4672,7398752.2559999991,104223720.65279999,0,4653139.5584000004,8,1,1,1
60,4,9,ok,45472,119593346.50800002,7413202.9439999992,105406402.19760001,0,6773741.3664000016,9,1,1,1
60,4,10,ok,40768,117980937.95799999,7405977.5999999987,104341447.294,0,6233513.0640000012,5,2,1,1
60,4,11,ok,37632,118733475.3902,7431266.3039999995,106001610.6534,0,5300598.4328000005,11,1,1,1
60,4,12,ok,34496,118861684.5816,7413202.9440000001,104998436.91119999,0,6450044.726400001,6,2,1,1
60,4,13,ok,31360,119155156.14599998,7420428.2879999997,107193759.4052,0,4540968.4528000001,13,1,1,1
60,4,14,ok,29792,122277186.78839998,7434878.9759999998,108482854.4156,0,6359453.3968000002,14,1,1,1
60,4,15,ok,28224,122764769.82900001,7424040.959999999,108743919.801,0,6596809.0680000009,15,1,1,1
60,4,16,ok,25088,118464616.44799998,7398752.2559999991,104720870.19519998,0,6344993.9968000008,16,1,1,1
60,8,1,ok,802816,226016456.70399997,14797504.511999998,205814296.57599998,0,5404655.6160000004,1,1,1,1
60,8,2,ok,401408,226016456.70399997,14797504.511999998,205814296.57599998,0,5404655.6160000004,2,1,1,1
60,8,3,ok,269696,234158593.86839998,14804729.855999999,208025904.97079998,0,11327959.041600002,3,1,1,1
60,8,4,ok,200704,226016456.70399997,14797504.511999998,205814296.57599998,0,5404655.6160000004,4,1,1,1
60,8,5,ok,163072,227769957.83599997,14811955.199999997,207126757.62799996,0,5831245.0080000004,5,1,1,1
60,8,6,ok,134848,234427893.45120001,14826405.888,208268089.84799999,0,11333397.7152,6,1,1,1
60,8,7,ok,116032,236159515.7236,14819180.544,208739859.52680001,0,12600475.652800001,7,1,1,1
60,8,8,ok,100352,228744432.02559996,14797504.511999998,206332502.83519995,0,7614424.6784000006,4,2,1,1
60,8,9,ok,90944,234895734.47520003,14826405.887999998,208735930.87200004,0,11333397.715200003,9,1,1,1
60,8,10,ok,81536,230500597.19599995,14811955.199999997,207645469.94799998,0,8043172.0480000004,5,2,1,1
60,8,11,ok,75264,234726987.28600001,14862532.607999999,211482737.77399999,0,8381716.9039999992,11,1,1,1
60,8,12,ok,68992,232256762.3664,14826405.888,208958437.06079999,0,8471919.4176000003,6,2,1,1
60,8,13,ok,62720,235574344.85520002,14840856.575999999,213867794.36880001,0,6865693.9104000013,13,1,1,1
60,8,14,ok,57344,242384308.63359997,14797504.512,208923534.13119999,0,18663269.990400001,2,1,1,7
60,8,15,ok,56448,241232307.78600001,14848081.919999998,215407929.71400002,0,10976296.152000003,15,1,1,1
60,8,16,ok,50176,232551224.93439999,14797504.511999998,208447441.30559999,0,9306279.1168000009,8,2,1,1
60,16,1,ok,1605632,449304938.08639997,29595009.023999996,411110386.89279997,0,8599542.1696000006,1,1,1,1
60,16,2,ok,802816,449304938.08639997,29595009.023999996,411110386.89279997,0,8599542.1696000006,2,1,1,1
60,16,3,ok,539392,464032502.52720004,29609459.711999997,413977972.78319997,0,20445070.032000002,3,1,1,1
60,16,4,ok,401408,449304938.08639997,29595009.023999996,411110386.89279997,0,8599542.1696000006,4,1,1,1
60,16,5,ok,326144,452809276.31200004,29623910.399999995,413734802.93599999,0,9450562.9759999998,5,1,1,1
60,16,6,ok,269696,464564828.36160004,29652811.776000001,414459306.17279994,0,20452710.412799999,6,1,1,1
60,16,7,ok,229376,465672790.01600003,29595009.024,414219624.44800001,0,21858156.544000003,1,1,1,7
60,16,8,ok,200704,452032913.40799993,29595009.023999996,411628593.15199995,0,10809311.232000001,4,2,1,1
60,16,9,ok,181888,465500510.40960002,29652811.775999997,415394988.22080004,0,20452710.412800003,9,1,1,1
60,16,10,ok,163072,455539915.67199993,29623910.399999995,414253515.25599992,0,11662490.016000001,5,2,1,1
60,16,11,ok,150528,466714011.07760006,29725065.215999998,422444992.01520002,0,14543953.846400002,11,1,1,1
60,16,12,ok,134848,468855786.90240002,29652811.776000001,416536179.69599998,0,22666795.430399999,6,2,1,1
60,16,13,ok,125440,468412722.27360004,29681713.151999999,427215864.29600006,0,11515144.825600002,13,1,1,1
60,16,14,ok,114688,465672790.01600003,29595009.024,414219624.44800001,0,21858156.544000003,2,1,1,7
60,16,15,ok,112896,478167383.70000005,29696163.839999996,428735949.54000002,0,19735270.32,15,1,1,1
60,16,16,ok,100352,457488864.05119991,29595009.023999996,412665005.6703999,0,15228849.356800001,4,4,1,1
60,32,1,ok,3211264,895881900.85119987,59190018.047999993,821702567.52639985,0,14989315.276800003,1,1,1,1
60,32,2,ok,1605632,895881900.85119987,59190018.047999993,821702567.52639985,0,14989315.276800003,2,1,1,1
60,32,3,ok,1078784,923780319.8448,59218919.423999995,825882108.40800011,0,38679292.012800001,3,1,1,1
60,32,4,ok,802816,895881900.85119987,59190018.047999993,821702567.52639985,0,14989315.276800003,4,1,1,1
60,32,5,ok,652288,902887913.26399994,59247820.79999999,826950893.55199993,0,16689198.912,5,1,1,1
60,32,6,ok,539392,924838698.18239987,59305623.552000001,826841738.82239985,0,38691335.807999998,6,1,1,1
60,32,7,ok,458752,912249752.78079987,59190018.048,824811805.08159995,0,28247929.651200004,1,1,1,7
60,32,8,ok,401408,898609876.17279994,59190018.047999993,822220773.78559995,0,17199084.339200001,4,2,1,1
60,32,9,ok,363776,926710062.27840018,59305623.551999994,828713102.91840017,0,38691335.808000006,9,1,1,1
60,32,10,ok,326144,905618552.62400007,59247820.79999999,827469605.87199998,0,18901125.952,5,2,1,1
60,32,11,ok,301056,930688058.66080022,59450130.431999996,844369500.49760008,0,26868427.731200002,11,1,1,1
60,32,12,ok,269696,929129656.72320008,59305623.552000001,828918612.34559989,0,40905420.825599998,6,2,1,1
60,32,13,ok,250880,934089477.11039996,59363426.303999998,853912004.15040004,0,20814046.656000003,13,1,1,1
60,32,14,ok,229376,912249752.78079987,59190018.048,824811805.08159995,0,28247929.651200004,2,1,1,7
60,32,15,ok,224224,936479106.79349995,61099315.199999996,853814323.85549998,0,21565467.738000002,5,3,1,1
60,32,16,ok,200704,904065826.81599987,59190018.047999993,823257186.3039999,0,21618622.464000002,4,4,1,1
60,64,1,ok,6422528,1789035826.3807995,118380036.09599999,1642886928.7935996,0,27768861.4912,1,1,1,1
60,64,2,ok,3211264,1789035826.3807995,118380036.09599999,1642886928.7935996,0,27768861.4912,2,1,1,1
60,64,3,ok,2157568,1843275954.4799995,118437838.84799999,1649690379.6575997,0,75147735.974399999,3,1,1,1
60,64,4,ok,1605632,1789035826.3807995,118380036.09599999,1642886928.7935996,0,27768861.4912,4,1,1,1
60,64,5,ok,1304576,1803045187.1679997,118495641.59999998,1653383074.7839999,0,31166470.784000002,5,1,1,1
60,64,6,ok,1078784,1845386437.8239999,118611247.104,1651606604.1215997,0,75168586.598399997,6,1,1,1
60,64,7,ok,917504,1805403678.3104,118380036.096,1645996166.3488002,0,41027475.865600005,1,1,1,7
60,64,8,ok,802816,1791763801.7023997,118380036.09599999,1643405135.0527997,0,29978630.553600006,4,2,1,1
60,64,9,ok,727552,1849129166.0160003,118611247.10399999,1655349332.3136003,0,75168586.598399997,9,1,1,1
60,64,10,ok,652288,1805775826.5279999,118495641.59999998,1653901787.1039999,0,33378397.824000001,5,2,1,1
60,64,11,ok,602112,1858636153.8272002,118900260.86399999,1688218517.4624002,0,51517375.500800006,11,1,1,1
60,64,12,ok,539392,1849677396.3647997,118611247.104,1653683477.6447997,0,77382671.615999997,6,2,1,1
60,64,13,ok,501760,1849682590.4128001,120229724.15999998,1674767415.1936002,0,54685451.059200004,1,13,1,1
60,64,14,ok,458752,1805403678.3104,118380036.096,1645996166.3488002,0,41027475.865600005,2,1,1,7
60,64,15,ok,448448,1854179462.41275,120288430.07999998,1689999217.21575,0,43891815.117000006,3,5,1,1
60,64,16,ok,401408,1797219752.3455999,118380036.09599999,1644441547.5711999,0,34398168.678400002,4,4,1,1
61,1,1,ok,3136,17521.459200000001,17521.459200000001,0,0,0,1,1,1,1
61,1,2,ok,1568,17521.459200000001,17521.459200000001,0,0,0,2,1,1,1
61,1,3,ok,1046,17530.014600000002,17530.014600000002,0,0,0,3,1,1,1
61,1,4,ok,784,17521.459200000001,17521.459200000001,0,0,0,4,1,1,1
61,1,5,ok,628,17538.57,17538.57,0,0,0,5,1,1,1
61,1,6,ok,524,17555.680800000002,17555.680800000002,0,0,0,6,1,1,1
61,1,7,ok,448,17521.459199999998,17521.459199999998,0,0,0,1,1,1,7
61,1,8,ok,392,17521.459200000001,17521.459200000001,0,0,0,8,1,1,1
61,1,9,ok,350,17555.680800000002,17555.680800000002,0,0,0,9,1,1,1
61,1,10,ok,314,17538.57,17538.57,0,0,0,10,1,1,1
61,1,11,ok,287,17598.4578,17598.4578,0,0,0,11,1,1,1
61,1,12,ok,262,17555.680800000002,17555.680800000002,0,0,0,12,1,1,1
61,1,13,ok,242,17572.7916,17572.7916,0,0,0,13,1,1,1
61,1,14,ok,224,17521.459199999998,17521.459199999998,0,0,0,2,1,1,7
61,1,15,ok,210,17581.346999999998,17581.346999999998,0,0,0,15,1,1,1
61,1,16,ok,196,17521.459200000001,17521.459200000001,0,0,0,16,1,1,1
61,2,1,ok,6272,35042.918400000002,35042.918400000002,0,0,0,1,1,1,1
61,2,2,ok,3136,35042.918400000002,35042.918400000002,0,0,0,1,2,1,1
61,2,3,ok,2092,35060.029200000004,35060.029200000004,0,0,0,3,1,1,1
61,2,4,ok,1568,35042.918400000002,35042.918400000002,0,0,0,2,2,1,1
61,2,5,ok,1256,35077.139999999999,35077.139999999999,0,0,0,5,1,1,1
61,2,6,ok,1046,35060.029200000004,35060.029200000004,0,0,0,3,2,1,1
61,2,7,ok,896,35042.918399999995,35042.918399999995,0,0,0,1,1,1,7
61,2,8,ok,784,35042.918400000002,35042.918400000002,0,0,0,4,2,1,1
61,2,9,ok,699,35111.361600000004,35111.361600000004,0,0,0,9,1,1,1
61,2,10,ok,628,35077.139999999999,35077.139999999999,0,0,0,5,2,1,1
61,2,11,ok,573,35196.9156,35196.9156,0,0,0,11,1,1,1
61,2,12,ok,524,35111.361600000004,35111.361600000004,0,0,0,6,2,1,1
61,2,13,ok,484,35145.583200000001,35145.583200000001,0,0,0,13,1,1,1
61,2,14,ok,448,35042.918399999995,35042.918399999995,0,0,0,1,2,1,7
61,2,15,ok,420,35162.693999999996,35162.693999999996,0,0,0,15,1,1,1
61,2,16,ok,392,35042.918400000002,35042.918400000002,0,0,0,8,2,1,1
61,4,1,ok,12544,70085.836800000005,70085.836800000005,0,0,0,1,1,1,1
61,4,2,ok,6272,70085.836800000005,70085.836800000005,0,0,0,1,2,1,1
61,4,3,ok,4184,70120.058400000009,70120.058400000009,0,0,0,3,1,1,1
61,4,4,ok,3136,70085.836800000005,70085.836800000005,0,0,0,2,2,1,1
61,4,5,ok,2512,70154.279999999999,70154.279999999999,0,0,0,5,1,1,1
61,4,6,ok,2092,70120.058400000009,70120.058400000009,0,0,0,3,2,1,1
61,4,7,ok,1792,70085.83679999999,70085.83679999999,0,0,0,1,1,1,7
61,4,8,ok,1568,70085.836800000005,70085.836800000005,0,0,0,2,4,1,1
61,4,9,ok,1397,70222.723200000008,70222.723200000008,0,0,0,9,1,1,1
61,4,10,ok,1256,70154.279999999999,70154.279999999999,0,0,0,5,2,1,1
61,4,11,ok,1146,70393.831200000001,70393.831200000001,0,0,0,11,1,1,1
61,4,12,ok,1046,70120.058400000009,70120.058400000009,0,0,0,3,4,1,1
61,4,13,ok,968,70291.166400000002,70291.166400000002,0,0,0,13,1,1,1
61,4,14,ok,896,70085.83679999999,70085.83679999999,0,0,0,1,2,1,7
61,4,15,ok,840,70325.387999999992,70325.387999999992,0,0,0,15,1,1,1
61,4,16,ok,784,70085.836800000005,70085.836800000005,0,0,0,4,4,1,1
61,8,1,ok,25088,140171.67360000001,140171.67360000001,0,0,0,1,1,1,1
61,8,2,ok,12544,140171.67360000001,140171.67360000001,0,0,0,1,2,1,1
61,8,3,ok,8367,140240.11680000002,140240.11680000002,0,0,0,3,1,1,1
61,8,4,ok,6272,140171.67360000001,140171.67360000001,0,0,0,2,2,1,1
61,8,5,ok,5023,140308.56,140308.56,0,0,0,5,1,1,1
61,8,6,ok,4184,140240.11680000002,140240.11680000002,0,0,0,3,2,1,1
61,8,7,ok,3584,140171.67359999998,140171.67359999998,0,0,0,1,1,1,7
61,8,8,ok,3136,140171.67360000001,140171.67360000001,0,0,0,2,4,1,1
61,8,9,ok,2793,140445.44640000002,140445.44640000002,0,0,0,9,1,1,1
61,8,10,ok,2512,140308.56,140308.56,0,0,0,5,2,1,1
61,8,11,ok,2291,140787.6624,140787.6624,0,0,0,11,1,1,1
61,8,12,ok,2092,140240.11680000002,140240.11680000002,0,0,0,3,4,1,1
61,8,13,ok,1936,140582.3328,140582.3328,0,0,0,13,1,1,1
61,8,14,ok,1792,140171.67359999998,140171.67359999998,0,0,0,1,2,1,7
61,8,15,ok,1679,140650.77599999998,140650.77599999998,0,0,0,15,1,1,1
61,8,16,ok,1568,140171.67360000001,140171.67360000001,0,0,0,4,4,1,1
61,16,1,ok,50176,280343.34720000002,280343.34720000002,0,0,0,1,1,1,1
61,16,2,ok,25088,280343.34720000002,280343.34720000002,0,0,0,1,2,1,1
61,16,3,ok,16734,280480.23360000004,280480.23360000004,0,0,0,3,1,1,1
61,16,4,ok,12544,280343.34720000002,280343.34720000002,0,0,0,2,2,1,1
61,16,5,ok,10045,280617.12,280617.12,0,0,0,5,1,1,1
61,16,6,ok,8367,280480.23360000004,280480.23360000004,0,0,0,3,2,1,1
61,16,7,ok,7168,280343.34719999996,280343.34719999996,0,0,0,1,1,1,7
61,16,8,ok,6272,280343.34720000002,280343.34720000002,0,0,0,2,4,1,1
61,16,9,ok,5586,280890.89280000003,280890.89280000003,0,0,0,9,1,1,1
61,16,10,ok,5023,280617.12,280617.12,0,0,0,5,2,1,1
61,16,11,ok,4582,281575.3248,281575.3248,0,0,0,11,1,1,1
61,16,12,ok,4184,280480.23360000004,280480.23360000004,0,0,0,3,4,1,1
61,16,13,ok,3871,281164.66560000001,281164.66560000001,0,0,0,13,1,1,1
61,16,14,ok,3584,280343.34719999996,280343.34719999996,0,0,0,1,2,1,7
61,16,15,ok,3357,281301.55199999997,281301.55199999997,0,0,0,15,1,1,1
61,16,16,ok,3136,280343.34720000002,280343.34720000002,0,0,0,4,4,1,1
61,32,1,ok,100352,560686.69440000004,560686.69440000004,0,0,0,1,1,1,1
61,32,2,ok,50176,560686.69440000004,560686.69440000004,0,0,0,1,2,1,1
61,32,3,ok,33467,560960.46720000007,560960.46720000007,0,0,0,3,1,1,1
61,32,4,ok,25088,560686.69440000004,560686.69440000004,0,0,0,2,2,1,1
61,32,5,ok,20090,561234.23999999999,561234.23999999999,0,0,0,5,1,1,1
61,32,6,ok,16734,560960.46720000007,560960.46720000007,0,0,0,3,2,1,1
61,32,7,ok,14336,560686.69439999992,560686.69439999992,0,0,0,1,1,1,7
61,32,8,ok,12544,560686.69440000004,560686.69440000004,0,0,0,2,4,1,1
61,32,9,ok,11172,561781.78560000006,561781.78560000006,0,0,0,9,1,1,1
61,32,10,ok,10045,561234.23999999999,561234.23999999999,0,0,0,5,2,1,1
61,32,11,ok,9163,563150.6496,563150.6496,0,0,0,11,1,1,1
61,32,12,ok,8367,560960.46720000007,560960.46720000007,0,0,0,3,4,1,1
61,32,13,ok,7742,562329.33120000002,562329.33120000002,0,0,0,13,1,1,1
61,32,14,ok,7168,560686.69439999992,560686.69439999992,0,0,0,1,2,1,7
61,32,15,ok,6713,562603.10399999993,562603.10399999993,0,0,0,15,1,1,1
61,32,16,ok,6272,560686.69440000004,560686.69440000004,0,0,0,4,4,1,1
61,64,1,ok,200704,1121373.3888000001,1121373.3888000001,0,0,0,1,1,1,1
61,64,2,ok,100352,1121373.3888000001,1121373.3888000001,0,0,0,1,2,1,1
61,64,3,ok,66934,1121920.9344000001,1121920.9344000001,0,0,0,3,1,1,1
61,64,4,ok,50176,1121373.3888000001,1121373.3888000001,0,0,0,2,2,1,1
61,64,5,ok,40180,1122468.48,1122468.48,0,0,0,5,1,1,1
61,64,6,ok,33467,1121920.9344000001,1121920.9344000001,0,0,0,3,2,1,1
61,64,7,ok,28672,1121373.3887999998,1121373.3887999998,0,0,0,1,1,1,7
61,64,8,ok,25088,1121373.3888000001,1121373.3888000001,0,0,0,2,4,1,1
61,64,9,ok,22344,1123563.5712000001,1123563.5712000001,0,0,0,9,1,1,1
61,64,10,ok,20090,1122468.48,1122468.48,0,0,0,5,2,1,1
61,64,11,ok,18326,1126301.2992,1126301.2992,0,0,0,11,1,1,1
61,64,12,ok,16734,1121920.9344000001,1121920.9344000001,0,0,0,3,4,1,1
61,64,13,ok,15484,1124658.6624,1124658.6624,0,0,0,13,1,1,1
61,64,14,ok,14336,1121373.3887999998,1121373.3887999998,0,0,0,1,2,1,7
61,64,15,ok,13426,1125206.2079999999,1125206.2079999999,0,0,0,15,1,1,1
61,64,16,ok,12544,1121373.3888000001,1121373.3888000001,0,0,0,4,4,1,1
62,1,1,ok,50176,14450478.668800002,924844.03199999989,12162298.547200002,0,1363336.0896000001,1,1,1,1
62,1,2,ok,25088,14450478.668800002,924844.03199999989,12162298.547200002,0,1363336.0896000001,2,1,1,1
62,1,3,ok,18816,15022718.095950002,926650.36800000002,12624741.020550001,0,1471326.7074000002,3,1,1,1
62,1,4,ok,12544,14926327.782400001,924844.03199999989,12426665.856000001,0,1574817.8944000001,4,1,1,1
62,1,5,ok,11648,16250610.966249999,930263.03999999992,13104335.471249998,0,2216012.4550000001,5,1,1,1
62,1,6,ok,9408,15803754.329399999,932069.37599999993,13076386.392599998,0,1795298.5608000001,6,1,1,1
62,1,7,ok,8960,17072509.100500003,935682.04799999995,13491101.841700001,0,2645725.2108,7,1,1,1
62,1,8,ok,6272,15878026.0096,924844.03199999989,12955400.4736,0,1997781.5040000002,8,1,1,1
62,1,9,ok,6272,16450265.436750002,926650.3679999999,13417842.94695,0,2105772.1218000003,9,1,1,1
62,1,10,ok,6272,16565239.910000002,939294.71999999997,13398684.158,0,2227261.0320000001,10,1,1,1
62,1,11,ok,5376,16476262.60775,933875.71199999982,13216134.107550001,0,2326252.7882000003,11,1,1,1
62,1,12,ok,5376,16825030.899,932069.37599999993,13463217.547800001,0,2429743.9752000002,12,1,1,1
62,1,13,ok,4480,16786666.597999997,939294.71999999986,13302888.138799999,0,2544483.7392000002,13,1,1,1
62,1,14,ok,4480,17072509.100500003,935682.04799999995,13491101.841700001,0,2645725.2108,14,1,1,1
62,1,15,ok,4480,17573802.93375,948326.39999999991,13858262.412750002,0,2767214.1210000003,15,1,1,1
62,1,16,ok,3136,17781422.464000002,924844.03199999989,14012869.708800001,0,2843708.7232000004,16,1,1,1
62,2,1,ok,100352,27536969.676800005,1849688.0639999998,24065493.964800004,0,1621787.6480000003,1,1,1,1
62,2,2,ok,50176,27536969.676800005,1849688.0639999998,24065493.964800004,0,1621787.6480000003,2,1,1,1
62,2,3,ok,37632,28678784.492700003,1853300.736,24989872.850699998,0,1835610.906,3,1,1,1
62,2,4,ok,25088,28488667.904000003,1849688.0639999998,24594228.582400002,0,2044751.2576000004,4,1,1,1
62,2,5,ok,23296,30347378.220499996,1860526.0799999998,25166185.694499999,0,3320666.446,5,1,1,1
62,2,6,ok,18816,30045436.191900004,1853300.736,25249482.041100003,0,2942653.4148000004,3,2,1,1
62,2,7,ok,14336,37641677.158399999,1849688.064,27540894.259199999,0,8251094.8352000006,1,1,1,7
62,2,8,ok,12544,29852655.564800002,1849688.0639999998,24853331.712000001,0,3149635.7888000002,4,2,1,1
62,2,9,ok,12544,31533879.174300008,1853300.7359999998,26576076.703500003,0,3104501.7348000007,9,1,1,1
62,2,10,ok,11648,32501221.932499997,1860526.0799999998,26208670.942499995,0,4432024.9100000001,5,2,1,1
62,2,11,ok,10752,30790317.061900001,1867751.4239999996,25385734.480700001,0,3536831.1572000007,11,1,1,1
62,2,12,ok,9408,31607508.658799998,1864138.7519999999,26152772.785199996,0,3590597.1216000002,6,2,1,1
62,2,13,ok,8960,31398578.379999995,1878589.4399999997,25553169.813599996,0,3966819.1264,13,1,1,1
62,2,14,ok,7168,37641677.158399999,1849688.064,27540894.259199999,0,8251094.8352000006,2,1,1,7
62,2,15,ok,8960,32951939.947499998,1896652.7999999998,26653797.145500001,0,4401490.0020000003,15,1,1,1
62,2,16,ok,6272,31756052.019200001,1849688.0639999998,25910800.9472,0,3995563.0080000004,8,2,1,1
62,4,1,ok,200704,53709951.6928,3699376.1279999996,47871884.800000004,0,2138690.7648000005,1,1,1,1
62,4,2,ok,100352,53709951.6928,3699376.1279999996,47871884.800000004,0,2138690.7648000005,2,1,1,1
62,4,3,ok,68992,57975293.503800005,3706601.4720000001,49166731.070999995,0,5101960.9608000005,3,1,1,1
62,4,4,ok,50176,55073939.35360001,3699376.1279999996,48130987.929600008,0,3243575.2960000006,2,2,1,1
62,4,5,ok,40768,58540912.729000002,3721052.1599999997,49289886.141000003,0,5529974.4279999994,5,1,1,1
62,4,6,ok,34496,59890363.749600008,3728277.5039999997,49783659.669600002,0,6378426.5760000013,6,1,1,1
62,4,7,ok,28672,65735440.691199996,3699376.128,53268066.611199997,0,8767997.9520000014,1,1,1,7
62,4,8,ok,25088,56977335.808000006,3699376.1279999996,49188457.164800003,0,4089502.5152000007,4,2,1,1
62,4,9,ok,25088,58910975.551800013,3706601.4719999996,50102413.11900001,0,5101960.9608000014,9,1,1,1
62,4,10,ok,21952,59736695.192000009,3757178.8799999999,50436917.240000002,0,5542599.0720000006,10,1,1,1
62,4,11,ok,18816,59418425.970200002,3735502.8479999993,49724935.227000006,0,5957987.8952000001,11,1,1,1
62,4,12,ok,18816,60090872.383800007,3706601.4720000001,50498964.082200006,0,5885306.8296000008,3,4,1,1
62,4,13,ok,15680,60622401.943999998,3757178.8799999994,50053733.163199998,0,6811489.9007999999,13,1,1,1
62,4,14,ok,14336,65735440.691199996,3699376.128,53268066.611199997,0,8767997.9520000014,2,1,1,7
62,4,15,ok,15680,63708213.974999994,3793305.5999999996,52244866.611000001,0,7670041.7640000004,15,1,1,1
62,4,16,ok,12544,59705311.129600003,3699376.1279999996,49706663.424000002,0,6299271.5776000004,4,4,1,1
62,8,1,ok,401408,106055915.72480001,7398752.2559999991,95484666.470400006,0,3172496.9984000004,1,1,1,1
62,8,2,ok,200704,106055915.72480001,7398752.2559999991,95484666.470400006,0,3172496.9984000004,2,1,1,1
62,8,3,ok,137984,113805107.73719999,7413202.9440000001,97295025.380399987,0,9096879.4127999991,3,1,1,1
62,8,4,ok,100352,107419903.3856,7398752.2559999991,95743769.600000009,0,4277381.5296000009,2,2,1,1
62,8,5,ok,81536,114927981.74599999,7442104.3199999994,97537287.033999994,0,9948590.3920000009,5,1,1,1
62,8,6,ok,68992,115950587.00760001,7413202.9440000001,98333462.14199999,0,10203921.921600001,3,2,1,1
62,8,7,ok,57344,121922967.7568,7398752.2560000001,104722411.31519999,0,9801804.1855999995,1,1,1,7
62,8,8,ok,50176,110147878.70720002,7398752.2559999991,96261975.859200016,0,6487150.5920000011,2,4,1,1
62,8,9,ok,50176,115676471.83320001,7413202.9439999992,99166389.476400018,0,9096879.412800001,9,1,1,1
62,8,10,ok,40768,117081825.458,7442104.3199999994,98579772.282000005,0,11059948.855999999,5,2,1,1
62,8,11,ok,37632,116674643.7868,7471005.6959999986,98403336.719600007,0,10800301.371200001,11,1,1,1
62,8,12,ok,34496,119780727.49920002,7456555.0079999994,99567319.339200005,0,12756853.152000003,6,2,1,1
62,8,13,ok,31360,119070049.072,7514357.7599999988,99054859.862399995,0,12500831.449600002,13,1,1,1
62,8,14,ok,28672,121922967.7568,7398752.2560000001,104722411.31519999,0,9801804.1855999995,2,1,1,7
62,8,15,ok,31360,125220762.03,7586611.1999999993,103427005.542,0,14207145.288000001,15,1,1,1
62,8,16,ok,25088,113954671.61600001,7398752.2559999991,98376914.329600006,0,8179005.0304000014,4,4,1,1
62,16,1,ok,802816,210747843.78880003,14797504.511999998,190710229.81120002,0,5240109.4656000007,1,1,1,1
62,16,2,ok,401408,210747843.78880003,14797504.511999998,190710229.81120002,0,5240109.4656000007,2,1,1,1
62,16,3,ok,275968,225464736.204,14826405.888,193551613.99919999,0,17086716.316800002,3,1,1,1
62,16,4,ok,200704,212111831.44960001,14797504.511999998,190969332.94080001,0,6344993.9968000008,2,2,1,1
62,16,5,ok,163072,227702119.78,14884208.639999999,194032088.81999999,0,18785822.32,5,1,1,1
62,16,6,ok,137984,227610215.47439998,14826405.888,194590050.76079997,0,18193758.825599998,3,2,1,1
62,16,7,ok,114688,234298021.88799998,14797504.512,207631100.72319996,0,11869416.652800001,1,1,1,7
62,16,8,ok,100352,214839806.7712,14797504.511999998,191487539.20000002,0,8554763.0592000019,2,4,1,1
62,16,9,ok,100352,229207464.39600003,14826405.887999998,197294342.19120002,0,17086716.316800002,9,1,1,1
62,16,10,ok,81536,229855963.49199998,14884208.639999999,195074574.06799999,0,19897180.784000002,5,2,1,1
62,16,11,ok,75264,231187079.41999999,14942011.391999997,195760139.70480001,0,20484928.323200002,11,1,1,1
62,16,12,ok,68992,231901174.01520002,14826405.888,196666924.28399998,0,20407843.843200002,3,4,1,1
62,16,13,ok,62720,235965343.32799995,15028715.519999998,197057113.2608,0,23879514.547200002,13,1,1,1
62,16,14,ok,57344,234298021.88799998,14797504.512,207631100.72319996,0,11869416.652800001,2,1,1,7
62,16,15,ok,62720,248245858.14000005,15173222.399999999,205791283.40400004,0,27281352.336000003,15,1,1,1
62,16,16,ok,50176,220295757.41440004,14797504.511999998,192523951.71840003,0,12974301.184000002,2,8,1,1
62,32,1,ok,1605632,420131699.91680002,29595009.023999996,381161356.49280006,0,9375334.4000000004,1,1,1,1
62,32,2,ok,802816,420131699.91680002,29595009.023999996,381161356.49280006,0,9375334.4000000004,2,1,1,1
62,32,3,ok,551936,435946166.2464,30519853.056000002,393582758.16960001,0,11843555.020800002,1,3,1,1
62,32,4,ok,401408,421495687.57760006,29595009.023999996,381420459.62240005,0,10480218.931200001,2,2,1,1
62,32,5,ok,326144,453250395.84799999,29768417.279999997,387021692.39199996,0,36460286.176000006,5,1,1,1
62,32,6,ok,275968,435946166.2464,30519853.056000002,393582758.16960001,0,11843555.020800002,2,3,1,1
62,32,7,ok,229376,459048130.15039992,29595009.024,413448479.53919995,0,16004641.587200003,1,1,1,7
62,32,8,ok,200704,424223662.89920002,29595009.023999996,381938665.88160002,0,12689987.993600002,2,4,1,1
62,32,9,ok,200704,456269449.52160013,29652811.775999997,393550247.62080014,0,33066390.1248,9,1,1,1
62,32,10,ok,163072,455404239.56,29768417.279999997,388064177.63999999,0,37571644.640000001,5,2,1,1
62,32,11,ok,150528,446858067.53279996,30519853.055999998,395655583.20639998,0,20682631.270400003,1,11,1,1
62,32,12,ok,137984,451649186.99519992,30519853.056000002,402306879.35999995,0,18822454.5792,4,3,1,1
62,32,13,ok,125440,469755931.83999997,30057431.039999995,393061620.05759996,0,46636880.742400005,13,1,1,1
62,32,14,ok,114688,459048130.15039992,29595009.024,413448479.53919995,0,16004641.587200003,2,1,1,7
62,32,15,ok,122304,475518922.7182501,30698680.319999997,405032585.30325007,0,39787657.095000006,5,3,1,1
62,32,16,ok,100352,429679613.5424,29595009.023999996,382975078.40000004,0,17109526.118400004,2,8,1,1
62,64,1,ok,3211264,838899412.17280006,59190018.047999993,762063609.85600007,0,17645784.268800002,1,1,1,1
62,64,2,ok,1605632,838899412.17280006,59190018.047999993,762063609.85600007,0,17645784.268800002,2,1,1,1
62,64,3,ok,1103872,867800369.51040006,61039706.112000003,786388206.95040011,0,20372456.447999999,1,3,1,1
62,64,4,ok,802816,840263399.83360004,59190018.047999993,762322712.98560011,0,18750668.800000001,2,2,1,1
62,64,5,ok,652288,857441853.82400012,60114862.079999998,775003217.79200006,0,22323773.952,1,5,1,1
62,64,6,ok,551936,867800369.51040006,61039706.112000003,786388206.95040011,0,20372456.447999999,2,3,1,1
62,64,7,ok,458752,908548346.67519999,59190018.048,825083237.17119992,0,24275091.456000004,1,1,1,7
62,64,8,ok,401408,842991375.15520012,59190018.047999993,762840919.24480009,0,20960437.862400003,2,4,1,1
62,64,9,ok,401408,910393419.77279997,59305623.551999994,786062058.48000002,0,65025737.740800008,9,1,1,1
62,64,10,ok,326144,857441853.82400012,60114862.079999998,775003217.79200006,0,22323773.952,2,5,1,1
62,64,11,ok,301056,878712270.79680002,61039706.111999996,788461031.9871999,0,29211532.697600003,1,11,1,1
62,64,12,ok,275968,871892332.4928,61039706.112000003,787165516.33920002,0,23687110.041600004,2,6,1,1
62,64,13,ok,250880,868353755.11039996,60114862.079999991,777076042.82880008,0,31162850.201600008,1,13,1,1
62,64,14,ok,229376,908548346.67519999,59190018.048,825083237.17119992,0,24275091.456000004,2,1,1,7
62,64,15,ok,244608,894477574.28474998,60232273.919999994,805031614.91174996,0,29213685.453000002,3,5,1,1
62,64,16,ok,200704,848447325.79840004,59190018.047999993,763877331.76320004,0,25379975.987200003,2,8,1,1
63,1,1,ok,112896,30176001.100799996,2080899.0719999999,25403530.726399995,0,2691571.3023999999,1,1,1,1
63,1,2,ok,56448,30176001.100799996,2080899.0719999999,25403530.726399995,0,2691571.3023999999,2,1,1,1
63,1,3,ok,42336,30925038.070350006,2084963.3279999997,26143556.252550006,0,2696518.4898000001,3,1,1,1
63,1,4,ok,28224,30294963.3792,2080899.0719999999,25469622.553599998,0,2744441.7535999999,4,1,1,1
63,1,5,ok,28224,31959275.030249998,2093091.8399999999,27054029.423250001,0,2812153.767,5,1,1,1
63,1,6,ok,21168,31066864.370999999,2097156.0959999999,26258348.223000001,0,2711360.0520000001,6,1,1,1
63,1,7,ok,21168,32273538.681299999,2105284.6079999995,27420564.420899998,0,2747689.6524000005,7,1,1,1
63,1,8,ok,14112,30294963.3792,2080899.0719999999,25469622.553599998,0,2744441.7535999999,8,1,1,1
63,1,9,ok,14112,31103481.487949997,2084963.3279999997,26242693.993349995,0,2775824.1666000001,9,1,1,1
63,1,10,ok,14112,32195652.197999999,2113413.1199999996,27245349.374000002,0,2836889.7040000004,10,1,1,1
63,1,11,ok,12096,34869220.047750004,2101220.352,29130236.02115,0,3637763.6746000005,11,1,1,1
63,1,12,ok,12096,35470909.682999998,2097156.0959999999,29642749.118999999,0,3731004.4680000003,12,1,1,1
63,1,13,ok,10080,35199761.765999995,2113413.1200000001,29237367.447599996,0,3848981.1984000001,13,1,1,1
63,1,14,ok,10080,35660226.220500007,2105284.6079999995,29617666.8081,0,3937274.8044000003,14,1,1,1
63,1,15,ok,10080,36602235.573749997,2133734.3999999999,30398408.076749999,0,4070093.0969999996,15,1,1,1
63,1,16,ok,7056,30770812.492800001,2080899.0719999999,25733989.862399999,0,2955923.5584,16,1,1,1
63,2,1,ok,225792,57283029.964799993,4161798.1439999999,50224079.411199994,0,2897152.4095999999,1,1,1,1
63,2,2,ok,112896,57283029.964799993,4161798.1439999999,50224079.411199994,0,2897152.4095999999,2,1,1,1
63,2,3,ok,84672,58775109.817500003,4169926.6559999995,51702991.826700002,0,2902191.3348000003,3,1,1,1
63,2,4,ok,56448,57520954.521599993,4161798.1439999999,50356263.065599993,0,3002893.3119999999,4,1,1,1
63,2,5,ok,52416,64889451.820500001,4186183.6799999997,55653522.142499998,0,5049745.9980000006,5,1,1,1
63,2,6,ok,42336,59040780.159599997,4194312.1919999998,51929159.857199997,0,2917308.1104000001,6,1,1,1
63,2,7,ok,42336,61442140.6074,4210569.2159999991,54251314.979399994,0,2980256.412,7,1,1,1
63,2,8,ok,28224,57520954.521599993,4161798.1439999999,50356263.065599993,0,3002893.3119999999,8,1,1,1
63,2,9,ok,28224,59131996.652699992,4169926.6559999995,51901267.308299989,0,3060802.6883999999,9,1,1,1
63,2,10,ok,28224,61274379.467999995,4226826.2399999993,53898607.611999996,0,3148945.6160000004,10,1,1,1
63,2,11,ok,24192,64873471.749899991,4202440.7039999999,55905771.139899984,0,4765259.9060000004,11,1,1,1
63,2,12,ok,21168,62133728.741999999,4194312.1919999998,52516696.446000002,0,5422720.1040000003,6,2,1,1
63,2,13,ok,20160,65506325.196000002,4226826.2400000002,56106370.351199992,0,5173128.6047999999,13,1,1,1
63,2,14,ok,16128,82899794.073599994,4161798.1439999994,60924902.348799996,0,17813093.580800001,2,1,1,7
63,2,15,ok,20160,68264222.827500001,4267468.7999999998,58405678.873499997,0,5591075.1540000001,15,1,1,1
63,2,16,ok,14112,58472652.748799995,4161798.1439999999,50884997.683199994,0,3425856.9216,16,1,1,1
63,4,1,ok,451584,111497087.69279999,8323596.2879999997,99865176.780799985,0,3308314.6240000003,1,1,1,1
63,4,2,ok,225792,111497087.69279999,8323596.2879999997,99865176.780799985,0,3308314.6240000003,2,1,1,1
63,4,3,ok,155232,116025666.9822,8339853.311999999,102468940.4022,0,5216873.2680000002,3,1,1,1
63,4,4,ok,112896,111972936.8064,8323596.2879999997,100129544.0896,0,3519796.4288000003,4,1,1,1
63,4,5,ok,91728,116162643.80099998,8372367.3599999994,102457217.469,0,5333058.9720000001,5,1,1,1
63,4,6,ok,77616,116549273.13840002,8388624.3839999996,102928108.28400001,0,5232540.4704,6,1,1,1
63,4,7,ok,70560,118857014.24519999,8421138.4319999982,104769926.93159999,0,5665948.8816,7,1,1,1
63,4,8,ok,56448,111972936.8064,8323596.2879999997,100129544.0896,0,3519796.4288000003,8,1,1,1
63,4,9,ok,56448,115189026.9822,8339853.311999999,103218413.93819998,0,3630759.7320000003,9,1,1,1
63,4,10,ok,49392,119483658.64799999,8453652.4799999986,105142130.68000001,0,5887875.4879999999,10,1,1,1
63,4,11,ok,42336,116446234.8918,8404881.4079999998,103015072.4174,0,5026281.0664000008,11,1,1,1
63,4,12,ok,42336,118081560.31919999,8388624.3839999996,103858319.71439999,0,5834616.2208000002,6,2,1,1
63,4,13,ok,35280,117174107.544,8453652.4800000004,103255543.1856,0,5464911.8784000007,13,1,1,1
63,4,14,ok,35280,118857014.24519999,8421138.4319999982,104769926.93159999,0,5665948.8816,14,1,1,1
63,4,15,ok,35280,122110739.41500001,8534937.5999999996,107661814.323,0,5913987.4920000006,15,1,1,1
63,4,16,ok,28224,113876333.26079999,8323596.2879999997,101187013.32479998,0,4365723.648,16,1,1,1
63,8,1,ok,903168,219925203.14879999,16647192.575999999,199147371.51999998,0,4130639.0528000002,1,1,1,1
63,8,2,ok,451584,219925203.14879999,16647192.575999999,199147371.51999998,0,4130639.0528000002,2,1,1,1
63,8,3,ok,310464,227224005.60600001,16679706.623999998,202601398.09079999,0,7942900.8912000004,3,1,1,1
63,8,4,ok,225792,220876901.37599999,16647192.575999999,199676106.13759997,0,4553602.6624000007,4,1,1,1
63,8,5,ok,183456,227479139.25,16744734.719999999,202568843.13,0,8165561.4000000013,5,1,1,1
63,8,6,ok,155232,228242987.92799997,16777248.767999999,203506070.2128,0,7959668.9472000003,6,1,1,1
63,8,7,ok,141120,232839650.14799997,16842276.863999996,207180598.41359997,0,8816774.8704000004,7,1,1,1
63,8,8,ok,112896,220876901.37599999,16647192.575999999,199676106.13759997,0,4553602.6624000007,8,1,1,1
63,8,9,ok,112896,227303087.64119998,16679706.623999998,205852707.19799995,0,4770673.8192000007,9,1,1,1
63,8,10,ok,91728,232325287.60199997,16744734.719999999,204914434.93799999,0,10666117.944,5,2,1,1
63,8,11,ok,84672,228027501.43799999,16809762.816,203675443.93239999,0,7542294.6896000011,11,1,1,1
63,8,12,ok,77616,233098546.27680004,16777248.767999999,205856216.56800002,0,10465080.9408,6,2,1,1
63,8,13,ok,70560,229455016.75200003,16907304.960000001,204142721.82720003,0,8404989.9648000002,13,1,1,1
63,8,14,ok,70560,232839650.14799997,16842276.863999996,207180598.41359997,0,8816774.8704000004,14,1,1,1
63,8,15,ok,70560,239281230.50999999,17069875.199999999,212932491.366,0,9278863.9440000001,15,1,1,1
63,8,16,ok,56448,223945873.6128,16647192.575999999,200259088.17919999,0,7039592.8576000007,8,2,1,1
63,16,1,ok,1806336,436781434.06079996,33294385.151999999,397711760.99839997,0,5775287.9104000004,1,1,1,1
63,16,2,ok,903168,436781434.06079996,33294385.151999999,397711760.99839997,0,5775287.9104000004,2,1,1,1
63,16,3,ok,620928,449620682.85360014,33359413.247999996,402866313.46800005,0,13394956.137600001,3,1,1,1
63,16,4,ok,451584,438684830.51519996,33294385.151999999,398769230.23359996,0,6621215.1296000006,4,1,1,1
63,16,5,ok,366912,450112130.14800006,33489469.439999998,402792094.45200002,0,13830566.256000001,5,1,1,1
63,16,6,ok,310464,451630417.50719994,33554497.535999998,404661994.0704,0,13413925.900800001,6,1,1,1
63,16,7,ok,282240,460804921.95359993,33684553.727999993,412001941.37759995,0,15118426.847999999,7,1,1,1
63,16,8,ok,225792,438684830.51519996,33294385.151999999,398769230.23359996,0,6621215.1296000006,8,1,1,1
63,16,9,ok,225792,451531208.95919991,33359413.247999996,411121293.71759993,0,7050501.9936000016,9,1,1,1
63,16,10,ok,183456,454958278.5,33489469.439999998,405137686.25999999,0,16331122.800000003,5,2,1,1
63,16,11,ok,169344,451190034.53039998,33619525.631999999,404996186.96239996,0,12574321.936000003,11,1,1,1
63,16,12,ok,155232,456485975.85599995,33554497.535999998,407012140.42559999,0,15919337.894400001,6,2,1,1
63,16,13,ok,141120,454016835.16800004,33814609.920000002,405917079.11040002,0,14285146.137600001,13,1,1,1
63,16,14,ok,141120,460804921.95359993,33684553.727999993,412001941.37759995,0,15118426.847999999,14,1,1,1
63,16,15,ok,141120,473622212.69999999,34139750.399999999,423473845.45200002,0,16008616.848000001,15,1,1,1
63,16,16,ok,112896,441753802.75199997,33294385.151999999,399352212.27519995,0,9107205.3248000015,8,2,1,1
63,32,1,ok,3612672,870493895.88479984,66588770.303999998,794840539.95519984,0,9064585.6256000008,1,1,1,1
63,32,2,ok,1806336,870493895.88479984,66588770.303999998,794840539.95519984,0,9064585.6256000008,2,1,1,1
63,32,3,ok,1241856,894414037.34879994,66718826.495999992,803396144.22239995,0,24299066.630400002,3,1,1,1
63,32,4,ok,903168,873562868.12159991,66588770.303999998,795423521.99679995,0,11550575.820800001,2,2,1,1
63,32,5,ok,733824,895378111.94400001,66978938.879999995,803238597.09599996,0,25160575.968000002,5,1,1,1
63,32,6,ok,620928,898405276.66559994,67108995.071999997,806973841.78559995,0,24322439.808000002,6,1,1,1
63,32,7,ok,564480,916735465.56479979,67369107.455999985,821644627.30559981,0,27721730.803200003,7,1,1,1
63,32,8,ok,451584,874300688.79359996,66588770.303999998,796955478.42559993,0,10756440.064000001,8,1,1,1
63,32,9,ok,451584,899987451.59519994,66718826.495999992,821658466.75679982,0,11610158.342400003,9,1,1,1
63,32,10,ok,366912,900224260.29600012,66978938.879999995,805584188.90400004,0,27661132.512000002,5,2,1,1
63,32,11,ok,338688,897515100.71519995,67239051.263999999,807637673.0223999,0,22638376.428800002,11,1,1,1
63,32,12,ok,310464,903260835.01439989,67108995.071999997,809323988.1408,0,26827851.801600002,6,2,1,1
63,32,13,ok,282240,903140472,67629219.840000004,809465793.67680013,0,26045458.483200002,13,1,1,1
63,32,14,ok,282240,916735465.56479979,67369107.455999985,821644627.30559981,0,27721730.803200003,14,1,1,1
63,32,15,ok,275184,937246613.72624993,69072030.719999999,837304768.34325004,0,30869814.662999999,5,3,1,1
63,32,16,ok,225792,877369661.03039992,66588770.303999998,797538460.46719992,0,13242430.259200001,8,2,1,1
63,64,1,ok,7225344,1737918819.5327997,133177540.608,1589098097.8687997,0,15643181.056,1,1,1,1
63,64,2,ok,3612672,1737918819.5327997,133177540.608,1589098097.8687997,0,15643181.056,2,1,1,1
63,64,3,ok,2483712,1784000746.3392,133437652.99199998,1604455805.7312,0,46107287.616000004,3,1,1,1
63,64,4,ok,1806336,1740987791.7695997,133177540.608,1589681079.9103997,0,18129171.251200002,2,2,1,1
63,64,5,ok,1467648,1777301737.3440001,135258439.67999998,1616250574.72,0,25792722.943999998,1,5,1,1
63,64,6,ok,1241856,1788828074.6975999,133437652.99199998,1606792288.4447999,0,48598133.260800004,3,2,1,1
63,64,7,ok,1032192,1986826434.9695997,133177540.60799998,1823089772.1343999,0,30559122.227200001,1,1,1,7
63,64,8,ok,903168,1745532405.3504,133177540.608,1593327974.8095999,0,19026889.932800002,8,1,1,1
63,64,9,ok,903168,1796899936.8671999,133437652.99199998,1642732812.8351996,0,20729471.039999999,9,1,1,1
63,64,10,ok,733824,1777301737.3440001,135258439.67999998,1616250574.72,0,25792722.943999998,2,5,1,1
63,64,11,ok,677376,1790165233.0848,134478102.528,1612920645.1423998,0,42766485.414400004,11,1,1,1
63,64,12,ok,620928,1796810553.3311999,134217990.14399999,1613947683.5711999,0,48644879.616000004,6,2,1,1
63,64,13,ok,564480,1801387745.6640003,135258439.68000001,1616563222.8096001,0,49566083.174400009,13,1,1,1
63,64,14,ok,516096,1986826434.9695997,133177540.60799998,1823089772.1343999,0,30559122.227200001,2,1,1,7
63,64,15,ok,550368,1825629495.1807501,135522616.31999999,1664283915.71175,0,25822963.149,3,5,1,1
63,64,16,ok,451584,1748601377.5871999,133177540.608,1593910956.8511999,0,21512880.128000002,8,2,1,1
64,1,1,ok,50176,13572919.705600001,924844.03199999989,11302441.676800001,0,1345633.9968000001,1,1,1,1
64,1,2,ok,25088,13572919.705600001,924844.03199999989,11302441.676800001,0,1345633.9968000001,2,1,1,1
64,1,3,ok,17248,13715725.327949999,925295.61599999992,11417729.257349998,0,1372700.4545999998,3,1,1,1
64,1,4,ok,12544,13691881.984000001,924844.03199999989,11368533.504000001,0,1398504.4480000001,4,1,1,1
64,1,5,ok,10192,13801051.833500003,925747.19999999984,11449102.495500002,0,1426202.1380000003,5,1,1,1
64,1,6,ok,8624,13910221.682999998,926650.36800000002,11529671.487,0,1453899.828,6,1,1,1
64,1,7,ok,7840,14120298.851049999,926198.78399999999,11714396.245649999,0,1479703.8214000002,7,1,1,1
64,1,8,ok,6272,13929806.540800001,924844.03199999989,11500717.158400001,0,1504245.3504000001,8,1,1,1
64,1,9,ok,6272,14322585.612600001,926650.3679999999,11862729.739800001,0,1533205.5048000002,9,1,1,1
64,1,10,ok,5488,14293391.289500002,925747.19999999984,11809265.823500004,0,1558378.2660000003,10,1,1,1
64,1,11,ok,4704,14234382.274750004,928908.28799999994,11716241.869750002,0,1589232.1170000001,11,1,1,1
64,1,12,ok,4704,14501029.030199999,926650.36800000002,11961867.480599999,0,1612511.1816000002,12,1,1,1
64,1,13,ok,3920,14298304.863700002,927553.53599999996,11730542.4561,0,1640208.8716000002,13,1,1,1
64,1,14,ok,3920,14574123.679500001,929359.87199999997,11975594.781500001,0,1669169.0260000001,14,1,1,1
64,1,15,ok,3920,14812485.641249999,928005.11999999988,12190769.966250001,0,1693710.5550000002,15,1,1,1
64,1,16,ok,3136,14405655.6544,924844.03199999989,11765084.4672,0,1715727.1552000002,16,1,1,1
64,2,1,ok,100352,25781851.750399999,1849688.0639999998,22345780.223999999,0,1586383.4624000001,1,1,1,1
64,2,2,ok,50176,25781851.750399999,1849688.0639999998,22345780.223999999,0,1586383.4624000001,2,1,1,1
64,2,3,ok,34496,26066796.985499997,1850591.2319999998,22576228.869899996,0,1639976.8836000001,3,1,1,1
64,2,4,ok,25088,26019776.3072,1849688.0639999998,22477963.878400002,0,1692124.3648000001,4,1,1,1
64,2,5,ok,20384,26236783.987000007,1851494.3999999997,22638848.831000008,0,1746440.7560000001,5,1,1,1
64,2,6,ok,17248,26453791.6668,1853300.736,22799733.783599999,0,1800757.1472,6,1,1,1
64,2,7,ok,15680,26874612.012499996,1852397.568,23169309.816099998,0,1852904.6284000003,7,1,1,1
64,2,8,ok,12544,26495625.4208,1849688.0639999998,22742331.187200002,0,1903606.1696000001,8,1,1,1
64,2,9,ok,12544,27278519.526000001,1853300.7359999998,23465850.2892,0,1959368.5008,9,1,1,1
64,2,10,ok,10192,27602103.667000007,1851494.3999999997,22898204.991000004,0,2852404.2760000005,5,2,1,1
64,2,11,ok,9408,27098782.802300002,1857816.5759999999,23172241.973099999,0,2068724.2532000002,11,1,1,1
64,2,12,ok,8624,27820443.365999997,1853300.736,23059342.973999999,0,2907799.656,6,2,1,1
64,2,13,ok,7840,27228626.009,1855107.0719999999,23201222.691399999,0,2172296.2456,13,1,1,1
64,2,14,ok,7840,27777599.602200001,1858719.7439999999,23690821.281400003,0,2228058.5767999999,14,1,1,1
64,2,15,ok,7840,28256321.554499995,1856010.2399999998,24121551.196499996,0,2278760.1180000002,15,1,1,1
64,2,16,ok,6272,27447323.647999998,1849688.0639999998,23271065.8048,0,2326569.7792000002,16,1,1,1
64,4,1,ok,200704,50199715.840000004,3699376.1279999996,44432457.318400003,0,2067882.3936000001,1,1,1,1
64,4,2,ok,100352,50199715.840000004,3699376.1279999996,44432457.318400003,0,2067882.3936000001,2,1,1,1
64,4,3,ok,67424,51848016.396599993,3701182.4639999997,45337858.776600003,0,2808975.156,3,1,1,1
64,4,4,ok,50176,50675564.953599997,3699376.1279999996,44696824.6272,0,2279364.1984000001,4,1,1,1
64,4,5,ok,40768,51108248.294000015,3702988.7999999993,45018341.502000012,0,2386917.9920000001,5,1,1,1
64,4,6,ok,33712,52323733.1448,3706601.4720000001,45488214.472800002,0,3128917.2000000002,6,1,1,1
64,4,7,ok,29008,52620508.095399998,3704795.1359999999,45576220.400199994,0,3339492.5592,7,1,1,1
64,4,8,ok,25088,51611470.643200003,3699376.1279999996,45209766.707200006,0,2702327.8080000002,8,1,1,1
64,4,9,ok,22736,52024332.952799998,3706601.4719999996,45506036.987999998,0,2811694.4928000001,9,1,1,1
64,4,10,ok,20384,52084562.150000006,3702988.7999999993,45465950.846000008,0,2915622.5040000002,10,1,1,1
64,4,11,ok,18816,52517794.007800005,3715633.1519999998,45774452.330200002,0,3027708.5256000003,11,1,1,1
64,4,12,ok,17248,52557653.656800002,3706601.4720000001,45722134.984800003,0,3128917.2000000002,12,1,1,1
64,4,13,ok,15680,52580064.331600003,3710214.1439999999,45633379.193999998,0,3236470.9936000006,13,1,1,1
64,4,14,ok,14896,53031913.39320001,3717439.4879999999,45968636.22680001,0,3345837.6784000001,14,1,1,1
64,4,15,ok,14112,53267290.916999996,3712020.4799999995,46106411.192999989,0,3448859.2440000004,15,1,1,1
64,4,16,ok,12544,52721765.1712,3699376.1279999996,45474134.016000003,0,3548255.0272000004,16,1,1,1
64,8,1,ok,401408,99035444.019199997,7398752.2559999991,88605811.507200003,0,3030880.2560000001,1,1,1,1
64,8,2,ok,200704,99035444.019199997,7398752.2559999991,88605811.507200003,0,3030880.2560000001,2,1,1,1
64,8,3,ok,134848,101553690.18840002,7402364.9279999994,89638798.974000007,0,4512526.2864000006,3,1,1,1
64,8,4,ok,100352,99987142.246399999,7398752.2559999991,89134546.124799997,0,3453843.8656000001,4,1,1,1
64,8,5,ok,81536,100851176.90800002,7405977.5999999987,89777326.844000012,0,3667872.4640000002,5,1,1,1
64,8,6,ok,67424,102501987.01920001,7413202.9440000001,89937992.184,0,5150791.8912000004,6,1,1,1
64,8,7,ok,58016,103096582.47559999,7409590.2719999999,90114510.099599987,0,5572482.1040000003,7,1,1,1
64,8,8,ok,50176,101081644.2368,7398752.2559999991,89383120.895999998,0,4299771.0848000003,8,1,1,1
64,8,9,ok,45472,101903186.63519999,7413202.9439999992,89973637.214399993,0,4516346.4768000003,9,1,1,1
64,8,10,ok,40768,102025736.14000002,7405977.5999999987,89894477.052000016,0,4725281.4879999999,10,1,1,1
64,8,11,ok,37632,102884880.96920002,7431266.3039999995,90507937.594799995,0,4945677.0704000005,11,1,1,1
64,8,12,ok,33712,104647466.2896,7413202.9440000001,90976428.945600003,0,6257834.4000000004,6,2,1,1
64,8,13,ok,31360,103012558.28240001,7420428.2879999997,90227309.504800007,0,5364820.4896000009,13,1,1,1
64,8,14,ok,29008,105241016.1908,7409590.2719999999,91152440.800399989,0,6678985.1184,7,2,1,1
64,8,15,ok,28224,104385965.898,7424040.959999999,91172867.441999987,0,5789057.4960000003,15,1,1,1
64,8,16,ok,25088,103222941.28640001,7398752.2559999991,90419533.414400011,0,5404655.6160000004,8,2,1,1
64,16,1,ok,802816,196706900.37760001,14797504.511999998,176952519.88480002,0,4956875.980800001,1,1,1,1
64,16,2,ok,401408,196706900.37760001,14797504.511999998,176952519.88480002,0,4956875.980800001,2,1,1,1
64,16,3,ok,269696,200965037.77200001,14804729.855999999,178240679.36879998,0,7919628.5472000008,3,1,1,1
64,16,4,ok,200704,198070888.03839999,14797504.511999998,177211623.01440001,0,6061760.5120000001,2,2,1,1
64,16,5,ok,163072,200337034.13600001,14811955.199999997,179295297.52800003,0,6229781.4079999998,5,1,1,1
64,16,6,ok,134848,202858494.76800001,14826405.888,178837547.60640001,0,9194541.2736000009,6,1,1,1
64,16,7,ok,116032,204048731.236,14819180.544,179191089.49839997,0,10038461.193600001,7,1,1,1
64,16,8,ok,100352,199974284.4928,14797504.511999998,178269092.24959999,0,6907687.7312000003,4,2,1,1
64,16,9,ok,90944,201660894,14826405.887999998,178908837.6672,0,7925650.4448000016,9,1,1,1
64,16,10,ok,81536,201702353.81600004,14811955.199999997,179554653.68800002,0,7335744.9280000003,5,2,1,1
64,16,11,ok,75264,203619054.89200002,14862532.607999999,179974908.12400001,0,8781614.1600000001,11,1,1,1
64,16,12,ok,67424,205003974.03840002,14826405.888,179875984.368,0,10301583.782400001,6,2,1,1
64,16,13,ok,62720,203877546.18399999,14840856.575999999,179415170.12639999,0,9621519.4816000015,13,1,1,1
64,16,14,ok,58016,206193164.95119998,14819180.544,180229020.19919997,0,11144964.208000001,7,2,1,1
64,16,15,ok,56448,206623315.85999995,14848081.919999998,181305779.93999997,0,10469454.000000002,15,1,1,1
64,16,16,ok,50176,202163288.4736,14797504.511999998,178766241.792,0,8599542.1696000006,8,2,1,1
64,32,1,ok,1605632,392049813.09440005,29595009.023999996,353645936.64000005,0,8808867.4304000009,1,1,1,1
64,32,2,ok,802816,392049813.09440005,29595009.023999996,353645936.64000005,0,8808867.4304000009,2,1,1,1
64,32,3,ok,539392,399787732.93920004,29609459.711999997,355444440.1584,0,14733833.0688,3,1,1,1
64,32,4,ok,401408,393413800.75520003,29595009.023999996,353905039.76960003,0,9913751.9616000019,2,2,1,1
64,32,5,ok,326144,399308748.59200007,29623910.399999995,358331238.89600009,0,11353599.296,5,1,1,1
64,32,6,ok,269696,401930075.54400003,29609459.711999997,356481358.73759997,0,15839257.094400002,3,2,1,1
64,32,7,ok,232064,405953028.75680006,29638361.088,357344248.296,0,18970419.372800004,7,1,1,1
64,32,8,ok,200704,396141776.07679999,29595009.023999996,354423246.02880001,0,12123521.024,2,4,1,1
64,32,9,ok,181888,401176308.72959995,29652811.775999997,356779238.57279998,0,14744258.380799999,9,1,1,1
64,32,10,ok,163072,400674068.27200001,29623910.399999995,358590595.05600005,0,12459562.816,5,2,1,1
64,32,11,ok,150528,405087402.73760003,29725065.215999998,358908849.18239999,0,16453488.339200001,11,1,1,1
64,32,12,ok,134848,405716989.53600001,29652811.776000001,357675095.21280003,0,18389082.547200002,6,2,1,1
64,32,13,ok,125440,405607521.98720002,29681713.151999999,357790891.3696,0,18134917.465600003,13,1,1,1
64,32,14,ok,116032,408097462.472,29638361.088,358382178.99679995,0,20076922.387200002,7,2,1,1
64,32,15,ok,112896,411098015.78399998,29696163.839999996,361571604.93599993,0,19830247.008000001,15,1,1,1
64,32,16,ok,100352,399948568.98559999,29595009.023999996,356538184.49919999,0,13815375.462400001,4,4,1,1
64,64,1,ok,3211264,782735638.528,59190018.047999993,707032770.15040004,0,16512850.329600003,1,1,1,1
64,64,2,ok,1605632,782735638.528,59190018.047999993,707032770.15040004,0,16512850.329600003,2,1,1,1
64,64,3,ok,1078784,797433123.27359998,59218919.423999995,709851961.73759997,0,28362242.112,3,1,1,1
64,64,4,ok,802816,784099626.1888001,59190018.047999993,707291873.28000009,0,17617734.860800002,2,2,1,1
64,64,5,ok,652288,797252177.50400019,59247820.79999999,716403121.63200021,0,21601235.071999997,5,1,1,1
64,64,6,ok,539392,799575465.87840009,59218919.423999995,710888880.3168,0,29467666.137600001,3,2,1,1
64,64,7,ok,464128,809761623.79839993,59276722.175999999,713650565.89119995,0,36834335.731200002,7,1,1,1
64,64,8,ok,401408,786827601.51040006,59190018.047999993,707810079.53920007,0,19827503.923200004,2,4,1,1
64,64,9,ok,363776,800207138.1888001,59305623.551999994,712520040.38400006,0,28381474.252800003,9,1,1,1
64,64,10,ok,326144,798617497.18400013,59247820.79999999,716662477.79200017,0,22707198.592,5,2,1,1
64,64,11,ok,301056,808024098.42880011,59450130.431999996,716776731.29919994,0,31797236.6976,11,1,1,1
64,64,12,ok,269696,803860151.08800006,59218919.423999995,712962717.47519994,0,31678514.188800003,3,4,1,1
64,64,13,ok,250880,809067473.59360003,59363426.303999998,714542333.85599995,0,35161713.433600008,13,1,1,1
64,64,14,ok,232064,811906057.51360011,59276722.175999999,714688496.59200001,0,37940838.745600007,7,2,1,1
64,64,15,ok,224224,809642926.09275007,60144215.039999992,726598623.0397501,0,22900088.013,3,5,1,1
64,64,16,ok,200704,792283552.15359998,59190018.047999993,708846492.05760002,0,24247042.048,2,8,1,1
65,1,1,ok,3136,17521.459200000001,17521.459200000001,0,0,0,1,1,1,1
65,1,2,ok,1568,17521.459200000001,17521.459200000001,0,0,0,2,1,1,1
65,1,3,ok,1046,17530.014600000002,17530.014600000002,0,0,0,3,1,1,1
65,1,4,ok,784,17521.459200000001,17521.459200000001,0,0,0,4,1,1,1
65,1,5,ok,628,17538.57,17538.57,0,0,0,5,1,1,1
65,1,6,ok,524,17555.680800000002,17555.680800000002,0,0,0,6,1,1,1
65,1,7,ok,448,17521.459199999998,17521.459199999998,0,0,0,1,1,1,7
65,1,8,ok,392,17521.459200000001,17521.459200000001,0,0,0,8,1,1,1
65,1,9,ok,350,17555.680800000002,17555.680800000002,0,0,0,9,1,1,1
65,1,10,ok,314,17538.57,17538.57,0,0,0,10,1,1,1
65,1,11,ok,287,17598.4578,17598.4578,0,0,0,11,1,1,1
65,1,12,ok,262,17555.680800000002,17555.680800000002,0,0,0,12,1,1,1
65,1,13,ok,242,17572.7916,17572.7916,0,0,0,13,1,1,1
65,1,14,ok,224,17521.459199999998,17521.459199999998,0,0,0,2,1,1,7
65,1,15,ok,210,17581.346999999998,17581.346999999998,0,0,0,15,1,1,1
65,1,16,ok,196,17521.459200000001,17521.459200000001,0,0,0,16,1,1,1
65,2,1,ok,6272,35042.918400000002,35042.918400000002,0,0,0,1,1,1,1
65,2,2,ok,3136,35042.918400000002,35042.918400000002,0,0,0,1,2,1,1
65,2,3,ok,2092,35060.029200000004,35060.029200000004,0,0,0,3,1,1,1
65,2,4,ok,1568,35042.918400000002,35042.918400000002,0,0,0,2,2,1,1
65,2,5,ok,1256,35077.139999999999,35077.139999999999,0,0,0,5,1,1,1
65,2,6,ok,1046,35060.029200000004,35060.029200000004,0,0,0,3,2,1,1
65,2,7,ok,896,35042.918399999995,35042.918399999995,0,0,0,1,1,1,7
65,2,8,ok,784,35042.918400000002,35042.918400000002,0,0,0,4,2,1,1
65,2,9,ok,699,35111.361600000004,35111.361600000004,0,0,0,9,1,1,1
65,2,10,ok,628,35077.139999999999,35077.139999999999,0,0,0,5,2,1,1
65,2,11,ok,573,35196.9156,35196.9156,0,0,0,11,1,1,1
65,2,12,ok,524,35111.361600000004,35111.361600000004,0,0,0,6,2,1,1
65,2,13,ok,484,35145.583200000001,35145.583200000001,0,0,0,13,1,1,1
65,2,14,ok,448,35042.918399999995,35042.918399999995,0,0,0,1,2,1,7
65,2,15,ok,420,35162.693999999996,35162.693999999996,0,0,0,15,1,1,1
65,2,16,ok,392,35042.918400000002,35042.918400000002,0,0,0,8,2,1,1
65,4,1,ok,12544,70085.836800000005,70085.836800000005,0,0,0,1,1,1,1
65,4,2,ok,6272,70085.836800000005,70085.836800000005,0,0,0,1,2,1,1
65,4,3,ok,4184,70120.058400000009,70120.058400000009,0,0,0,3,1,1,1
65,4,4,ok,3136,70085.836800000005,70085.836800000005,0,0,0,2,2,1,1
65,4,5,ok,2512,70154.279999999999,70154.279999999999,0,0,0,5,1,1,1
65,4,6,ok,2092,70120.058400000009,70120.058400000009,0,0,0,3,2,1,1
65,4,7,ok,1792,70085.83679999999,70085.83679999999,0,0,0,1,1,1,7
65,4,8,ok,1568,70085.836800000005,70085.836800000005,0,0,0,2,4,1,1
65,4,9,ok,1397,70222.723200000008,70222.723200000008,0,0,0,9,1,1,1
65,4,10,ok,1256,70154.279999999999,70154.279999999999,0,0,0,5,2,1,1
65,4,11,ok,1146,70393.831200000001,70393.831200000001,0,0,0,11,1,1,1
65,4,12,ok,1046,70120.058400000009,70120.058400000009,0,0,0,3,4,1,1
65,4,13,ok,968,70291.166400000002,70291.166400000002,0,0,0,13,1,1,1
65,4,14,ok,896,70085.83679999999,70085.83679999999,0,0,0,1,2,1,7
65,4,15,ok,840,70325.387999999992,70325.387999999992,0,0,0,15,1,1,1
65,4,16,ok,784,70085.836800000005,70085.836800000005,0,0,0,4,4,1,1
65,8,1,ok,25088,140171.67360000001,140171.67360000001,0,0,0,1,1,1,1
65,8,2,ok,12544,140171.67360000001,140171.67360000001,0,0,0,1,2,1,1
65,8,3,ok,8367,140240.11680000002,140240.11680000002,0,0,0,3,1,1,1
65,8,4,ok,6272,140171.67360000001,140171.67360000001,0,0,0,2,2,1,1
65,8,5,ok,5023,140308.56,140308.56,0,0,0,5,1,1,1
65,8,6,ok,4184,140240.11680000002,140240.11680000002,0,0,0,3,2,1,1
65,8,7,ok,3584,140171.67359999998,140171.67359999998,0,0,0,1,1,1,7
65,8,8,ok,3136,140171.67360000001,140171.67360000001,0,0,0,2,4,1,1
65,8,9,ok,2793,140445.44640000002,140445.44640000002,0,0,0,9,1,1,1
65,8,10,ok,2512,140308.56,140308.56,0,0,0,5,2,1,1
65,8,11,ok,2291,140787.6624,140787.6624,0,0,0,11,1,1,1
65,8,12,ok,2092,140240.11680000002,140240.11680000002,0,0,0,3,4,1,1
65,8,13,ok,1936,140582.3328,140582.3328,0,0,0,13,1,1,1
65,8,14,ok,1792,140171.67359999998,140171.67359999998,0,0,0,1,2,1,7
65,8,15,ok,1679,140650.77599999998,140650.77599999998,0,0,0,15,1,1,1
65,8,16,ok,1568,140171.67360000001,140171.67360000001,0,0,0,4,4,1,1
65,16,1,ok,50176,280343.34720000002,280343.34720000002,0,0,0,1,1,1,1
65,16,2,ok,25088,280343.34720000002,280343.34720000002,0,0,0,1,2,1,1
65,16,3,ok,16734,280480.23360000004,280480.23360000004,0,0,0,3,1,1,1
65,16,4,ok,12544,280343.34720000002,280343.34720000002,0,0,0,2,2,1,1
65,16,5,ok,10045,280617.12,280617.12,0,0,0,5,1,1,1
65,16,6,ok,8367,280480.23360000004,280480.23360000004,0,0,0,3,2,1,1
65,16,7,ok,7168,280343.34719999996,280343.34719999996,0,0,0,1,1,1,7
65,16,8,ok,6272,280343.34720000002,280343.34720000002,0,0,0,2,4,1,1
65,16,9,ok,5586,280890.89280000003,280890.89280000003,0,0,0,9,1,1,1
65,16,10,ok,5023,280617.12,280617.12,0,0,0,5,2,1,1
65,16,11,ok,4582,281575.3248,281575.3248,0,0,0,11,1,1,1
65,16,12,ok,4184,280480.23360000004,280480.23360000004,0,0,0,3,4,1,1
65,16,13,ok,3871,281164.66560000001,281164.66560000001,0,0,0,13,1,1,1
65,16,14,ok,3584,280343.34719999996,280343.34719999996,0,0,0,1,2,1,7
65,16,15,ok,3357,281301.55199999997,281301.55199999997,0,0,0,15,1,1,1
65,16,16,ok,3136,280343.34720000002,280343.34720000002,0,0,0,4,4,1,1
65,32,1,ok,100352,560686.69440000004,560686.69440000004,0,0,0,1,1,1,1
65,32,2,ok,50176,560686.69440000004,560686.69440000004,0,0,0,1,2,1,1
65,32,3,ok,33467,560960.46720000007,560960.46720000007,0,0,0,3,1,1,1
65,32,4,ok,25088,560686.69440000004,560686.69440000004,0,0,0,2,2,1,1
65,32,5,ok,20090,561234.23999999999,561234.23999999999,0,0,0,5,1,1,1
65,32,6,ok,16734,560960.46720000007,560960.46720000007,0,0,0,3,2,1,1
65,32,7,ok,14336,560686.69439999992,560686.69439999992,0,0,0,1,1,1,7
65,32,8,ok,12544,560686.69440000004,560686.69440000004,0,0,0,2,4,1,1
65,32,9,ok,11172,561781.78560000006,561781.78560000006,0,0,0,9,1,1,1
65,32,10,ok,10045,561234.23999999999,561234.23999999999,0,0,0,5,2,1,1
65,32,11,ok,9163,563150.6496,563150.6496,0,0,0,11,1,1,1
65,32,12,ok,8367,560960.46720000007,560960.46720000007,0,0,0,3,4,1,1
65,32,13,ok,7742,562329.33120000002,562329.33120000002,0,0,0,13,1,1,1
65,32,14,ok,7168,560686.69439999992,560686.69439999992,0,0,0,1,2,1,7
65,32,15,ok,6713,562603.10399999993,562603.10399999993,0,0,0,15,1,1,1
65,32,16,ok,6272,560686.69440000004,560686.69440000004,0,0,0,4,4,1,1
65,64,1,ok,200704,1121373.3888000001,1121373.3888000001,0,0,0,1,1,1,1
65,64,2,ok,100352,1121373.3888000001,1121373.3888000001,0,0,0,1,2,1,1
65,64,3,ok,66934,1121920.9344000001,1121920.9344000001,0,0,0,3,1,1,1
65,64,4,ok,50176,1121373.3888000001,1121373.3888000001,0,0,0,2,2,1,1
65,64,5,ok,40180,1122468.48,1122468.48,0,0,0,5,1,1,1
65,64,6,ok,33467,1121920.9344000001,1121920.9344000001,0,0,0,3,2,1,1
65,64,7,ok,28672,1121373.3887999998,1121373.3887999998,0,0,0,1,1,1,7
65,64,8,ok,25088,1121373.3888000001,1121373.3888000001,0,0,0,2,4,1,1
65,64,9,ok,22344,1123563.5712000001,1123563.5712000001,0,0,0,9,1,1,1
65,64,10,ok,20090,1122468.48,1122468.48,0,0,0,5,2,1,1
65,64,11,ok,18326,1126301.2992,1126301.2992,0,0,0,11,1,1,1
65,64,12,ok,16734,1121920.9344000001,1121920.9344000001,0,0,0,3,4,1,1
65,64,13,ok,15484,1124658.6624,1124658.6624,0,0,0,13,1,1,1
65,64,14,ok,14336,1121373.3887999998,1121373.3887999998,0,0,0,1,2,1,7
65,64,15,ok,13426,1125206.2079999999,1125206.2079999999,0,0,0,15,1,1,1
65,64,16,ok,12544,1121373.3888000001,1121373.3888000001,0,0,0,4,4,1,1
66,1,1,ok,50176,14450478.668800002,924844.03199999989,12162298.547200002,0,1363336.0896000001,1,1,1,1
66,1,2,ok,25088,14450478.668800002,924844.03199999989,12162298.547200002,0,1363336.0896000001,2,1,1,1
66,1,3,ok,18816,15022718.095950002,926650.36800000002,12624741.020550001,0,1471326.7074000002,3,1,1,1
66,1,4,ok,12544,14926327.782400001,924844.03199999989,12426665.856000001,0,1574817.8944000001,4,1,1,1
66,1,5,ok,11648,16250610.966249999,930263.03999999992,13104335.471249998,0,2216012.4550000001,5,1,1,1
66,1,6,ok,9408,15803754.329399999,932069.37599999993,13076386.392599998,0,1795298.5608000001,6,1,1,1
66,1,7,ok,8960,17072509.100500003,935682.04799999995,13491101.841700001,0,2645725.2108,7,1,1,1
66,1,8,ok,6272,15878026.0096,924844.03199999989,12955400.4736,0,1997781.5040000002,8,1,1,1
66,1,9,ok,6272,16450265.436750002,926650.3679999999,13417842.94695,0,2105772.1218000003,9,1,1,1
66,1,10,ok,6272,16565239.910000002,939294.71999999997,13398684.158,0,2227261.0320000001,10,1,1,1
66,1,11,ok,5376,16476262.60775,933875.71199999982,13216134.107550001,0,2326252.7882000003,11,1,1,1
66,1,12,ok,5376,16825030.899,932069.37599999993,13463217.547800001,0,2429743.9752000002,12,1,1,1
66,1,13,ok,4480,16786666.597999997,939294.71999999986,13302888.138799999,0,2544483.7392000002,13,1,1,1
66,1,14,ok,4480,17072509.100500003,935682.04799999995,13491101.841700001,0,2645725.2108,14,1,1,1
66,1,15,ok,4480,17573802.93375,948326.39999999991,13858262.412750002,0,2767214.1210000003,15,1,1,1
66,1,16,ok,3136,17781422.464000002,924844.03199999989,14012869.708800001,0,2843708.7232000004,16,1,1,1
66,2,1,ok,100352,27536969.676800005,1849688.0639999998,24065493.964800004,0,1621787.6480000003,1,1,1,1
66,2,2,ok,50176,27536969.676800005,1849688.0639999998,24065493.964800004,0,1621787.6480000003,2,1,1,1
66,2,3,ok,37632,28678784.492700003,1853300.736,24989872.850699998,0,1835610.906,3,1,1,1
66,2,4,ok,25088,28488667.904000003,1849688.0639999998,24594228.582400002,0,2044751.2576000004,4,1,1,1
66,2,5,ok,23296,30347378.220499996,1860526.0799999998,25166185.694499999,0,3320666.446,5,1,1,1
66,2,6,ok,18816,30045436.191900004,1853300.736,25249482.041100003,0,2942653.4148000004,3,2,1,1
66,2,7,ok,14336,37641677.158399999,1849688.064,27540894.259199999,0,8251094.8352000006,1,1,1,7
66,2,8,ok,12544,29852655.564800002,1849688.0639999998,24853331.712000001,0,3149635.7888000002,4,2,1,1
66,2,9,ok,12544,31533879.174300008,1853300.7359999998,26576076.703500003,0,3104501.7348000007,9,1,1,1
66,2,10,ok,11648,32501221.932499997,1860526.0799999998,26208670.942499995,0,4432024.9100000001,5,2,1,1
66,2,11,ok,10752,30790317.061900001,1867751.4239999996,25385734.480700001,0,3536831.1572000007,11,1,1,1
66,2,12,ok,9408,31607508.658799998,1864138.7519999999,26152772.785199996,0,3590597.1216000002,6,2,1,1
66,2,13,ok,8960,31398578.379999995,1878589.4399999997,25553169.813599996,0,3966819.1264,13,1,1,1
66,2,14,ok,7168,37641677.158399999,1849688.064,27540894.259199999,0,8251094.8352000006,2,1,1,7
66,2,15,ok,8960,32951939.947499998,1896652.7999999998,26653797.145500001,0,4401490.0020000003,15,1,1,1
66,2,16,ok,6272,31756052.019200001,1849688.0639999998,25910800.9472,0,3995563.0080000004,8,2,1,1
66,4,1,ok,200704,53709951.6928,3699376.1279999996,47871884.800000004,0,2138690.7648000005,1,1,1,1
66,4,2,ok,100352,53709951.6928,3699376.1279999996,47871884.800000004,0,2138690.7648000005,2,1,1,1
66,4,3,ok,68992,57975293.503800005,3706601.4720000001,49166731.070999995,0,5101960.9608000005,3,1,1,1
66,4,4,ok,50176,55073939.35360001,3699376.1279999996,48130987.929600008,0,3243575.2960000006,2,2,1,1
66,4,5,ok,40768,58540912.729000002,3721052.1599999997,49289886.141000003,0,5529974.4279999994,5,1,1,1
66,4,6,ok,34496,59890363.749600008,3728277.5039999997,49783659.669600002,0,6378426.5760000013,6,1,1,1
66,4,7,ok,28672,65735440.691199996,3699376.128,53268066.611199997,0,8767997.9520000014,1,1,1,7
66,4,8,ok,25088,56977335.808000006,3699376.1279999996,49188457.164800003,0,4089502.5152000007,4,2,1,1
66,4,9,ok,25088,58910975.551800013,3706601.4719999996,50102413.11900001,0,5101960.9608000014,9,1,1,1
66,4,10,ok,21952,59736695.192000009,3757178.8799999999,50436917.240000002,0,5542599.0720000006,10,1,1,1
66,4,11,ok,18816,59418425.970200002,3735502.8479999993,49724935.227000006,0,5957987.8952000001,11,1,1,1
66,4,12,ok,18816,60090872.383800007,3706601.4720000001,50498964.082200006,0,5885306.8296000008,3,4,1,1
66,4,13,ok,15680,60622401.943999998,3757178.8799999994,50053733.163199998,0,6811489.9007999999,13,1,1,1
66,4,14,ok,14336,65735440.691199996,3699376.128,53268066.611199997,0,8767997.9520000014,2,1,1,7
66,4,15,ok,15680,63708213.974999994,3793305.5999999996,52244866.611000001,0,7670041.7640000004,15,1,1,1
66,4,16,ok,12544,59705311.129600003,3699376.1279999996,49706663.424000002,0,6299271.5776000004,4,4,1,1
66,8,1,ok,401408,106055915.72480001,7398752.2559999991,95484666.470400006,0,3172496.9984000004,1,1,1,1
66,8,2,ok,200704,106055915.72480001,7398752.2559999991,95484666.470400006,0,3172496.9984000004,2,1,1,1
66,8,3,ok,137984,113805107.73719999,7413202.9440000001,97295025.380399987,0,9096879.4127999991,3,1,1,1
66,8,4,ok,100352,107419903.3856,7398752.2559999991,95743769.600000009,0,4277381.5296000009,2,2,1,1
66,8,5,ok,81536,114927981.74599999,7442104.3199999994,97537287.033999994,0,9948590.3920000009,5,1,1,1
66,8,6,ok,68992,115950587.00760001,7413202.9440000001,98333462.14199999,0,10203921.921600001,3,2,1,1
66,8,7,ok,57344,121922967.7568,7398752.2560000001,104722411.31519999,0,9801804.1855999995,1,1,1,7
66,8,8,ok,50176,110147878.70720002,7398752.2559999991,96261975.859200016,0,6487150.5920000011,2,4,1,1
66,8,9,ok,50176,115676471.83320001,7413202.9439999992,99166389.476400018,0,9096879.412800001,9,1,1,1
66,8,10,ok,40768,117081825.458,7442104.3199999994,98579772.282000005,0,11059948.855999999,5,2,1,1
66,8,11,ok,37632,116674643.7868,7471005.6959999986,98403336.719600007,0,10800301.371200001,11,1,1,1
66,8,12,ok,34496,119780727.49920002,7456555.0079999994,99567319.339200005,0,12756853.152000003,6,2,1,1
66,8,13,ok,31360,119070049.072,7514357.7599999988,99054859.862399995,0,12500831.449600002,13,1,1,1
66,8,14,ok,28672,121922967.7568,7398752.2560000001,104722411.31519999,0,9801804.1855999995,2,1,1,7
66,8,15,ok,31360,125220762.03,7586611.1999999993,103427005.542,0,14207145.288000001,15,1,1,1
66,8,16,ok,25088,113954671.61600001,7398752.2559999991,98376914.329600006,0,8179005.0304000014,4,4,1,1
66,16,1,ok,802816,210747843.78880003,14797504.511999998,190710229.81120002,0,5240109.4656000007,1,1,1,1
66,16,2,ok,401408,210747843.78880003,14797504.511999998,190710229.81120002,0,5240109.4656000007,2,1,1,1
66,16,3,ok,275968,225464736.204,14826405.888,193551613.99919999,0,17086716.316800002,3,1,1,1
66,16,4,ok,200704,212111831.44960001,14797504.511999998,190969332.94080001,0,6344993.9968000008,2,2,1,1
66,16,5,ok,163072,227702119.78,14884208.639999999,194032088.81999999,0,18785822.32,5,1,1,1
66,16,6,ok,137984,227610215.47439998,14826405.888,194590050.76079997,0,18193758.825599998,3,2,1,1
66,16,7,ok,114688,234298021.88799998,14797504.512,207631100.72319996,0,11869416.652800001,1,1,1,7
66,16,8,ok,100352,214839806.7712,14797504.511999998,191487539.20000002,0,8554763.0592000019,2,4,1,1
66,16,9,ok,100352,229207464.39600003,14826405.887999998,197294342.19120002,0,17086716.316800002,9,1,1,1
66,16,10,ok,81536,229855963.49199998,14884208.639999999,195074574.06799999,0,19897180.784000002,5,2,1,1
66,16,11,ok,75264,231187079.41999999,14942011.391999997,195760139.70480001,0,20484928.323200002,11,1,1,1
66,16,12,ok,68992,231901174.01520002,14826405.888,196666924.28399998,0,20407843.843200002,3,4,1,1
66,16,13,ok,62720,235965343.32799995,15028715.519999998,197057113.2608,0,23879514.547200002,13,1,1,1
66,16,14,ok,57344,234298021.88799998,14797504.512,207631100.72319996,0,11869416.652800001,2,1,1,7
66,16,15,ok,62720,248245858.14000005,15173222.399999999,205791283.40400004,0,27281352.336000003,15,1,1,1
66,16,16,ok,50176,220295757.41440004,14797504.511999998,192523951.71840003,0,12974301.184000002,2,8,1,1
66,32,1,ok,1605632,420131699.91680002,29595009.023999996,381161356.49280006,0,9375334.4000000004,1,1,1,1
66,32,2,ok,802816,420131699.91680002,29595009.023999996,381161356.49280006,0,9375334.4000000004,2,1,1,1
66,32,3,ok,551936,435946166.2464,30519853.056000002,393582758.16960001,0,11843555.020800002,1,3,1,1
66,32,4,ok,401408,421495687.57760006,29595009.023999996,381420459.62240005,0,10480218.931200001,2,2,1,1
66,32,5,ok,326144,453250395.84799999,29768417.279999997,387021692.39199996,0,36460286.176000006,5,1,1,1
66,32,6,ok,275968,435946166.2464,30519853.056000002,393582758.16960001,0,11843555.020800002,2,3,1,1
66,32,7,ok,229376,459048130.15039992,29595009.024,413448479.53919995,0,16004641.587200003,1,1,1,7
66,32,8,ok,200704,424223662.89920002,29595009.023999996,381938665.88160002,0,12689987.993600002,2,4,1,1
66,32,9,ok,200704,456269449.52160013,29652811.775999997,393550247.62080014,0,33066390.1248,9,1,1,1
66,32,10,ok,163072,455404239.56,29768417.279999997,388064177.63999999,0,37571644.640000001,5,2,1,1
66,32,11,ok,150528,446858067.53279996,30519853.055999998,395655583.20639998,0,20682631.270400003,1,11,1,1
66,32,12,ok,137984,451649186.99519992,30519853.056000002,402306879.35999995,0,18822454.5792,4,3,1,1
66,32,13,ok,125440,469755931.83999997,30057431.039999995,393061620.05759996,0,46636880.742400005,13,1,1,1
66,32,14,ok,114688,459048130.15039992,29595009.024,413448479.53919995,0,16004641.587200003,2,1,1,7
66,32,15,ok,122304,475518922.7182501,30698680.319999997,405032585.30325007,0,39787657.095000006,5,3,1,1
66,32,16,ok,100352,429679613.5424,29595009.023999996,382975078.40000004,0,17109526.118400004,2,8,1,1
66,64,1,ok,3211264,838899412.17280006,59190018.047999993,762063609.85600007,0,17645784.268800002,1,1,1,1
66,64,2,ok,1605632,838899412.17280006,59190018.047999993,762063609.85600007,0,17645784.268800002,2,1,1,1
66,64,3,ok,1103872,867800369.51040006,61039706.112000003,786388206.95040011,0,20372456.447999999,1,3,1,1
66,64,4,ok,802816,840263399.83360004,59190018.047999993,762322712.98560011,0,18750668.800000001,2,2,1,1
66,64,5,ok,652288,857441853.82400012,60114862.079999998,775003217.79200006,0,22323773.952,1,5,1,1
66,64,6,ok,551936,867800369.51040006,61039706.112000003,786388206.95040011,0,20372456.447999999,2,3,1,1
66,64,7,ok,458752,908548346.67519999,59190018.048,825083237.17119992,0,24275091.456000004,1,1,1,7
66,64,8,ok,401408,842991375.15520012,59190018.047999993,762840919.24480009,0,20960437.862400003,2,4,1,1
66,64,9,ok,401408,910393419.77279997,59305623.551999994,786062058.48000002,0,65025737.740800008,9,1,1,1
66,64,10,ok,326144,857441853.82400012,60114862.079999998,775003217.79200006,0,22323773.952,2,5,1,1
66,64,11,ok,301056,878712270.79680002,61039706.111999996,788461031.9871999,0,29211532.697600003,1,11,1,1
66,64,12,ok,275968,871892332.4928,61039706.112000003,787165516.33920002,0,23687110.041600004,2,6,1,1
66,64,13,ok,250880,868353755.11039996,60114862.079999991,777076042.82880008,0,31162850.201600008,1,13,1,1
66,64,14,ok,229376,908548346.67519999,59190018.048,825083237.17119992,0,24275091.456000004,2,1,1,7
66,64,15,ok,244608,894477574.28474998,60232273.919999994,805031614.91174996,0,29213685.453000002,3,5,1,1
66,64,16,ok,200704,848447325.79840004,59190018.047999993,763877331.76320004,0,25379975.987200003,2,8,1,1
67,1,1,ok,112896,30176001.100799996,2080899.0719999999,25403530.726399995,0,2691571.3023999999,1,1,1,1
67,1,2,ok,56448,30176001.100799996,2080899.0719999999,25403530.726399995,0,2691571.3023999999,2,1,1,1
67,1,3,ok,42336,30925038.070350006,2084963.3279999997,26143556.252550006,0,2696518.4898000001,3,1,1,1
67,1,4,ok,28224,30294963.3792,2080899.0719999999,25469622.553599998,0,2744441.7535999999,4,1,1,1
67,1,5,ok,28224,31959275.030249998,2093091.8399999999,27054029.423250001,0,2812153.767,5,1,1,1
67,1,6,ok,21168,31066864.370999999,2097156.0959999999,26258348.223000001,0,2711360.0520000001,6,1,1,1
67,1,7,ok,21168,32273538.681299999,2105284.6079999995,27420564.420899998,0,2747689.6524000005,7,1,1,1
67,1,8,ok,14112,30294963.3792,2080899.0719999999,25469622.553599998,0,2744441.7535999999,8,1,1,1
67,1,9,ok,14112,31103481.487949997,2084963.3279999997,26242693.993349995,0,2775824.1666000001,9,1,1,1
67,1,10,ok,14112,32195652.197999999,2113413.1199999996,27245349.374000002,0,2836889.7040000004,10,1,1,1
67,1,11,ok,12096,34869220.047750004,2101220.352,29130236.02115,0,3637763.6746000005,11,1,1,1
67,1,12,ok,12096,35470909.682999998,2097156.0959999999,29642749.118999999,0,3731004.4680000003,12,1,1,1
67,1,13,ok,10080,35199761.765999995,2113413.1200000001,29237367.447599996,0,3848981.1984000001,13,1,1,1
67,1,14,ok,10080,35660226.220500007,2105284.6079999995,29617666.8081,0,3937274.8044000003,14,1,1,1
67,1,15,ok,10080,36602235.573749997,2133734.3999999999,30398408.076749999,0,4070093.0969999996,15,1,1,1
67,1,16,ok,7056,30770812.492800001,2080899.0719999999,25733989.862399999,0,2955923.5584,16,1,1,1
67,2,1,ok,225792,57283029.964799993,4161798.1439999999,50224079.411199994,0,2897152.4095999999,1,1,1,1
67,2,2,ok,112896,57283029.964799993,4161798.1439999999,50224079.411199994,0,2897152.4095999999,2,1,1,1
67,2,3,ok,84672,58775109.817500003,4169926.6559999995,51702991.826700002,0,2902191.3348000003,3,1,1,1
67,2,4,ok,56448,57520954.521599993,4161798.1439999999,50356263.065599993,0,3002893.3119999999,4,1,1,1
67,2,5,ok,52416,64889451.820500001,4186183.6799999997,55653522.142499998,0,5049745.9980000006,5,1,1,1
67,2,6,ok,42336,59040780.159599997,4194312.1919999998,51929159.857199997,0,2917308.1104000001,6,1,1,1
67,2,7,ok,42336,61442140.6074,4210569.2159999991,54251314.979399994,0,2980256.412,7,1,1,1
67,2,8,ok,28224,57520954.521599993,4161798.1439999999,50356263.065599993,0,3002893.3119999999,8,1,1,1
67,2,9,ok,28224,59131996.652699992,4169926.6559999995,51901267.308299989,0,3060802.6883999999,9,1,1,1
67,2,10,ok,28224,61274379.467999995,4226826.2399999993,53898607.611999996,0,3148945.6160000004,10,1,1,1
67,2,11,ok,24192,64873471.749899991,4202440.7039999999,55905771.139899984,0,4765259.9060000004,11,1,1,1
67,2,12,ok,21168,62133728.741999999,4194312.1919999998,52516696.446000002,0,5422720.1040000003,6,2,1,1
67,2,13,ok,20160,65506325.196000002,4226826.2400000002,56106370.351199992,0,5173128.6047999999,13,1,1,1
67,2,14,ok,16128,82899794.073599994,4161798.1439999994,60924902.348799996,0,17813093.580800001,2,1,1,7
67,2,15,ok,20160,68264222.827500001,4267468.7999999998,58405678.873499997,0,5591075.1540000001,15,1,1,1
67,2,16,ok,14112,58472652.748799995,4161798.1439999999,50884997.683199994,0,3425856.9216,16,1,1,1
67,4,1,ok,451584,111497087.69279999,8323596.2879999997,99865176.780799985,0,3308314.6240000003,1,1,1,1
67,4,2,ok,225792,111497087.69279999,8323596.2879999997,99865176.780799985,0,3308314.6240000003,2,1,1,1
67,4,3,ok,155232,116025666.9822,8339853.311999999,102468940.4022,0,5216873.2680000002,3,1,1,1
67,4,4,ok,112896,111972936.8064,8323596.2879999997,100129544.0896,0,3519796.4288000003,4,1,1,1
67,4,5,ok,91728,116162643.80099998,8372367.3599999994,102457217.469,0,5333058.9720000001,5,1,1,1
67,4,6,ok,77616,116549273.13840002,8388624.3839999996,102928108.28400001,0,5232540.4704,6,1,1,1
67,4,7,ok,70560,118857014.24519999,8421138.4319999982,104769926.93159999,0,5665948.8816,7,1,1,1
67,4,8,ok,56448,111972936.8064,8323596.2879999997,100129544.0896,0,3519796.4288000003,8,1,1,1
67,4,9,ok,56448,115189026.9822,8339853.311999999,103218413.93819998,0,3630759.7320000003,9,1,1,1
67,4,10,ok,49392,119483658.64799999,8453652.4799999986,105142130.68000001,0,5887875.4879999999,10,1,1,1
67,4,11,ok,42336,116446234.8918,8404881.4079999998,103015072.4174,0,5026281.0664000008,11,1,1,1
67,4,12,ok,42336,118081560.31919999,8388624.3839999996,103858319.71439999,0,5834616.2208000002,6,2,1,1
67,4,13,ok,35280,117174107.544,8453652.4800000004,103255543.1856,0,5464911.8784000007,13,1,1,1
67,4,14,ok,35280,118857014.24519999,8421138.4319999982,104769926.93159999,0,5665948.8816,14,1,1,1
67,4,15,ok,35280,122110739.41500001,8534937.5999999996,107661814.323,0,5913987.4920000006,15,1,1,1
67,4,16,ok,28224,113876333.26079999,8323596.2879999997,101187013.32479998,0,4365723.648,16,1,1,1
67,8,1,ok,903168,219925203.14879999,16647192.575999999,199147371.51999998,0,4130639.0528000002,1,1,1,1
67,8,2,ok,451584,219925203.14879999,16647192.575999999,199147371.51999998,0,4130639.0528000002,2,1,1,1
67,8,3,ok,310464,227224005.60600001,16679706.623999998,202601398.09079999,0,7942900.8912000004,3,1,1,1
67,8,4,ok,225792,220876901.37599999,16647192.575999999,199676106.13759997,0,4553602.6624000007,4,1,1,1
67,8,5,ok,183456,227479139.25,16744734.719999999,202568843.13,0,8165561.4000000013,5,1,1,1
67,8,6,ok,155232,228242987.92799997,16777248.767999999,203506070.2128,0,7959668.9472000003,6,1,1,1
67,8,7,ok,141120,232839650.14799997,16842276.863999996,207180598.41359997,0,8816774.8704000004,7,1,1,1
67,8,8,ok,112896,220876901.37599999,16647192.575999999,199676106.13759997,0,4553602.6624000007,8,1,1,1
67,8,9,ok,112896,227303087.64119998,16679706.623999998,205852707.19799995,0,4770673.8192000007,9,1,1,1
67,8,10,ok,91728,232325287.60199997,16744734.719999999,204914434.93799999,0,10666117.944,5,2,1,1
67,8,11,ok,84672,228027501.43799999,16809762.816,203675443.93239999,0,7542294.6896000011,11,1,1,1
67,8,12,ok,77616,233098546.27680004,16777248.767999999,205856216.56800002,0,10465080.9408,6,2,1,1
67,8,13,ok,70560,229455016.75200003,16907304.960000001,204142721.82720003,0,8404989.9648000002,13,1,1,1
67,8,14,ok,70560,232839650.14799997,16842276.863999996,207180598.41359997,0,8816774.8704000004,14,1,1,1
67,8,15,ok,70560,239281230.50999999,17069875.199999999,212932491.366,0,9278863.9440000001,15,1,1,1
67,8,16,ok,56448,223945873.6128,16647192.575999999,200259088.17919999,0,7039592.8576000007,8,2,1,1
67,16,1,ok,1806336,436781434.06079996,33294385.151999999,397711760.99839997,0,5775287.9104000004,1,1,1,1
67,16,2,ok,903168,436781434.06079996,33294385.151999999,397711760.99839997,0,5775287.9104000004,2,1,1,1
67,16,3,ok,620928,449620682.85360014,33359413.247999996,402866313.46800005,0,13394956.137600001,3,1,1,1
67,16,4,ok,451584,438684830.51519996,33294385.151999999,398769230.23359996,0,6621215.1296000006,4,1,1,1
67,16,5,ok,366912,450112130.14800006,33489469.439999998,402792094.45200002,0,13830566.256000001,5,1,1,1
67,16,6,ok,310464,451630417.50719994,33554497.535999998,404661994.0704,0,13413925.900800001,6,1,1,1
67,16,7,ok,282240,460804921.95359993,33684553.727999993,412001941.37759995,0,15118426.847999999,7,1,1,1
67,16,8,ok,225792,438684830.51519996,33294385.151999999,398769230.23359996,0,6621215.1296000006,8,1,1,1
67,16,9,ok,225792,451531208.95919991,33359413.247999996,411121293.71759993,0,7050501.9936000016,9,1,1,1
67,16,10,ok,183456,454958278.5,33489469.439999998,405137686.25999999,0,16331122.800000003,5,2,1,1
67,16,11,ok,169344,451190034.53039998,33619525.631999999,404996186.96239996,0,12574321.936000003,11,1,1,1
67,16,12,ok,155232,456485975.85599995,33554497.535999998,407012140.42559999,0,15919337.894400001,6,2,1,1
67,16,13,ok,141120,454016835.16800004,33814609.920000002,405917079.11040002,0,14285146.137600001,13,1,1,1
67,16,14,ok,141120,460804921.95359993,33684553.727999993,412001941.37759995,0,15118426.847999999,14,1,1,1
67,16,15,ok,141120,473622212.69999999,34139750.399999999,423473845.45200002,0,16008616.848000001,15,1,1,1
67,16,16,ok,112896,441753802.75199997,33294385.151999999,399352212.27519995,0,9107205.3248000015,8,2,1,1
67,32,1,ok,3612672,870493895.88479984,66588770.303999998,794840539.95519984,0,9064585.6256000008,1,1,1,1
67,32,2,ok,1806336,870493895.88479984,66588770.303999998,794840539.95519984,0,9064585.6256000008,2,1,1,1
67,32,3,ok,1241856,894414037.34879994,66718826.495999992,803396144.22239995,0,24299066.630400002,3,1,1,1
67,32,4,ok,903168,873562868.12159991,66588770.303999998,795423521.99679995,0,11550575.820800001,2,2,1,1
67,32,5,ok,733824,895378111.94400001,66978938.879999995,803238597.09599996,0,25160575.968000002,5,1,1,1
67,32,6,ok,620928,898405276.66559994,67108995.071999997,806973841.78559995,0,24322439.808000002,6,1,1,1
67,32,7,ok,564480,916735465.56479979,67369107.455999985,821644627.30559981,0,27721730.803200003,7,1,1,1
67,32,8,ok,451584,874300688.79359996,66588770.303999998,796955478.42559993,0,10756440.064000001,8,1,1,1
67,32,9,ok,451584,899987451.59519994,66718826.495999992,821658466.75679982,0,11610158.342400003,9,1,1,1
67,32,10,ok,366912,900224260.29600012,66978938.879999995,805584188.90400004,0,27661132.512000002,5,2,1,1
67,32,11,ok,338688,897515100.71519995,67239051.263999999,807637673.0223999,0,22638376.428800002,11,1,1,1
67,32,12,ok,310464,903260835.01439989,67108995.071999997,809323988.1408,0,26827851.801600002,6,2,1,1
67,32,13,ok,282240,903140472,67629219.840000004,809465793.67680013,0,26045458.483200002,13,1,1,1
67,32,14,ok,282240,916735465.56479979,67369107.455999985,821644627.30559981,0,27721730.803200003,14,1,1,1
67,32,15,ok,275184,937246613.72624993,69072030.719999999,837304768.34325004,0,30869814.662999999,5,3,1,1
67,32,16,ok,225792,877369661.03039992,66588770.303999998,797538460.46719992,0,13242430.259200001,8,2,1,1
67,64,1,ok,7225344,1737918819.5327997,133177540.608,1589098097.8687997,0,15643181.056,1,1,1,1
67,64,2,ok,3612672,1737918819.5327997,133177540.608,1589098097.8687997,0,15643181.056,2,1,1,1
67,64,3,ok,2483712,1784000746.3392,133437652.99199998,1604455805.7312,0,46107287.616000004,3,1,1,1
67,64,4,ok,1806336,1740987791.7695997,133177540.608,1589681079.9103997,0,18129171.251200002,2,2,1,1
67,64,5,ok,1467648,1777301737.3440001,135258439.67999998,1616250574.72,0,25792722.943999998,1,5,1,1
67,64,6,ok,1241856,1788828074.6975999,133437652.99199998,1606792288.4447999,0,48598133.260800004,3,2,1,1
67,64,7,ok,1032192,1986826434.9695997,133177540.60799998,1823089772.1343999,0,30559122.227200001,1,1,1,7
67,64,8,ok,903168,1745532405.3504,133177540.608,1593327974.8095999,0,19026889.932800002,8,1,1,1
67,64,9,ok,903168,1796899936.8671999,133437652.99199998,1642732812.8351996,0,20729471.039999999,9,1,1,1
67,64,10,ok,733824,1777301737.3440001,135258439.67999998,1616250574.72,0,25792722.943999998,2,5,1,1
67,64,11,ok,677376,1790165233.0848,134478102.528,1612920645.1423998,0,42766485.414400004,11,1,1,1
67,64,12,ok,620928,1796810553.3311999,134217990.14399999,1613947683.5711999,0,48644879.616000004,6,2,1,1
67,64,13,ok,564480,1801387745.6640003,135258439.68000001,1616563222.8096001,0,49566083.174400009,13,1,1,1
67,64,14,ok,516096,1986826434.9695997,133177540.60799998,1823089772.1343999,0,30559122.227200001,2,1,1,7
67,64,15,ok,550368,1825629495.1807501,135522616.31999999,1664283915.71175,0,25822963.149,3,5,1,1
67,64,16,ok,451584,1748601377.5871999,133177540.608,1593910956.8511999,0,21512880.128000002,8,2,1,1
68,1,1,ok,50176,13572919.705600001,924844.03199999989,11302441.676800001,0,1345633.9968000001,1,1,1,1
68,1,2,ok,25088,13572919.705600001,924844.03199999989,11302441.676800001,0,1345633.9968000001,2,1,1,1
68,1,3,ok,17248,13715725.327949999,925295.61599999992,11417729.257349998,0,1372700.4545999998,3,1,1,1
68,1,4,ok,12544,13691881.984000001,924844.03199999989,11368533.504000001,0,1398504.4480000001,4,1,1,1
68,1,5,ok,10192,13801051.833500003,925747.19999999984,11449102.495500002,0,1426202.1380000003,5,1,1,1
68,1,6,ok,8624,13910221.682999998,926650.36800000002,11529671.487,0,1453899.828,6,1,1,1
68,1,7,ok,7840,14120298.851049999,926198.78399999999,11714396.245649999,0,1479703.8214000002,7,1,1,1
68,1,8,ok,6272,13929806.540800001,924844.03199999989,11500717.158400001,0,1504245.3504000001,8,1,1,1
68,1,9,ok,6272,14322585.612600001,926650.3679999999,11862729.739800001,0,1533205.5048000002,9,1,1,1
68,1,10,ok,5488,14293391.289500002,925747.19999999984,11809265.823500004,0,1558378.2660000003,10,1,1,1
68,1,11,ok,4704,14234382.274750004,928908.28799999994,11716241.869750002,0,1589232.1170000001,11,1,1,1
68,1,12,ok,4704,14501029.030199999,926650.36800000002,11961867.480599999,0,1612511.1816000002,12,1,1,1
68,1,13,ok,3920,14298304.863700002,927553.53599999996,11730542.4561,0,1640208.8716000002,13,1,1,1
68,1,14,ok,3920,14574123.679500001,929359.87199999997,11975594.781500001,0,1669169.0260000001,14,1,1,1
68,1,15,ok,3920,14812485.641249999,928005.11999999988,12190769.966250001,0,1693710.5550000002,15,1,1,1
68,1,16,ok,3136,14405655.6544,924844.03199999989,11765084.4672,0,1715727.1552000002,16,1,1,1
68,2,1,ok,100352,25781851.750399999,1849688.0639999998,22345780.223999999,0,1586383.4624000001,1,1,1,1
68,2,2,ok,50176,25781851.750399999,1849688.0639999998,22345780.223999999,0,1586383.4624000001,2,1,1,1
68,2,3,ok,34496,26066796.985499997,1850591.2319999998,22576228.869899996,0,1639976.8836000001,3,1,1,1
68,2,4,ok,25088,26019776.3072,1849688.0639999998,22477963.878400002,0,1692124.3648000001,4,1,1,1
68,2,5,ok,20384,26236783.987000007,1851494.3999999997,22638848.831000008,0,1746440.7560000001,5,1,1,1
68,2,6,ok,17248,26453791.6668,1853300.736,22799733.783599999,0,1800757.1472,6,1,1,1
68,2,7,ok,15680,26874612.012499996,1852397.568,23169309.816099998,0,1852904.6284000003,7,1,1,1
68,2,8,ok,12544,26495625.4208,1849688.0639999998,22742331.187200002,0,1903606.1696000001,8,1,1,1
68,2,9,ok,12544,27278519.526000001,1853300.7359999998,23465850.2892,0,1959368.5008,9,1,1,1
68,2,10,ok,10192,27602103.667000007,1851494.3999999997,22898204.991000004,0,2852404.2760000005,5,2,1,1
68,2,11,ok,9408,27098782.802300002,1857816.5759999999,23172241.973099999,0,2068724.2532000002,11,1,1,1
68,2,12,ok,8624,27820443.365999997,1853300.736,23059342.973999999,0,2907799.656,6,2,1,1
68,2,13,ok,7840,27228626.009,1855107.0719999999,23201222.691399999,0,2172296.2456,13,1,1,1
68,2,14,ok,7840,27777599.602200001,1858719.7439999999,23690821.281400003,0,2228058.5767999999,14,1,1,1
68,2,15,ok,7840,28256321.554499995,1856010.2399999998,24121551.196499996,0,2278760.1180000002,15,1,1,1
68,2,16,ok,6272,27447323.647999998,1849688.0639999998,23271065.8048,0,2326569.7792000002,16,1,1,1
68,4,1,ok,200704,50199715.840000004,3699376.1279999996,44432457.318400003,0,2067882.3936000001,1,1,1,1
68,4,2,ok,100352,50199715.840000004,3699376.1279999996,44432457.318400003,0,2067882.3936000001,2,1,1,1
68,4,3,ok,67424,51848016.396599993,3701182.4639999997,45337858.776600003,0,2808975.156,3,1,1,1
68,4,4,ok,50176,50675564.953599997,3699376.1279999996,44696824.6272,0,2279364.1984000001,4,1,1,1
68,4,5,ok,40768,51108248.294000015,3702988.7999999993,45018341.502000012,0,2386917.9920000001,5,1,1,1
68,4,6,ok,33712,52323733.1448,3706601.4720000001,45488214.472800002,0,3128917.2000000002,6,1,1,1
68,4,7,ok,29008,52620508.095399998,3704795.1359999999,45576220.400199994,0,3339492.5592,7,1,1,1
68,4,8,ok,25088,51611470.643200003,3699376.1279999996,45209766.707200006,0,2702327.8080000002,8,1,1,1
68,4,9,ok,22736,52024332.952799998,3706601.4719999996,45506036.987999998,0,2811694.4928000001,9,1,1,1
68,4,10,ok,20384,52084562.150000006,3702988.7999999993,45465950.846000008,0,2915622.5040000002,10,1,1,1
68,4,11,ok,18816,52517794.007800005,3715633.1519999998,45774452.330200002,0,3027708.5256000003,11,1,1,1
68,4,12,ok,17248,52557653.656800002,3706601.4720000001,45722134.984800003,0,3128917.2000000002,12,1,1,1
68,4,13,ok,15680,52580064.331600003,3710214.1439999999,45633379.193999998,0,3236470.9936000006,13,1,1,1
68,4,14,ok,14896,53031913.39320001,3717439.4879999999,45968636.22680001,0,3345837.6784000001,14,1,1,1
68,4,15,ok,14112,53267290.916999996,3712020.4799999995,46106411.192999989,0,3448859.2440000004,15,1,1,1
68,4,16,ok,12544,52721765.1712,3699376.1279999996,45474134.016000003,0,3548255.0272000004,16,1,1,1
68,8,1,ok,401408,99035444.019199997,7398752.2559999991,88605811.507200003,0,3030880.2560000001,1,1,1,1
68,8,2,ok,200704,99035444.019199997,7398752.2559999991,88605811.507200003,0,3030880.2560000001,2,1,1,1
68,8,3,ok,134848,101553690.18840002,7402364.9279999994,89638798.974000007,0,4512526.2864000006,3,1,1,1
68,8,4,ok,100352,99987142.246399999,7398752.2559999991,89134546.124799997,0,3453843.8656000001,4,1,1,1
68,8,5,ok,81536,100851176.90800002,7405977.5999999987,89777326.844000012,0,3667872.4640000002,5,1,1,1
68,8,6,ok,67424,102501987.01920001,7413202.9440000001,89937992.184,0,5150791.8912000004,6,1,1,1
68,8,7,ok,58016,103096582.47559999,7409590.2719999999,90114510.099599987,0,5572482.1040000003,7,1,1,1
68,8,8,ok,50176,101081644.2368,7398752.2559999991,89383120.895999998,0,4299771.0848000003,8,1,1,1
68,8,9,ok,45472,101903186.63519999,7413202.9439999992,89973637.214399993,0,4516346.4768000003,9,1,1,1
68,8,10,ok,40768,102025736.14000002,7405977.5999999987,89894477.052000016,0,4725281.4879999999,10,1,1,1
68,8,11,ok,37632,102884880.96920002,7431266.3039999995,90507937.594799995,0,4945677.0704000005,11,1,1,1
68,8,12,ok,33712,104647466.2896,7413202.9440000001,90976428.945600003,0,6257834.4000000004,6,2,1,1
68,8,13,ok,31360,103012558.28240001,7420428.2879999997,90227309.504800007,0,5364820.4896000009,13,1,1,1
68,8,14,ok,29008,105241016.1908,7409590.2719999999,91152440.800399989,0,6678985.1184,7,2,1,1
68,8,15,ok,28224,104385965.898,7424040.959999999,91172867.441999987,0,5789057.4960000003,15,1,1,1
68,8,16,ok,25088,103222941.28640001,7398752.2559999991,90419533.414400011,0,5404655.6160000004,8,2,1,1
68,16,1,ok,802816,196706900.37760001,14797504.511999998,176952519.88480002,0,4956875.980800001,1,1,1,1
68,16,2,ok,401408,196706900.37760001,14797504.511999998,176952519.88480002,0,4956875.980800001,2,1,1,1
68,16,3,ok,269696,200965037.77200001,14804729.855999999,178240679.36879998,0,7919628.5472000008,3,1,1,1
68,16,4,ok,200704,198070888.03839999,14797504.511999998,177211623.01440001,0,6061760.5120000001,2,2,1,1
68,16,5,ok,163072,200337034.13600001,14811955.199999997,179295297.52800003,0,6229781.4079999998,5,1,1,1
68,16,6,ok,134848,202858494.76800001,14826405.888,178837547.60640001,0,9194541.2736000009,6,1,1,1
68,16,7,ok,116032,204048731.236,14819180.544,179191089.49839997,0,10038461.193600001,7,1,1,1
68,16,8,ok,100352,199974284.4928,14797504.511999998,178269092.24959999,0,6907687.7312000003,4,2,1,1
68,16,9,ok,90944,201660894,14826405.887999998,178908837.6672,0,7925650.4448000016,9,1,1,1
68,16,10,ok,81536,201702353.81600004,14811955.199999997,179554653.68800002,0,7335744.9280000003,5,2,1,1
68,16,11,ok,75264,203619054.89200002,14862532.607999999,179974908.12400001,0,8781614.1600000001,11,1,1,1
68,16,12,ok,67424,205003974.03840002,14826405.888,179875984.368,0,10301583.782400001,6,2,1,1
68,16,13,ok,62720,203877546.18399999,14840856.575999999,179415170.12639999,0,9621519.4816000015,13,1,1,1
68,16,14,ok,58016,206193164.95119998,14819180.544,180229020.19919997,0,11144964.208000001,7,2,1,1
68,16,15,ok,56448,206623315.85999995,14848081.919999998,181305779.93999997,0,10469454.000000002,15,1,1,1
68,16,16,ok,50176,202163288.4736,14797504.511999998,178766241.792,0,8599542.1696000006,8,2,1,1
68,32,1,ok,1605632,392049813.09440005,29595009.023999996,353645936.64000005,0,8808867.4304000009,1,1,1,1
68,32,2,ok,802816,392049813.09440005,29595009.023999996,353645936.64000005,0,8808867.4304000009,2,1,1,1
68,32,3,ok,539392,399787732.93920004,29609459.711999997,355444440.1584,0,14733833.0688,3,1,1,1
68,32,4,ok,401408,393413800.75520003,29595009.023999996,353905039.76960003,0,9913751.9616000019,2,2,1,1
68,32,5,ok,326144,399308748.59200007,29623910.399999995,358331238.89600009,0,11353599.296,5,1,1,1
68,32,6,ok,269696,401930075.54400003,29609459.711999997,356481358.73759997,0,15839257.094400002,3,2,1,1
68,32,7,ok,232064,405953028.75680006,29638361.088,357344248.296,0,18970419.372800004,7,1,1,1
68,32,8,ok,200704,396141776.07679999,29595009.023999996,354423246.02880001,0,12123521.024,2,4,1,1
68,32,9,ok,181888,401176308.72959995,29652811.775999997,356779238.57279998,0,14744258.380799999,9,1,1,1
68,32,10,ok,163072,400674068.27200001,29623910.399999995,358590595.05600005,0,12459562.816,5,2,1,1
68,32,11,ok,150528,405087402.73760003,29725065.215999998,358908849.18239999,0,16453488.339200001,11,1,1,1
68,32,12,ok,134848,405716989.53600001,29652811.776000001,357675095.21280003,0,18389082.547200002,6,2,1,1
68,32,13,ok,125440,405607521.98720002,29681713.151999999,357790891.3696,0,18134917.465600003,13,1,1,1
68,32,14,ok,116032,408097462.472,29638361.088,358382178.99679995,0,20076922.387200002,7,2,1,1
68,32,15,ok,112896,411098015.78399998,29696163.839999996,361571604.93599993,0,19830247.008000001,15,1,1,1
68,32,16,ok,100352,399948568.98559999,29595009.023999996,356538184.49919999,0,13815375.462400001,4,4,1,1
68,64,1,ok,3211264,782735638.528,59190018.047999993,707032770.15040004,0,16512850.329600003,1,1,1,1
68,64,2,ok,1605632,782735638.528,59190018.047999993,707032770.15040004,0,16512850.329600003,2,1,1,1
68,64,3,ok,1078784,797433123.27359998,59218919.423999995,709851961.73759997,0,28362242.112,3,1,1,1
68,64,4,ok,802816,784099626.1888001,59190018.047999993,707291873.28000009,0,17617734.860800002,2,2,1,1
68,64,5,ok,652288,797252177.50400019,59247820.79999999,716403121.63200021,0,21601235.071999997,5,1,1,1
68,64,6,ok,539392,799575465.87840009,59218919.423999995,710888880.3168,0,29467666.137600001,3,2,1,1
68,64,7,ok,464128,809761623.79839993,59276722.175999999,713650565.89119995,0,36834335.731200002,7,1,1,1
68,64,8,ok,401408,786827601.51040006,59190018.047999993,707810079.53920007,0,19827503.923200004,2,4,1,1
68,64,9,ok,363776,800207138.1888001,59305623.551999994,712520040.38400006,0,28381474.252800003,9,1,1,1
68,64,10,ok,326144,798617497.18400013,59247820.79999999,716662477.79200017,0,22707198.592,5,2,1,1
68,64,11,ok,301056,808024098.42880011,59450130.431999996,716776731.29919994,0,31797236.6976,11,1,1,1
68,64,12,ok,269696,803860151.08800006,59218919.423999995,712962717.47519994,0,31678514.188800003,3,4,1,1
68,64,13,ok,250880,809067473.59360003,59363426.303999998,714542333.85599995,0,35161713.433600008,13,1,1,1
68,64,14,ok,232064,811906057.51360011,59276722.175999999,714688496.59200001,0,37940838.745600007,7,2,1,1
68,64,15,ok,224224,809642926.09275007,60144215.039999992,726598623.0397501,0,22900088.013,3,5,1,1
68,64,16,ok,200704,792283552.15359998,59190018.047999993,708846492.05760002,0,24247042.048,2,8,1,1
69,1,1,ok,3136,17521.459200000001,17521.459200000001,0,0,0,1,1,1,1
69,1,2,ok,1568,17521.459200000001,17521.459200000001,0,0,0,2,1,1,1
69,1,3,ok,1046,17530.014600000002,17530.014600000002,0,0,0,3,1,1,1
69,1,4,ok,784,17521.459200000001,17521.459200000001,0,0,0,4,1,1,1
69,1,5,ok,628,17538.57,17538.57,0,0,0,5,1,1,1
69,1,6,ok,524,17555.680800000002,17555.680800000002,0,0,0,6,1,1,1
69,1,7,ok,448,17521.459199999998,17521.459199999998,0,0,0,1,1,1,7
69,1,8,ok,392,17521.459200000001,17521.459200000001,0,0,0,8,1,1,1
69,1,9,ok,350,17555.680800000002,17555.680800000002,0,0,0,9,1,1,1
69,1,10,ok,314,17538.57,17538.57,0,0,0,10,1,1,1
69,1,11,ok,287,17598.4578,17598.4578,0,0,0,11,1,1,1
69,1,12,ok,262,17555.680800000002,17555.680800000002,0,0,0,12,1,1,1
69,1,13,ok,242,17572.7916,17572.7916,0,0,0,13,1,1,1
69,1,14,ok,224,17521.459199999998,17521.459199999998,0,0,0,2,1,1,7
69,1,15,ok,210,17581.346999999998,17581.346999999998,0,0,0,15,1,1,1
69,1,16,ok,196,17521.459200000001,17521.459200000001,0,0,0,16,1,1,1
69,2,1,ok,6272,35042.918400000002,35042.918400000002,0,0,0,1,1,1,1
69,2,2,ok,3136,35042.918400000002,35042.918400000002,0,0,0,1,2,1,1
69,2,3,ok,2092,35060.029200000004,35060.029200000004,0,0,0,3,1,1,1
69,2,4,ok,1568,35042.918400000002,35042.918400000002,0,0,0,2,2,1,1
69,2,5,ok,1256,35077.139999999999,35077.139999999999,0,0,0,5,1,1,1
69,2,6,ok,1046,35060.029200000004,35060.029200000004,0,0,0,3,2,1,1
69,2,7,ok,896,35042.918399999995,35042.918399999995,0,0,0,1,1,1,7
69,2,8,ok,784,35042.918400000002,35042.918400000002,0,0,0,4,2,1,1
69,2,9,ok,699,35111.361600000004,35111.361600000004,0,0,0,9,1,1,1
69,2,10,ok,628,35077.139999999999,35077.139999999999,0,0,0,5,2,1,1
69,2,11,ok,573,35196.9156,35196.9156,0,0,0,11,1,1,1
69,2,12,ok,524,35111.361600000004,35111.361600000004,0,0,0,6,2,1,1
69,2,13,ok,484,35145.583200000001,35145.583200000001,0,0,0,13,1,1,1
69,2,14,ok,448,35042.918399999995,35042.918399999995,0,0,0,1,2,1,7
69,2,15,ok,420,35162.693999999996,35162.693999999996,0,0,0,15,1,1,1
69,2,16,ok,392,35042.918400000002,35042.918400000002,0,0,0,8,2,1,1
69,4,1,ok,12544,70085.836800000005,70085.836800000005,0,0,0,1,1,1,1
69,4,2,ok,6272,70085.836800000005,70085.836800000005,0,0,0,1,2,1,1
69,4,3,ok,4184,70120.058400000009,70120.058400000009,0,0,0,3,1,1,1
69,4,4,ok,3136,70085.836800000005,70085.836800000005,0,0,0,2,2,1,1
69,4,5,ok,2512,70154.279999999999,70154.279999999999,0,0,0,5,1,1,1
69,4,6,ok,2092,70120.058400000009,70120.058400000009,0,0,0,3,2,1,1
69,4,7,ok,1792,70085.83679999999,70085.83679999999,0,0,0,1,1,1,7
69,4,8,ok,1568,70085.836800000005,70085.836800000005,0,0,0,2,4,1,1
69,4,9,ok,1397,70222.723200000008,70222.723200000008,0,0,0,9,1,1,1
69,4,10,ok,1256,70154.279999999999,70154.279999999999,0,0,0,5,2,1,1
69,4,11,ok,1146,70393.831200000001,70393.831200000001,0,0,0,11,1,1,1
69,4,12,ok,1046,70120.058400000009,70120.058400000009,0,0,0,3,4,1,1
69,4,13,ok,968,70291.166400000002,70291.166400000002,0,0,0,13,1,1,1
69,4,14,ok,896,70085.83679999999,70085.83679999999,0,0,0,1,2,1,7
69,4,15,ok,840,70325.387999999992,70325.387999999992,0,0,0,15,1,1,1
69,4,16,ok,784,70085.836800000005,70085.836800000005,0,0,0,4,4,1,1
69,8,1,ok,25088,140171.67360000001,140171.67360000001,0,0,0,1,1,1,1
69,8,2,ok,12544,140171.67360000001,140171.67360000001,0,0,0,1,2,1,1
69,8,3,ok,8367,140240.11680000002,140240.11680000002,0,0,0,3,1,1,1
69,8,4,ok,6272,140171.67360000001,140171.67360000001,0,0,0,2,2,1,1
69,8,5,ok,5023,140308.56,140308.56,0,0,0,5,1,1,1
69,8,6,ok,4184,140240.11680000002,140240.11680000002,0,0,0,3,2,1,1
69,8,7,ok,3584,140171.67359999998,140171.67359999998,0,0,0,1,1,1,7
69,8,8,ok,3136,140171.67360000001,140171.67360000001,0,0,0,2,4,1,1
69,8,9,ok,2793,140445.44640000002,140445.44640000002,0,0,0,9,1,1,1
69,8,10,ok,2512,140308.56,140308.56,0,0,0,5,2,1,1
69,8,11,ok,2291,140787.6624,140787.6624,0,0,0,11,1,1,1
69,8,12,ok,2092,140240.11680000002,140240.11680000002,0,0,0,3,4,1,1
69,8,13,ok,1936,140582.3328,140582.3328,0,0,0,13,1,1,1
69,8,14,ok,1792,140171.67359999998,140171.67359999998,0,0,0,1,2,1,7
69,8,15,ok,1679,140650.77599999998,140650.77599999998,0,0,0,15,1,1,1
69,8,16,ok,1568,140171.67360000001,140171.67360000001,0,0,0,4,4,1,1
69,16,1,ok,50176,280343.34720000002,280343.34720000002,0,0,0,1,1,1,1
69,16,2,ok,25088,280343.34720000002,280343.34720000002,0,0,0,1,2,1,1
69,16,3,ok,16734,280480.23360000004,280480.23360000004,0,0,0,3,1,1,1
69,16,4,ok,12544,280343.34720000002,280343.34720000002,0,0,0,2,2,1,1
69,16,5,ok,10045,280617.12,280617.12,0,0,0,5,1,1,1
69,16,6,ok,8367,280480.23360000004,280480.23360000004,0,0,0,3,2,1,1
69,16,7,ok,7168,280343.34719999996,280343.34719999996,0,0,0,1,1,1,7
69,16,8,ok,6272,280343.34720000002,280343.34720000002,0,0,0,2,4,1,1
69,16,9,ok,5586,280890.89280000003,280890.89280000003,0,0,0,9,1,1,1
69,16,10,ok,5023,280617.12,280617.12,0,0,0,5,2,1,1
69,16,11,ok,4582,281575.3248,281575.3248,0,0,0,11,1,1,1
69,16,12,ok,4184,280480.23360000004,280480.23360000004,0,0,0,3,4,1,1
69,16,13,ok,3871,281164.66560000001,281164.66560000001,0,0,0,13,1,1,1
69,16,14,ok,3584,280343.34719999996,280343.34719999996,0,0,0,1,2,1,7
69,16,15,ok,3357,281301.55199999997,281301.55199999997,0,0,0,15,1,1,1
69,16,16,ok,3136,280343.34720000002,280343.34720000002,0,0,0,4,4,1,1
69,32,1,ok,100352,560686.69440000004,560686.69440000004,0,0,0,1,1,1,1
69,32,2,ok,50176,560686.69440000004,560686.69440000004,0,0,0,1,2,1,1
69,32,3,ok,33467,560960.46720000007,560960.46720000007,0,0,0,3,1,1,1
69,32,4,ok,25088,560686.69440000004,560686.69440000004,0,0,0,2,2,1,1
69,32,5,ok,20090,561234.23999999999,561234.23999999999,0,0,0,5,1,1,1
69,32,6,ok,16734,560960.46720000007,560960.46720000007,0,0,0,3,2,1,1
69,32,7,ok,14336,560686.69439999992,560686.69439999992,0,0,0,1,1,1,7
69,32,8,ok,12544,560686.69440000004,560686.69440000004,0,0,0,2,4,1,1
69,32,9,ok,11172,561781.78560000006,561781.78560000006,0,0,0,9,1,1,1
69,32,10,ok,10045,561234.23999999999,561234.23999999999,0,0,0,5,2,1,1
69,32,11,ok,9163,563150.6496,563150.6496,0,0,0,11,1,1,1
69,32,12,ok,8367,560960.46720000007,560960.46720000007,0,0,0,3,4,1,1
69,32,13,ok,7742,562329.33120000002,562329.33120000002,0,0,0,13,1,1,1
69,32,14,ok,7168,560686.69439999992,560686.69439999992,0,0,0,1,2,1,7
69,32,15,ok,6713,562603.10399999993,562603.10399999993,0,0,0,15,1,1,1
69,32,16,ok,6272,560686.69440000004,560686.69440000004,0,0,0,4,4,1,1
69,64,1,ok,200704,1121373.3888000001,1121373.3888000001,0,0,0,1,1,1,1
69,64,2,ok,100352,1121373.3888000001,1121373.3888000001,0,0,0,1,2,1,1
69,64,3,ok,66934,1121920.9344000001,1121920.9344000001,0,0,0,3,1,1,1
69,64,4,ok,50176,1121373.3888000001,1121373.3888000001,0,0,0,2,2,1,1
69,64,5,ok,40180,1122468.48,1122468.48,0,0,0,5,1,1,1
69,64,6,ok,33467,1121920.9344000001,1121920.9344000001,0,0,0,3,2,1,1
69,64,7,ok,28672,1121373.3887999998,1121373.3887999998,0,0,0,1,1,1,7
69,64,8,ok,25088,1121373.3888000001,1121373.3888000001,0,0,0,2,4,1,1
69,64,9,ok,22344,1123563.5712000001,1123563.5712000001,0,0,0,9,1,1,1
69,64,10,ok,20090,1122468.48,1122468.48,0,0,0,5,2,1,1
69,64,11,ok,18326,1126301.2992,1126301.2992,0,0,0,11,1,1,1
69,64,12,ok,16734,1121920.9344000001,1121920.9344000001,0,0,0,3,4,1,1
69,64,13,ok,15484,1124658.6624,1124658.6624,0,0,0,13,1,1,1
69,64,14,ok,14336,1121373.3887999998,1121373.3887999998,0,0,0,1,2,1,7
69,64,15,ok,13426,1125206.2079999999,1125206.2079999999,0,0,0,15,1,1,1
69,64,16,ok,12544,1121373.3888000001,1121373.3888000001,0,0,0,4,4,1,1
70,1,1,ok,1568,8760.7296000000006,8760.7296000000006,0,0,0,1,1,1,1
70,1,2,ok,784,8760.7296000000006,8760.7296000000006,0,0,0,2,1,1,1
70,1,3,ok,523,8765.0073000000011,8765.0073000000011,0,0,0,3,1,1,1
70,1,4,ok,392,8760.7296000000006,8760.7296000000006,0,0,0,4,1,1,1
70,1,5,ok,314,8769.2849999999999,8769.2849999999999,0,0,0,5,1,1,1
70,1,6,ok,262,8777.840400000001,8777.840400000001,0,0,0,6,1,1,1
70,1,7,ok,225,8773.5627000000004,8773.5627000000004,0,0,0,7,1,1,1
70,1,8,ok,196,8760.7296000000006,8760.7296000000006,0,0,0,8,1,1,1
70,1,9,ok,175,8777.840400000001,8777.840400000001,0,0,0,9,1,1,1
70,1,10,ok,157,8769.2849999999999,8769.2849999999999,0,0,0,10,1,1,1
70,1,11,ok,144,8799.2289000000001,8799.2289000000001,0,0,0,11,1,1,1
70,1,12,ok,131,8777.840400000001,8777.840400000001,0,0,0,12,1,1,1
70,1,13,ok,121,8786.3958000000002,8786.3958000000002,0,0,0,13,1,1,1
70,1,14,ok,113,8803.5066000000006,8803.5066000000006,0,0,0,14,1,1,1
70,1,15,ok,105,8790.673499999999,8790.673499999999,0,0,0,15,1,1,1
70,1,16,ok,98,8760.7296000000006,8760.7296000000006,0,0,0,16,1,1,1
70,2,1,ok,3136,17521.459200000001,17521.459200000001,0,0,0,1,1,1,1
70,2,2,ok,1568,17521.459200000001,17521.459200000001,0,0,0,1,2,1,1
70,2,3,ok,1046,17530.014600000002,17530.014600000002,0,0,0,3,1,1,1
70,2,4,ok,784,17521.459200000001,17521.459200000001,0,0,0,2,2,1,1
70,2,5,ok,628,17538.57,17538.57,0,0,0,5,1,1,1
70,2,6,ok,523,17530.014600000002,17530.014600000002,0,0,0,3,2,1,1
70,2,7,ok,449,17547.125400000001,17547.125400000001,0,0,0,7,1,1,1
70,2,8,ok,392,17521.459200000001,17521.459200000001,0,0,0,4,2,1,1
70,2,9,ok,350,17555.680800000002,17555.680800000002,0,0,0,9,1,1,1
70,2,10,ok,314,17538.57,17538.57,0,0,0,5,2,1,1
70,2,11,ok,287,17598.4578,17598.4578,0,0,0,11,1,1,1
70,2,12,ok,262,17555.680800000002,17555.680800000002,0,0,0,6,2,1,1
70,2,13,ok,242,17572.7916,17572.7916,0,0,0,13,1,1,1
70,2,14,ok,225,17547.125400000001,17547.125400000001,0,0,0,7,2,1,1
70,2,15,ok,210,17581.346999999998,17581.346999999998,0,0,0,15,1,1,1
70,2,16,ok,196,17521.459200000001,17521.459200000001,0,0,0,8,2,1,1
70,4,1,ok,6272,35042.918400000002,35042.918400000002,0,0,0,1,1,1,1
70,4,2,ok,3136,35042.918400000002,35042.918400000002,0,0,0,1,2,1,1
70,4,3,ok,2092,35060.029200000004,35060.029200000004,0,0,0,3,1,1,1
70,4,4,ok,1568,35042.918400000002,35042.918400000002,0,0,0,2,2,1,1
70,4,5,ok,1256,35077.139999999999,35077.139999999999,0,0,0,5,1,1,1
70,4,6,ok,1046,35060.029200000004,35060.029200000004,0,0,0,3,2,1,1
70,4,7,ok,898,35094.250800000002,35094.250800000002,0,0,0,7,1,1,1
70,4,8,ok,784,35042.918400000002,35042.918400000002,0,0,0,2,4,1,1
70,4,9,ok,699,35111.361600000004,35111.361600000004,0,0,0,9,1,1,1
70,4,10,ok,628,35077.139999999999,35077.139999999999,0,0,0,5,2,1,1
70,4,11,ok,573,35196.9156,35196.9156,0,0,0,11,1,1,1
70,4,12,ok,523,35060.029200000004,35060.029200000004,0,0,0,3,4,1,1
70,4,13,ok,484,35145.583200000001,35145.583200000001,0,0,0,13,1,1,1
70,4,14,ok,449,35094.250800000002,35094.250800000002,0,0,0,7,2,1,1
70,4,15,ok,420,35162.693999999996,35162.693999999996,0,0,0,15,1,1,1
70,4,16,ok,392,35042.918400000002,35042.918400000002,0,0,0,4,4,1,1
70,8,1,ok,12544,70085.836800000005,70085.836800000005,0,0,0,1,1,1,1
70,8,2,ok,6272,70085.836800000005,70085.836800000005,0,0,0,1,2,1,1
70,8,3,ok,4184,70120.058400000009,70120.058400000009,0,0,0,3,1,1,1
70,8,4,ok,3136,70085.836800000005,70085.836800000005,0,0,0,2,2,1,1
70,8,5,ok,2512,70154.279999999999,70154.279999999999,0,0,0,5,1,1,1
70,8,6,ok,2092,70120.058400000009,70120.058400000009,0,0,0,3,2,1,1
70,8,7,ok,1795,70188.501600000003,70188.501600000003,0,0,0,7,1,1,1
70,8,8,ok,1568,70085.836800000005,70085.836800000005,0,0,0,2,4,1,1
70,8,9,ok,1397,70222.723200000008,70222.723200000008,0,0,0,9,1,1,1
70,8,10,ok,1256,70154.279999999999,70154.279999999999,0,0,0,5,2,1,1
70,8,11,ok,1146,70393.831200000001,70393.831200000001,0,0,0,11,1,1,1
70,8,12,ok,1046,70120.058400000009,70120.058400000009,0,0,0,3,4,1,1
70,8,13,ok,968,70291.166400000002,70291.166400000002,0,0,0,13,1,1,1
70,8,14,ok,898,70188.501600000003,70188.501600000003,0,0,0,7,2,1,1
70,8,15,ok,840,70325.387999999992,70325.387999999992,0,0,0,15,1,1,1
70,8,16,ok,784,70085.836800000005,70085.836800000005,0,0,0,4,4,1,1
70,16,1,ok,25088,140171.67360000001,140171.67360000001,0,0,0,1,1,1,1
70,16,2,ok,12544,140171.67360000001,140171.67360000001,0,0,0,1,2,1,1
70,16,3,ok,8367,140240.11680000002,140240.11680000002,0,0,0,3,1,1,1
70,16,4,ok,6272,140171.67360000001,140171.67360000001,0,0,0,2,2,1,1
70,16,5,ok,5023,140308.56,140308.56,0,0,0,5,1,1,1
70,16,6,ok,4184,140240.11680000002,140240.11680000002,0,0,0,3,2,1,1
70,16,7,ok,3590,140377.00320000001,140377.00320000001,0,0,0,7,1,1,1
70,16,8,ok,3136,140171.67360000001,140171.67360000001,0,0,0,2,4,1,1
70,16,9,ok,2793,140445.44640000002,140445.44640000002,0,0,0,9,1,1,1
70,16,10,ok,2512,140308.56,140308.56,0,0,0,5,2,1,1
70,16,11,ok,2291,140787.6624,140787.6624,0,0,0,11,1,1,1
70,16,12,ok,2092,140240.11680000002,140240.11680000002,0,0,0,3,4,1,1
70,16,13,ok,1936,140582.3328,140582.3328,0,0,0,13,1,1,1
70,16,14,ok,1795,140377.00320000001,140377.00320000001,0,0,0,7,2,1,1
70,16,15,ok,1679,140650.77599999998,140650.77599999998,0,0,0,15,1,1,1
70,16,16,ok,1568,140171.67360000001,140171.67360000001,0,0,0,4,4,1,1
70,32,1,ok,50176,280343.34720000002,280343.34720000002,0,0,0,1,1,1,1
70,32,2,ok,25088,280343.34720000002,280343.34720000002,0,0,0,1,2,1,1
70,32,3,ok,16734,280480.23360000004,280480.23360000004,0,0,0,3,1,1,1
70,32,4,ok,12544,280343.34720000002,280343.34720000002,0,0,0,2,2,1,1
70,32,5,ok,10045,280617.12,280617.12,0,0,0,5,1,1,1
70,32,6,ok,8367,280480.23360000004,280480.23360000004,0,0,0,3,2,1,1
70,32,7,ok,7179,280754.00640000001,280754.00640000001,0,0,0,7,1,1,1
70,32,8,ok,6272,280343.34720000002,280343.34720000002,0,0,0,2,4,1,1
70,32,9,ok,5586,280890.89280000003,280890.89280000003,0,0,0,9,1,1,1
70,32,10,ok,5023,280617.12,280617.12,0,0,0,5,2,1,1
70,32,11,ok,4582,281575.3248,281575.3248,0,0,0,11,1,1,1
70,32,12,ok,4184,280480.23360000004,280480.23360000004,0,0,0,3,4,1,1
70,32,13,ok,3871,281164.66560000001,281164.66560000001,0,0,0,13,1,1,1
70,32,14,ok,3590,280754.00640000001,280754.00640000001,0,0,0,7,2,1,1
70,32,15,ok,3357,281301.55199999997,281301.55199999997,0,0,0,15,1,1,1
70,32,16,ok,3136,280343.34720000002,280343.34720000002,0,0,0,4,4,1,1
70,64,1,ok,100352,560686.69440000004,560686.69440000004,0,0,0,1,1,1,1
70,64,2,ok,50176,560686.69440000004,560686.69440000004,0,0,0,1,2,1,1
70,64,3,ok,33467,560960.46720000007,560960.46720000007,0,0,0,3,1,1,1
70,64,4,ok,25088,560686.69440000004,560686.69440000004,0,0,0,2,2,1,1
70,64,5,ok,20090,561234.23999999999,561234.23999999999,0,0,0,5,1,1,1
70,64,6,ok,16734,560960.46720000007,560960.46720000007,0,0,0,3,2,1,1
70,64,7,ok,14357,561508.01280000003,561508.01280000003,0,0,0,7,1,1,1
70,64,8,ok,12544,560686.69440000004,560686.69440000004,0,0,0,2,4,1,1
70,64,9,ok,11172,561781.78560000006,561781.78560000006,0,0,0,9,1,1,1
70,64,10,ok,10045,561234.23999999999,561234.23999999999,0,0,0,5,2,1,1
70,64,11,ok,9163,563150.6496,563150.6496,0,0,0,11,1,1,1
70,64,12,ok,8367,560960.46720000007,560960.46720000007,0,0,0,3,4,1,1
70,64,13,ok,7742,562329.33120000002,562329.33120000002,0,0,0,13,1,1,1
70,64,14,ok,7179,561508.01280000003,561508.01280000003,0,0,0,7,2,1,1
70,64,15,ok,6713,562603.10399999993,562603.10399999993,0,0,0,15,1,1,1
70,64,16,ok,6272,560686.69440000004,560686.69440000004,0,0,0,4,4,1,1
71,1,1,ok,8032,3762717.3068000004,36864,1557371.5963999999,0,2168481.7104000002,1,1,1,1
71,1,2,ok,4016,3762717.3068000004,36864,1557371.5963999999,0,2168481.7104000002,2,1,1,1
71,1,3,ok,2688,3782894.0090999999,36937.727999999996,1568838.9158999999,0,2177117.3652000003,3,1,1,1
71,1,4,ok,2008,3762717.3068000004,36864,1557371.5963999999,0,2168481.7104000002,4,1,1,1
71,1,5,ok,1608,3777120.6860000007,36864,1569616.9980000001,0,2170639.6880000001,5,1,1,1
71,1,6,ok,1344,3792441.7851,36937.727999999996,1578386.6919,0,2177117.3652000003,6,1,1,1
71,1,7,ok,1152,3790473.3443500004,36900.864000000001,1576456.9873500001,0,2177115.4930000002,7,1,1,1
71,1,8,ok,1008,3782139.7196000004,36864,1568162.0988,0,2177113.6208000001,8,1,1,1
71,1,9,ok,904,3828857.3064000001,37158.911999999997,1595147.9975999999,0,2196550.3968000002,9,1,1,1
71,1,10,ok,808,3817311.6620000009,36864,1599018.0860000001,0,2181429.5760000004,10,1,1,1
71,1,11,ok,736,3803530.5731500005,36900.864000000001,1580882.3057499998,0,2185747.4034000002,11,1,1,1
71,1,12,ok,680,3843424.1159999999,37158.911999999997,1603240.8744000001,0,2203024.3296000003,12,1,1,1
71,1,13,ok,624,3832337.3315499998,36900.863999999994,1605373.1089499998,0,2190063.3586000004,13,1,1,1
71,1,14,ok,584,3872230.8743999996,37158.911999999997,1627731.6775999996,0,2207340.2848,14,1,1,1
71,1,15,ok,544,3875709.89775,37048.32,1635642.8647499999,0,2203018.713,15,1,1,1
71,1,16,ok,512,3850116.1608000002,37158.911999999997,1601301.0088,0,2211656.2400000002,16,1,1,1
71,2,1,ok,8064,4861396.2136000004,73728,2608682.3928,0,2178985.8207999999,1,1,1,1
71,2,2,ok,4032,4861396.2136000004,73728,2608682.3928,0,2178985.8207999999,2,1,1,1
71,2,3,ok,2704,4896421.5414000005,73875.455999999991,2630604.9101999998,0,2191941.1752000004,3,1,1,1
71,2,4,ok,2016,4861396.2136000004,73728,2608682.3928,0,2178985.8207999999,4,1,1,1
71,2,5,ok,1616,4890202.9720000001,73728,2633173.196,0,2183301.7760000001,5,1,1,1
71,2,6,ok,1352,4915517.0933999997,73875.455999999991,2649700.4622,0,2191941.1752000004,6,1,1,1
71,2,7,ok,1160,4914244.2503000004,73801.728000000003,2646347.1139000002,0,2194095.4084000001,7,1,1,1
71,2,8,ok,1016,4900241.0392000005,73728,2630263.3976000003,0,2196249.6416000002,8,1,1,1
71,2,9,ok,912,4972363.9055999992,74317.823999999993,2680186.7088000001,0,2217859.3728,9,1,1,1
71,2,10,ok,816,4970584.9240000006,73728,2691975.3720000004,0,2204881.5520000001,10,1,1,1
71,2,11,ok,744,4940358.7079000007,73801.728000000003,2655197.7507000007,0,2211359.2291999999,11,1,1,1
71,2,12,ok,688,5001497.5247999998,74317.823999999993,2696372.4624000001,0,2230807.2384000001,12,1,1,1
71,2,13,ok,632,4997972.2246999992,73801.727999999988,2704179.3570999997,0,2219991.1396000003,13,1,1,1
71,2,14,ok,592,5059111.0416000001,74317.823999999993,2745354.0687999995,0,2239439.1488000005,14,1,1,1
71,2,15,ok,552,5074061.2035000017,74096.639999999999,2762694.6255000005,0,2237269.9380000001,15,1,1,1
71,2,16,ok,520,5014881.6144000003,74317.823999999993,2692492.7312000003,0,2248071.0592000005,16,1,1,1
71,4,1,ok,8192,7058754.0272000004,147456,4711303.9856000002,0,2199994.0416000001,1,1,1,1
71,4,2,ok,4096,7058754.0272000004,147456,4711303.9856000002,0,2199994.0416000001,2,1,1,1
71,4,3,ok,2816,7123476.6060000006,147750.91199999998,4754136.8987999996,0,2221588.7952000001,3,1,1,1
71,4,4,ok,2048,7058754.0272000004,147456,4711303.9856000002,0,2199994.0416000001,4,1,1,1
71,4,5,ok,1792,7116367.5439999998,147456,4760285.5920000002,0,2208625.952,5,1,1,1
71,4,6,ok,1536,7161667.709999999,147750.91199999998,4792328.002799999,0,2221588.7952000001,6,1,1,1
71,4,7,ok,1280,7161786.0622000005,147603.45600000001,4786127.3670000006,0,2228055.2392000002,7,1,1,1
71,4,8,ok,1032,7136443.6783999996,147456,4754465.9951999998,0,2234521.6831999999,8,1,1,1
71,4,9,ok,1024,7259377.1040000003,148635.64799999999,4850264.1311999997,0,2260477.3248000001,9,1,1,1
71,4,10,ok,1024,7277131.4479999999,147456,4877889.9440000011,0,2251785.5040000002,10,1,1,1
71,4,11,ok,768,7214014.9774000011,147603.45600000001,4803828.6406000005,0,2262582.8807999999,11,1,1,1
71,4,12,ok,768,7317644.3424000014,148635.64799999999,4882635.6384000005,0,2286373.0560000003,12,1,1,1
71,4,13,ok,768,7329242.010999999,147603.45599999998,4901791.8533999994,0,2279846.7016000003,13,1,1,1
71,4,14,ok,640,8874843.5999999996,148635.64799999999,6301724.3295999989,0,2424483.6224000002,14,1,1,1
71,4,15,ok,600,8901870.3750000019,148193.28,6318426.0510000009,0,2435251.0440000002,15,1,1,1
71,4,16,ok,536,7344412.5216000015,148635.64799999999,4874876.1760000009,0,2320900.6976000005,16,1,1,1
71,8,1,ok,16384,11453469.6544,294912,8916547.1711999997,0,2242010.4832000001,1,1,1,1
71,8,2,ok,8192,11453469.6544,294912,8916547.1711999997,0,2242010.4832000001,2,1,1,1
71,8,3,ok,5632,11577586.735199999,295501.82399999996,9001200.8760000002,0,2280884.0351999998,3,1,1,1
71,8,4,ok,4096,11453469.6544,294912,8916547.1711999997,0,2242010.4832000001,4,1,1,1
71,8,5,ok,3584,11568696.687999999,294912,9014510.3839999996,0,2259274.304,5,1,1,1
71,8,6,ok,2688,13235408.738400001,295501.82399999996,10451857.0296,0,2488049.8848000001,6,1,1,1
71,8,7,ok,2560,11656869.686000003,295206.91200000001,9065687.8732000031,0,2295974.9007999999,7,1,1,1
71,8,8,ok,2048,11608848.956800001,294912,9002871.1904000007,0,2311065.7664000001,8,1,1,1
71,8,9,ok,1792,13307417.9136,297271.29599999997,10509059.001599999,0,2501087.6159999999,9,1,1,1
71,8,10,ok,1664,13282184.560000001,294912,10469040.944,0,2518231.6160000004,10,1,1,1
71,8,11,ok,1536,11761327.516400002,295206.91200000001,9101090.4204000011,0,2365030.1840000004,11,1,1,1
71,8,12,ok,1536,11949937.977599999,297271.29599999997,9255161.9903999977,0,2397504.6912000002,12,1,1,1
71,8,13,ok,1280,13430140.521199999,295206.91199999995,10510946.113199998,0,2623987.4960000003,13,1,1,1
71,8,14,ok,1152,13534008.633599998,297271.29599999997,10563011.513599997,0,2673725.8240000005,14,1,1,1
71,8,15,ok,1152,13600608.846000003,296386.56,10602487.686000003,0,2701734.6000000001,15,1,1,1
71,8,16,ok,1024,12003474.336000001,297271.29599999997,9239643.0656000003,0,2466559.9744000002,16,1,1,1
71,16,1,ok,32768,20242900.908800002,589824,17327033.542400002,0,2326043.3664000002,1,1,1,1
71,16,2,ok,16384,20242900.908800002,589824,17327033.542400002,0,2326043.3664000002,2,1,1,1
71,16,3,ok,11264,20485806.993599996,591003.64799999993,17495328.830399998,0,2399474.5152000003,3,1,1,1
71,16,4,ok,8192,20242900.908800002,589824,17327033.542400002,0,2326043.3664000002,4,1,1,1
71,16,5,ok,6400,22318496.480000004,589824,18850186.848000005,0,2878485.6320000002,5,1,1,1
71,16,6,ok,5376,22280232.235199995,591003.64799999993,18875422.3728,0,2813806.2143999999,6,1,1,1
71,16,7,ok,4608,22396365.829600003,590413.82400000002,18890750.799200002,0,2915201.2064000005,7,1,1,1
71,16,8,ok,4096,20553659.513599999,589824,17499681.580800001,0,2464153.9328000005,8,1,1,1
71,16,9,ok,3584,22399157.260800004,594542.59199999995,18977680.8576,0,2826933.8111999999,9,1,1,1
71,16,10,ok,3328,22382148.320000004,589824,18913838.688000001,0,2878485.6320000002,10,1,1,1
71,16,11,ok,3072,20855952.594400004,590413.82400000002,17695613.98,0,2569924.7903999998,11,1,1,1
71,16,12,ok,2816,22747448.332800001,594542.59199999995,19118806.080000002,0,3034099.6608000002,12,1,1,1
71,16,13,ok,2560,22673878.021600001,590413.82399999991,18995624.783199999,0,3087839.4144000001,13,1,1,1
71,16,14,ok,2304,22852338.700799998,594542.59199999995,19085585.8816,0,3172210.2272000001,14,1,1,1
71,16,15,ok,2304,22998085.788000006,592773.12,19170610.956000004,0,3234701.7120000008,15,1,1,1
71,16,16,ok,2048,21321597.964800004,594542.59199999995,17969176.844800003,0,2757878.5279999999,16,1,1,1
71,32,1,ok,65536,37821763.417599998,1179648,34148006.2848,0,2494109.1328000003,1,1,1,1
71,32,2,ok,32768,37821763.417599998,1179648,34148006.2848,0,2494109.1328000003,2,1,1,1
71,32,3,ok,22528,38302247.510399997,1182007.2959999999,34483584.739199996,0,2636655.4752000002,3,1,1,1
71,32,4,ok,16384,37821763.417599998,1179648,34148006.2848,0,2494109.1328000003,4,1,1,1
71,32,5,ok,12800,40454772.160000004,1179648,35676130.496000007,0,3598993.6639999999,5,1,1,1
71,32,6,ok,10752,40369879.228799999,1182007.2959999999,35722553.059200004,0,3465318.8736000005,6,1,1,1
71,32,7,ok,9216,40606328.638400003,1180827.648,35755234.155200005,0,3670266.8352000001,7,1,1,1
71,32,8,ok,8192,38443280.627200007,1179648,34493302.361600004,0,2770330.2656,8,1,1,1
71,32,9,ok,7168,40582635.955200002,1189085.1839999999,35914924.569600001,0,3478626.2016000007,9,1,1,1
71,32,10,ok,6656,40582075.840000004,1179648,35803434.175999999,0,3598993.6639999999,10,1,1,1
71,32,11,ok,6144,39045202.750400007,1180827.648,34884661.09920001,0,2979714.0032000002,11,1,1,1
71,32,12,ok,5632,41279218.099199995,1189085.1839999999,36197175.01439999,0,3892957.9008000009,12,1,1,1
71,32,13,ok,5120,41161353.022399999,1180827.6479999998,35964982.123199999,0,4015543.2512000008,13,1,1,1
71,32,14,ok,4608,41488998.835199997,1189085.1839999999,36130734.617599994,0,4169179.0335999997,14,1,1,1
71,32,15,ok,4608,41793039.672000013,1185546.24,36306857.496000007,0,4300635.9360000007,15,1,1,1
71,32,16,ok,4096,39957845.22240001,1189085.1839999999,35428244.403200008,0,3340515.6351999999,16,1,1,1
71,64,1,ok,131072,72979488.435200006,2359296,67789951.769600004,0,2830240.6655999999,1,1,1,1
71,64,2,ok,65536,72979488.435200006,2359296,67789951.769600004,0,2830240.6655999999,2,1,1,1
71,64,3,ok,43008,76549173.216000006,2364014.5919999997,69416814.432000011,0,4768344.1919999998,3,1,1,1
71,64,4,ok,32768,72979488.435200006,2359296,67789951.769600004,0,2830240.6655999999,4,1,1,1
71,64,5,ok,25600,76727323.519999996,2359296,69328017.792000011,0,5040009.7280000001,5,1,1,1
71,64,6,ok,21504,76549173.216000006,2364014.5919999997,69416814.432000011,0,4768344.1919999998,6,1,1,1
71,64,7,ok,18432,77026254.256000012,2361655.2960000001,69484200.867200002,0,5180398.0927999998,7,1,1,1
71,64,8,ok,16384,74222522.854399994,2359296,68480543.923199996,0,3382682.9312,8,1,1,1
71,64,9,ok,14336,76949593.344000012,2378170.3679999998,69789411.993600011,0,4782010.982400001,9,1,1,1
71,64,10,ok,13312,76981930.879999995,2359296,69582625.15200001,0,5040009.7280000001,10,1,1,1
71,64,11,ok,12288,75423703.062400013,2361655.2960000001,69262755.337600008,0,3799292.4288000008,11,1,1,1
71,64,12,ok,10752,80739758.457599998,2364014.5919999997,71445106.118400007,0,6930637.747200001,6,2,1,1
71,64,13,ok,10240,78136303.024000004,2361655.2959999996,69903696.803199992,0,5870950.9248000011,13,1,1,1
71,64,14,ok,9216,78762319.104000002,2378170.3679999998,70221032.089599997,0,6163116.6464,14,1,1,1
71,64,15,ok,9216,79382947.440000013,2371092.48,70579350.57600002,0,6432504.3840000005,15,1,1,1
71,64,16,ok,8192,76688891.136000007,2378170.3679999998,69804930.918400005,0,4505789.8496000003,16,1,1,1
