layer_id,batch,tiles,status,cycles,energy_pj,mac_pj,buffer_pj,bus_pj,ubuf_pj,K,B,H,W
0,1,1,ok,4096,22885.171200000001,22885.171200000001,0,0,0,1,1,1,1
0,1,2,ok,2048,22885.171200000001,22885.171200000001,0,0,0,1,1,2,1
0,1,3,ok,1368,22929.8688,22929.8688,0,0,0,1,1,3,1
0,1,4,ok,1024,22885.171200000001,22885.171200000001,0,0,0,2,1,2,1
0,1,5,ok,824,23019.264000000003,23019.264000000003,0,0,0,1,1,5,1
0,1,6,ok,684,22929.8688,22929.8688,0,0,0,2,1,3,1
0,1,7,ok,592,23153.356800000001,23153.356800000001,0,0,0,1,1,7,1
0,1,8,ok,512,22885.171200000001,22885.171200000001,0,0,0,2,1,4,1
0,1,9,ok,456,22929.8688,22929.8688,0,0,0,1,1,9,1
0,1,10,ok,412,23019.264000000003,23019.264000000003,0,0,0,2,1,5,1
0,1,11,ok,376,23108.659200000002,23108.659200000002,0,0,0,1,1,11,1
0,1,12,ok,342,22929.8688,22929.8688,0,0,0,3,1,4,1
0,1,13,ok,320,23242.752,23242.752,0,0,0,1,1,13,1
0,1,14,ok,296,23153.356800000001,23153.356800000001,0,0,0,2,1,7,1
0,1,15,ok,276,23064.2235,23064.2235,0,0,0,3,1,5,1
0,1,16,ok,256,22885.171200000001,22885.171200000001,0,0,0,4,1,4,1
0,2,1,ok,8192,45770.342400000001,45770.342400000001,0,0,0,1,1,1,1
0,2,2,ok,4096,45770.342400000001,45770.342400000001,0,0,0,1,1,2,1
0,2,3,ok,2736,45859.7376,45859.7376,0,0,0,1,1,3,1
0,2,4,ok,2048,45770.342400000001,45770.342400000001,0,0,0,1,2,2,1
0,2,5,ok,1648,46038.528000000006,46038.528000000006,0,0,0,1,1,5,1
0,2,6,ok,1368,45859.7376,45859.7376,0,0,0,1,2,3,1
0,2,7,ok,1184,46306.713600000003,46306.713600000003,0,0,0,1,1,7,1
0,2,8,ok,1024,45770.342400000001,45770.342400000001,0,0,0,1,2,4,1
0,2,9,ok,912,45859.7376,45859.7376,0,0,0,1,1,9,1
0,2,10,ok,824,46038.528000000006,46038.528000000006,0,0,0,1,2,5,1
0,2,11,ok,752,46217.318400000004,46217.318400000004,0,0,0,1,1,11,1
0,2,12,ok,684,45859.7376,45859.7376,0,0,0,3,1,4,1
0,2,13,ok,640,46485.504000000001,46485.504000000001,0,0,0,1,1,13,1
0,2,14,ok,592,46306.713600000003,46306.713600000003,0,0,0,1,2,7,1
0,2,15,ok,551,46128.447,46128.447,0,0,0,3,1,5,1
0,2,16,ok,512,45770.342400000001,45770.342400000001,0,0,0,2,2,4,1
0,4,1,ok,16384,91540.684800000003,91540.684800000003,0,0,0,1,1,1,1
0,4,2,ok,8192,91540.684800000003,91540.684800000003,0,0,0,1,1,2,1
0,4,3,ok,5472,91719.475200000001,91719.475200000001,0,0,0,1,1,3,1
0,4,4,ok,4096,91540.684800000003,91540.684800000003,0,0,0,1,2,2,1
0,4,5,ok,3296,92077.056000000011,92077.056000000011,0,0,0,1,1,5,1
0,4,6,ok,2736,91719.475200000001,91719.475200000001,0,0,0,1,2,3,1
0,4,7,ok,2368,92613.427200000006,92613.427200000006,0,0,0,1,1,7,1
0,4,8,ok,2048,91540.684800000003,91540.684800000003,0,0,0,1,2,4,1
0,4,9,ok,1824,91719.475200000001,91719.475200000001,0,0,0,1,1,9,1
0,4,10,ok,1648,92077.056000000011,92077.056000000011,0,0,0,1,2,5,1
0,4,11,ok,1504,92434.636800000007,92434.636800000007,0,0,0,1,1,11,1
0,4,12,ok,1368,91719.475200000001,91719.475200000001,0,0,0,3,1,4,1
0,4,13,ok,1280,92971.008000000002,92971.008000000002,0,0,0,1,1,13,1
0,4,14,ok,1184,92613.427200000006,92613.427200000006,0,0,0,1,2,7,1
0,4,15,ok,1101,92256.894,92256.894,0,0,0,3,1,5,1
0,4,16,ok,1024,91540.684800000003,91540.684800000003,0,0,0,2,2,4,1
0,8,1,ok,32768,183081.36960000001,183081.36960000001,0,0,0,1,1,1,1
0,8,2,ok,16384,183081.36960000001,183081.36960000001,0,0,0,1,1,2,1
0,8,3,ok,10944,183438.9504,183438.9504,0,0,0,1,1,3,1
0,8,4,ok,8192,183081.36960000001,183081.36960000001,0,0,0,1,2,2,1
0,8,5,ok,6592,184154.11200000002,184154.11200000002,0,0,0,1,1,5,1
0,8,6,ok,5472,183438.9504,183438.9504,0,0,0,1,2,3,1
0,8,7,ok,4736,185226.85440000001,185226.85440000001,0,0,0,1,1,7,1
0,8,8,ok,4096,183081.36960000001,183081.36960000001,0,0,0,1,2,4,1
0,8,9,ok,3648,183438.9504,183438.9504,0,0,0,1,1,9,1
0,8,10,ok,3296,184154.11200000002,184154.11200000002,0,0,0,1,2,5,1
0,8,11,ok,3008,184869.27360000001,184869.27360000001,0,0,0,1,1,11,1
0,8,12,ok,2736,183438.9504,183438.9504,0,0,0,3,1,4,1
0,8,13,ok,2560,185942.016,185942.016,0,0,0,1,1,13,1
0,8,14,ok,2368,185226.85440000001,185226.85440000001,0,0,0,1,2,7,1
0,8,15,ok,2202,184513.788,184513.788,0,0,0,3,1,5,1
0,8,16,ok,2048,183081.36960000001,183081.36960000001,0,0,0,2,2,4,1
0,16,1,ok,65536,366162.73920000001,366162.73920000001,0,0,0,1,1,1,1
0,16,2,ok,32768,366162.73920000001,366162.73920000001,0,0,0,1,1,2,1
0,16,3,ok,21888,366877.9008,366877.9008,0,0,0,1,1,3,1
0,16,4,ok,16384,366162.73920000001,366162.73920000001,0,0,0,1,2,2,1
0,16,5,ok,13184,368308.22400000005,368308.22400000005,0,0,0,1,1,5,1
0,16,6,ok,10944,366877.9008,366877.9008,0,0,0,1,2,3,1
0,16,7,ok,9472,370453.70880000002,370453.70880000002,0,0,0,1,1,7,1
0,16,8,ok,8192,366162.73920000001,366162.73920000001,0,0,0,1,2,4,1
0,16,9,ok,7296,366877.9008,366877.9008,0,0,0,1,1,9,1
0,16,10,ok,6592,368308.22400000005,368308.22400000005,0,0,0,1,2,5,1
0,16,11,ok,6016,369738.54720000003,369738.54720000003,0,0,0,1,1,11,1
0,16,12,ok,5472,366877.9008,366877.9008,0,0,0,3,1,4,1
0,16,13,ok,5120,371884.03200000001,371884.03200000001,0,0,0,1,1,13,1
0,16,14,ok,4736,370453.70880000002,370453.70880000002,0,0,0,1,2,7,1
0,16,15,ok,4404,369027.576,369027.576,0,0,0,3,1,5,1
0,16,16,ok,4096,366162.73920000001,366162.73920000001,0,0,0,2,2,4,1
0,32,1,ok,131072,732325.47840000002,732325.47840000002,0,0,0,1,1,1,1
0,32,2,ok,65536,732325.47840000002,732325.47840000002,0,0,0,1,1,2,1
0,32,3,ok,43776,733755.80160000001,733755.80160000001,0,0,0,1,1,3,1
0,32,4,ok,32768,732325.47840000002,732325.47840000002,0,0,0,1,2,2,1
0,32,5,ok,26368,736616.44800000009,736616.44800000009,0,0,0,1,1,5,1
0,32,6,ok,21888,733755.80160000001,733755.80160000001,0,0,0,1,2,3,1
0,32,7,ok,18944,740907.41760000004,740907.41760000004,0,0,0,1,1,7,1
0,32,8,ok,16384,732325.47840000002,732325.47840000002,0,0,0,1,2,4,1
0,32,9,ok,14592,733755.80160000001,733755.80160000001,0,0,0,1,1,9,1
0,32,10,ok,13184,736616.44800000009,736616.44800000009,0,0,0,1,2,5,1
0,32,11,ok,12032,739477.09440000006,739477.09440000006,0,0,0,1,1,11,1
0,32,12,ok,10944,733755.80160000001,733755.80160000001,0,0,0,3,1,4,1
0,32,13,ok,10240,743768.06400000001,743768.06400000001,0,0,0,1,1,13,1
0,32,14,ok,9472,740907.41760000004,740907.41760000004,0,0,0,1,2,7,1
0,32,15,ok,8807,738055.152,738055.152,0,0,0,3,1,5,1
0,32,16,ok,8192,732325.47840000002,732325.47840000002,0,0,0,2,2,4,1
0,64,1,ok,262144,1464650.9568,1464650.9568,0,0,0,1,1,1,1
0,64,2,ok,131072,1464650.9568,1464650.9568,0,0,0,1,1,2,1
0,64,3,ok,87552,1467511.6032,1467511.6032,0,0,0,1,1,3,1
0,64,4,ok,65536,1464650.9568,1464650.9568,0,0,0,1,2,2,1
0,64,5,ok,52736,1473232.8960000002,1473232.8960000002,0,0,0,1,1,5,1
0,64,6,ok,43776,1467511.6032,1467511.6032,0,0,0,1,2,3,1
0,64,7,ok,37888,1481814.8352000001,1481814.8352000001,0,0,0,1,1,7,1
0,64,8,ok,32768,1464650.9568,1464650.9568,0,0,0,1,2,4,1
0,64,9,ok,29184,1467511.6032,1467511.6032,0,0,0,1,1,9,1
0,64,10,ok,26368,1473232.8960000002,1473232.8960000002,0,0,0,1,2,5,1
0,64,11,ok,24064,1478954.1888000001,1478954.1888000001,0,0,0,1,1,11,1
0,64,12,ok,21888,1467511.6032,1467511.6032,0,0,0,3,1,4,1
0,64,13,ok,20480,1487536.128,1487536.128,0,0,0,1,1,13,1
0,64,14,ok,18944,1481814.8352000001,1481814.8352000001,0,0,0,1,2,7,1
0,64,15,ok,17613,1476110.304,1476110.304,0,0,0,3,1,5,1
0,64,16,ok,16384,1464650.9568,1464650.9568,0,0,0,2,2,4,1
1,1,1,ok,131072,32348477.849599998,2415919.1039999998,28889330.483199999,0,1043228.2624000001,1,1,1,1
1,1,2,ok,65536,32689474.764800001,2415919.1039999998,28954106.265600003,0,1319449.3952000001,1,1,2,1
1,1,3,ok,43776,33171768.345600002,2420637.696,29153962.060799997,0,1597168.5888,1,1,3,1
1,1,4,ok,32768,33310991.974399999,2415919.1039999998,29299402.342399999,0,1595670.5280000002,2,1,2,1
1,1,5,ok,26368,34056322.943999998,2430074.8799999999,29473641.087999996,0,2152606.9760000003,1,1,5,1
1,1,6,ok,21888,33794499.456,2420637.696,29499932.544,0,1873929.216,2,1,3,1
1,1,7,ok,18944,35242239.334400006,2444230.6559999995,30088465.2544,0,2709543.4239999996,1,1,7,1
1,1,8,ok,16384,33992985.804800004,2415919.1039999998,29428953.907200001,0,2148112.7936,2,1,4,1
1,1,9,ok,14592,35217749.836799994,2420637.696,29542616.755199991,0,3254495.3856000006,1,1,9,1
1,1,10,ok,13184,34681481.855999991,2430074.8799999999,29820960.383999996,0,2430446.5920000002,2,1,5,1
1,1,11,ok,12032,36304865.203199998,2439512.0639999998,30052423.244799998,0,3812929.8944000001,1,1,11,1
1,1,12,ok,10944,35039961.676799998,2420637.696,30191873.510399994,0,2427450.4704,4,1,3,1
1,1,13,ok,10240,37330716.467200011,2453667.8399999999,30507182.284800004,0,4369866.3424000004,1,1,13,1
1,1,14,ok,9472,35871039.948799998,2444230.6559999995,30437807.7696,0,2989001.5231999997,2,1,7,1
1,1,15,ok,8960,38479095.936000004,2477260.7999999998,31072036.223999999,0,4929798.9120000005,1,1,15,1
1,1,16,ok,8192,35236020.223999999,2415919.1039999998,30119546.060800001,0,2700555.0592,4,1,4,1
1,2,1,ok,262144,64355958.783999994,4831838.2079999996,57713885.184,0,1810235.392,1,1,1,1
1,2,2,ok,131072,64696955.699199997,4831838.2079999996,57778660.966399997,0,2086456.5248000002,1,1,2,1
1,2,3,ok,87552,65320545.945599988,4841275.392,58113596.774399996,0,2365673.7791999998,1,1,3,1
1,2,4,ok,65536,65378949.529600002,4831838.2079999996,57908212.531200007,0,2638898.7904000003,1,2,2,1
1,2,5,ok,52736,66407661.311999999,4860149.7599999998,58623403.263999999,0,2924108.2880000002,1,1,5,1
1,2,6,ok,43776,66343536.691200003,4841275.392,58307924.121599995,0,3194337.1776000001,1,2,3,1
1,2,7,ok,37888,68097500.262400016,4888461.311999999,59723500.032000005,0,3485538.9183999998,1,1,7,1
1,2,8,ok,32768,66621983.948799998,4831838.2079999996,58598804.684799999,0,3191341.0560000003,2,1,4,1
1,2,9,ok,29184,67366527.436800003,4841275.392,58502251.468799993,0,4023000.5760000004,1,1,9,1
1,2,10,ok,26368,67657979.135999992,4860149.7599999998,59318041.855999991,0,3479787.5200000005,2,1,5,1
1,2,11,ok,24064,68858764.339200005,4879024.1279999996,59392312.883199997,0,4587427.3280000007,1,1,11,1
1,2,12,ok,21888,67588998.912,4841275.392,58999865.088,0,3747858.432,2,2,3,1
1,2,13,ok,20480,70228473.036800012,4907335.6799999997,60172279.398400009,0,5148857.9584000008,1,1,13,1
1,2,14,ok,18944,69355101.491200015,4888461.311999999,60422185.062400006,0,4044455.1168000004,2,1,7,1
1,2,15,ok,17920,71843238.144000009,4954521.5999999996,61172435.711999997,0,5716280.8320000004,1,1,15,1
1,2,16,ok,16384,67985971.609600008,4831838.2079999996,58857907.814400002,0,4296225.5872,2,2,4,1
1,4,1,ok,524288,128370920.65280001,9663676.4159999993,115362994.58560002,0,3344249.6512000002,1,1,1,1
1,4,2,ok,262144,128711917.56799999,9663676.4159999993,115427770.368,0,3620470.784,1,1,2,1
1,4,3,ok,175104,129618101.14559999,9682550.784,116032866.20159999,0,3902684.1600000006,1,1,3,1
1,4,4,ok,131072,129393911.39839999,9663676.4159999993,115557321.93279999,0,4172913.0496000005,1,2,2,1
1,4,5,ok,105472,131110338.04799998,9720299.5199999996,116922927.616,0,4467110.9120000005,1,1,5,1
1,4,6,ok,87552,130616184.72959998,9682550.784,115923907.27679998,0,5009726.6688000001,2,1,3,1
1,4,7,ok,75776,133808022.11840001,9776922.623999998,118993569.58720002,0,5037529.9072000012,1,1,7,1
1,4,8,ok,65536,130585513.1648,9663676.4159999993,115644039.16800001,0,5277797.5808000006,2,1,4,1
1,4,9,ok,58368,131664082.63679999,9682550.784,116421520.89599998,0,5560010.9567999998,1,1,9,1
1,4,10,ok,52736,132498694.65599997,9720299.5199999996,117199925.75999998,0,5578469.3760000002,2,1,5,1
1,4,11,ok,48128,133966562.61119999,9758048.2559999991,118072092.15999998,0,6136422.1952,1,1,11,1
1,4,12,ok,43776,132687073.38240001,9682550.784,116615848.24319999,0,6388674.3552000001,1,4,3,1
1,4,13,ok,40960,136023986.176,9814671.3599999994,119502473.62560001,0,6706841.1904000007,1,1,13,1
1,4,14,ok,37888,135587460.9152,9776922.623999998,119655175.98720001,0,6155362.3040000005,2,1,7,1
1,4,15,ok,35568,135978630.05699998,9739284.4800000004,117892110.669,0,8347234.9080000008,5,1,3,1
1,4,16,ok,32768,132726810.21439999,9663676.4159999993,116680451.6864,0,6382682.1120000007,2,1,8,1
1,8,1,ok,1048576,256400844.39040002,19327352.831999999,230661213.38880002,0,6412278.1696000006,1,1,1,1
1,8,2,ok,524288,256741841.30560002,19327352.831999999,230725989.17120004,0,6688499.3024000004,1,1,2,1
1,8,3,ok,350208,258213211.5456,19365101.568,231871405.05599999,0,6976704.9216000009,1,1,3,1
1,8,4,ok,262144,257423835.13599998,19327352.831999999,230855540.736,0,7240941.568,1,2,2,1
1,8,5,ok,210944,260515691.51999998,19440599.039999999,233521976.31999999,0,7553116.1600000001,1,1,5,1
1,8,6,ok,175104,259236202.29119998,19365101.568,232065732.40319997,0,7805368.3200000012,1,2,3,1
1,8,7,ok,151552,265229065.83040005,19553845.247999996,237533708.69760004,0,8141511.8848000001,1,1,7,1
1,8,8,ok,131072,258787822.79679999,19327352.831999999,231114643.86559999,0,8345826.099200001,1,2,4,1
1,8,9,ok,116736,260259193.03679997,19365101.568,232260059.75039998,0,8634031.7183999997,1,1,9,1
1,8,10,ok,105472,262220676.09599996,19440599.039999999,233845855.23199999,0,8934221.824000001,1,2,5,1
1,8,11,ok,96256,264182159.15519994,19516096.511999998,235431650.71359995,0,9234411.9296000004,1,1,11,1
1,8,12,ok,87552,261232369.45919997,19365101.568,231847814.55359995,0,10019453.3376,2,2,3,1
1,8,13,ok,81920,267615012.45440003,19629342.719999999,238162862.08000001,0,9822807.6544000003,1,1,13,1
1,8,14,ok,75776,267427651.99360007,19553845.247999996,237496630.06720003,0,10377176.678400001,2,1,7,1
1,8,15,ok,71136,270341877.32999998,19478568.960000001,235002357.40200001,0,15860950.968,5,1,3,1
1,8,16,ok,65536,261171026.32960001,19327352.831999999,231288078.33600003,0,10555595.161600001,2,2,4,1
1,16,1,ok,2097152,512460691.86559999,38654705.663999997,461257650.99520004,0,12548335.2064,1,1,1,1
1,16,2,ok,1048576,512801688.78080004,38654705.663999997,461322426.77760005,0,12824556.339200001,1,1,2,1
1,16,3,ok,700416,515403432.34559995,38730203.136,463548482.76479995,0,13124746.444800001,1,1,3,1
1,16,4,ok,524288,513483682.61120003,38654705.663999997,461451978.34240007,0,13376998.604800001,1,2,2,1
1,16,5,ok,421888,519326398.46399993,38881198.079999998,466720073.72799993,0,13725126.655999999,1,1,5,1
1,16,6,ok,350208,516426423.09119999,38730203.136,463742810.11199999,0,13953409.843200002,1,2,3,1
1,16,7,ok,303104,528071153.25440007,39107690.495999992,474613986.91839999,0,14349475.84,1,1,7,1
1,16,8,ok,262144,514847670.27199996,38654705.663999997,461711081.472,0,14481883.136,1,2,4,1
1,16,9,ok,233472,517449413.83679998,38730203.136,463937137.45920002,0,14782073.241600001,1,1,9,1
1,16,10,ok,210944,521031383.03999996,38881198.079999998,467043952.63999999,0,15106232.32,1,2,5,1
1,16,11,ok,192512,524613352.24319994,39032193.023999996,470150767.82079995,0,15430391.398400001,1,1,11,1
1,16,12,ok,175104,518472404.58239996,38730203.136,464131464.80639994,0,15610736.640000002,1,4,3,1
1,16,13,ok,163840,530797065.01120007,39258685.439999998,475483638.98880005,0,16054740.5824,1,1,13,1
1,16,14,ok,151552,530458131.6608001,39107690.495999992,475067417.39520007,0,16283023.7696,1,2,7,1
1,16,15,ok,142272,539068371.87599993,38957137.920000002,469222850.86799997,0,30888383.088000003,5,1,3,1
1,16,16,ok,131072,517575645.59359998,38654705.663999997,462229287.73119998,0,16691652.198400002,1,4,4,1
1,32,1,ok,4194304,1024580386.8159999,77309411.327999994,922450526.20799994,0,24820449.280000001,1,1,1,1
1,32,2,ok,2097152,1024921383.7312,77309411.327999994,922515301.99040008,0,25096670.412799999,1,1,2,1
1,32,3,ok,1400832,1029783873.9455999,77460406.272,926902638.18239987,0,25420829.491200004,1,1,3,1
1,32,4,ok,1048576,1025603377.5616001,77309411.327999994,922644853.5552001,0,25649112.678400002,1,2,2,1
1,32,5,ok,843776,1036947812.3519999,77762396.159999996,933116268.54399991,0,26069147.648000002,1,1,5,1
1,32,6,ok,700416,1030806864.6911999,77460406.272,927096965.52959991,0,26249492.889600001,1,2,3,1
1,32,7,ok,606208,1053755328.1024002,78215380.991999984,948774543.36000013,0,26765403.750400003,1,1,7,1
1,32,8,ok,524288,1026967365.2224001,77309411.327999994,922903956.68480015,0,26753997.209600002,1,2,4,1
1,32,9,ok,466944,1031829855.4367999,77460406.272,927291292.87679994,0,27078156.288000003,1,1,9,1
1,32,10,ok,421888,1038652796.9279999,77762396.159999996,933440147.45599985,0,27450253.311999999,1,2,5,1
1,32,11,ok,385024,1045475738.4191999,78064386.047999993,939589002.03519988,0,27822350.336000003,1,1,11,1
1,32,12,ok,350208,1032852846.1824,77460406.272,927485620.22399998,0,27906819.686400004,1,4,3,1
1,32,13,ok,327680,1057161170.1248002,78517370.879999995,950125192.80640006,0,28518606.438400004,1,1,13,1
1,32,14,ok,303104,1056142306.5088001,78215380.991999984,949227973.83679998,0,28698951.68,1,2,7,1
1,32,15,ok,284544,1076521360.9679999,77914275.840000004,937663837.79999995,0,60943247.328000009,5,1,3,1
1,32,16,ok,262144,1029695340.5439999,77309411.327999994,923422162.94400001,0,28963766.272,1,4,4,1
1,64,1,ok,8388608,2048819776.7168002,154618822.65599999,1844836276.6336002,0,49364677.427200004,1,1,1,1
1,64,2,ok,4194304,2049160773.6319997,154618822.65599999,1844901052.4159999,0,49640898.560000002,1,1,2,1
1,64,3,ok,2801664,2058544757.1455998,154920812.544,1853610949.0175996,0,50012995.584000006,1,1,3,1
1,64,4,ok,2097152,2049842767.4624,154618822.65599999,1845030603.9808002,0,50193340.825599998,1,2,2,1
1,64,5,ok,1687552,2072190640.1279998,155524792.31999999,1865908658.1759999,0,50757189.631999999,1,1,5,1
1,64,6,ok,1400832,2059567747.8911998,154920812.544,1853805276.3647997,0,50841658.982400008,1,2,3,1
1,64,7,ok,1212416,2105123677.7984004,156430761.98399997,1897095656.2432003,0,51597259.571199998,1,1,7,1
1,64,8,ok,1048576,2051206755.1232002,154618822.65599999,1845289707.1104002,0,51298225.356800005,1,2,4,1
1,64,9,ok,933888,2060590738.6367996,154920812.544,1853999603.7119997,0,51670322.380800001,1,1,9,1
1,64,10,ok,843776,2073895624.7039998,155524792.31999999,1866232537.0879998,0,52138295.296000004,1,2,5,1
1,64,11,ok,770048,2087200510.7711997,156128772.09599999,1878465470.4639997,0,52606268.211200014,1,1,11,1
1,64,12,ok,700416,2061613729.3823998,154920812.544,1854193931.0591998,0,52498985.779200003,1,4,3,1
1,64,13,ok,655360,2084919220.6336007,157034741.75999999,1874438140.7232003,0,53446338.150400005,1,13,1,1
1,64,14,ok,606208,2107510656.2048004,156430761.98399997,1897549086.7200003,0,53530807.500800006,1,2,7,1
1,64,15,ok,569088,2094785497.7279999,157341450.23999998,1883347893.1199999,0,54096154.368000001,1,5,3,1
1,64,16,ok,524288,2053934730.4448001,154618822.65599999,1845807913.3696003,0,53507994.419200003,1,4,4,1
2,1,1,ok,16384,4587387.2896000007,301989.88799999998,3913300.3776000002,0,372097.02399999998,1,1,1,1
2,1,2,ok,8192,4630011.9040000001,301989.88799999998,3921397.3503999999,0,406624.66560000001,1,1,2,1
2,1,3,ok,5472,4691360.7648,302579.712,3946969.4303999995,0,441811.62240000005,1,1,3,1
2,1,4,ok,4096,4715261.1328000007,301989.88799999998,3937591.2960000001,0,475679.94880000001,1,1,4,1
2,1,5,ok,3296,4804054.4159999993,303759.35999999999,3988109.52,0,512185.53600000008,1,1,5,1
2,1,6,ok,2752,4875407.3471999988,304349.18399999995,4023685.6703999997,0,547372.49280000001,1,1,6,1
2,1,7,ok,2368,4955480.4544000011,305528.83199999994,4066732.8576000002,0,583218.7648,1,1,7,1
2,1,8,ok,2048,4885759.590400001,301989.88799999998,3969979.1872000005,0,613790.51520000002,1,1,8,1
2,1,9,ok,1824,4947108.4511999991,302579.712,3995551.2671999987,0,648977.47200000007,1,1,9,1
2,1,10,ok,1664,5060778.3679999998,306708.47999999998,4065949.568,0,688120.32000000007,1,1,10,1
2,1,11,ok,1504,5087246.5247999998,304939.00799999997,4061637.5007999996,0,720670.01600000006,1,1,11,1
2,1,12,ok,1376,5131155.0336000007,304349.18399999995,4072267.5072000003,0,754538.34239999996,1,1,12,1
2,1,13,ok,1280,5218664.4224000005,306708.47999999998,4120252.6976000005,0,791703.24479999999,1,1,13,1
2,1,14,ok,1184,5253852.7552000005,305528.83199999994,4123411.6672,0,824912.25600000005,1,1,14,1
2,1,15,ok,1120,5367522.6720000003,309657.59999999998,4193809.9680000003,0,864055.10400000017,1,1,15,1
2,1,16,ok,1024,5306789.0688000005,301989.88799999998,4114787.5328000002,0,890011.64800000004,1,1,16,1
2,2,1,ok,32768,9132149.9648000021,603979.77599999995,7818503.7824000008,0,709666.40639999998,1,1,1,1
2,2,2,ok,16384,9174774.5792000014,603979.77599999995,7826600.7552000005,0,744194.04799999995,1,1,2,1
2,2,3,ok,10944,9254847.6864,605159.424,7869647.9423999991,0,780040.32000000007,1,1,3,1
2,2,4,ok,8192,9260023.8080000002,603979.77599999995,7842794.7007999998,0,813249.33120000002,1,2,2,1
2,2,5,ok,6592,9394985.7599999979,607518.71999999997,7935734.175999999,0,851732.86400000006,1,1,5,1
2,2,6,ok,5472,9382721.5296,605159.424,7893938.860799999,0,883623.2448000001,1,2,3,1
2,2,7,ok,4736,9612588.6080000009,611057.66399999987,8076786.9056000002,0,924744.03840000008,1,1,7,1
2,2,8,ok,4096,9430522.2656000014,603979.77599999995,7875182.5920000002,0,951359.89760000003,1,2,4,1
2,2,9,ok,3648,9510595.3728,605159.424,7918229.7791999988,0,987206.16960000014,1,1,9,1
2,2,10,ok,3296,9608108.8319999985,607518.71999999997,7976219.04,0,1024371.0720000002,1,2,5,1
2,2,11,ok,3008,9705622.2912000008,609878.01599999995,8034208.3007999994,0,1061535.9744000002,1,1,11,1
2,2,12,ok,2752,9750814.6943999976,608698.3679999999,8047371.3407999994,0,1094744.9856,1,2,6,1
2,2,13,ok,2560,9883208.8576000016,613416.95999999996,8135244.7488000011,0,1134547.1488000001,1,1,13,1
2,2,14,ok,2368,9910960.9088000022,611057.66399999987,8133465.7152000004,0,1166437.5296,1,2,7,1
2,2,15,ok,2240,10095676.128,619315.19999999995,8266165.3440000005,0,1210195.5840000003,1,1,15,1
2,2,16,ok,2048,9771519.1808000021,603979.77599999995,7939958.374400001,0,1227581.0304,1,2,8,1
2,4,1,ok,65536,17210078.003200002,1207959.5519999999,14617313.280000001,0,1384805.1712,1,1,1,1
2,4,2,ok,32768,17276993.535999998,1207959.5519999999,14649701.1712,0,1419332.8128,1,1,2,1
2,4,3,ok,21888,17416782.835200001,1210318.848,14749966.272,0,1456497.7152,1,1,3,1
2,4,4,ok,16384,17410824.601600002,1207959.5519999999,14714476.953600001,0,1488388.0959999999,1,1,4,1
2,4,5,ok,13184,17656345.151999999,1215037.4399999999,14910480.191999998,0,1530827.52,1,1,5,1
2,4,6,ok,11008,17836150.732799999,1217396.7359999998,15050761.5744,0,1567992.4224,1,1,6,1
2,4,7,ok,9472,18048813.7984,1222115.3279999997,15218903.8848,0,1607794.5856000003,1,1,7,1
2,4,8,ok,8192,17678486.732800003,1207959.5519999999,14844028.518400002,0,1626498.6624,1,1,8,1
2,4,9,ok,7296,17818276.031999998,1210318.848,14944293.619199999,0,1663663.5648000003,1,1,9,1
2,4,10,ok,6656,18155210.240000002,1226833.9199999999,15211724.288000001,0,1716652.0319999999,1,1,10,1
2,4,11,ok,6016,18163569.599999994,1219756.0319999999,15200545.676799998,0,1743267.8912,1,1,11,1
2,4,12,ok,5504,18237643.929599997,1217396.7359999998,15245088.921599999,0,1775158.2719999999,1,1,12,1
2,4,13,ok,5120,18476005.683200002,1226833.9199999999,15428936.806400003,0,1820234.9568,1,1,13,1
2,4,14,ok,4736,18517222.528000005,1222115.3279999997,15445619.123200003,0,1849488.0768000002,1,1,14,1
2,4,15,ok,4480,18854156.736000001,1238630.3999999999,15713049.791999999,0,1902476.544,1,1,15,1
2,4,16,ok,4096,18533941.248000003,1207959.5519999999,15423261.900800001,0,1902719.7952000001,1,1,16,1
2,8,1,ok,131072,34353240.473600008,2415919.1039999998,29202238.668800004,0,2735082.7008000002,1,1,1,1
2,8,2,ok,65536,34420156.006400004,2415919.1039999998,29234626.560000002,0,2769610.3424,1,1,2,1
2,8,3,ok,43776,34632819.071999997,2420637.696,29402768.870399997,0,2809412.5056000003,1,1,3,1
2,8,4,ok,32768,34553987.071999997,2415919.1039999998,29299402.342399999,0,2838665.6255999999,1,2,2,1
2,8,5,ok,26368,34978112.639999993,2430074.8799999999,29659020.927999996,0,2889016.8320000004,1,1,5,1
2,8,6,ok,21888,34833565.670400001,2420637.696,29499932.544,0,2912995.4304,1,2,3,1
2,8,7,ok,18944,35629218.867200002,2444230.6559999995,30211092.531200003,0,2973895.6799999997,1,1,7,1
2,8,8,ok,16384,34821649.203200005,2415919.1039999998,29428953.907200001,0,2976776.1919999998,1,2,4,1
2,8,9,ok,14592,35034312.26879999,2420637.696,29597096.217599992,0,3016578.3552000006,1,1,9,1
2,8,10,ok,13184,35312690.303999998,2430074.8799999999,29820960.383999996,0,3061655.04,1,2,5,1
2,8,11,ok,12032,35591068.339199997,2439512.0639999998,30044824.550399996,0,3106731.7248,1,1,11,1
2,8,12,ok,11008,35672301.465599999,2434793.4719999996,30101523.148800001,0,3135984.8448000001,1,2,6,1
2,8,13,ok,10240,36082109.440000005,2453667.8399999999,30436831.027200006,0,3191610.5728000002,1,1,13,1
2,8,14,ok,9472,36097627.596799999,2444230.6559999995,30437807.7696,0,3215589.1712000007,1,2,7,1
2,8,15,ok,8960,36704580.480000004,2477260.7999999998,30940281.215999998,0,3287038.4640000002,1,1,15,1
2,8,16,ok,8192,35356973.465600006,2415919.1039999998,29688057.036800005,0,3252997.3248000001,1,2,8,1
2,16,1,ok,262144,68639565.414399996,4831838.2079999996,58372089.446400002,0,5435637.7599999998,1,1,1,1
2,16,2,ok,131072,68706480.947200015,4831838.2079999996,58404477.337600008,0,5470165.4016000004,1,1,2,1
2,16,3,ok,87552,69064891.545599997,4841275.392,58708374.067199998,0,5515242.0864000004,1,1,3,1
2,16,4,ok,65536,68840312.012800008,4831838.2079999996,58469253.120000005,0,5539220.6847999999,1,2,2,1
2,16,5,ok,52736,69621647.615999997,4860149.7599999998,59156102.399999991,0,5605395.4560000002,1,1,5,1
2,16,6,ok,43776,69265638.143999994,4841275.392,58805537.740799993,0,5618825.0112000005,1,2,3,1
2,16,7,ok,37888,70790029.004800007,4888461.311999999,60195469.824000001,0,5706097.8688000003,1,1,7,1
2,16,8,ok,32768,69107974.143999994,4831838.2079999996,58598804.684799999,0,5677331.2511999998,1,2,4,1
2,16,9,ok,29184,69466384.742400005,4841275.392,58902701.414399996,0,5722407.9360000007,1,1,9,1
2,16,10,ok,26368,69956225.279999986,4860149.7599999998,59318041.855999991,0,5778033.6640000008,1,2,5,1
2,16,11,ok,24064,70446065.817599997,4879024.1279999996,59733382.297599994,0,5833659.392,1,1,11,1
2,16,12,ok,21888,69667131.340800002,4841275.392,58999865.088,0,5825990.8607999999,1,4,3,1
2,16,13,ok,20480,71294316.953600004,4907335.6799999997,60452619.468800008,0,5934361.804800001,1,1,13,1
2,16,14,ok,18944,71258437.734400004,4888461.311999999,60422185.062400006,0,5947791.3599999994,1,2,7,1
2,16,15,ok,17920,72405427.967999995,4954521.5999999996,61394744.063999988,0,6056162.3040000005,1,1,15,1
2,16,16,ok,16384,69643298.40640001,4831838.2079999996,58857907.814400002,0,5953552.3839999996,1,4,4,1
2,32,1,ok,524288,137212215.296,9663676.4159999993,116711791.0016,0,10836747.8784,1,1,1,1
2,32,2,ok,262144,137279130.82879999,9663676.4159999993,116744178.8928,0,10871275.52,1,1,2,1
2,32,3,ok,175104,137929036.4928,9682550.784,117319584.46079998,0,10926901.248,1,1,3,1
2,32,4,ok,131072,137412961.89440003,9663676.4159999993,116808954.67520002,0,10940330.803200001,1,2,2,1
2,32,5,ok,105472,138908717.56799999,9720299.5199999996,118150265.344,0,11038152.704,1,1,5,1
2,32,6,ok,87552,138129783.09119999,9682550.784,117416748.1344,0,11030484.172800001,1,2,3,1
2,32,7,ok,75776,141111649.28000003,9776922.623999998,120164224.40960002,0,11170502.246400002,1,1,7,1
2,32,8,ok,65536,137680624.02560002,9663676.4159999993,116938506.24000001,0,11078441.3696,1,2,4,1
2,32,9,ok,58368,138330529.68959999,9682550.784,117513911.80799997,0,11134067.097600002,1,1,9,1
2,32,10,ok,52736,139243295.23199999,9720299.5199999996,118312204.79999998,0,11210790.912,1,2,5,1
2,32,11,ok,48128,140156060.7744,9758048.2559999991,119110497.79199998,0,11287514.726400001,1,1,11,1
2,32,12,ok,43776,138531276.28799999,9682550.784,117611075.48159999,0,11237650.022400001,1,4,3,1
2,32,13,ok,40960,141718731.9808,9814671.3599999994,120484196.352,0,11419864.2688,1,1,13,1
2,32,14,ok,37888,141580058.00960001,9776922.623999998,120390939.648,0,11412195.737600001,1,2,7,1
2,32,15,ok,35840,143807122.94400004,9909043.1999999993,122303669.76000001,0,11594409.984000001,1,1,15,1
2,32,16,ok,32768,138215948.28799999,9663676.4159999993,117197609.3696,0,11354662.5024,1,4,4,1
2,64,1,ok,1048576,274357515.05919999,19327352.831999999,233391194.11199999,0,21638968.115200002,1,1,1,1
2,64,2,ok,524288,274424430.59200001,19327352.831999999,233423582.00319999,0,21673495.7568,1,1,2,1
2,64,3,ok,350208,275657326.3872,19365101.568,234542005.24799997,0,21750219.571200002,1,1,3,1
2,64,4,ok,262144,274558261.65759999,19327352.831999999,233488357.78560001,0,21742551.039999999,1,2,2,1
2,64,5,ok,210944,277482857.47199994,19440599.039999999,236138591.23199996,0,21903667.200000003,1,1,5,1
2,64,6,ok,175104,275858072.98559999,19365101.568,234639168.92159995,0,21853802.495999999,1,2,3,1
2,64,7,ok,151552,281754889.83040005,19553845.247999996,240101733.58080006,0,22099311.001599997,1,1,7,1
2,64,8,ok,131072,274825923.78880006,19327352.831999999,233617909.35040003,0,21880661.606400002,1,2,4,1
2,64,9,ok,116736,276058819.58399993,19365101.568,234736332.59519997,0,21957385.4208,1,1,9,1
2,64,10,ok,105472,277817435.13599998,19440599.039999999,236300530.68799999,0,22076305.408,1,2,5,1
2,64,11,ok,96256,279576050.68799996,19516096.511999998,237864728.78079998,0,22195225.395200003,1,1,11,1
2,64,12,ok,87552,276259566.18239999,19365101.568,234833496.26879999,0,22060968.345600002,1,4,3,1
2,64,13,ok,81920,282567562.03520006,19629342.719999999,240547350.11840004,0,22390869.196800001,1,1,13,1
2,64,14,ok,75776,282223298.56000006,19553845.247999996,240328448.81920004,0,22341004.492800005,1,2,7,1
2,64,15,ok,71680,286610512.89600003,19818086.399999999,244121521.15199998,0,22670905.344000001,1,1,15,1
2,64,16,ok,65536,275361248.05120003,19327352.831999999,233877012.48000002,0,22156882.7392,1,4,4,1
3,1,1,ok,512,2860.6464000000001,2860.6464000000001,0,0,0,1,1,1,1
3,1,2,ok,256,2860.6464000000001,2860.6464000000001,0,0,0,1,1,2,1
3,1,3,ok,171,2866.2336,2866.2336,0,0,0,3,1,1,1
3,1,4,ok,128,2860.6464000000001,2860.6464000000001,0,0,0,2,1,2,1
3,1,5,ok,103,2877.4080000000004,2877.4080000000004,0,0,0,5,1,1,1
3,1,6,ok,86,2866.2336,2866.2336,0,0,0,3,1,2,1
3,1,7,ok,74,2894.1696000000002,2894.1696000000002,0,0,0,7,1,1,1
3,1,8,ok,64,2860.6464000000001,2860.6464000000001,0,0,0,2,1,4,1
3,1,9,ok,57,2866.2336,2866.2336,0,0,0,9,1,1,1
3,1,10,ok,52,2877.4080000000004,2877.4080000000004,0,0,0,5,1,2,1
3,1,11,ok,47,2888.5824000000002,2888.5824000000002,0,0,0,11,1,1,1
3,1,12,ok,43,2866.2336,2866.2336,0,0,0,3,1,4,1
3,1,13,ok,40,2905.3440000000001,2905.3440000000001,0,0,0,1,1,13,1
3,1,14,ok,37,2894.1696000000002,2894.1696000000002,0,0,0,7,1,2,1
3,1,15,ok,35,2911.0185000000001,2911.0185000000001,0,0,0,3,1,5,1
3,1,16,ok,32,2860.6464000000001,2860.6464000000001,0,0,0,4,1,4,1
3,2,1,ok,1024,5721.2928000000002,5721.2928000000002,0,0,0,1,1,1,1
3,2,2,ok,512,5721.2928000000002,5721.2928000000002,0,0,0,1,1,2,1
3,2,3,ok,342,5732.4672,5732.4672,0,0,0,3,1,1,1
3,2,4,ok,256,5721.2928000000002,5721.2928000000002,0,0,0,1,2,2,1
3,2,5,ok,206,5754.8160000000007,5754.8160000000007,0,0,0,5,1,1,1
3,2,6,ok,171,5732.4672,5732.4672,0,0,0,3,1,2,1
3,2,7,ok,148,5788.3392000000003,5788.3392000000003,0,0,0,7,1,1,1
3,2,8,ok,128,5721.2928000000002,5721.2928000000002,0,0,0,1,2,4,1
3,2,9,ok,114,5732.4672,5732.4672,0,0,0,9,1,1,1
3,2,10,ok,103,5754.8160000000007,5754.8160000000007,0,0,0,5,1,2,1
3,2,11,ok,94,5777.1648000000005,5777.1648000000005,0,0,0,11,1,1,1
3,2,12,ok,86,5732.4672,5732.4672,0,0,0,3,1,4,1
3,2,13,ok,80,5810.6880000000001,5810.6880000000001,0,0,0,1,1,13,1
3,2,14,ok,74,5788.3392000000003,5788.3392000000003,0,0,0,7,1,2,1
3,2,15,ok,70,5822.0370000000003,5822.0370000000003,0,0,0,3,1,5,1
3,2,16,ok,64,5721.2928000000002,5721.2928000000002,0,0,0,2,2,4,1
3,4,1,ok,2048,11442.5856,11442.5856,0,0,0,1,1,1,1
3,4,2,ok,1024,11442.5856,11442.5856,0,0,0,1,1,2,1
3,4,3,ok,684,11464.9344,11464.9344,0,0,0,3,1,1,1
3,4,4,ok,512,11442.5856,11442.5856,0,0,0,1,2,2,1
3,4,5,ok,412,11509.632000000001,11509.632000000001,0,0,0,5,1,1,1
3,4,6,ok,342,11464.9344,11464.9344,0,0,0,3,1,2,1
3,4,7,ok,296,11576.678400000001,11576.678400000001,0,0,0,7,1,1,1
3,4,8,ok,256,11442.5856,11442.5856,0,0,0,1,2,4,1
3,4,9,ok,228,11464.9344,11464.9344,0,0,0,9,1,1,1
3,4,10,ok,206,11509.632000000001,11509.632000000001,0,0,0,5,1,2,1
3,4,11,ok,188,11554.329600000001,11554.329600000001,0,0,0,11,1,1,1
3,4,12,ok,171,11464.9344,11464.9344,0,0,0,3,1,4,1
3,4,13,ok,160,11621.376,11621.376,0,0,0,1,1,13,1
3,4,14,ok,148,11576.678400000001,11576.678400000001,0,0,0,7,1,2,1
3,4,15,ok,139,11644.074000000001,11644.074000000001,0,0,0,3,1,5,1
3,4,16,ok,128,11442.5856,11442.5856,0,0,0,2,2,4,1
3,8,1,ok,4096,22885.171200000001,22885.171200000001,0,0,0,1,1,1,1
3,8,2,ok,2048,22885.171200000001,22885.171200000001,0,0,0,1,1,2,1
3,8,3,ok,1368,22929.8688,22929.8688,0,0,0,3,1,1,1
3,8,4,ok,1024,22885.171200000001,22885.171200000001,0,0,0,1,2,2,1
3,8,5,ok,824,23019.264000000003,23019.264000000003,0,0,0,5,1,1,1
3,8,6,ok,684,22929.8688,22929.8688,0,0,0,3,1,2,1
3,8,7,ok,592,23153.356800000001,23153.356800000001,0,0,0,7,1,1,1
3,8,8,ok,512,22885.171200000001,22885.171200000001,0,0,0,1,2,4,1
3,8,9,ok,456,22929.8688,22929.8688,0,0,0,9,1,1,1
3,8,10,ok,412,23019.264000000003,23019.264000000003,0,0,0,5,1,2,1
3,8,11,ok,376,23108.659200000002,23108.659200000002,0,0,0,11,1,1,1
3,8,12,ok,342,22929.8688,22929.8688,0,0,0,3,1,4,1
3,8,13,ok,320,23242.752,23242.752,0,0,0,1,1,13,1
3,8,14,ok,296,23153.356800000001,23153.356800000001,0,0,0,7,1,2,1
3,8,15,ok,278,23288.148000000001,23288.148000000001,0,0,0,3,1,5,1
3,8,16,ok,256,22885.171200000001,22885.171200000001,0,0,0,2,2,4,1
3,16,1,ok,8192,45770.342400000001,45770.342400000001,0,0,0,1,1,1,1
3,16,2,ok,4096,45770.342400000001,45770.342400000001,0,0,0,1,1,2,1
3,16,3,ok,2736,45859.7376,45859.7376,0,0,0,3,1,1,1
3,16,4,ok,2048,45770.342400000001,45770.342400000001,0,0,0,1,2,2,1
3,16,5,ok,1648,46038.528000000006,46038.528000000006,0,0,0,5,1,1,1
3,16,6,ok,1368,45859.7376,45859.7376,0,0,0,3,1,2,1
3,16,7,ok,1184,46306.713600000003,46306.713600000003,0,0,0,7,1,1,1
3,16,8,ok,1024,45770.342400000001,45770.342400000001,0,0,0,1,2,4,1
3,16,9,ok,912,45859.7376,45859.7376,0,0,0,9,1,1,1
3,16,10,ok,824,46038.528000000006,46038.528000000006,0,0,0,5,1,2,1
3,16,11,ok,752,46217.318400000004,46217.318400000004,0,0,0,11,1,1,1
3,16,12,ok,684,45859.7376,45859.7376,0,0,0,3,1,4,1
3,16,13,ok,640,46485.504000000001,46485.504000000001,0,0,0,1,1,13,1
3,16,14,ok,592,46306.713600000003,46306.713600000003,0,0,0,7,1,2,1
3,16,15,ok,556,46576.296000000002,46576.296000000002,0,0,0,3,1,5,1
3,16,16,ok,512,45770.342400000001,45770.342400000001,0,0,0,2,2,4,1
3,32,1,ok,16384,91540.684800000003,91540.684800000003,0,0,0,1,1,1,1
3,32,2,ok,8192,91540.684800000003,91540.684800000003,0,0,0,1,1,2,1
3,32,3,ok,5472,91719.475200000001,91719.475200000001,0,0,0,3,1,1,1
3,32,4,ok,4096,91540.684800000003,91540.684800000003,0,0,0,1,2,2,1
3,32,5,ok,3296,92077.056000000011,92077.056000000011,0,0,0,5,1,1,1
3,32,6,ok,2736,91719.475200000001,91719.475200000001,0,0,0,3,1,2,1
3,32,7,ok,2368,92613.427200000006,92613.427200000006,0,0,0,7,1,1,1
3,32,8,ok,2048,91540.684800000003,91540.684800000003,0,0,0,1,2,4,1
3,32,9,ok,1824,91719.475200000001,91719.475200000001,0,0,0,9,1,1,1
3,32,10,ok,1648,92077.056000000011,92077.056000000011,0,0,0,5,1,2,1
3,32,11,ok,1504,92434.636800000007,92434.636800000007,0,0,0,11,1,1,1
3,32,12,ok,1368,91719.475200000001,91719.475200000001,0,0,0,3,1,4,1
3,32,13,ok,1280,92971.008000000002,92971.008000000002,0,0,0,1,1,13,1
3,32,14,ok,1184,92613.427200000006,92613.427200000006,0,0,0,7,1,2,1
3,32,15,ok,1112,93152.592000000004,93152.592000000004,0,0,0,3,1,5,1
3,32,16,ok,1024,91540.684800000003,91540.684800000003,0,0,0,2,2,4,1
3,64,1,ok,32768,183081.36960000001,183081.36960000001,0,0,0,1,1,1,1
3,64,2,ok,16384,183081.36960000001,183081.36960000001,0,0,0,1,1,2,1
3,64,3,ok,10944,183438.9504,183438.9504,0,0,0,3,1,1,1
3,64,4,ok,8192,183081.36960000001,183081.36960000001,0,0,0,1,2,2,1
3,64,5,ok,6592,184154.11200000002,184154.11200000002,0,0,0,5,1,1,1
3,64,6,ok,5472,183438.9504,183438.9504,0,0,0,3,1,2,1
3,64,7,ok,4736,185226.85440000001,185226.85440000001,0,0,0,7,1,1,1
3,64,8,ok,4096,183081.36960000001,183081.36960000001,0,0,0,1,2,4,1
3,64,9,ok,3648,183438.9504,183438.9504,0,0,0,9,1,1,1
3,64,10,ok,3296,184154.11200000002,184154.11200000002,0,0,0,5,1,2,1
3,64,11,ok,3008,184869.27360000001,184869.27360000001,0,0,0,11,1,1,1
3,64,12,ok,2736,183438.9504,183438.9504,0,0,0,3,1,4,1
3,64,13,ok,2560,185942.016,185942.016,0,0,0,1,1,13,1
3,64,14,ok,2368,185226.85440000001,185226.85440000001,0,0,0,7,1,2,1
3,64,15,ok,2223,186305.18400000001,186305.18400000001,0,0,0,3,1,5,1
3,64,16,ok,2048,183081.36960000001,183081.36960000001,0,0,0,2,2,4,1
4,1,1,ok,16384,4587387.2896000007,301989.88799999998,3913300.3776000002,0,372097.02399999998,1,1,1,1
4,1,2,ok,8192,4630011.9040000001,301989.88799999998,3921397.3503999999,0,406624.66560000001,1,1,2,1
4,1,3,ok,5472,4691360.7648,302579.712,3946969.4303999995,0,441811.62240000005,1,1,3,1
4,1,4,ok,4096,4715261.1328000007,301989.88799999998,3937591.2960000001,0,475679.94880000001,1,1,4,1
4,1,5,ok,3296,4804054.4159999993,303759.35999999999,3988109.52,0,512185.53600000008,1,1,5,1
4,1,6,ok,2752,4875407.3471999988,304349.18399999995,4023685.6703999997,0,547372.49280000001,1,1,6,1
4,1,7,ok,2368,4955480.4544000011,305528.83199999994,4066732.8576000002,0,583218.7648,1,1,7,1
4,1,8,ok,2048,4885759.590400001,301989.88799999998,3969979.1872000005,0,613790.51520000002,1,1,8,1
4,1,9,ok,1824,4947108.4511999991,302579.712,3995551.2671999987,0,648977.47200000007,1,1,9,1
4,1,10,ok,1664,5060778.3679999998,306708.47999999998,4065949.568,0,688120.32000000007,1,1,10,1
4,1,11,ok,1504,5087246.5247999998,304939.00799999997,4061637.5007999996,0,720670.01600000006,1,1,11,1
4,1,12,ok,1376,5131155.0336000007,304349.18399999995,4072267.5072000003,0,754538.34239999996,1,1,12,1
4,1,13,ok,1280,5218664.4224000005,306708.47999999998,4120252.6976000005,0,791703.24479999999,1,1,13,1
4,1,14,ok,1184,5253852.7552000005,305528.83199999994,4123411.6672,0,824912.25600000005,1,1,14,1
4,1,15,ok,1120,5367522.6720000003,309657.59999999998,4193809.9680000003,0,864055.10400000017,1,1,15,1
4,1,16,ok,1024,5306789.0688000005,301989.88799999998,4114787.5328000002,0,890011.64800000004,1,1,16,1
4,2,1,ok,32768,9132149.9648000021,603979.77599999995,7818503.7824000008,0,709666.40639999998,1,1,1,1
4,2,2,ok,16384,9174774.5792000014,603979.77599999995,7826600.7552000005,0,744194.04799999995,1,1,2,1
4,2,3,ok,10944,9254847.6864,605159.424,7869647.9423999991,0,780040.32000000007,1,1,3,1
4,2,4,ok,8192,9260023.8080000002,603979.77599999995,7842794.7007999998,0,813249.33120000002,1,2,2,1
4,2,5,ok,6592,9394985.7599999979,607518.71999999997,7935734.175999999,0,851732.86400000006,1,1,5,1
4,2,6,ok,5472,9382721.5296,605159.424,7893938.860799999,0,883623.2448000001,1,2,3,1
4,2,7,ok,4736,9612588.6080000009,611057.66399999987,8076786.9056000002,0,924744.03840000008,1,1,7,1
4,2,8,ok,4096,9430522.2656000014,603979.77599999995,7875182.5920000002,0,951359.89760000003,1,2,4,1
4,2,9,ok,3648,9510595.3728,605159.424,7918229.7791999988,0,987206.16960000014,1,1,9,1
4,2,10,ok,3296,9608108.8319999985,607518.71999999997,7976219.04,0,1024371.0720000002,1,2,5,1
4,2,11,ok,3008,9705622.2912000008,609878.01599999995,8034208.3007999994,0,1061535.9744000002,1,1,11,1
4,2,12,ok,2752,9750814.6943999976,608698.3679999999,8047371.3407999994,0,1094744.9856,1,2,6,1
4,2,13,ok,2560,9883208.8576000016,613416.95999999996,8135244.7488000011,0,1134547.1488000001,1,1,13,1
4,2,14,ok,2368,9910960.9088000022,611057.66399999987,8133465.7152000004,0,1166437.5296,1,2,7,1
4,2,15,ok,2240,10095676.128,619315.19999999995,8266165.3440000005,0,1210195.5840000003,1,1,15,1
4,2,16,ok,2048,9771519.1808000021,603979.77599999995,7939958.374400001,0,1227581.0304,1,2,8,1
4,4,1,ok,65536,17210078.003200002,1207959.5519999999,14617313.280000001,0,1384805.1712,1,1,1,1
4,4,2,ok,32768,17276993.535999998,1207959.5519999999,14649701.1712,0,1419332.8128,1,1,2,1
4,4,3,ok,21888,17416782.835200001,1210318.848,14749966.272,0,1456497.7152,1,1,3,1
4,4,4,ok,16384,17410824.601600002,1207959.5519999999,14714476.953600001,0,1488388.0959999999,1,1,4,1
4,4,5,ok,13184,17656345.151999999,1215037.4399999999,14910480.191999998,0,1530827.52,1,1,5,1
4,4,6,ok,11008,17836150.732799999,1217396.7359999998,15050761.5744,0,1567992.4224,1,1,6,1
4,4,7,ok,9472,18048813.7984,1222115.3279999997,15218903.8848,0,1607794.5856000003,1,1,7,1
4,4,8,ok,8192,17678486.732800003,1207959.5519999999,14844028.518400002,0,1626498.6624,1,1,8,1
4,4,9,ok,7296,17818276.031999998,1210318.848,14944293.619199999,0,1663663.5648000003,1,1,9,1
4,4,10,ok,6656,18155210.240000002,1226833.9199999999,15211724.288000001,0,1716652.0319999999,1,1,10,1
4,4,11,ok,6016,18163569.599999994,1219756.0319999999,15200545.676799998,0,1743267.8912,1,1,11,1
4,4,12,ok,5504,18237643.929599997,1217396.7359999998,15245088.921599999,0,1775158.2719999999,1,1,12,1
4,4,13,ok,5120,18476005.683200002,1226833.9199999999,15428936.806400003,0,1820234.9568,1,1,13,1
4,4,14,ok,4736,18517222.528000005,1222115.3279999997,15445619.123200003,0,1849488.0768000002,1,1,14,1
4,4,15,ok,4480,18854156.736000001,1238630.3999999999,15713049.791999999,0,1902476.544,1,1,15,1
4,4,16,ok,4096,18533941.248000003,1207959.5519999999,15423261.900800001,0,1902719.7952000001,1,1,16,1
4,8,1,ok,131072,34353240.473600008,2415919.1039999998,29202238.668800004,0,2735082.7008000002,1,1,1,1
4,8,2,ok,65536,34420156.006400004,2415919.1039999998,29234626.560000002,0,2769610.3424,1,1,2,1
4,8,3,ok,43776,34632819.071999997,2420637.696,29402768.870399997,0,2809412.5056000003,1,1,3,1
4,8,4,ok,32768,34553987.071999997,2415919.1039999998,29299402.342399999,0,2838665.6255999999,1,2,2,1
4,8,5,ok,26368,34978112.639999993,2430074.8799999999,29659020.927999996,0,2889016.8320000004,1,1,5,1
4,8,6,ok,21888,34833565.670400001,2420637.696,29499932.544,0,2912995.4304,1,2,3,1
4,8,7,ok,18944,35629218.867200002,2444230.6559999995,30211092.531200003,0,2973895.6799999997,1,1,7,1
4,8,8,ok,16384,34821649.203200005,2415919.1039999998,29428953.907200001,0,2976776.1919999998,1,2,4,1
4,8,9,ok,14592,35034312.26879999,2420637.696,29597096.217599992,0,3016578.3552000006,1,1,9,1
4,8,10,ok,13184,35312690.303999998,2430074.8799999999,29820960.383999996,0,3061655.04,1,2,5,1
4,8,11,ok,12032,35591068.339199997,2439512.0639999998,30044824.550399996,0,3106731.7248,1,1,11,1
4,8,12,ok,11008,35672301.465599999,2434793.4719999996,30101523.148800001,0,3135984.8448000001,1,2,6,1
4,8,13,ok,10240,36082109.440000005,2453667.8399999999,30436831.027200006,0,3191610.5728000002,1,1,13,1
4,8,14,ok,9472,36097627.596799999,2444230.6559999995,30437807.7696,0,3215589.1712000007,1,2,7,1
4,8,15,ok,8960,36704580.480000004,2477260.7999999998,30940281.215999998,0,3287038.4640000002,1,1,15,1
4,8,16,ok,8192,35356973.465600006,2415919.1039999998,29688057.036800005,0,3252997.3248000001,1,2,8,1
4,16,1,ok,262144,68639565.414399996,4831838.2079999996,58372089.446400002,0,5435637.7599999998,1,1,1,1
4,16,2,ok,131072,68706480.947200015,4831838.2079999996,58404477.337600008,0,5470165.4016000004,1,1,2,1
4,16,3,ok,87552,69064891.545599997,4841275.392,58708374.067199998,0,5515242.0864000004,1,1,3,1
4,16,4,ok,65536,68840312.012800008,4831838.2079999996,58469253.120000005,0,5539220.6847999999,1,2,2,1
4,16,5,ok,52736,69621647.615999997,4860149.7599999998,59156102.399999991,0,5605395.4560000002,1,1,5,1
4,16,6,ok,43776,69265638.143999994,4841275.392,58805537.740799993,0,5618825.0112000005,1,2,3,1
4,16,7,ok,37888,70790029.004800007,4888461.311999999,60195469.824000001,0,5706097.8688000003,1,1,7,1
4,16,8,ok,32768,69107974.143999994,4831838.2079999996,58598804.684799999,0,5677331.2511999998,1,2,4,1
4,16,9,ok,29184,69466384.742400005,4841275.392,58902701.414399996,0,5722407.9360000007,1,1,9,1
4,16,10,ok,26368,69956225.279999986,4860149.7599999998,59318041.855999991,0,5778033.6640000008,1,2,5,1
4,16,11,ok,24064,70446065.817599997,4879024.1279999996,59733382.297599994,0,5833659.392,1,1,11,1
4,16,12,ok,21888,69667131.340800002,4841275.392,58999865.088,0,5825990.8607999999,1,4,3,1
4,16,13,ok,20480,71294316.953600004,4907335.6799999997,60452619.468800008,0,5934361.804800001,1,1,13,1
4,16,14,ok,18944,71258437.734400004,4888461.311999999,60422185.062400006,0,5947791.3599999994,1,2,7,1
4,16,15,ok,17920,72405427.967999995,4954521.5999999996,61394744.063999988,0,6056162.3040000005,1,1,15,1
4,16,16,ok,16384,69643298.40640001,4831838.2079999996,58857907.814400002,0,5953552.3839999996,1,4,4,1
4,32,1,ok,524288,137212215.296,9663676.4159999993,116711791.0016,0,10836747.8784,1,1,1,1
4,32,2,ok,262144,137279130.82879999,9663676.4159999993,116744178.8928,0,10871275.52,1,1,2,1
4,32,3,ok,175104,137929036.4928,9682550.784,117319584.46079998,0,10926901.248,1,1,3,1
4,32,4,ok,131072,137412961.89440003,9663676.4159999993,116808954.67520002,0,10940330.803200001,1,2,2,1
4,32,5,ok,105472,138908717.56799999,9720299.5199999996,118150265.344,0,11038152.704,1,1,5,1
4,32,6,ok,87552,138129783.09119999,9682550.784,117416748.1344,0,11030484.172800001,1,2,3,1
4,32,7,ok,75776,141111649.28000003,9776922.623999998,120164224.40960002,0,11170502.246400002,1,1,7,1
4,32,8,ok,65536,137680624.02560002,9663676.4159999993,116938506.24000001,0,11078441.3696,1,2,4,1
4,32,9,ok,58368,138330529.68959999,9682550.784,117513911.80799997,0,11134067.097600002,1,1,9,1
4,32,10,ok,52736,139243295.23199999,9720299.5199999996,118312204.79999998,0,11210790.912,1,2,5,1
4,32,11,ok,48128,140156060.7744,9758048.2559999991,119110497.79199998,0,11287514.726400001,1,1,11,1
4,32,12,ok,43776,138531276.28799999,9682550.784,117611075.48159999,0,11237650.022400001,1,4,3,1
4,32,13,ok,40960,141718731.9808,9814671.3599999994,120484196.352,0,11419864.2688,1,1,13,1
4,32,14,ok,37888,141580058.00960001,9776922.623999998,120390939.648,0,11412195.737600001,1,2,7,1
4,32,15,ok,35840,143807122.94400004,9909043.1999999993,122303669.76000001,0,11594409.984000001,1,1,15,1
4,32,16,ok,32768,138215948.28799999,9663676.4159999993,117197609.3696,0,11354662.5024,1,4,4,1
4,64,1,ok,1048576,274357515.05919999,19327352.831999999,233391194.11199999,0,21638968.115200002,1,1,1,1
4,64,2,ok,524288,274424430.59200001,19327352.831999999,233423582.00319999,0,21673495.7568,1,1,2,1
4,64,3,ok,350208,275657326.3872,19365101.568,234542005.24799997,0,21750219.571200002,1,1,3,1
4,64,4,ok,262144,274558261.65759999,19327352.831999999,233488357.78560001,0,21742551.039999999,1,2,2,1
4,64,5,ok,210944,277482857.47199994,19440599.039999999,236138591.23199996,0,21903667.200000003,1,1,5,1
4,64,6,ok,175104,275858072.98559999,19365101.568,234639168.92159995,0,21853802.495999999,1,2,3,1
4,64,7,ok,151552,281754889.83040005,19553845.247999996,240101733.58080006,0,22099311.001599997,1,1,7,1
4,64,8,ok,131072,274825923.78880006,19327352.831999999,233617909.35040003,0,21880661.606400002,1,2,4,1
4,64,9,ok,116736,276058819.58399993,19365101.568,234736332.59519997,0,21957385.4208,1,1,9,1
4,64,10,ok,105472,277817435.13599998,19440599.039999999,236300530.68799999,0,22076305.408,1,2,5,1
4,64,11,ok,96256,279576050.68799996,19516096.511999998,237864728.78079998,0,22195225.395200003,1,1,11,1
4,64,12,ok,87552,276259566.18239999,19365101.568,234833496.26879999,0,22060968.345600002,1,4,3,1
4,64,13,ok,81920,282567562.03520006,19629342.719999999,240547350.11840004,0,22390869.196800001,1,1,13,1
4,64,14,ok,75776,282223298.56000006,19553845.247999996,240328448.81920004,0,22341004.492800005,1,2,7,1
4,64,15,ok,71680,286610512.89600003,19818086.399999999,244121521.15199998,0,22670905.344000001,1,1,15,1
4,64,16,ok,65536,275361248.05120003,19327352.831999999,233877012.48000002,0,22156882.7392,1,4,4,1
5,1,1,ok,512,2860.6464000000001,2860.6464000000001,0,0,0,1,1,1,1
5,1,2,ok,256,2860.6464000000001,2860.6464000000001,0,0,0,1,1,2,1
5,1,3,ok,171,2866.2336,2866.2336,0,0,0,3,1,1,1
5,1,4,ok,128,2860.6464000000001,2860.6464000000001,0,0,0,2,1,2,1
5,1,5,ok,103,2877.4080000000004,2877.4080000000004,0,0,0,5,1,1,1
5,1,6,ok,86,2866.2336,2866.2336,0,0,0,3,1,2,1
5,1,7,ok,74,2894.1696000000002,2894.1696000000002,0,0,0,7,1,1,1
5,1,8,ok,64,2860.6464000000001,2860.6464000000001,0,0,0,2,1,4,1
5,1,9,ok,57,2866.2336,2866.2336,0,0,0,9,1,1,1
5,1,10,ok,52,2877.4080000000004,2877.4080000000004,0,0,0,5,1,2,1
5,1,11,ok,47,2888.5824000000002,2888.5824000000002,0,0,0,11,1,1,1
5,1,12,ok,43,2866.2336,2866.2336,0,0,0,3,1,4,1
5,1,13,ok,40,2905.3440000000001,2905.3440000000001,0,0,0,1,1,13,1
5,1,14,ok,37,2894.1696000000002,2894.1696000000002,0,0,0,7,1,2,1
5,1,15,ok,35,2911.0185000000001,2911.0185000000001,0,0,0,3,1,5,1
5,1,16,ok,32,2860.6464000000001,2860.6464000000001,0,0,0,4,1,4,1
5,2,1,ok,1024,5721.2928000000002,5721.2928000000002,0,0,0,1,1,1,1
5,2,2,ok,512,5721.2928000000002,5721.2928000000002,0,0,0,1,1,2,1
5,2,3,ok,342,5732.4672,5732.4672,0,0,0,3,1,1,1
5,2,4,ok,256,5721.2928000000002,5721.2928000000002,0,0,0,1,2,2,1
5,2,5,ok,206,5754.8160000000007,5754.8160000000007,0,0,0,5,1,1,1
5,2,6,ok,171,5732.4672,5732.4672,0,0,0,3,1,2,1
5,2,7,ok,148,5788.3392000000003,5788.3392000000003,0,0,0,7,1,1,1
5,2,8,ok,128,5721.2928000000002,5721.2928000000002,0,0,0,1,2,4,1
5,2,9,ok,114,5732.4672,5732.4672,0,0,0,9,1,1,1
5,2,10,ok,103,5754.8160000000007,5754.8160000000007,0,0,0,5,1,2,1
5,2,11,ok,94,5777.1648000000005,5777.1648000000005,0,0,0,11,1,1,1
5,2,12,ok,86,5732.4672,5732.4672,0,0,0,3,1,4,1
5,2,13,ok,80,5810.6880000000001,5810.6880000000001,0,0,0,1,1,13,1
5,2,14,ok,74,5788.3392000000003,5788.3392000000003,0,0,0,7,1,2,1
5,2,15,ok,70,5822.0370000000003,5822.0370000000003,0,0,0,3,1,5,1
5,2,16,ok,64,5721.2928000000002,5721.2928000000002,0,0,0,2,2,4,1
5,4,1,ok,2048,11442.5856,11442.5856,0,0,0,1,1,1,1
5,4,2,ok,1024,11442.5856,11442.5856,0,0,0,1,1,2,1
5,4,3,ok,684,11464.9344,11464.9344,0,0,0,3,1,1,1
5,4,4,ok,512,11442.5856,11442.5856,0,0,0,1,2,2,1
5,4,5,ok,412,11509.632000000001,11509.632000000001,0,0,0,5,1,1,1
5,4,6,ok,342,11464.9344,11464.9344,0,0,0,3,1,2,1
5,4,7,ok,296,11576.678400000001,11576.678400000001,0,0,0,7,1,1,1
5,4,8,ok,256,11442.5856,11442.5856,0,0,0,1,2,4,1
5,4,9,ok,228,11464.9344,11464.9344,0,0,0,9,1,1,1
5,4,10,ok,206,11509.632000000001,11509.632000000001,0,0,0,5,1,2,1
5,4,11,ok,188,11554.329600000001,11554.329600000001,0,0,0,11,1,1,1
5,4,12,ok,171,11464.9344,11464.9344,0,0,0,3,1,4,1
5,4,13,ok,160,11621.376,11621.376,0,0,0,1,1,13,1
5,4,14,ok,148,11576.678400000001,11576.678400000001,0,0,0,7,1,2,1
5,4,15,ok,139,11644.074000000001,11644.074000000001,0,0,0,3,1,5,1
5,4,16,ok,128,11442.5856,11442.5856,0,0,0,2,2,4,1
5,8,1,ok,4096,22885.171200000001,22885.171200000001,0,0,0,1,1,1,1
5,8,2,ok,2048,22885.171200000001,22885.171200000001,0,0,0,1,1,2,1
5,8,3,ok,1368,22929.8688,22929.8688,0,0,0,3,1,1,1
5,8,4,ok,1024,22885.171200000001,22885.171200000001,0,0,0,1,2,2,1
5,8,5,ok,824,23019.264000000003,23019.264000000003,0,0,0,5,1,1,1
5,8,6,ok,684,22929.8688,22929.8688,0,0,0,3,1,2,1
5,8,7,ok,592,23153.356800000001,23153.356800000001,0,0,0,7,1,1,1
5,8,8,ok,512,22885.171200000001,22885.171200000001,0,0,0,1,2,4,1
5,8,9,ok,456,22929.8688,22929.8688,0,0,0,9,1,1,1
5,8,10,ok,412,23019.264000000003,23019.264000000003,0,0,0,5,1,2,1
5,8,11,ok,376,23108.659200000002,23108.659200000002,0,0,0,11,1,1,1
5,8,12,ok,342,22929.8688,22929.8688,0,0,0,3,1,4,1
5,8,13,ok,320,23242.752,23242.752,0,0,0,1,1,13,1
5,8,14,ok,296,23153.356800000001,23153.356800000001,0,0,0,7,1,2,1
5,8,15,ok,278,23288.148000000001,23288.148000000001,0,0,0,3,1,5,1
5,8,16,ok,256,22885.171200000001,22885.171200000001,0,0,0,2,2,4,1
5,16,1,ok,8192,45770.342400000001,45770.342400000001,0,0,0,1,1,1,1
5,16,2,ok,4096,45770.342400000001,45770.342400000001,0,0,0,1,1,2,1
5,16,3,ok,2736,45859.7376,45859.7376,0,0,0,3,1,1,1
5,16,4,ok,2048,45770.342400000001,45770.342400000001,0,0,0,1,2,2,1
5,16,5,ok,1648,46038.528000000006,46038.528000000006,0,0,0,5,1,1,1
5,16,6,ok,1368,45859.7376,45859.7376,0,0,0,3,1,2,1
5,16,7,ok,1184,46306.713600000003,46306.713600000003,0,0,0,7,1,1,1
5,16,8,ok,1024,45770.342400000001,45770.342400000001,0,0,0,1,2,4,1
5,16,9,ok,912,45859.7376,45859.7376,0,0,0,9,1,1,1
5,16,10,ok,824,46038.528000000006,46038.528000000006,0,0,0,5,1,2,1
5,16,11,ok,752,46217.318400000004,46217.318400000004,0,0,0,11,1,1,1
5,16,12,ok,684,45859.7376,45859.7376,0,0,0,3,1,4,1
5,16,13,ok,640,46485.504000000001,46485.504000000001,0,0,0,1,1,13,1
5,16,14,ok,592,46306.713600000003,46306.713600000003,0,0,0,7,1,2,1
5,16,15,ok,556,46576.296000000002,46576.296000000002,0,0,0,3,1,5,1
5,16,16,ok,512,45770.342400000001,45770.342400000001,0,0,0,2,2,4,1
5,32,1,ok,16384,91540.684800000003,91540.684800000003,0,0,0,1,1,1,1
5,32,2,ok,8192,91540.684800000003,91540.684800000003,0,0,0,1,1,2,1
5,32,3,ok,5472,91719.475200000001,91719.475200000001,0,0,0,3,1,1,1
5,32,4,ok,4096,91540.684800000003,91540.684800000003,0,0,0,1,2,2,1
5,32,5,ok,3296,92077.056000000011,92077.056000000011,0,0,0,5,1,1,1
5,32,6,ok,2736,91719.475200000001,91719.475200000001,0,0,0,3,1,2,1
5,32,7,ok,2368,92613.427200000006,92613.427200000006,0,0,0,7,1,1,1
5,32,8,ok,2048,91540.684800000003,91540.684800000003,0,0,0,1,2,4,1
5,32,9,ok,1824,91719.475200000001,91719.475200000001,0,0,0,9,1,1,1
5,32,10,ok,1648,92077.056000000011,92077.056000000011,0,0,0,5,1,2,1
5,32,11,ok,1504,92434.636800000007,92434.636800000007,0,0,0,11,1,1,1
5,32,12,ok,1368,91719.475200000001,91719.475200000001,0,0,0,3,1,4,1
5,32,13,ok,1280,92971.008000000002,92971.008000000002,0,0,0,1,1,13,1
5,32,14,ok,1184,92613.427200000006,92613.427200000006,0,0,0,7,1,2,1
5,32,15,ok,1112,93152.592000000004,93152.592000000004,0,0,0,3,1,5,1
5,32,16,ok,1024,91540.684800000003,91540.684800000003,0,0,0,2,2,4,1
5,64,1,ok,32768,183081.36960000001,183081.36960000001,0,0,0,1,1,1,1
5,64,2,ok,16384,183081.36960000001,183081.36960000001,0,0,0,1,1,2,1
5,64,3,ok,10944,183438.9504,183438.9504,0,0,0,3,1,1,1
5,64,4,ok,8192,183081.36960000001,183081.36960000001,0,0,0,1,2,2,1
5,64,5,ok,6592,184154.11200000002,184154.11200000002,0,0,0,5,1,1,1
5,64,6,ok,5472,183438.9504,183438.9504,0,0,0,3,1,2,1
5,64,7,ok,4736,185226.85440000001,185226.85440000001,0,0,0,7,1,1,1
5,64,8,ok,4096,183081.36960000001,183081.36960000001,0,0,0,1,2,4,1
5,64,9,ok,3648,183438.9504,183438.9504,0,0,0,9,1,1,1
5,64,10,ok,3296,184154.11200000002,184154.11200000002,0,0,0,5,1,2,1
5,64,11,ok,3008,184869.27360000001,184869.27360000001,0,0,0,11,1,1,1
5,64,12,ok,2736,183438.9504,183438.9504,0,0,0,3,1,4,1
5,64,13,ok,2560,185942.016,185942.016,0,0,0,1,1,13,1
5,64,14,ok,2368,185226.85440000001,185226.85440000001,0,0,0,7,1,2,1
5,64,15,ok,2223,186305.18400000001,186305.18400000001,0,0,0,3,1,5,1
5,64,16,ok,2048,183081.36960000001,183081.36960000001,0,0,0,2,2,4,1
6,1,1,ok,16384,4587387.2896000007,301989.88799999998,3913300.3776000002,0,372097.02399999998,1,1,1,1
6,1,2,ok,8192,4630011.9040000001,301989.88799999998,3921397.3503999999,0,406624.66560000001,1,1,2,1
6,1,3,ok,5472,4691360.7648,302579.712,3946969.4303999995,0,441811.62240000005,1,1,3,1
6,1,4,ok,4096,4715261.1328000007,301989.88799999998,3937591.2960000001,0,475679.94880000001,1,1,4,1
6,1,5,ok,3296,4804054.4159999993,303759.35999999999,3988109.52,0,512185.53600000008,1,1,5,1
6,1,6,ok,2752,4875407.3471999988,304349.18399999995,4023685.6703999997,0,547372.49280000001,1,1,6,1
6,1,7,ok,2368,4955480.4544000011,305528.83199999994,4066732.8576000002,0,583218.7648,1,1,7,1
6,1,8,ok,2048,4885759.590400001,301989.88799999998,3969979.1872000005,0,613790.51520000002,1,1,8,1
6,1,9,ok,1824,4947108.4511999991,302579.712,3995551.2671999987,0,648977.47200000007,1,1,9,1
6,1,10,ok,1664,5060778.3679999998,306708.47999999998,4065949.568,0,688120.32000000007,1,1,10,1
6,1,11,ok,1504,5087246.5247999998,304939.00799999997,4061637.5007999996,0,720670.01600000006,1,1,11,1
6,1,12,ok,1376,5131155.0336000007,304349.18399999995,4072267.5072000003,0,754538.34239999996,1,1,12,1
6,1,13,ok,1280,5218664.4224000005,306708.47999999998,4120252.6976000005,0,791703.24479999999,1,1,13,1
6,1,14,ok,1184,5253852.7552000005,305528.83199999994,4123411.6672,0,824912.25600000005,1,1,14,1
6,1,15,ok,1120,5367522.6720000003,309657.59999999998,4193809.9680000003,0,864055.10400000017,1,1,15,1
6,1,16,ok,1024,5306789.0688000005,301989.88799999998,4114787.5328000002,0,890011.64800000004,1,1,16,1
6,2,1,ok,32768,9132149.9648000021,603979.77599999995,7818503.7824000008,0,709666.40639999998,1,1,1,1
6,2,2,ok,16384,9174774.5792000014,603979.77599999995,7826600.7552000005,0,744194.04799999995,1,1,2,1
6,2,3,ok,10944,9254847.6864,605159.424,7869647.9423999991,0,780040.32000000007,1,1,3,1
6,2,4,ok,8192,9260023.8080000002,603979.77599999995,7842794.7007999998,0,813249.33120000002,1,2,2,1
6,2,5,ok,6592,9394985.7599999979,607518.71999999997,7935734.175999999,0,851732.86400000006,1,1,5,1
6,2,6,ok,5472,9382721.5296,605159.424,7893938.860799999,0,883623.2448000001,1,2,3,1
6,2,7,ok,4736,9612588.6080000009,611057.66399999987,8076786.9056000002,0,924744.03840000008,1,1,7,1
6,2,8,ok,4096,9430522.2656000014,603979.77599999995,7875182.5920000002,0,951359.89760000003,1,2,4,1
6,2,9,ok,3648,9510595.3728,605159.424,7918229.7791999988,0,987206.16960000014,1,1,9,1
6,2,10,ok,3296,9608108.8319999985,607518.71999999997,7976219.04,0,1024371.0720000002,1,2,5,1
6,2,11,ok,3008,9705622.2912000008,609878.01599999995,8034208.3007999994,0,1061535.9744000002,1,1,11,1
6,2,12,ok,2752,9750814.6943999976,608698.3679999999,8047371.3407999994,0,1094744.9856,1,2,6,1
6,2,13,ok,2560,9883208.8576000016,613416.95999999996,8135244.7488000011,0,1134547.1488000001,1,1,13,1
6,2,14,ok,2368,9910960.9088000022,611057.66399999987,8133465.7152000004,0,1166437.5296,1,2,7,1
6,2,15,ok,2240,10095676.128,619315.19999999995,8266165.3440000005,0,1210195.5840000003,1,1,15,1
6,2,16,ok,2048,9771519.1808000021,603979.77599999995,7939958.374400001,0,1227581.0304,1,2,8,1
6,4,1,ok,65536,17210078.003200002,1207959.5519999999,14617313.280000001,0,1384805.1712,1,1,1,1
6,4,2,ok,32768,17276993.535999998,1207959.5519999999,14649701.1712,0,1419332.8128,1,1,2,1
6,4,3,ok,21888,17416782.835200001,1210318.848,14749966.272,0,1456497.7152,1,1,3,1
6,4,4,ok,16384,17410824.601600002,1207959.5519999999,14714476.953600001,0,1488388.0959999999,1,1,4,1
6,4,5,ok,13184,17656345.151999999,1215037.4399999999,14910480.191999998,0,1530827.52,1,1,5,1
6,4,6,ok,11008,17836150.732799999,1217396.7359999998,15050761.5744,0,1567992.4224,1,1,6,1
6,4,7,ok,9472,18048813.7984,1222115.3279999997,15218903.8848,0,1607794.5856000003,1,1,7,1
6,4,8,ok,8192,17678486.732800003,1207959.5519999999,14844028.518400002,0,1626498.6624,1,1,8,1
6,4,9,ok,7296,17818276.031999998,1210318.848,14944293.619199999,0,1663663.5648000003,1,1,9,1
6,4,10,ok,6656,18155210.240000002,1226833.9199999999,15211724.288000001,0,1716652.0319999999,1,1,10,1
6,4,11,ok,6016,18163569.599999994,1219756.0319999999,15200545.676799998,0,1743267.8912,1,1,11,1
6,4,12,ok,5504,18237643.929599997,1217396.7359999998,15245088.921599999,0,1775158.2719999999,1,1,12,1
6,4,13,ok,5120,18476005.683200002,1226833.9199999999,15428936.806400003,0,1820234.9568,1,1,13,1
6,4,14,ok,4736,18517222.528000005,1222115.3279999997,15445619.123200003,0,1849488.0768000002,1,1,14,1
6,4,15,ok,4480,18854156.736000001,1238630.3999999999,15713049.791999999,0,1902476.544,1,1,15,1
6,4,16,ok,4096,18533941.248000003,1207959.5519999999,15423261.900800001,0,1902719.7952000001,1,1,16,1
6,8,1,ok,131072,34353240.473600008,2415919.1039999998,29202238.668800004,0,2735082.7008000002,1,1,1,1
6,8,2,ok,65536,34420156.006400004,2415919.1039999998,29234626.560000002,0,2769610.3424,1,1,2,1
6,8,3,ok,43776,34632819.071999997,2420637.696,29402768.870399997,0,2809412.5056000003,1,1,3,1
6,8,4,ok,32768,34553987.071999997,2415919.1039999998,29299402.342399999,0,2838665.6255999999,1,2,2,1
6,8,5,ok,26368,34978112.639999993,2430074.8799999999,29659020.927999996,0,2889016.8320000004,1,1,5,1
6,8,6,ok,21888,34833565.670400001,2420637.696,29499932.544,0,2912995.4304,1,2,3,1
6,8,7,ok,18944,35629218.867200002,2444230.6559999995,30211092.531200003,0,2973895.6799999997,1,1,7,1
6,8,8,ok,16384,34821649.203200005,2415919.1039999998,29428953.907200001,0,2976776.1919999998,1,2,4,1
6,8,9,ok,14592,35034312.26879999,2420637.696,29597096.217599992,0,3016578.3552000006,1,1,9,1
6,8,10,ok,13184,35312690.303999998,2430074.8799999999,29820960.383999996,0,3061655.04,1,2,5,1
6,8,11,ok,12032,35591068.339199997,2439512.0639999998,30044824.550399996,0,3106731.7248,1,1,11,1
6,8,12,ok,11008,35672301.465599999,2434793.4719999996,30101523.148800001,0,3135984.8448000001,1,2,6,1
6,8,13,ok,10240,36082109.440000005,2453667.8399999999,30436831.027200006,0,3191610.5728000002,1,1,13,1
6,8,14,ok,9472,36097627.596799999,2444230.6559999995,30437807.7696,0,3215589.1712000007,1,2,7,1
6,8,15,ok,8960,36704580.480000004,2477260.7999999998,30940281.215999998,0,3287038.4640000002,1,1,15,1
6,8,16,ok,8192,35356973.465600006,2415919.1039999998,29688057.036800005,0,3252997.3248000001,1,2,8,1
6,16,1,ok,262144,68639565.414399996,4831838.2079999996,58372089.446400002,0,5435637.7599999998,1,1,1,1
6,16,2,ok,131072,68706480.947200015,4831838.2079999996,58404477.337600008,0,5470165.4016000004,1,1,2,1
6,16,3,ok,87552,69064891.545599997,4841275.392,58708374.067199998,0,5515242.0864000004,1,1,3,1
6,16,4,ok,65536,68840312.012800008,4831838.2079999996,58469253.120000005,0,5539220.6847999999,1,2,2,1
6,16,5,ok,52736,69621647.615999997,4860149.7599999998,59156102.399999991,0,5605395.4560000002,1,1,5,1
6,16,6,ok,43776,69265638.143999994,4841275.392,58805537.740799993,0,5618825.0112000005,1,2,3,1
6,16,7,ok,37888,70790029.004800007,4888461.311999999,60195469.824000001,0,5706097.8688000003,1,1,7,1
6,16,8,ok,32768,69107974.143999994,4831838.2079999996,58598804.684799999,0,5677331.2511999998,1,2,4,1
6,16,9,ok,29184,69466384.742400005,4841275.392,58902701.414399996,0,5722407.9360000007,1,1,9,1
6,16,10,ok,26368,69956225.279999986,4860149.7599999998,59318041.855999991,0,5778033.6640000008,1,2,5,1
6,16,11,ok,24064,70446065.817599997,4879024.1279999996,59733382.297599994,0,5833659.392,1,1,11,1
6,16,12,ok,21888,69667131.340800002,4841275.392,58999865.088,0,5825990.8607999999,1,4,3,1
6,16,13,ok,20480,71294316.953600004,4907335.6799999997,60452619.468800008,0,5934361.804800001,1,1,13,1
6,16,14,ok,18944,71258437.734400004,4888461.311999999,60422185.062400006,0,5947791.3599999994,1,2,7,1
6,16,15,ok,17920,72405427.967999995,4954521.5999999996,61394744.063999988,0,6056162.3040000005,1,1,15,1
6,16,16,ok,16384,69643298.40640001,4831838.2079999996,58857907.814400002,0,5953552.3839999996,1,4,4,1
6,32,1,ok,524288,137212215.296,9663676.4159999993,116711791.0016,0,10836747.8784,1,1,1,1
6,32,2,ok,262144,137279130.82879999,9663676.4159999993,116744178.8928,0,10871275.52,1,1,2,1
6,32,3,ok,175104,137929036.4928,9682550.784,117319584.46079998,0,10926901.248,1,1,3,1
6,32,4,ok,131072,137412961.89440003,9663676.4159999993,116808954.67520002,0,10940330.803200001,1,2,2,1
6,32,5,ok,105472,138908717.56799999,9720299.5199999996,118150265.344,0,11038152.704,1,1,5,1
6,32,6,ok,87552,138129783.09119999,9682550.784,117416748.1344,0,11030484.172800001,1,2,3,1
6,32,7,ok,75776,141111649.28000003,9776922.623999998,120164224.40960002,0,11170502.246400002,1,1,7,1
6,32,8,ok,65536,137680624.02560002,9663676.4159999993,116938506.24000001,0,11078441.3696,1,2,4,1
6,32,9,ok,58368,138330529.68959999,9682550.784,117513911.80799997,0,11134067.097600002,1,1,9,1
6,32,10,ok,52736,139243295.23199999,9720299.5199999996,118312204.79999998,0,11210790.912,1,2,5,1
6,32,11,ok,48128,140156060.7744,9758048.2559999991,119110497.79199998,0,11287514.726400001,1,1,11,1
6,32,12,ok,43776,138531276.28799999,9682550.784,117611075.48159999,0,11237650.022400001,1,4,3,1
6,32,13,ok,40960,141718731.9808,9814671.3599999994,120484196.352,0,11419864.2688,1,1,13,1
6,32,14,ok,37888,141580058.00960001,9776922.623999998,120390939.648,0,11412195.737600001,1,2,7,1
6,32,15,ok,35840,143807122.94400004,9909043.1999999993,122303669.76000001,0,11594409.984000001,1,1,15,1
6,32,16,ok,32768,138215948.28799999,9663676.4159999993,117197609.3696,0,11354662.5024,1,4,4,1
6,64,1,ok,1048576,274357515.05919999,19327352.831999999,233391194.11199999,0,21638968.115200002,1,1,1,1
6,64,2,ok,524288,274424430.59200001,19327352.831999999,233423582.00319999,0,21673495.7568,1,1,2,1
6,64,3,ok,350208,275657326.3872,19365101.568,234542005.24799997,0,21750219.571200002,1,1,3,1
6,64,4,ok,262144,274558261.65759999,19327352.831999999,233488357.78560001,0,21742551.039999999,1,2,2,1
6,64,5,ok,210944,277482857.47199994,19440599.039999999,236138591.23199996,0,21903667.200000003,1,1,5,1
6,64,6,ok,175104,275858072.98559999,19365101.568,234639168.92159995,0,21853802.495999999,1,2,3,1
6,64,7,ok,151552,281754889.83040005,19553845.247999996,240101733.58080006,0,22099311.001599997,1,1,7,1
6,64,8,ok,131072,274825923.78880006,19327352.831999999,233617909.35040003,0,21880661.606400002,1,2,4,1
6,64,9,ok,116736,276058819.58399993,19365101.568,234736332.59519997,0,21957385.4208,1,1,9,1
6,64,10,ok,105472,277817435.13599998,19440599.039999999,236300530.68799999,0,22076305.408,1,2,5,1
6,64,11,ok,96256,279576050.68799996,19516096.511999998,237864728.78079998,0,22195225.395200003,1,1,11,1
6,64,12,ok,87552,276259566.18239999,19365101.568,234833496.26879999,0,22060968.345600002,1,4,3,1
6,64,13,ok,81920,282567562.03520006,19629342.719999999,240547350.11840004,0,22390869.196800001,1,1,13,1
6,64,14,ok,75776,282223298.56000006,19553845.247999996,240328448.81920004,0,22341004.492800005,1,2,7,1
6,64,15,ok,71680,286610512.89600003,19818086.399999999,244121521.15199998,0,22670905.344000001,1,1,15,1
6,64,16,ok,65536,275361248.05120003,19327352.831999999,233877012.48000002,0,22156882.7392,1,4,4,1
7,1,1,ok,512,2860.6464000000001,2860.6464000000001,0,0,0,1,1,1,1
7,1,2,ok,256,2860.6464000000001,2860.6464000000001,0,0,0,1,1,2,1
7,1,3,ok,171,2866.2336,2866.2336,0,0,0,3,1,1,1
7,1,4,ok,128,2860.6464000000001,2860.6464000000001,0,0,0,2,1,2,1
7,1,5,ok,103,2877.4080000000004,2877.4080000000004,0,0,0,5,1,1,1
7,1,6,ok,86,2866.2336,2866.2336,0,0,0,3,1,2,1
7,1,7,ok,74,2894.1696000000002,2894.1696000000002,0,0,0,7,1,1,1
7,1,8,ok,64,2860.6464000000001,2860.6464000000001,0,0,0,2,1,4,1
7,1,9,ok,57,2866.2336,2866.2336,0,0,0,9,1,1,1
7,1,10,ok,52,2877.4080000000004,2877.4080000000004,0,0,0,5,1,2,1
7,1,11,ok,47,2888.5824000000002,2888.5824000000002,0,0,0,11,1,1,1
7,1,12,ok,43,2866.2336,2866.2336,0,0,0,3,1,4,1
7,1,13,ok,40,2905.3440000000001,2905.3440000000001,0,0,0,1,1,13,1
7,1,14,ok,37,2894.1696000000002,2894.1696000000002,0,0,0,7,1,2,1
7,1,15,ok,35,2911.0185000000001,2911.0185000000001,0,0,0,3,1,5,1
7,1,16,ok,32,2860.6464000000001,2860.6464000000001,0,0,0,4,1,4,1
7,2,1,ok,1024,5721.2928000000002,5721.2928000000002,0,0,0,1,1,1,1
7,2,2,ok,512,5721.2928000000002,5721.2928000000002,0,0,0,1,1,2,1
7,2,3,ok,342,5732.4672,5732.4672,0,0,0,3,1,1,1
7,2,4,ok,256,5721.2928000000002,5721.2928000000002,0,0,0,1,2,2,1
7,2,5,ok,206,5754.8160000000007,5754.8160000000007,0,0,0,5,1,1,1
7,2,6,ok,171,5732.4672,5732.4672,0,0,0,3,1,2,1
7,2,7,ok,148,5788.3392000000003,5788.3392000000003,0,0,0,7,1,1,1
7,2,8,ok,128,5721.2928000000002,5721.2928000000002,0,0,0,1,2,4,1
7,2,9,ok,114,5732.4672,5732.4672,0,0,0,9,1,1,1
7,2,10,ok,103,5754.8160000000007,5754.8160000000007,0,0,0,5,1,2,1
7,2,11,ok,94,5777.1648000000005,5777.1648000000005,0,0,0,11,1,1,1
7,2,12,ok,86,5732.4672,5732.4672,0,0,0,3,1,4,1
7,2,13,ok,80,5810.6880000000001,5810.6880000000001,0,0,0,1,1,13,1
7,2,14,ok,74,5788.3392000000003,5788.3392000000003,0,0,0,7,1,2,1
7,2,15,ok,70,5822.0370000000003,5822.0370000000003,0,0,0,3,1,5,1
7,2,16,ok,64,5721.2928000000002,5721.2928000000002,0,0,0,2,2,4,1
7,4,1,ok,2048,11442.5856,11442.5856,0,0,0,1,1,1,1
7,4,2,ok,1024,11442.5856,11442.5856,0,0,0,1,1,2,1
7,4,3,ok,684,11464.9344,11464.9344,0,0,0,3,1,1,1
7,4,4,ok,512,11442.5856,11442.5856,0,0,0,1,2,2,1
7,4,5,ok,412,11509.632000000001,11509.632000000001,0,0,0,5,1,1,1
7,4,6,ok,342,11464.9344,11464.9344,0,0,0,3,1,2,1
7,4,7,ok,296,11576.678400000001,11576.678400000001,0,0,0,7,1,1,1
7,4,8,ok,256,11442.5856,11442.5856,0,0,0,1,2,4,1
7,4,9,ok,228,11464.9344,11464.9344,0,0,0,9,1,1,1
7,4,10,ok,206,11509.632000000001,11509.632000000001,0,0,0,5,1,2,1
7,4,11,ok,188,11554.329600000001,11554.329600000001,0,0,0,11,1,1,1
7,4,12,ok,171,11464.9344,11464.9344,0,0,0,3,1,4,1
7,4,13,ok,160,11621.376,11621.376,0,0,0,1,1,13,1
7,4,14,ok,148,11576.678400000001,11576.678400000001,0,0,0,7,1,2,1
7,4,15,ok,139,11644.074000000001,11644.074000000001,0,0,0,3,1,5,1
7,4,16,ok,128,11442.5856,11442.5856,0,0,0,2,2,4,1
7,8,1,ok,4096,22885.171200000001,22885.171200000001,0,0,0,1,1,1,1
7,8,2,ok,2048,22885.171200000001,22885.171200000001,0,0,0,1,1,2,1
7,8,3,ok,1368,22929.8688,22929.8688,0,0,0,3,1,1,1
7,8,4,ok,1024,22885.171200000001,22885.171200000001,0,0,0,1,2,2,1
7,8,5,ok,824,23019.264000000003,23019.264000000003,0,0,0,5,1,1,1
7,8,6,ok,684,22929.8688,22929.8688,0,0,0,3,1,2,1
7,8,7,ok,592,23153.356800000001,23153.356800000001,0,0,0,7,1,1,1
7,8,8,ok,512,22885.171200000001,22885.171200000001,0,0,0,1,2,4,1
7,8,9,ok,456,22929.8688,22929.8688,0,0,0,9,1,1,1
7,8,10,ok,412,23019.264000000003,23019.264000000003,0,0,0,5,1,2,1
7,8,11,ok,376,23108.659200000002,23108.659200000002,0,0,0,11,1,1,1
7,8,12,ok,342,22929.8688,22929.8688,0,0,0,3,1,4,1
7,8,13,ok,320,23242.752,23242.752,0,0,0,1,1,13,1
7,8,14,ok,296,23153.356800000001,23153.356800000001,0,0,0,7,1,2,1
7,8,15,ok,278,23288.148000000001,23288.148000000001,0,0,0,3,1,5,1
7,8,16,ok,256,22885.171200000001,22885.171200000001,0,0,0,2,2,4,1
7,16,1,ok,8192,45770.342400000001,45770.342400000001,0,0,0,1,1,1,1
7,16,2,ok,4096,45770.342400000001,45770.342400000001,0,0,0,1,1,2,1
7,16,3,ok,2736,45859.7376,45859.7376,0,0,0,3,1,1,1
7,16,4,ok,2048,45770.342400000001,45770.342400000001,0,0,0,1,2,2,1
7,16,5,ok,1648,46038.528000000006,46038.528000000006,0,0,0,5,1,1,1
7,16,6,ok,1368,45859.7376,45859.7376,0,0,0,3,1,2,1
7,16,7,ok,1184,46306.713600000003,46306.713600000003,0,0,0,7,1,1,1
7,16,8,ok,1024,45770.342400000001,45770.342400000001,0,0,0,1,2,4,1
7,16,9,ok,912,45859.7376,45859.7376,0,0,0,9,1,1,1
7,16,10,ok,824,46038.528000000006,46038.528000000006,0,0,0,5,1,2,1
7,16,11,ok,752,46217.318400000004,46217.318400000004,0,0,0,11,1,1,1
7,16,12,ok,684,45859.7376,45859.7376,0,0,0,3,1,4,1
7,16,13,ok,640,46485.504000000001,46485.504000000001,0,0,0,1,1,13,1
7,16,14,ok,592,46306.713600000003,46306.713600000003,0,0,0,7,1,2,1
7,16,15,ok,556,46576.296000000002,46576.296000000002,0,0,0,3,1,5,1
7,16,16,ok,512,45770.342400000001,45770.342400000001,0,0,0,2,2,4,1
7,32,1,ok,16384,91540.684800000003,91540.684800000003,0,0,0,1,1,1,1
7,32,2,ok,8192,91540.684800000003,91540.684800000003,0,0,0,1,1,2,1
7,32,3,ok,5472,91719.475200000001,91719.475200000001,0,0,0,3,1,1,1
7,32,4,ok,4096,91540.684800000003,91540.684800000003,0,0,0,1,2,2,1
7,32,5,ok,3296,92077.056000000011,92077.056000000011,0,0,0,5,1,1,1
7,32,6,ok,2736,91719.475200000001,91719.475200000001,0,0,0,3,1,2,1
7,32,7,ok,2368,92613.427200000006,92613.427200000006,0,0,0,7,1,1,1
7,32,8,ok,2048,91540.684800000003,91540.684800000003,0,0,0,1,2,4,1
7,32,9,ok,1824,91719.475200000001,91719.475200000001,0,0,0,9,1,1,1
7,32,10,ok,1648,92077.056000000011,92077.056000000011,0,0,0,5,1,2,1
7,32,11,ok,1504,92434.636800000007,92434.636800000007,0,0,0,11,1,1,1
7,32,12,ok,1368,91719.475200000001,91719.475200000001,0,0,0,3,1,4,1
7,32,13,ok,1280,92971.008000000002,92971.008000000002,0,0,0,1,1,13,1
7,32,14,ok,1184,92613.427200000006,92613.427200000006,0,0,0,7,1,2,1
7,32,15,ok,1112,93152.592000000004,93152.592000000004,0,0,0,3,1,5,1
7,32,16,ok,1024,91540.684800000003,91540.684800000003,0,0,0,2,2,4,1
7,64,1,ok,32768,183081.36960000001,183081.36960000001,0,0,0,1,1,1,1
7,64,2,ok,16384,183081.36960000001,183081.36960000001,0,0,0,1,1,2,1
7,64,3,ok,10944,183438.9504,183438.9504,0,0,0,3,1,1,1
7,64,4,ok,8192,183081.36960000001,183081.36960000001,0,0,0,1,2,2,1
7,64,5,ok,6592,184154.11200000002,184154.11200000002,0,0,0,5,1,1,1
7,64,6,ok,5472,183438.9504,183438.9504,0,0,0,3,1,2,1
7,64,7,ok,4736,185226.85440000001,185226.85440000001,0,0,0,7,1,1,1
7,64,8,ok,4096,183081.36960000001,183081.36960000001,0,0,0,1,2,4,1
7,64,9,ok,3648,183438.9504,183438.9504,0,0,0,9,1,1,1
7,64,10,ok,3296,184154.11200000002,184154.11200000002,0,0,0,5,1,2,1
7,64,11,ok,3008,184869.27360000001,184869.27360000001,0,0,0,11,1,1,1
7,64,12,ok,2736,183438.9504,183438.9504,0,0,0,3,1,4,1
7,64,13,ok,2560,185942.016,185942.016,0,0,0,1,1,13,1
7,64,14,ok,2368,185226.85440000001,185226.85440000001,0,0,0,7,1,2,1
7,64,15,ok,2223,186305.18400000001,186305.18400000001,0,0,0,3,1,5,1
7,64,16,ok,2048,183081.36960000001,183081.36960000001,0,0,0,2,2,4,1
8,1,1,ok,16384,4587387.2896000007,301989.88799999998,3913300.3776000002,0,372097.02399999998,1,1,1,1
8,1,2,ok,8192,4630011.9040000001,301989.88799999998,3921397.3503999999,0,406624.66560000001,1,1,2,1
8,1,3,ok,5472,4691360.7648,302579.712,3946969.4303999995,0,441811.62240000005,1,1,3,1
8,1,4,ok,4096,4715261.1328000007,301989.88799999998,3937591.2960000001,0,475679.94880000001,1,1,4,1
8,1,5,ok,3296,4804054.4159999993,303759.35999999999,3988109.52,0,512185.53600000008,1,1,5,1
8,1,6,ok,2752,4875407.3471999988,304349.18399999995,4023685.6703999997,0,547372.49280000001,1,1,6,1
8,1,7,ok,2368,4955480.4544000011,305528.83199999994,4066732.8576000002,0,583218.7648,1,1,7,1
8,1,8,ok,2048,4885759.590400001,301989.88799999998,3969979.1872000005,0,613790.51520000002,1,1,8,1
8,1,9,ok,1824,4947108.4511999991,302579.712,3995551.2671999987,0,648977.47200000007,1,1,9,1
8,1,10,ok,1664,5060778.3679999998,306708.47999999998,4065949.568,0,688120.32000000007,1,1,10,1
8,1,11,ok,1504,5087246.5247999998,304939.00799999997,4061637.5007999996,0,720670.01600000006,1,1,11,1
8,1,12,ok,1376,5131155.0336000007,304349.18399999995,4072267.5072000003,0,754538.34239999996,1,1,12,1
8,1,13,ok,1280,5218664.4224000005,306708.47999999998,4120252.6976000005,0,791703.24479999999,1,1,13,1
8,1,14,ok,1184,5253852.7552000005,305528.83199999994,4123411.6672,0,824912.25600000005,1,1,14,1
8,1,15,ok,1120,5367522.6720000003,309657.59999999998,4193809.9680000003,0,864055.10400000017,1,1,15,1
8,1,16,ok,1024,5306789.0688000005,301989.88799999998,4114787.5328000002,0,890011.64800000004,1,1,16,1
8,2,1,ok,32768,9132149.9648000021,603979.77599999995,7818503.7824000008,0,709666.40639999998,1,1,1,1
8,2,2,ok,16384,9174774.5792000014,603979.77599999995,7826600.7552000005,0,744194.04799999995,1,1,2,1
8,2,3,ok,10944,9254847.6864,605159.424,7869647.9423999991,0,780040.32000000007,1,1,3,1
8,2,4,ok,8192,9260023.8080000002,603979.77599999995,7842794.7007999998,0,813249.33120000002,1,2,2,1
8,2,5,ok,6592,9394985.7599999979,607518.71999999997,7935734.175999999,0,851732.86400000006,1,1,5,1
8,2,6,ok,5472,9382721.5296,605159.424,7893938.860799999,0,883623.2448000001,1,2,3,1
8,2,7,ok,4736,9612588.6080000009,611057.66399999987,8076786.9056000002,0,924744.03840000008,1,1,7,1
8,2,8,ok,4096,9430522.2656000014,603979.77599999995,7875182.5920000002,0,951359.89760000003,1,2,4,1
8,2,9,ok,3648,9510595.3728,605159.424,7918229.7791999988,0,987206.16960000014,1,1,9,1
8,2,10,ok,3296,9608108.8319999985,607518.71999999997,7976219.04,0,1024371.0720000002,1,2,5,1
8,2,11,ok,3008,9705622.2912000008,609878.01599999995,8034208.3007999994,0,1061535.9744000002,1,1,11,1
8,2,12,ok,2752,9750814.6943999976,608698.3679999999,8047371.3407999994,0,1094744.9856,1,2,6,1
8,2,13,ok,2560,9883208.8576000016,613416.95999999996,8135244.7488000011,0,1134547.1488000001,1,1,13,1
8,2,14,ok,2368,9910960.9088000022,611057.66399999987,8133465.7152000004,0,1166437.5296,1,2,7,1
8,2,15,ok,2240,10095676.128,619315.19999999995,8266165.3440000005,0,1210195.5840000003,1,1,15,1
8,2,16,ok,2048,9771519.1808000021,603979.77599999995,7939958.374400001,0,1227581.0304,1,2,8,1
8,4,1,ok,65536,17210078.003200002,1207959.5519999999,14617313.280000001,0,1384805.1712,1,1,1,1
8,4,2,ok,32768,17276993.535999998,1207959.5519999999,14649701.1712,0,1419332.8128,1,1,2,1
8,4,3,ok,21888,17416782.835200001,1210318.848,14749966.272,0,1456497.7152,1,1,3,1
8,4,4,ok,16384,17410824.601600002,1207959.5519999999,14714476.953600001,0,1488388.0959999999,1,1,4,1
8,4,5,ok,13184,17656345.151999999,1215037.4399999999,14910480.191999998,0,1530827.52,1,1,5,1
8,4,6,ok,11008,17836150.732799999,1217396.7359999998,15050761.5744,0,1567992.4224,1,1,6,1
8,4,7,ok,9472,18048813.7984,1222115.3279999997,15218903.8848,0,1607794.5856000003,1,1,7,1
8,4,8,ok,8192,17678486.732800003,1207959.5519999999,14844028.518400002,0,1626498.6624,1,1,8,1
8,4,9,ok,7296,17818276.031999998,1210318.848,14944293.619199999,0,1663663.5648000003,1,1,9,1
8,4,10,ok,6656,18155210.240000002,1226833.9199999999,15211724.288000001,0,1716652.0319999999,1,1,10,1
8,4,11,ok,6016,18163569.599999994,1219756.0319999999,15200545.676799998,0,1743267.8912,1,1,11,1
8,4,12,ok,5504,18237643.929599997,1217396.7359999998,15245088.921599999,0,1775158.2719999999,1,1,12,1
8,4,13,ok,5120,18476005.683200002,1226833.9199999999,15428936.806400003,0,1820234.9568,1,1,13,1
8,4,14,ok,4736,18517222.528000005,1222115.3279999997,15445619.123200003,0,1849488.0768000002,1,1,14,1
8,4,15,ok,4480,18854156.736000001,1238630.3999999999,15713049.791999999,0,1902476.544,1,1,15,1
8,4,16,ok,4096,18533941.248000003,1207959.5519999999,15423261.900800001,0,1902719.7952000001,1,1,16,1
8,8,1,ok,131072,34353240.473600008,2415919.1039999998,29202238.668800004,0,2735082.7008000002,1,1,1,1
8,8,2,ok,65536,34420156.006400004,2415919.1039999998,29234626.560000002,0,2769610.3424,1,1,2,1
8,8,3,ok,43776,34632819.071999997,2420637.696,29402768.870399997,0,2809412.5056000003,1,1,3,1
8,8,4,ok,32768,34553987.071999997,2415919.1039999998,29299402.342399999,0,2838665.6255999999,1,2,2,1
8,8,5,ok,26368,34978112.639999993,2430074.8799999999,29659020.927999996,0,2889016.8320000004,1,1,5,1
8,8,6,ok,21888,34833565.670400001,2420637.696,29499932.544,0,2912995.4304,1,2,3,1
8,8,7,ok,18944,35629218.867200002,2444230.6559999995,30211092.531200003,0,2973895.6799999997,1,1,7,1
8,8,8,ok,16384,34821649.203200005,2415919.1039999998,29428953.907200001,0,2976776.1919999998,1,2,4,1
8,8,9,ok,14592,35034312.26879999,2420637.696,29597096.217599992,0,3016578.3552000006,1,1,9,1
8,8,10,ok,13184,35312690.303999998,2430074.8799999999,29820960.383999996,0,3061655.04,1,2,5,1
8,8,11,ok,12032,35591068.339199997,2439512.0639999998,30044824.550399996,0,3106731.7248,1,1,11,1
8,8,12,ok,11008,35672301.465599999,2434793.4719999996,30101523.148800001,0,3135984.8448000001,1,2,6,1
8,8,13,ok,10240,36082109.440000005,2453667.8399999999,30436831.027200006,0,3191610.5728000002,1,1,13,1
8,8,14,ok,9472,36097627.596799999,2444230.6559999995,30437807.7696,0,3215589.1712000007,1,2,7,1
8,8,15,ok,8960,36704580.480000004,2477260.7999999998,30940281.215999998,0,3287038.4640000002,1,1,15,1
8,8,16,ok,8192,35356973.465600006,2415919.1039999998,29688057.036800005,0,3252997.3248000001,1,2,8,1
8,16,1,ok,262144,68639565.414399996,4831838.2079999996,58372089.446400002,0,5435637.7599999998,1,1,1,1
8,16,2,ok,131072,68706480.947200015,4831838.2079999996,58404477.337600008,0,5470165.4016000004,1,1,2,1
8,16,3,ok,87552,69064891.545599997,4841275.392,58708374.067199998,0,5515242.0864000004,1,1,3,1
8,16,4,ok,65536,68840312.012800008,4831838.2079999996,58469253.120000005,0,5539220.6847999999,1,2,2,1
8,16,5,ok,52736,69621647.615999997,4860149.7599999998,59156102.399999991,0,5605395.4560000002,1,1,5,1
8,16,6,ok,43776,69265638.143999994,4841275.392,58805537.740799993,0,5618825.0112000005,1,2,3,1
8,16,7,ok,37888,70790029.004800007,4888461.311999999,60195469.824000001,0,5706097.8688000003,1,1,7,1
8,16,8,ok,32768,69107974.143999994,4831838.2079999996,58598804.684799999,0,5677331.2511999998,1,2,4,1
8,16,9,ok,29184,69466384.742400005,4841275.392,58902701.414399996,0,5722407.9360000007,1,1,9,1
8,16,10,ok,26368,69956225.279999986,4860149.7599999998,59318041.855999991,0,5778033.6640000008,1,2,5,1
8,16,11,ok,24064,70446065.817599997,4879024.1279999996,59733382.297599994,0,5833659.392,1,1,11,1
8,16,12,ok,21888,69667131.340800002,4841275.392,58999865.088,0,5825990.8607999999,1,4,3,1
8,16,13,ok,20480,71294316.953600004,4907335.6799999997,60452619.468800008,0,5934361.804800001,1,1,13,1
8,16,14,ok,18944,71258437.734400004,4888461.311999999,60422185.062400006,0,5947791.3599999994,1,2,7,1
8,16,15,ok,17920,72405427.967999995,4954521.5999999996,61394744.063999988,0,6056162.3040000005,1,1,15,1
8,16,16,ok,16384,69643298.40640001,4831838.2079999996,58857907.814400002,0,5953552.3839999996,1,4,4,1
8,32,1,ok,524288,137212215.296,9663676.4159999993,116711791.0016,0,10836747.8784,1,1,1,1
8,32,2,ok,262144,137279130.82879999,9663676.4159999993,116744178.8928,0,10871275.52,1,1,2,1
8,32,3,ok,175104,137929036.4928,9682550.784,117319584.46079998,0,10926901.248,1,1,3,1
8,32,4,ok,131072,137412961.89440003,9663676.4159999993,116808954.67520002,0,10940330.803200001,1,2,2,1
8,32,5,ok,105472,138908717.56799999,9720299.5199999996,118150265.344,0,11038152.704,1,1,5,1
8,32,6,ok,87552,138129783.09119999,9682550.784,117416748.1344,0,11030484.172800001,1,2,3,1
8,32,7,ok,75776,141111649.28000003,9776922.623999998,120164224.40960002,0,11170502.246400002,1,1,7,1
8,32,8,ok,65536,137680624.02560002,9663676.4159999993,116938506.24000001,0,11078441.3696,1,2,4,1
8,32,9,ok,58368,138330529.68959999,9682550.784,117513911.80799997,0,11134067.097600002,1,1,9,1
8,32,10,ok,52736,139243295.23199999,9720299.5199999996,118312204.79999998,0,11210790.912,1,2,5,1
8,32,11,ok,48128,140156060.7744,9758048.2559999991,119110497.79199998,0,11287514.726400001,1,1,11,1
8,32,12,ok,43776,138531276.28799999,9682550.784,117611075.48159999,0,11237650.022400001,1,4,3,1
8,32,13,ok,40960,141718731.9808,9814671.3599999994,120484196.352,0,11419864.2688,1,1,13,1
8,32,14,ok,37888,141580058.00960001,9776922.623999998,120390939.648,0,11412195.737600001,1,2,7,1
8,32,15,ok,35840,143807122.94400004,9909043.1999999993,122303669.76000001,0,11594409.984000001,1,1,15,1
8,32,16,ok,32768,138215948.28799999,9663676.4159999993,117197609.3696,0,11354662.5024,1,4,4,1
8,64,1,ok,1048576,274357515.05919999,19327352.831999999,233391194.11199999,0,21638968.115200002,1,1,1,1
8,64,2,ok,524288,274424430.59200001,19327352.831999999,233423582.00319999,0,21673495.7568,1,1,2,1
8,64,3,ok,350208,275657326.3872,19365101.568,234542005.24799997,0,21750219.571200002,1,1,3,1
8,64,4,ok,262144,274558261.65759999,19327352.831999999,233488357.78560001,0,21742551.039999999,1,2,2,1
8,64,5,ok,210944,277482857.47199994,19440599.039999999,236138591.23199996,0,21903667.200000003,1,1,5,1
8,64,6,ok,175104,275858072.98559999,19365101.568,234639168.92159995,0,21853802.495999999,1,2,3,1
8,64,7,ok,151552,281754889.83040005,19553845.247999996,240101733.58080006,0,22099311.001599997,1,1,7,1
8,64,8,ok,131072,274825923.78880006,19327352.831999999,233617909.35040003,0,21880661.606400002,1,2,4,1
8,64,9,ok,116736,276058819.58399993,19365101.568,234736332.59519997,0,21957385.4208,1,1,9,1
8,64,10,ok,105472,277817435.13599998,19440599.039999999,236300530.68799999,0,22076305.408,1,2,5,1
8,64,11,ok,96256,279576050.68799996,19516096.511999998,237864728.78079998,0,22195225.395200003,1,1,11,1
8,64,12,ok,87552,276259566.18239999,19365101.568,234833496.26879999,0,22060968.345600002,1,4,3,1
8,64,13,ok,81920,282567562.03520006,19629342.719999999,240547350.11840004,0,22390869.196800001,1,1,13,1
8,64,14,ok,75776,282223298.56000006,19553845.247999996,240328448.81920004,0,22341004.492800005,1,2,7,1
8,64,15,ok,71680,286610512.89600003,19818086.399999999,244121521.15199998,0,22670905.344000001,1,1,15,1
8,64,16,ok,65536,275361248.05120003,19327352.831999999,233877012.48000002,0,22156882.7392,1,4,4,1
9,1,1,ok,512,2860.6464000000001,2860.6464000000001,0,0,0,1,1,1,1
9,1,2,ok,256,2860.6464000000001,2860.6464000000001,0,0,0,1,1,2,1
9,1,3,ok,171,2866.2336,2866.2336,0,0,0,3,1,1,1
9,1,4,ok,128,2860.6464000000001,2860.6464000000001,0,0,0,2,1,2,1
9,1,5,ok,103,2877.4080000000004,2877.4080000000004,0,0,0,5,1,1,1
9,1,6,ok,86,2866.2336,2866.2336,0,0,0,3,1,2,1
9,1,7,ok,74,2894.1696000000002,2894.1696000000002,0,0,0,7,1,1,1
9,1,8,ok,64,2860.6464000000001,2860.6464000000001,0,0,0,2,1,4,1
9,1,9,ok,57,2866.2336,2866.2336,0,0,0,9,1,1,1
9,1,10,ok,52,2877.4080000000004,2877.4080000000004,0,0,0,5,1,2,1
9,1,11,ok,47,2888.5824000000002,2888.5824000000002,0,0,0,11,1,1,1
9,1,12,ok,43,2866.2336,2866.2336,0,0,0,3,1,4,1
9,1,13,ok,40,2905.3440000000001,2905.3440000000001,0,0,0,1,1,13,1
9,1,14,ok,37,2894.1696000000002,2894.1696000000002,0,0,0,7,1,2,1
9,1,15,ok,35,2911.0185000000001,2911.0185000000001,0,0,0,3,1,5,1
9,1,16,ok,32,2860.6464000000001,2860.6464000000001,0,0,0,4,1,4,1
9,2,1,ok,1024,5721.2928000000002,5721.2928000000002,0,0,0,1,1,1,1
9,2,2,ok,512,5721.2928000000002,5721.2928000000002,0,0,0,1,1,2,1
9,2,3,ok,342,5732.4672,5732.4672,0,0,0,3,1,1,1
9,2,4,ok,256,5721.2928000000002,5721.2928000000002,0,0,0,1,2,2,1
9,2,5,ok,206,5754.8160000000007,5754.8160000000007,0,0,0,5,1,1,1
9,2,6,ok,171,5732.4672,5732.4672,0,0,0,3,1,2,1
9,2,7,ok,148,5788.3392000000003,5788.3392000000003,0,0,0,7,1,1,1
9,2,8,ok,128,5721.2928000000002,5721.2928000000002,0,0,0,1,2,4,1
9,2,9,ok,114,5732.4672,5732.4672,0,0,0,9,1,1,1
9,2,10,ok,103,5754.8160000000007,5754.8160000000007,0,0,0,5,1,2,1
9,2,11,ok,94,5777.1648000000005,5777.1648000000005,0,0,0,11,1,1,1
9,2,12,ok,86,5732.4672,5732.4672,0,0,0,3,1,4,1
9,2,13,ok,80,5810.6880000000001,5810.6880000000001,0,0,0,1,1,13,1
9,2,14,ok,74,5788.3392000000003,5788.3392000000003,0,0,0,7,1,2,1
9,2,15,ok,70,5822.0370000000003,5822.0370000000003,0,0,0,3,1,5,1
9,2,16,ok,64,5721.2928000000002,5721.2928000000002,0,0,0,2,2,4,1
9,4,1,ok,2048,11442.5856,11442.5856,0,0,0,1,1,1,1
9,4,2,ok,1024,11442.5856,11442.5856,0,0,0,1,1,2,1
9,4,3,ok,684,11464.9344,11464.9344,0,0,0,3,1,1,1
9,4,4,ok,512,11442.5856,11442.5856,0,0,0,1,2,2,1
9,4,5,ok,412,11509.632000000001,11509.632000000001,0,0,0,5,1,1,1
9,4,6,ok,342,11464.9344,11464.9344,0,0,0,3,1,2,1
9,4,7,ok,296,11576.678400000001,11576.678400000001,0,0,0,7,1,1,1
9,4,8,ok,256,11442.5856,11442.5856,0,0,0,1,2,4,1
9,4,9,ok,228,11464.9344,11464.9344,0,0,0,9,1,1,1
9,4,10,ok,206,11509.632000000001,11509.632000000001,0,0,0,5,1,2,1
9,4,11,ok,188,11554.329600000001,11554.329600000001,0,0,0,11,1,1,1
9,4,12,ok,171,11464.9344,11464.9344,0,0,0,3,1,4,1
9,4,13,ok,160,11621.376,11621.376,0,0,0,1,1,13,1
9,4,14,ok,148,11576.678400000001,11576.678400000001,0,0,0,7,1,2,1
9,4,15,ok,139,11644.074000000001,11644.074000000001,0,0,0,3,1,5,1
9,4,16,ok,128,11442.5856,11442.5856,0,0,0,2,2,4,1
9,8,1,ok,4096,22885.171200000001,22885.171200000001,0,0,0,1,1,1,1
9,8,2,ok,2048,22885.171200000001,22885.171200000001,0,0,0,1,1,2,1
9,8,3,ok,1368,22929.8688,22929.8688,0,0,0,3,1,1,1
9,8,4,ok,1024,22885.171200000001,22885.171200000001,0,0,0,1,2,2,1
9,8,5,ok,824,23019.264000000003,23019.264000000003,0,0,0,5,1,1,1
9,8,6,ok,684,22929.8688,22929.8688,0,0,0,3,1,2,1
9,8,7,ok,592,23153.356800000001,23153.356800000001,0,0,0,7,1,1,1
9,8,8,ok,512,22885.171200000001,22885.171200000001,0,0,0,1,2,4,1
9,8,9,ok,456,22929.8688,22929.8688,0,0,0,9,1,1,1
9,8,10,ok,412,23019.264000000003,23019.264000000003,0,0,0,5,1,2,1
9,8,11,ok,376,23108.659200000002,23108.659200000002,0,0,0,11,1,1,1
9,8,12,ok,342,22929.8688,22929.8688,0,0,0,3,1,4,1
9,8,13,ok,320,23242.752,23242.752,0,0,0,1,1,13,1
9,8,14,ok,296,23153.356800000001,23153.356800000001,0,0,0,7,1,2,1
9,8,15,ok,278,23288.148000000001,23288.148000000001,0,0,0,3,1,5,1
9,8,16,ok,256,22885.171200000001,22885.171200000001,0,0,0,2,2,4,1
9,16,1,ok,8192,45770.342400000001,45770.342400000001,0,0,0,1,1,1,1
9,16,2,ok,4096,45770.342400000001,45770.342400000001,0,0,0,1,1,2,1
9,16,3,ok,2736,45859.7376,45859.7376,0,0,0,3,1,1,1
9,16,4,ok,2048,45770.342400000001,45770.342400000001,0,0,0,1,2,2,1
9,16,5,ok,1648,46038.528000000006,46038.528000000006,0,0,0,5,1,1,1
9,16,6,ok,1368,45859.7376,45859.7376,0,0,0,3,1,2,1
9,16,7,ok,1184,46306.713600000003,46306.713600000003,0,0,0,7,1,1,1
9,16,8,ok,1024,45770.342400000001,45770.342400000001,0,0,0,1,2,4,1
9,16,9,ok,912,45859.7376,45859.7376,0,0,0,9,1,1,1
9,16,10,ok,824,46038.528000000006,46038.528000000006,0,0,0,5,1,2,1
9,16,11,ok,752,46217.318400000004,46217.318400000004,0,0,0,11,1,1,1
9,16,12,ok,684,45859.7376,45859.7376,0,0,0,3,1,4,1
9,16,13,ok,640,46485.504000000001,46485.504000000001,0,0,0,1,1,13,1
9,16,14,ok,592,46306.713600000003,46306.713600000003,0,0,0,7,1,2,1
9,16,15,ok,556,46576.296000000002,46576.296000000002,0,0,0,3,1,5,1
9,16,16,ok,512,45770.342400000001,45770.342400000001,0,0,0,2,2,4,1
9,32,1,ok,16384,91540.684800000003,91540.684800000003,0,0,0,1,1,1,1
9,32,2,ok,8192,91540.684800000003,91540.684800000003,0,0,0,1,1,2,1
9,32,3,ok,5472,91719.475200000001,91719.475200000001,0,0,0,3,1,1,1
9,32,4,ok,4096,91540.684800000003,91540.684800000003,0,0,0,1,2,2,1
9,32,5,ok,3296,92077.056000000011,92077.056000000011,0,0,0,5,1,1,1
9,32,6,ok,2736,91719.475200000001,91719.475200000001,0,0,0,3,1,2,1
9,32,7,ok,2368,92613.427200000006,92613.427200000006,0,0,0,7,1,1,1
9,32,8,ok,2048,91540.684800000003,91540.684800000003,0,0,0,1,2,4,1
9,32,9,ok,1824,91719.475200000001,91719.475200000001,0,0,0,9,1,1,1
9,32,10,ok,1648,92077.056000000011,92077.056000000011,0,0,0,5,1,2,1
9,32,11,ok,1504,92434.636800000007,92434.636800000007,0,0,0,11,1,1,1
9,32,12,ok,1368,91719.475200000001,91719.475200000001,0,0,0,3,1,4,1
9,32,13,ok,1280,92971.008000000002,92971.008000000002,0,0,0,1,1,13,1
9,32,14,ok,1184,92613.427200000006,92613.427200000006,0,0,0,7,1,2,1
9,32,15,ok,1112,93152.592000000004,93152.592000000004,0,0,0,3,1,5,1
9,32,16,ok,1024,91540.684800000003,91540.684800000003,0,0,0,2,2,4,1
9,64,1,ok,32768,183081.36960000001,183081.36960000001,0,0,0,1,1,1,1
9,64,2,ok,16384,183081.36960000001,183081.36960000001,0,0,0,1,1,2,1
9,64,3,ok,10944,183438.9504,183438.9504,0,0,0,3,1,1,1
9,64,4,ok,8192,183081.36960000001,183081.36960000001,0,0,0,1,2,2,1
9,64,5,ok,6592,184154.11200000002,184154.11200000002,0,0,0,5,1,1,1
9,64,6,ok,5472,183438.9504,183438.9504,0,0,0,3,1,2,1
9,64,7,ok,4736,185226.85440000001,185226.85440000001,0,0,0,7,1,1,1
9,64,8,ok,4096,183081.36960000001,183081.36960000001,0,0,0,1,2,4,1
9,64,9,ok,3648,183438.9504,183438.9504,0,0,0,9,1,1,1
9,64,10,ok,3296,184154.11200000002,184154.11200000002,0,0,0,5,1,2,1
9,64,11,ok,3008,184869.27360000001,184869.27360000001,0,0,0,11,1,1,1
9,64,12,ok,2736,183438.9504,183438.9504,0,0,0,3,1,4,1
9,64,13,ok,2560,185942.016,185942.016,0,0,0,1,1,13,1
9,64,14,ok,2368,185226.85440000001,185226.85440000001,0,0,0,7,1,2,1
9,64,15,ok,2223,186305.18400000001,186305.18400000001,0,0,0,3,1,5,1
9,64,16,ok,2048,183081.36960000001,183081.36960000001,0,0,0,2,2,4,1
10,1,1,ok,16384,4587387.2896000007,301989.88799999998,3913300.3776000002,0,372097.02399999998,1,1,1,1
10,1,2,ok,8192,4630011.9040000001,301989.88799999998,3921397.3503999999,0,406624.66560000001,1,1,2,1
10,1,3,ok,5472,4691360.7648,302579.712,3946969.4303999995,0,441811.62240000005,1,1,3,1
10,1,4,ok,4096,4715261.1328000007,301989.88799999998,3937591.2960000001,0,475679.94880000001,1,1,4,1
10,1,5,ok,3296,4804054.4159999993,303759.35999999999,3988109.52,0,512185.53600000008,1,1,5,1
10,1,6,ok,2752,4875407.3471999988,304349.18399999995,4023685.6703999997,0,547372.49280000001,1,1,6,1
10,1,7,ok,2368,4955480.4544000011,305528.83199999994,4066732.8576000002,0,583218.7648,1,1,7,1
10,1,8,ok,2048,4885759.590400001,301989.88799999998,3969979.1872000005,0,613790.51520000002,1,1,8,1
10,1,9,ok,1824,4947108.4511999991,302579.712,3995551.2671999987,0,648977.47200000007,1,1,9,1
10,1,10,ok,1664,5060778.3679999998,306708.47999999998,4065949.568,0,688120.32000000007,1,1,10,1
10,1,11,ok,1504,5087246.5247999998,304939.00799999997,4061637.5007999996,0,720670.01600000006,1,1,11,1
10,1,12,ok,1376,5131155.0336000007,304349.18399999995,4072267.5072000003,0,754538.34239999996,1,1,12,1
10,1,13,ok,1280,5218664.4224000005,306708.47999999998,4120252.6976000005,0,791703.24479999999,1,1,13,1
10,1,14,ok,1184,5253852.7552000005,305528.83199999994,4123411.6672,0,824912.25600000005,1,1,14,1
10,1,15,ok,1120,5367522.6720000003,309657.59999999998,4193809.9680000003,0,864055.10400000017,1,1,15,1
10,1,16,ok,1024,5306789.0688000005,301989.88799999998,4114787.5328000002,0,890011.64800000004,1,1,16,1
10,2,1,ok,32768,9132149.9648000021,603979.77599999995,7818503.7824000008,0,709666.40639999998,1,1,1,1
10,2,2,ok,16384,9174774.5792000014,603979.77599999995,7826600.7552000005,0,744194.04799999995,1,1,2,1
10,2,3,ok,10944,9254847.6864,605159.424,7869647.9423999991,0,780040.32000000007,1,1,3,1
10,2,4,ok,8192,9260023.8080000002,603979.77599999995,7842794.7007999998,0,813249.33120000002,1,2,2,1
10,2,5,ok,6592,9394985.7599999979,607518.71999999997,7935734.175999999,0,851732.86400000006,1,1,5,1
10,2,6,ok,5472,9382721.5296,605159.424,7893938.860799999,0,883623.2448000001,1,2,3,1
10,2,7,ok,4736,9612588.6080000009,611057.66399999987,8076786.9056000002,0,924744.03840000008,1,1,7,1
10,2,8,ok,4096,9430522.2656000014,603979.77599999995,7875182.5920000002,0,951359.89760000003,1,2,4,1
10,2,9,ok,3648,9510595.3728,605159.424,7918229.7791999988,0,987206.16960000014,1,1,9,1
10,2,10,ok,3296,9608108.8319999985,607518.71999999997,7976219.04,0,1024371.0720000002,1,2,5,1
10,2,11,ok,3008,9705622.2912000008,609878.01599999995,8034208.3007999994,0,1061535.9744000002,1,1,11,1
10,2,12,ok,2752,9750814.6943999976,608698.3679999999,8047371.3407999994,0,1094744.9856,1,2,6,1
10,2,13,ok,2560,9883208.8576000016,613416.95999999996,8135244.7488000011,0,1134547.1488000001,1,1,13,1
10,2,14,ok,2368,9910960.9088000022,611057.66399999987,8133465.7152000004,0,1166437.5296,1,2,7,1
10,2,15,ok,2240,10095676.128,619315.19999999995,8266165.3440000005,0,1210195.5840000003,1,1,15,1
10,2,16,ok,2048,9771519.1808000021,603979.77599999995,7939958.374400001,0,1227581.0304,1,2,8,1
10,4,1,ok,65536,17210078.003200002,1207959.5519999999,14617313.280000001,0,1384805.1712,1,1,1,1
10,4,2,ok,32768,17276993.535999998,1207959.5519999999,14649701.1712,0,1419332.8128,1,1,2,1
10,4,3,ok,21888,17416782.835200001,1210318.848,14749966.272,0,1456497.7152,1,1,3,1
10,4,4,ok,16384,17410824.601600002,1207959.5519999999,14714476.953600001,0,1488388.0959999999,1,1,4,1
10,4,5,ok,13184,17656345.151999999,1215037.4399999999,14910480.191999998,0,1530827.52,1,1,5,1
10,4,6,ok,11008,17836150.732799999,1217396.7359999998,15050761.5744,0,1567992.4224,1,1,6,1
10,4,7,ok,9472,18048813.7984,1222115.3279999997,15218903.8848,0,1607794.5856000003,1,1,7,1
10,4,8,ok,8192,17678486.732800003,1207959.5519999999,14844028.518400002,0,1626498.6624,1,1,8,1
10,4,9,ok,7296,17818276.031999998,1210318.848,14944293.619199999,0,1663663.5648000003,1,1,9,1
10,4,10,ok,6656,18155210.240000002,1226833.9199999999,15211724.288000001,0,1716652.0319999999,1,1,10,1
10,4,11,ok,6016,18163569.599999994,1219756.0319999999,15200545.676799998,0,1743267.8912,1,1,11,1
10,4,12,ok,5504,18237643.929599997,1217396.7359999998,15245088.921599999,0,1775158.2719999999,1,1,12,1
10,4,13,ok,5120,18476005.683200002,1226833.9199999999,15428936.806400003,0,1820234.9568,1,1,13,1
10,4,14,ok,4736,18517222.528000005,1222115.3279999997,15445619.123200003,0,1849488.0768000002,1,1,14,1
10,4,15,ok,4480,18854156.736000001,1238630.3999999999,15713049.791999999,0,1902476.544,1,1,15,1
10,4,16,ok,4096,18533941.248000003,1207959.5519999999,15423261.900800001,0,1902719.7952000001,1,1,16,1
10,8,1,ok,131072,34353240.473600008,2415919.1039999998,29202238.668800004,0,2735082.7008000002,1,1,1,1
10,8,2,ok,65536,34420156.006400004,2415919.1039999998,29234626.560000002,0,2769610.3424,1,1,2,1
10,8,3,ok,43776,34632819.071999997,2420637.696,29402768.870399997,0,2809412.5056000003,1,1,3,1
10,8,4,ok,32768,34553987.071999997,2415919.1039999998,29299402.342399999,0,2838665.6255999999,1,2,2,1
10,8,5,ok,26368,34978112.639999993,2430074.8799999999,29659020.927999996,0,2889016.8320000004,1,1,5,1
10,8,6,ok,21888,34833565.670400001,2420637.696,29499932.544,0,2912995.4304,1,2,3,1
10,8,7,ok,18944,35629218.867200002,2444230.6559999995,30211092.531200003,0,2973895.6799999997,1,1,7,1
10,8,8,ok,16384,34821649.203200005,2415919.1039999998,29428953.907200001,0,2976776.1919999998,1,2,4,1
10,8,9,ok,14592,35034312.26879999,2420637.696,29597096.217599992,0,3016578.3552000006,1,1,9,1
10,8,10,ok,13184,35312690.303999998,2430074.8799999999,29820960.383999996,0,3061655.04,1,2,5,1
10,8,11,ok,12032,35591068.339199997,2439512.0639999998,30044824.550399996,0,3106731.7248,1,1,11,1
10,8,12,ok,11008,35672301.465599999,2434793.4719999996,30101523.148800001,0,3135984.8448000001,1,2,6,1
10,8,13,ok,10240,36082109.440000005,2453667.8399999999,30436831.027200006,0,3191610.5728000002,1,1,13,1
10,8,14,ok,9472,36097627.596799999,2444230.6559999995,30437807.7696,0,3215589.1712000007,1,2,7,1
10,8,15,ok,8960,36704580.480000004,2477260.7999999998,30940281.215999998,0,3287038.4640000002,1,1,15,1
10,8,16,ok,8192,35356973.465600006,2415919.1039999998,29688057.036800005,0,3252997.3248000001,1,2,8,1
10,16,1,ok,262144,68639565.414399996,4831838.2079999996,58372089.446400002,0,5435637.7599999998,1,1,1,1
10,16,2,ok,131072,68706480.947200015,4831838.2079999996,58404477.337600008,0,5470165.4016000004,1,1,2,1
10,16,3,ok,87552,69064891.545599997,4841275.392,58708374.067199998,0,5515242.0864000004,1,1,3,1
10,16,4,ok,65536,68840312.012800008,4831838.2079999996,58469253.120000005,0,5539220.6847999999,1,2,2,1
10,16,5,ok,52736,69621647.615999997,4860149.7599999998,59156102.399999991,0,5605395.4560000002,1,1,5,1
10,16,6,ok,43776,69265638.143999994,4841275.392,58805537.740799993,0,5618825.0112000005,1,2,3,1
10,16,7,ok,37888,70790029.004800007,4888461.311999999,60195469.824000001,0,5706097.8688000003,1,1,7,1
10,16,8,ok,32768,69107974.143999994,4831838.2079999996,58598804.684799999,0,5677331.2511999998,1,2,4,1
10,16,9,ok,29184,69466384.742400005,4841275.392,58902701.414399996,0,5722407.9360000007,1,1,9,1
10,16,10,ok,26368,69956225.279999986,4860149.7599999998,59318041.855999991,0,5778033.6640000008,1,2,5,1
10,16,11,ok,24064,70446065.817599997,4879024.1279999996,59733382.297599994,0,5833659.392,1,1,11,1
10,16,12,ok,21888,69667131.340800002,4841275.392,58999865.088,0,5825990.8607999999,1,4,3,1
10,16,13,ok,20480,71294316.953600004,4907335.6799999997,60452619.468800008,0,5934361.804800001,1,1,13,1
10,16,14,ok,18944,71258437.734400004,4888461.311999999,60422185.062400006,0,5947791.3599999994,1,2,7,1
10,16,15,ok,17920,72405427.967999995,4954521.5999999996,61394744.063999988,0,6056162.3040000005,1,1,15,1
10,16,16,ok,16384,69643298.40640001,4831838.2079999996,58857907.814400002,0,5953552.3839999996,1,4,4,1
10,32,1,ok,524288,137212215.296,9663676.4159999993,116711791.0016,0,10836747.8784,1,1,1,1
10,32,2,ok,262144,137279130.82879999,9663676.4159999993,116744178.8928,0,10871275.52,1,1,2,1
10,32,3,ok,175104,137929036.4928,9682550.784,117319584.46079998,0,10926901.248,1,1,3,1
10,32,4,ok,131072,137412961.89440003,9663676.4159999993,116808954.67520002,0,10940330.803200001,1,2,2,1
10,32,5,ok,105472,138908717.56799999,9720299.5199999996,118150265.344,0,11038152.704,1,1,5,1
10,32,6,ok,87552,138129783.09119999,9682550.784,117416748.1344,0,11030484.172800001,1,2,3,1
10,32,7,ok,75776,141111649.28000003,9776922.623999998,120164224.40960002,0,11170502.246400002,1,1,7,1
10,32,8,ok,65536,137680624.02560002,9663676.4159999993,116938506.24000001,0,11078441.3696,1,2,4,1
10,32,9,ok,58368,138330529.68959999,9682550.784,117513911.80799997,0,11134067.097600002,1,1,9,1
10,32,10,ok,52736,139243295.23199999,9720299.5199999996,118312204.79999998,0,11210790.912,1,2,5,1
10,32,11,ok,48128,140156060.7744,9758048.2559999991,119110497.79199998,0,11287514.726400001,1,1,11,1
10,32,12,ok,43776,138531276.28799999,9682550.784,117611075.48159999,0,11237650.022400001,1,4,3,1
10,32,13,ok,40960,141718731.9808,9814671.3599999994,120484196.352,0,11419864.2688,1,1,13,1
10,32,14,ok,37888,141580058.00960001,9776922.623999998,120390939.648,0,11412195.737600001,1,2,7,1
10,32,15,ok,35840,143807122.94400004,9909043.1999999993,122303669.76000001,0,11594409.984000001,1,1,15,1
10,32,16,ok,32768,138215948.28799999,9663676.4159999993,117197609.3696,0,11354662.5024,1,4,4,1
10,64,1,ok,1048576,274357515.05919999,19327352.831999999,233391194.11199999,0,21638968.115200002,1,1,1,1
10,64,2,ok,524288,274424430.59200001,19327352.831999999,233423582.00319999,0,21673495.7568,1,1,2,1
10,64,3,ok,350208,275657326.3872,19365101.568,234542005.24799997,0,21750219.571200002,1,1,3,1
10,64,4,ok,262144,274558261.65759999,19327352.831999999,233488357.78560001,0,21742551.039999999,1,2,2,1
10,64,5,ok,210944,277482857.47199994,19440599.039999999,236138591.23199996,0,21903667.200000003,1,1,5,1
10,64,6,ok,175104,275858072.98559999,19365101.568,234639168.92159995,0,21853802.495999999,1,2,3,1
10,64,7,ok,151552,281754889.83040005,19553845.247999996,240101733.58080006,0,22099311.001599997,1,1,7,1
10,64,8,ok,131072,274825923.78880006,19327352.831999999,233617909.35040003,0,21880661.606400002,1,2,4,1
10,64,9,ok,116736,276058819.58399993,19365101.568,234736332.59519997,0,21957385.4208,1,1,9,1
10,64,10,ok,105472,277817435.13599998,19440599.039999999,236300530.68799999,0,22076305.408,1,2,5,1
10,64,11,ok,96256,279576050.68799996,19516096.511999998,237864728.78079998,0,22195225.395200003,1,1,11,1
10,64,12,ok,87552,276259566.18239999,19365101.568,234833496.26879999,0,22060968.345600002,1,4,3,1
10,64,13,ok,81920,282567562.03520006,19629342.719999999,240547350.11840004,0,22390869.196800001,1,1,13,1
10,64,14,ok,75776,282223298.56000006,19553845.247999996,240328448.81920004,0,22341004.492800005,1,2,7,1
10,64,15,ok,71680,286610512.89600003,19818086.399999999,244121521.15199998,0,22670905.344000001,1,1,15,1
10,64,16,ok,65536,275361248.05120003,19327352.831999999,233877012.48000002,0,22156882.7392,1,4,4,1
11,1,1,ok,512,2860.6464000000001,2860.6464000000001,0,0,0,1,1,1,1
11,1,2,ok,256,2860.6464000000001,2860.6464000000001,0,0,0,1,1,2,1
11,1,3,ok,171,2866.2336,2866.2336,0,0,0,3,1,1,1
11,1,4,ok,128,2860.6464000000001,2860.6464000000001,0,0,0,2,1,2,1
11,1,5,ok,103,2877.4080000000004,2877.4080000000004,0,0,0,5,1,1,1
11,1,6,ok,86,2866.2336,2866.2336,0,0,0,3,1,2,1
11,1,7,ok,74,2894.1696000000002,2894.1696000000002,0,0,0,7,1,1,1
11,1,8,ok,64,2860.6464000000001,2860.6464000000001,0,0,0,2,1,4,1
11,1,9,ok,57,2866.2336,2866.2336,0,0,0,9,1,1,1
11,1,10,ok,52,2877.4080000000004,2877.4080000000004,0,0,0,5,1,2,1
11,1,11,ok,47,2888.5824000000002,2888.5824000000002,0,0,0,11,1,1,1
11,1,12,ok,43,2866.2336,2866.2336,0,0,0,3,1,4,1
11,1,13,ok,40,2905.3440000000001,2905.3440000000001,0,0,0,1,1,13,1
11,1,14,ok,37,2894.1696000000002,2894.1696000000002,0,0,0,7,1,2,1
11,1,15,ok,35,2911.0185000000001,2911.0185000000001,0,0,0,3,1,5,1
11,1,16,ok,32,2860.6464000000001,2860.6464000000001,0,0,0,4,1,4,1
11,2,1,ok,1024,5721.2928000000002,5721.2928000000002,0,0,0,1,1,1,1
11,2,2,ok,512,5721.2928000000002,5721.2928000000002,0,0,0,1,1,2,1
11,2,3,ok,342,5732.4672,5732.4672,0,0,0,3,1,1,1
11,2,4,ok,256,5721.2928000000002,5721.2928000000002,0,0,0,1,2,2,1
11,2,5,ok,206,5754.8160000000007,5754.8160000000007,0,0,0,5,1,1,1
11,2,6,ok,171,5732.4672,5732.4672,0,0,0,3,1,2,1
11,2,7,ok,148,5788.3392000000003,5788.3392000000003,0,0,0,7,1,1,1
11,2,8,ok,128,5721.2928000000002,5721.2928000000002,0,0,0,1,2,4,1
11,2,9,ok,114,5732.4672,5732.4672,0,0,0,9,1,1,1
11,2,10,ok,103,5754.8160000000007,5754.8160000000007,0,0,0,5,1,2,1
11,2,11,ok,94,5777.1648000000005,5777.1648000000005,0,0,0,11,1,1,1
11,2,12,ok,86,5732.4672,5732.4672,0,0,0,3,1,4,1
11,2,13,ok,80,5810.6880000000001,5810.6880000000001,0,0,0,1,1,13,1
11,2,14,ok,74,5788.3392000000003,5788.3392000000003,0,0,0,7,1,2,1
11,2,15,ok,70,5822.0370000000003,5822.0370000000003,0,0,0,3,1,5,1
11,2,16,ok,64,5721.2928000000002,5721.2928000000002,0,0,0,2,2,4,1
11,4,1,ok,2048,11442.5856,11442.5856,0,0,0,1,1,1,1
11,4,2,ok,1024,11442.5856,11442.5856,0,0,0,1,1,2,1
11,4,3,ok,684,11464.9344,11464.9344,0,0,0,3,1,1,1
11,4,4,ok,512,11442.5856,11442.5856,0,0,0,1,2,2,1
11,4,5,ok,412,11509.632000000001,11509.632000000001,0,0,0,5,1,1,1
11,4,6,ok,342,11464.9344,11464.9344,0,0,0,3,1,2,1
11,4,7,ok,296,11576.678400000001,11576.678400000001,0,0,0,7,1,1,1
11,4,8,ok,256,11442.5856,11442.5856,0,0,0,1,2,4,1
11,4,9,ok,228,11464.9344,11464.9344,0,0,0,9,1,1,1
11,4,10,ok,206,11509.632000000001,11509.632000000001,0,0,0,5,1,2,1
11,4,11,ok,188,11554.329600000001,11554.329600000001,0,0,0,11,1,1,1
11,4,12,ok,171,11464.9344,11464.9344,0,0,0,3,1,4,1
11,4,13,ok,160,11621.376,11621.376,0,0,0,1,1,13,1
11,4,14,ok,148,11576.678400000001,11576.678400000001,0,0,0,7,1,2,1
11,4,15,ok,139,11644.074000000001,11644.074000000001,0,0,0,3,1,5,1
11,4,16,ok,128,11442.5856,11442.5856,0,0,0,2,2,4,1
11,8,1,ok,4096,22885.171200000001,22885.171200000001,0,0,0,1,1,1,1
11,8,2,ok,2048,22885.171200000001,22885.171200000001,0,0,0,1,1,2,1
11,8,3,ok,1368,22929.8688,22929.8688,0,0,0,3,1,1,1
11,8,4,ok,1024,22885.171200000001,22885.171200000001,0,0,0,1,2,2,1
11,8,5,ok,824,23019.264000000003,23019.264000000003,0,0,0,5,1,1,1
11,8,6,ok,684,22929.8688,22929.8688,0,0,0,3,1,2,1
11,8,7,ok,592,23153.356800000001,23153.356800000001,0,0,0,7,1,1,1
11,8,8,ok,512,22885.171200000001,22885.171200000001,0,0,0,1,2,4,1
11,8,9,ok,456,22929.8688,22929.8688,0,0,0,9,1,1,1
11,8,10,ok,412,23019.264000000003,23019.264000000003,0,0,0,5,1,2,1
11,8,11,ok,376,23108.659200000002,23108.659200000002,0,0,0,11,1,1,1
11,8,12,ok,342,22929.8688,22929.8688,0,0,0,3,1,4,1
11,8,13,ok,320,23242.752,23242.752,0,0,0,1,1,13,1
11,8,14,ok,296,23153.356800000001,23153.356800000001,0,0,0,7,1,2,1
11,8,15,ok,278,23288.148000000001,23288.148000000001,0,0,0,3,1,5,1
11,8,16,ok,256,22885.171200000001,22885.171200000001,0,0,0,2,2,4,1
11,16,1,ok,8192,45770.342400000001,45770.342400000001,0,0,0,1,1,1,1
11,16,2,ok,4096,45770.342400000001,45770.342400000001,0,0,0,1,1,2,1
11,16,3,ok,2736,45859.7376,45859.7376,0,0,0,3,1,1,1
11,16,4,ok,2048,45770.342400000001,45770.342400000001,0,0,0,1,2,2,1
11,16,5,ok,1648,46038.528000000006,46038.528000000006,0,0,0,5,1,1,1
11,16,6,ok,1368,45859.7376,45859.7376,0,0,0,3,1,2,1
11,16,7,ok,1184,46306.713600000003,46306.713600000003,0,0,0,7,1,1,1
11,16,8,ok,1024,45770.342400000001,45770.342400000001,0,0,0,1,2,4,1
11,16,9,ok,912,45859.7376,45859.7376,0,0,0,9,1,1,1
11,16,10,ok,824,46038.528000000006,46038.528000000006,0,0,0,5,1,2,1
11,16,11,ok,752,46217.318400000004,46217.318400000004,0,0,0,11,1,1,1
11,16,12,ok,684,45859.7376,45859.7376,0,0,0,3,1,4,1
11,16,13,ok,640,46485.504000000001,46485.504000000001,0,0,0,1,1,13,1
11,16,14,ok,592,46306.713600000003,46306.713600000003,0,0,0,7,1,2,1
11,16,15,ok,556,46576.296000000002,46576.296000000002,0,0,0,3,1,5,1
11,16,16,ok,512,45770.342400000001,45770.342400000001,0,0,0,2,2,4,1
11,32,1,ok,16384,91540.684800000003,91540.684800000003,0,0,0,1,1,1,1
11,32,2,ok,8192,91540.684800000003,91540.684800000003,0,0,0,1,1,2,1
11,32,3,ok,5472,91719.475200000001,91719.475200000001,0,0,0,3,1,1,1
11,32,4,ok,4096,91540.684800000003,91540.684800000003,0,0,0,1,2,2,1
11,32,5,ok,3296,92077.056000000011,92077.056000000011,0,0,0,5,1,1,1
11,32,6,ok,2736,91719.475200000001,91719.475200000001,0,0,0,3,1,2,1
11,32,7,ok,2368,92613.427200000006,92613.427200000006,0,0,0,7,1,1,1
11,32,8,ok,2048,91540.684800000003,91540.684800000003,0,0,0,1,2,4,1
11,32,9,ok,1824,91719.475200000001,91719.475200000001,0,0,0,9,1,1,1
11,32,10,ok,1648,92077.056000000011,92077.056000000011,0,0,0,5,1,2,1
11,32,11,ok,1504,92434.636800000007,92434.636800000007,0,0,0,11,1,1,1
11,32,12,ok,1368,91719.475200000001,91719.475200000001,0,0,0,3,1,4,1
11,32,13,ok,1280,92971.008000000002,92971.008000000002,0,0,0,1,1,13,1
11,32,14,ok,1184,92613.427200000006,92613.427200000006,0,0,0,7,1,2,1
11,32,15,ok,1112,93152.592000000004,93152.592000000004,0,0,0,3,1,5,1
11,32,16,ok,1024,91540.684800000003,91540.684800000003,0,0,0,2,2,4,1
11,64,1,ok,32768,183081.36960000001,183081.36960000001,0,0,0,1,1,1,1
11,64,2,ok,16384,183081.36960000001,183081.36960000001,0,0,0,1,1,2,1
11,64,3,ok,10944,183438.9504,183438.9504,0,0,0,3,1,1,1
11,64,4,ok,8192,183081.36960000001,183081.36960000001,0,0,0,1,2,2,1
11,64,5,ok,6592,184154.11200000002,184154.11200000002,0,0,0,5,1,1,1
11,64,6,ok,5472,183438.9504,183438.9504,0,0,0,3,1,2,1
11,64,7,ok,4736,185226.85440000001,185226.85440000001,0,0,0,7,1,1,1
11,64,8,ok,4096,183081.36960000001,183081.36960000001,0,0,0,1,2,4,1
11,64,9,ok,3648,183438.9504,183438.9504,0,0,0,9,1,1,1
11,64,10,ok,3296,184154.11200000002,184154.11200000002,0,0,0,5,1,2,1
11,64,11,ok,3008,184869.27360000001,184869.27360000001,0,0,0,11,1,1,1
11,64,12,ok,2736,183438.9504,183438.9504,0,0,0,3,1,4,1
11,64,13,ok,2560,185942.016,185942.016,0,0,0,1,1,13,1
11,64,14,ok,2368,185226.85440000001,185226.85440000001,0,0,0,7,1,2,1
11,64,15,ok,2223,186305.18400000001,186305.18400000001,0,0,0,3,1,5,1
11,64,16,ok,2048,183081.36960000001,183081.36960000001,0,0,0,2,2,4,1
12,1,1,ok,16384,4587387.2896000007,301989.88799999998,3913300.3776000002,0,372097.02399999998,1,1,1,1
12,1,2,ok,8192,4630011.9040000001,301989.88799999998,3921397.3503999999,0,406624.66560000001,1,1,2,1
12,1,3,ok,5472,4691360.7648,302579.712,3946969.4303999995,0,441811.62240000005,1,1,3,1
12,1,4,ok,4096,4715261.1328000007,301989.88799999998,3937591.2960000001,0,475679.94880000001,1,1,4,1
12,1,5,ok,3296,4804054.4159999993,303759.35999999999,3988109.52,0,512185.53600000008,1,1,5,1
12,1,6,ok,2752,4875407.3471999988,304349.18399999995,4023685.6703999997,0,547372.49280000001,1,1,6,1
12,1,7,ok,2368,4955480.4544000011,305528.83199999994,4066732.8576000002,0,583218.7648,1,1,7,1
12,1,8,ok,2048,4885759.590400001,301989.88799999998,3969979.1872000005,0,613790.51520000002,1,1,8,1
12,1,9,ok,1824,4947108.4511999991,302579.712,3995551.2671999987,0,648977.47200000007,1,1,9,1
12,1,10,ok,1664,5060778.3679999998,306708.47999999998,4065949.568,0,688120.32000000007,1,1,10,1
12,1,11,ok,1504,5087246.5247999998,304939.00799999997,4061637.5007999996,0,720670.01600000006,1,1,11,1
12,1,12,ok,1376,5131155.0336000007,304349.18399999995,4072267.5072000003,0,754538.34239999996,1,1,12,1
12,1,13,ok,1280,5218664.4224000005,306708.47999999998,4120252.6976000005,0,791703.24479999999,1,1,13,1
12,1,14,ok,1184,5253852.7552000005,305528.83199999994,4123411.6672,0,824912.25600000005,1,1,14,1
12,1,15,ok,1120,5367522.6720000003,309657.59999999998,4193809.9680000003,0,864055.10400000017,1,1,15,1
12,1,16,ok,1024,5306789.0688000005,301989.88799999998,4114787.5328000002,0,890011.64800000004,1,1,16,1
12,2,1,ok,32768,9132149.9648000021,603979.77599999995,7818503.7824000008,0,709666.40639999998,1,1,1,1
12,2,2,ok,16384,9174774.5792000014,603979.77599999995,7826600.7552000005,0,744194.04799999995,1,1,2,1
12,2,3,ok,10944,9254847.6864,605159.424,7869647.9423999991,0,780040.32000000007,1,1,3,1
12,2,4,ok,8192,9260023.8080000002,603979.77599999995,7842794.7007999998,0,813249.33120000002,1,2,2,1
12,2,5,ok,6592,9394985.7599999979,607518.71999999997,7935734.175999999,0,851732.86400000006,1,1,5,1
12,2,6,ok,5472,9382721.5296,605159.424,7893938.860799999,0,883623.2448000001,1,2,3,1
12,2,7,ok,4736,9612588.6080000009,611057.66399999987,8076786.9056000002,0,924744.03840000008,1,1,7,1
12,2,8,ok,4096,9430522.2656000014,603979.77599999995,7875182.5920000002,0,951359.89760000003,1,2,4,1
12,2,9,ok,3648,9510595.3728,605159.424,7918229.7791999988,0,987206.16960000014,1,1,9,1
12,2,10,ok,3296,9608108.8319999985,607518.71999999997,7976219.04,0,1024371.0720000002,1,2,5,1
12,2,11,ok,3008,9705622.2912000008,609878.01599999995,8034208.3007999994,0,1061535.9744000002,1,1,11,1
12,2,12,ok,2752,9750814.6943999976,608698.3679999999,8047371.3407999994,0,1094744.9856,1,2,6,1
12,2,13,ok,2560,9883208.8576000016,613416.95999999996,8135244.7488000011,0,1134547.1488000001,1,1,13,1
12,2,14,ok,2368,9910960.9088000022,611057.66399999987,8133465.7152000004,0,1166437.5296,1,2,7,1
12,2,15,ok,2240,10095676.128,619315.19999999995,8266165.3440000005,0,1210195.5840000003,1,1,15,1
12,2,16,ok,2048,9771519.1808000021,603979.77599999995,7939958.374400001,0,1227581.0304,1,2,8,1
12,4,1,ok,65536,17210078.003200002,1207959.5519999999,14617313.280000001,0,1384805.1712,1,1,1,1
12,4,2,ok,32768,17276993.535999998,1207959.5519999999,14649701.1712,0,1419332.8128,1,1,2,1
12,4,3,ok,21888,17416782.835200001,1210318.848,14749966.272,0,1456497.7152,1,1,3,1
12,4,4,ok,16384,17410824.601600002,1207959.5519999999,14714476.953600001,0,1488388.0959999999,1,1,4,1
12,4,5,ok,13184,17656345.151999999,1215037.4399999999,14910480.191999998,0,1530827.52,1,1,5,1
12,4,6,ok,11008,17836150.732799999,1217396.7359999998,15050761.5744,0,1567992.4224,1,1,6,1
12,4,7,ok,9472,18048813.7984,1222115.3279999997,15218903.8848,0,1607794.5856000003,1,1,7,1
12,4,8,ok,8192,17678486.732800003,1207959.5519999999,14844028.518400002,0,1626498.6624,1,1,8,1
12,4,9,ok,7296,17818276.031999998,1210318.848,14944293.619199999,0,1663663.5648000003,1,1,9,1
12,4,10,ok,6656,18155210.240000002,1226833.9199999999,15211724.288000001,0,1716652.0319999999,1,1,10,1
12,4,11,ok,6016,18163569.599999994,1219756.0319999999,15200545.676799998,0,1743267.8912,1,1,11,1
12,4,12,ok,5504,18237643.929599997,1217396.7359999998,15245088.921599999,0,1775158.2719999999,1,1,12,1
12,4,13,ok,5120,18476005.683200002,1226833.9199999999,15428936.806400003,0,1820234.9568,1,1,13,1
12,4,14,ok,4736,18517222.528000005,1222115.3279999997,15445619.123200003,0,1849488.0768000002,1,1,14,1
12,4,15,ok,4480,18854156.736000001,1238630.3999999999,15713049.791999999,0,1902476.544,1,1,15,1
12,4,16,ok,4096,18533941.248000003,1207959.5519999999,15423261.900800001,0,1902719.7952000001,1,1,16,1
12,8,1,ok,131072,34353240.473600008,2415919.1039999998,29202238.668800004,0,2735082.7008000002,1,1,1,1
12,8,2,ok,65536,34420156.006400004,2415919.1039999998,29234626.560000002,0,2769610.3424,1,1,2,1
12,8,3,ok,43776,34632819.071999997,2420637.696,29402768.870399997,0,2809412.5056000003,1,1,3,1
12,8,4,ok,32768,34553987.071999997,2415919.1039999998,29299402.342399999,0,2838665.6255999999,1,2,2,1
12,8,5,ok,26368,34978112.639999993,2430074.8799999999,29659020.927999996,0,2889016.8320000004,1,1,5,1
12,8,6,ok,21888,34833565.670400001,2420637.696,29499932.544,0,2912995.4304,1,2,3,1
12,8,7,ok,18944,35629218.867200002,2444230.6559999995,30211092.531200003,0,2973895.6799999997,1,1,7,1
12,8,8,ok,16384,34821649.203200005,2415919.1039999998,29428953.907200001,0,2976776.1919999998,1,2,4,1
12,8,9,ok,14592,35034312.26879999,2420637.696,29597096.217599992,0,3016578.3552000006,1,1,9,1
12,8,10,ok,13184,35312690.303999998,2430074.8799999999,29820960.383999996,0,3061655.04,1,2,5,1
12,8,11,ok,12032,35591068.339199997,2439512.0639999998,30044824.550399996,0,3106731.7248,1,1,11,1
12,8,12,ok,11008,35672301.465599999,2434793.4719999996,30101523.148800001,0,3135984.8448000001,1,2,6,1
12,8,13,ok,10240,36082109.440000005,2453667.8399999999,30436831.027200006,0,3191610.5728000002,1,1,13,1
12,8,14,ok,9472,36097627.596799999,2444230.6559999995,30437807.7696,0,3215589.1712000007,1,2,7,1
12,8,15,ok,8960,36704580.480000004,2477260.7999999998,30940281.215999998,0,3287038.4640000002,1,1,15,1
12,8,16,ok,8192,35356973.465600006,2415919.1039999998,29688057.036800005,0,3252997.3248000001,1,2,8,1
12,16,1,ok,262144,68639565.414399996,4831838.2079999996,58372089.446400002,0,5435637.7599999998,1,1,1,1
12,16,2,ok,131072,68706480.947200015,4831838.2079999996,58404477.337600008,0,5470165.4016000004,1,1,2,1
12,16,3,ok,87552,69064891.545599997,4841275.392,58708374.067199998,0,5515242.0864000004,1,1,3,1
12,16,4,ok,65536,68840312.012800008,4831838.2079999996,58469253.120000005,0,5539220.6847999999,1,2,2,1
12,16,5,ok,52736,69621647.615999997,4860149.7599999998,59156102.399999991,0,5605395.4560000002,1,1,5,1
12,16,6,ok,43776,69265638.143999994,4841275.392,58805537.740799993,0,5618825.0112000005,1,2,3,1
12,16,7,ok,37888,70790029.004800007,4888461.311999999,60195469.824000001,0,5706097.8688000003,1,1,7,1
12,16,8,ok,32768,69107974.143999994,4831838.2079999996,58598804.684799999,0,5677331.2511999998,1,2,4,1
12,16,9,ok,29184,69466384.742400005,4841275.392,58902701.414399996,0,5722407.9360000007,1,1,9,1
12,16,10,ok,26368,69956225.279999986,4860149.7599999998,59318041.855999991,0,5778033.6640000008,1,2,5,1
12,16,11,ok,24064,70446065.817599997,4879024.1279999996,59733382.297599994,0,5833659.392,1,1,11,1
12,16,12,ok,21888,69667131.340800002,4841275.392,58999865.088,0,5825990.8607999999,1,4,3,1
12,16,13,ok,20480,71294316.953600004,4907335.6799999997,60452619.468800008,0,5934361.804800001,1,1,13,1
12,16,14,ok,18944,71258437.734400004,4888461.311999999,60422185.062400006,0,5947791.3599999994,1,2,7,1
12,16,15,ok,17920,72405427.967999995,4954521.5999999996,61394744.063999988,0,6056162.3040000005,1,1,15,1
12,16,16,ok,16384,69643298.40640001,4831838.2079999996,58857907.814400002,0,5953552.3839999996,1,4,4,1
12,32,1,ok,524288,137212215.296,9663676.4159999993,116711791.0016,0,10836747.8784,1,1,1,1
12,32,2,ok,262144,137279130.82879999,9663676.4159999993,116744178.8928,0,10871275.52,1,1,2,1
12,32,3,ok,175104,137929036.4928,9682550.784,117319584.46079998,0,10926901.248,1,1,3,1
12,32,4,ok,131072,137412961.89440003,9663676.4159999993,116808954.67520002,0,10940330.803200001,1,2,2,1
12,32,5,ok,105472,138908717.56799999,9720299.5199999996,118150265.344,0,11038152.704,1,1,5,1
12,32,6,ok,87552,138129783.09119999,9682550.784,117416748.1344,0,11030484.172800001,1,2,3,1
12,32,7,ok,75776,141111649.28000003,9776922.623999998,120164224.40960002,0,11170502.246400002,1,1,7,1
12,32,8,ok,65536,137680624.02560002,9663676.4159999993,116938506.24000001,0,11078441.3696,1,2,4,1
12,32,9,ok,58368,138330529.68959999,9682550.784,117513911.80799997,0,11134067.097600002,1,1,9,1
12,32,10,ok,52736,139243295.23199999,9720299.5199999996,118312204.79999998,0,11210790.912,1,2,5,1
12,32,11,ok,48128,140156060.7744,9758048.2559999991,119110497.79199998,0,11287514.726400001,1,1,11,1
12,32,12,ok,43776,138531276.28799999,9682550.784,117611075.48159999,0,11237650.022400001,1,4,3,1
12,32,13,ok,40960,141718731.9808,9814671.3599999994,120484196.352,0,11419864.2688,1,1,13,1
12,32,14,ok,37888,141580058.00960001,9776922.623999998,120390939.648,0,11412195.737600001,1,2,7,1
12,32,15,ok,35840,143807122.94400004,9909043.1999999993,122303669.76000001,0,11594409.984000001,1,1,15,1
12,32,16,ok,32768,138215948.28799999,9663676.4159999993,117197609.3696,0,11354662.5024,1,4,4,1
12,64,1,ok,1048576,274357515.05919999,19327352.831999999,233391194.11199999,0,21638968.115200002,1,1,1,1
12,64,2,ok,524288,274424430.59200001,19327352.831999999,233423582.00319999,0,21673495.7568,1,1,2,1
12,64,3,ok,350208,275657326.3872,19365101.568,234542005.24799997,0,21750219.571200002,1,1,3,1
12,64,4,ok,262144,274558261.65759999,19327352.831999999,233488357.78560001,0,21742551.039999999,1,2,2,1
12,64,5,ok,210944,277482857.47199994,19440599.039999999,236138591.23199996,0,21903667.200000003,1,1,5,1
12,64,6,ok,175104,275858072.98559999,19365101.568,234639168.92159995,0,21853802.495999999,1,2,3,1
12,64,7,ok,151552,281754889.83040005,19553845.247999996,240101733.58080006,0,22099311.001599997,1,1,7,1
12,64,8,ok,131072,274825923.78880006,19327352.831999999,233617909.35040003,0,21880661.606400002,1,2,4,1
12,64,9,ok,116736,276058819.58399993,19365101.568,234736332.59519997,0,21957385.4208,1,1,9,1
12,64,10,ok,105472,277817435.13599998,19440599.039999999,236300530.68799999,0,22076305.408,1,2,5,1
12,64,11,ok,96256,279576050.68799996,19516096.511999998,237864728.78079998,0,22195225.395200003,1,1,11,1
12,64,12,ok,87552,276259566.18239999,19365101.568,234833496.26879999,0,22060968.345600002,1,4,3,1
12,64,13,ok,81920,282567562.03520006,19629342.719999999,240547350.11840004,0,22390869.196800001,1,1,13,1
12,64,14,ok,75776,282223298.56000006,19553845.247999996,240328448.81920004,0,22341004.492800005,1,2,7,1
12,64,15,ok,71680,286610512.89600003,19818086.399999999,244121521.15199998,0,22670905.344000001,1,1,15,1
12,64,16,ok,65536,275361248.05120003,19327352.831999999,233877012.48000002,0,22156882.7392,1,4,4,1
13,1,1,ok,512,2860.6464000000001,2860.6464000000001,0,0,0,1,1,1,1
13,1,2,ok,256,2860.6464000000001,2860.6464000000001,0,0,0,1,1,2,1
13,1,3,ok,171,2866.2336,2866.2336,0,0,0,3,1,1,1
13,1,4,ok,128,2860.6464000000001,2860.6464000000001,0,0,0,2,1,2,1
13,1,5,ok,103,2877.4080000000004,2877.4080000000004,0,0,0,5,1,1,1
13,1,6,ok,86,2866.2336,2866.2336,0,0,0,3,1,2,1
13,1,7,ok,74,2894.1696000000002,2894.1696000000002,0,0,0,7,1,1,1
13,1,8,ok,64,2860.6464000000001,2860.6464000000001,0,0,0,2,1,4,1
13,1,9,ok,57,2866.2336,2866.2336,0,0,0,9,1,1,1
13,1,10,ok,52,2877.4080000000004,2877.4080000000004,0,0,0,5,1,2,1
13,1,11,ok,47,2888.5824000000002,2888.5824000000002,0,0,0,11,1,1,1
13,1,12,ok,43,2866.2336,2866.2336,0,0,0,3,1,4,1
13,1,13,ok,40,2905.3440000000001,2905.3440000000001,0,0,0,1,1,13,1
13,1,14,ok,37,2894.1696000000002,2894.1696000000002,0,0,0,7,1,2,1
13,1,15,ok,35,2911.0185000000001,2911.0185000000001,0,0,0,3,1,5,1
13,1,16,ok,32,2860.6464000000001,2860.6464000000001,0,0,0,4,1,4,1
13,2,1,ok,1024,5721.2928000000002,5721.2928000000002,0,0,0,1,1,1,1
13,2,2,ok,512,5721.2928000000002,5721.2928000000002,0,0,0,1,1,2,1
13,2,3,ok,342,5732.4672,5732.4672,0,0,0,3,1,1,1
13,2,4,ok,256,5721.2928000000002,5721.2928000000002,0,0,0,1,2,2,1
13,2,5,ok,206,5754.8160000000007,5754.8160000000007,0,0,0,5,1,1,1
13,2,6,ok,171,5732.4672,5732.4672,0,0,0,3,1,2,1
13,2,7,ok,148,5788.3392000000003,5788.3392000000003,0,0,0,7,1,1,1
13,2,8,ok,128,5721.2928000000002,5721.2928000000002,0,0,0,1,2,4,1
13,2,9,ok,114,5732.4672,5732.4672,0,0,0,9,1,1,1
13,2,10,ok,103,5754.8160000000007,5754.8160000000007,0,0,0,5,1,2,1
13,2,11,ok,94,5777.1648000000005,5777.1648000000005,0,0,0,11,1,1,1
13,2,12,ok,86,5732.4672,5732.4672,0,0,0,3,1,4,1
13,2,13,ok,80,5810.6880000000001,5810.6880000000001,0,0,0,1,1,13,1
13,2,14,ok,74,5788.3392000000003,5788.3392000000003,0,0,0,7,1,2,1
13,2,15,ok,70,5822.0370000000003,5822.0370000000003,0,0,0,3,1,5,1
13,2,16,ok,64,5721.2928000000002,5721.2928000000002,0,0,0,2,2,4,1
13,4,1,ok,2048,11442.5856,11442.5856,0,0,0,1,1,1,1
13,4,2,ok,1024,11442.5856,11442.5856,0,0,0,1,1,2,1
13,4,3,ok,684,11464.9344,11464.9344,0,0,0,3,1,1,1
13,4,4,ok,512,11442.5856,11442.5856,0,0,0,1,2,2,1
13,4,5,ok,412,11509.632000000001,11509.632000000001,0,0,0,5,1,1,1
13,4,6,ok,342,11464.9344,11464.9344,0,0,0,3,1,2,1
13,4,7,ok,296,11576.678400000001,11576.678400000001,0,0,0,7,1,1,1
13,4,8,ok,256,11442.5856,11442.5856,0,0,0,1,2,4,1
13,4,9,ok,228,11464.9344,11464.9344,0,0,0,9,1,1,1
13,4,10,ok,206,11509.632000000001,11509.632000000001,0,0,0,5,1,2,1
13,4,11,ok,188,11554.329600000001,11554.329600000001,0,0,0,11,1,1,1
13,4,12,ok,171,11464.9344,11464.9344,0,0,0,3,1,4,1
13,4,13,ok,160,11621.376,11621.376,0,0,0,1,1,13,1
13,4,14,ok,148,11576.678400000001,11576.678400000001,0,0,0,7,1,2,1
13,4,15,ok,139,11644.074000000001,11644.074000000001,0,0,0,3,1,5,1
13,4,16,ok,128,11442.5856,11442.5856,0,0,0,2,2,4,1
13,8,1,ok,4096,22885.171200000001,22885.171200000001,0,0,0,1,1,1,1
13,8,2,ok,2048,22885.171200000001,22885.171200000001,0,0,0,1,1,2,1
13,8,3,ok,1368,22929.8688,22929.8688,0,0,0,3,1,1,1
13,8,4,ok,1024,22885.171200000001,22885.171200000001,0,0,0,1,2,2,1
13,8,5,ok,824,23019.264000000003,23019.264000000003,0,0,0,5,1,1,1
13,8,6,ok,684,22929.8688,22929.8688,0,0,0,3,1,2,1
13,8,7,ok,592,23153.356800000001,23153.356800000001,0,0,0,7,1,1,1
13,8,8,ok,512,22885.171200000001,22885.171200000001,0,0,0,1,2,4,1
13,8,9,ok,456,22929.8688,22929.8688,0,0,0,9,1,1,1
13,8,10,ok,412,23019.264000000003,23019.264000000003,0,0,0,5,1,2,1
13,8,11,ok,376,23108.659200000002,23108.659200000002,0,0,0,11,1,1,1
13,8,12,ok,342,22929.8688,22929.8688,0,0,0,3,1,4,1
13,8,13,ok,320,23242.752,23242.752,0,0,0,1,1,13,1
13,8,14,ok,296,23153.356800000001,23153.356800000001,0,0,0,7,1,2,1
13,8,15,ok,278,23288.148000000001,23288.148000000001,0,0,0,3,1,5,1
13,8,16,ok,256,22885.171200000001,22885.171200000001,0,0,0,2,2,4,1
13,16,1,ok,8192,45770.342400000001,45770.342400000001,0,0,0,1,1,1,1
13,16,2,ok,4096,45770.342400000001,45770.342400000001,0,0,0,1,1,2,1
13,16,3,ok,2736,45859.7376,45859.7376,0,0,0,3,1,1,1
13,16,4,ok,2048,45770.342400000001,45770.342400000001,0,0,0,1,2,2,1
13,16,5,ok,1648,46038.528000000006,46038.528000000006,0,0,0,5,1,1,1
13,16,6,ok,1368,45859.7376,45859.7376,0,0,0,3,1,2,1
13,16,7,ok,1184,46306.713600000003,46306.713600000003,0,0,0,7,1,1,1
13,16,8,ok,1024,45770.342400000001,45770.342400000001,0,0,0,1,2,4,1
13,16,9,ok,912,45859.7376,45859.7376,0,0,0,9,1,1,1
13,16,10,ok,824,46038.528000000006,46038.528000000006,0,0,0,5,1,2,1
13,16,11,ok,752,46217.318400000004,46217.318400000004,0,0,0,11,1,1,1
13,16,12,ok,684,45859.7376,45859.7376,0,0,0,3,1,4,1
13,16,13,ok,640,46485.504000000001,46485.504000000001,0,0,0,1,1,13,1
13,16,14,ok,592,46306.713600000003,46306.713600000003,0,0,0,7,1,2,1
13,16,15,ok,556,46576.296000000002,46576.296000000002,0,0,0,3,1,5,1
13,16,16,ok,512,45770.342400000001,45770.342400000001,0,0,0,2,2,4,1
13,32,1,ok,16384,91540.684800000003,91540.684800000003,0,0,0,1,1,1,1
13,32,2,ok,8192,91540.684800000003,91540.684800000003,0,0,0,1,1,2,1
13,32,3,ok,5472,91719.475200000001,91719.475200000001,0,0,0,3,1,1,1
13,32,4,ok,4096,91540.684800000003,91540.684800000003,0,0,0,1,2,2,1
13,32,5,ok,3296,92077.056000000011,92077.056000000011,0,0,0,5,1,1,1
13,32,6,ok,2736,91719.475200000001,91719.475200000001,0,0,0,3,1,2,1
13,32,7,ok,2368,92613.427200000006,92613.427200000006,0,0,0,7,1,1,1
13,32,8,ok,2048,91540.684800000003,91540.684800000003,0,0,0,1,2,4,1
13,32,9,ok,1824,91719.475200000001,91719.475200000001,0,0,0,9,1,1,1
13,32,10,ok,1648,92077.056000000011,92077.056000000011,0,0,0,5,1,2,1
13,32,11,ok,1504,92434.636800000007,92434.636800000007,0,0,0,11,1,1,1
13,32,12,ok,1368,91719.475200000001,91719.475200000001,0,0,0,3,1,4,1
13,32,13,ok,1280,92971.008000000002,92971.008000000002,0,0,0,1,1,13,1
13,32,14,ok,1184,92613.427200000006,92613.427200000006,0,0,0,7,1,2,1
13,32,15,ok,1112,93152.592000000004,93152.592000000004,0,0,0,3,1,5,1
13,32,16,ok,1024,91540.684800000003,91540.684800000003,0,0,0,2,2,4,1
13,64,1,ok,32768,183081.36960000001,183081.36960000001,0,0,0,1,1,1,1
13,64,2,ok,16384,183081.36960000001,183081.36960000001,0,0,0,1,1,2,1
13,64,3,ok,10944,183438.9504,183438.9504,0,0,0,3,1,1,1
13,64,4,ok,8192,183081.36960000001,183081.36960000001,0,0,0,1,2,2,1
13,64,5,ok,6592,184154.11200000002,184154.11200000002,0,0,0,5,1,1,1
13,64,6,ok,5472,183438.9504,183438.9504,0,0,0,3,1,2,1
13,64,7,ok,4736,185226.85440000001,185226.85440000001,0,0,0,7,1,1,1
13,64,8,ok,4096,183081.36960000001,183081.36960000001,0,0,0,1,2,4,1
13,64,9,ok,3648,183438.9504,183438.9504,0,0,0,9,1,1,1
13,64,10,ok,3296,184154.11200000002,184154.11200000002,0,0,0,5,1,2,1
13,64,11,ok,3008,184869.27360000001,184869.27360000001,0,0,0,11,1,1,1
13,64,12,ok,2736,183438.9504,183438.9504,0,0,0,3,1,4,1
13,64,13,ok,2560,185942.016,185942.016,0,0,0,1,1,13,1
13,64,14,ok,2368,185226.85440000001,185226.85440000001,0,0,0,7,1,2,1
13,64,15,ok,2223,186305.18400000001,186305.18400000001,0,0,0,3,1,5,1
13,64,16,ok,2048,183081.36960000001,183081.36960000001,0,0,0,2,2,4,1
14,1,1,ok,16384,4587387.2896000007,301989.88799999998,3913300.3776000002,0,372097.02399999998,1,1,1,1
14,1,2,ok,8192,4630011.9040000001,301989.88799999998,3921397.3503999999,0,406624.66560000001,1,1,2,1
14,1,3,ok,5472,4691360.7648,302579.712,3946969.4303999995,0,441811.62240000005,1,1,3,1
14,1,4,ok,4096,4715261.1328000007,301989.88799999998,3937591.2960000001,0,475679.94880000001,1,1,4,1
14,1,5,ok,3296,4804054.4159999993,303759.35999999999,3988109.52,0,512185.53600000008,1,1,5,1
14,1,6,ok,2752,4875407.3471999988,304349.18399999995,4023685.6703999997,0,547372.49280000001,1,1,6,1
14,1,7,ok,2368,4955480.4544000011,305528.83199999994,4066732.8576000002,0,583218.7648,1,1,7,1
14,1,8,ok,2048,4885759.590400001,301989.88799999998,3969979.1872000005,0,613790.51520000002,1,1,8,1
14,1,9,ok,1824,4947108.4511999991,302579.712,3995551.2671999987,0,648977.47200000007,1,1,9,1
14,1,10,ok,1664,5060778.3679999998,306708.47999999998,4065949.568,0,688120.32000000007,1,1,10,1
14,1,11,ok,1504,5087246.5247999998,304939.00799999997,4061637.5007999996,0,720670.01600000006,1,1,11,1
14,1,12,ok,1376,5131155.0336000007,304349.18399999995,4072267.5072000003,0,754538.34239999996,1,1,12,1
14,1,13,ok,1280,5218664.4224000005,306708.47999999998,4120252.6976000005,0,791703.24479999999,1,1,13,1
14,1,14,ok,1184,5253852.7552000005,305528.83199999994,4123411.6672,0,824912.25600000005,1,1,14,1
14,1,15,ok,1120,5367522.6720000003,309657.59999999998,4193809.9680000003,0,864055.10400000017,1,1,15,1
14,1,16,ok,1024,5306789.0688000005,301989.88799999998,4114787.5328000002,0,890011.64800000004,1,1,16,1
14,2,1,ok,32768,9132149.9648000021,603979.77599999995,7818503.7824000008,0,709666.40639999998,1,1,1,1
14,2,2,ok,16384,9174774.5792000014,603979.77599999995,7826600.7552000005,0,744194.04799999995,1,1,2,1
14,2,3,ok,10944,9254847.6864,605159.424,7869647.9423999991,0,780040.32000000007,1,1,3,1
14,2,4,ok,8192,9260023.8080000002,603979.77599999995,7842794.7007999998,0,813249.33120000002,1,2,2,1
14,2,5,ok,6592,9394985.7599999979,607518.71999999997,7935734.175999999,0,851732.86400000006,1,1,5,1
14,2,6,ok,5472,9382721.5296,605159.424,7893938.860799999,0,883623.2448000001,1,2,3,1
14,2,7,ok,4736,9612588.6080000009,611057.66399999987,8076786.9056000002,0,924744.03840000008,1,1,7,1
14,2,8,ok,4096,9430522.2656000014,603979.77599999995,7875182.5920000002,0,951359.89760000003,1,2,4,1
14,2,9,ok,3648,9510595.3728,605159.424,7918229.7791999988,0,987206.16960000014,1,1,9,1
14,2,10,ok,3296,9608108.8319999985,607518.71999999997,7976219.04,0,1024371.0720000002,1,2,5,1
14,2,11,ok,3008,9705622.2912000008,609878.01599999995,8034208.3007999994,0,1061535.9744000002,1,1,11,1
14,2,12,ok,2752,9750814.6943999976,608698.3679999999,8047371.3407999994,0,1094744.9856,1,2,6,1
14,2,13,ok,2560,9883208.8576000016,613416.95999999996,8135244.7488000011,0,1134547.1488000001,1,1,13,1
14,2,14,ok,2368,9910960.9088000022,611057.66399999987,8133465.7152000004,0,1166437.5296,1,2,7,1
14,2,15,ok,2240,10095676.128,619315.19999999995,8266165.3440000005,0,1210195.5840000003,1,1,15,1
14,2,16,ok,2048,9771519.1808000021,603979.77599999995,7939958.374400001,0,1227581.0304,1,2,8,1
14,4,1,ok,65536,17210078.003200002,1207959.5519999999,14617313.280000001,0,1384805.1712,1,1,1,1
14,4,2,ok,32768,17276993.535999998,1207959.5519999999,14649701.1712,0,1419332.8128,1,1,2,1
14,4,3,ok,21888,17416782.835200001,1210318.848,14749966.272,0,1456497.7152,1,1,3,1
14,4,4,ok,16384,17410824.601600002,1207959.5519999999,14714476.953600001,0,1488388.0959999999,1,1,4,1
14,4,5,ok,13184,17656345.151999999,1215037.4399999999,14910480.191999998,0,1530827.52,1,1,5,1
14,4,6,ok,11008,17836150.732799999,1217396.7359999998,15050761.5744,0,1567992.4224,1,1,6,1
14,4,7,ok,9472,18048813.7984,1222115.3279999997,15218903.8848,0,1607794.5856000003,1,1,7,1
14,4,8,ok,8192,17678486.732800003,1207959.5519999999,14844028.518400002,0,1626498.6624,1,1,8,1
14,4,9,ok,7296,17818276.031999998,1210318.848,14944293.619199999,0,1663663.5648000003,1,1,9,1
14,4,10,ok,6656,18155210.240000002,1226833.9199999999,15211724.288000001,0,1716652.0319999999,1,1,10,1
14,4,11,ok,6016,18163569.599999994,1219756.0319999999,15200545.676799998,0,1743267.8912,1,1,11,1
14,4,12,ok,5504,18237643.929599997,1217396.7359999998,15245088.921599999,0,1775158.2719999999,1,1,12,1
14,4,13,ok,5120,18476005.683200002,1226833.9199999999,15428936.806400003,0,1820234.9568,1,1,13,1
14,4,14,ok,4736,18517222.528000005,1222115.3279999997,15445619.123200003,0,1849488.0768000002,1,1,14,1
14,4,15,ok,4480,18854156.736000001,1238630.3999999999,15713049.791999999,0,1902476.544,1,1,15,1
14,4,16,ok,4096,18533941.248000003,1207959.5519999999,15423261.900800001,0,1902719.7952000001,1,1,16,1
14,8,1,ok,131072,34353240.473600008,2415919.1039999998,29202238.668800004,0,2735082.7008000002,1,1,1,1
14,8,2,ok,65536,34420156.006400004,2415919.1039999998,29234626.560000002,0,2769610.3424,1,1,2,1
14,8,3,ok,43776,34632819.071999997,2420637.696,29402768.870399997,0,2809412.5056000003,1,1,3,1
14,8,4,ok,32768,34553987.071999997,2415919.1039999998,29299402.342399999,0,2838665.6255999999,1,2,2,1
14,8,5,ok,26368,34978112.639999993,2430074.8799999999,29659020.927999996,0,2889016.8320000004,1,1,5,1
14,8,6,ok,21888,34833565.670400001,2420637.696,29499932.544,0,2912995.4304,1,2,3,1
14,8,7,ok,18944,35629218.867200002,2444230.6559999995,30211092.531200003,0,2973895.6799999997,1,1,7,1
14,8,8,ok,16384,34821649.203200005,2415919.1039999998,29428953.907200001,0,2976776.1919999998,1,2,4,1
14,8,9,ok,14592,35034312.26879999,2420637.696,29597096.217599992,0,3016578.3552000006,1,1,9,1
14,8,10,ok,13184,35312690.303999998,2430074.8799999999,29820960.383999996,0,3061655.04,1,2,5,1
14,8,11,ok,12032,35591068.339199997,2439512.0639999998,30044824.550399996,0,3106731.7248,1,1,11,1
14,8,12,ok,11008,35672301.465599999,2434793.4719999996,30101523.148800001,0,3135984.8448000001,1,2,6,1
14,8,13,ok,10240,36082109.440000005,2453667.8399999999,30436831.027200006,0,3191610.5728000002,1,1,13,1
14,8,14,ok,9472,36097627.596799999,2444230.6559999995,30437807.7696,0,3215589.1712000007,1,2,7,1
14,8,15,ok,8960,36704580.480000004,2477260.7999999998,30940281.215999998,0,3287038.4640000002,1,1,15,1
14,8,16,ok,8192,35356973.465600006,2415919.1039999998,29688057.036800005,0,3252997.3248000001,1,2,8,1
14,16,1,ok,262144,68639565.414399996,4831838.2079999996,58372089.446400002,0,5435637.7599999998,1,1,1,1
14,16,2,ok,131072,68706480.947200015,4831838.2079999996,58404477.337600008,0,5470165.4016000004,1,1,2,1
14,16,3,ok,87552,69064891.545599997,4841275.392,58708374.067199998,0,5515242.0864000004,1,1,3,1
14,16,4,ok,65536,68840312.012800008,4831838.2079999996,58469253.120000005,0,5539220.6847999999,1,2,2,1
14,16,5,ok,52736,69621647.615999997,4860149.7599999998,59156102.399999991,0,5605395.4560000002,1,1,5,1
14,16,6,ok,43776,69265638.143999994,4841275.392,58805537.740799993,0,5618825.0112000005,1,2,3,1
14,16,7,ok,37888,70790029.004800007,4888461.311999999,60195469.824000001,0,5706097.8688000003,1,1,7,1
14,16,8,ok,32768,69107974.143999994,4831838.2079999996,58598804.684799999,0,5677331.2511999998,1,2,4,1
14,16,9,ok,29184,69466384.742400005,4841275.392,58902701.414399996,0,5722407.9360000007,1,1,9,1
14,16,10,ok,26368,69956225.279999986,4860149.7599999998,59318041.855999991,0,5778033.6640000008,1,2,5,1
14,16,11,ok,24064,70446065.817599997,4879024.1279999996,59733382.297599994,0,5833659.392,1,1,11,1
14,16,12,ok,21888,69667131.340800002,4841275.392,58999865.088,0,5825990.8607999999,1,4,3,1
14,16,13,ok,20480,71294316.953600004,4907335.6799999997,60452619.468800008,0,5934361.804800001,1,1,13,1
14,16,14,ok,18944,71258437.734400004,4888461.311999999,60422185.062400006,0,5947791.3599999994,1,2,7,1
14,16,15,ok,17920,72405427.967999995,4954521.5999999996,61394744.063999988,0,6056162.3040000005,1,1,15,1
14,16,16,ok,16384,69643298.40640001,4831838.2079999996,58857907.814400002,0,5953552.3839999996,1,4,4,1
14,32,1,ok,524288,137212215.296,9663676.4159999993,116711791.0016,0,10836747.8784,1,1,1,1
14,32,2,ok,262144,137279130.82879999,9663676.4159999993,116744178.8928,0,10871275.52,1,1,2,1
14,32,3,ok,175104,137929036.4928,9682550.784,117319584.46079998,0,10926901.248,1,1,3,1
14,32,4,ok,131072,137412961.89440003,9663676.4159999993,116808954.67520002,0,10940330.803200001,1,2,2,1
14,32,5,ok,105472,138908717.56799999,9720299.5199999996,118150265.344,0,11038152.704,1,1,5,1
14,32,6,ok,87552,138129783.09119999,9682550.784,117416748.1344,0,11030484.172800001,1,2,3,1
14,32,7,ok,75776,141111649.28000003,9776922.623999998,120164224.40960002,0,11170502.246400002,1,1,7,1
14,32,8,ok,65536,137680624.02560002,9663676.4159999993,116938506.24000001,0,11078441.3696,1,2,4,1
14,32,9,ok,58368,138330529.68959999,9682550.784,117513911.80799997,0,11134067.097600002,1,1,9,1
14,32,10,ok,52736,139243295.23199999,9720299.5199999996,118312204.79999998,0,11210790.912,1,2,5,1
14,32,11,ok,48128,140156060.7744,9758048.2559999991,119110497.79199998,0,11287514.726400001,1,1,11,1
14,32,12,ok,43776,138531276.28799999,9682550.784,117611075.48159999,0,11237650.022400001,1,4,3,1
14,32,13,ok,40960,141718731.9808,9814671.3599999994,120484196.352,0,11419864.2688,1,1,13,1
14,32,14,ok,37888,141580058.00960001,9776922.623999998,120390939.648,0,11412195.737600001,1,2,7,1
14,32,15,ok,35840,143807122.94400004,9909043.1999999993,122303669.76000001,0,11594409.984000001,1,1,15,1
14,32,16,ok,32768,138215948.28799999,9663676.4159999993,117197609.3696,0,11354662.5024,1,4,4,1
14,64,1,ok,1048576,274357515.05919999,19327352.831999999,233391194.11199999,0,21638968.115200002,1,1,1,1
14,64,2,ok,524288,274424430.59200001,19327352.831999999,233423582.00319999,0,21673495.7568,1,1,2,1
14,64,3,ok,350208,275657326.3872,19365101.568,234542005.24799997,0,21750219.571200002,1,1,3,1
14,64,4,ok,262144,274558261.65759999,19327352.831999999,233488357.78560001,0,21742551.039999999,1,2,2,1
14,64,5,ok,210944,277482857.47199994,19440599.039999999,236138591.23199996,0,21903667.200000003,1,1,5,1
14,64,6,ok,175104,275858072.98559999,19365101.568,234639168.92159995,0,21853802.495999999,1,2,3,1
14,64,7,ok,151552,281754889.83040005,19553845.247999996,240101733.58080006,0,22099311.001599997,1,1,7,1
14,64,8,ok,131072,274825923.78880006,19327352.831999999,233617909.35040003,0,21880661.606400002,1,2,4,1
14,64,9,ok,116736,276058819.58399993,19365101.568,234736332.59519997,0,21957385.4208,1,1,9,1
14,64,10,ok,105472,277817435.13599998,19440599.039999999,236300530.68799999,0,22076305.408,1,2,5,1
14,64,11,ok,96256,279576050.68799996,19516096.511999998,237864728.78079998,0,22195225.395200003,1,1,11,1
14,64,12,ok,87552,276259566.18239999,19365101.568,234833496.26879999,0,22060968.345600002,1,4,3,1
14,64,13,ok,81920,282567562.03520006,19629342.719999999,240547350.11840004,0,22390869.196800001,1,1,13,1
14,64,14,ok,75776,282223298.56000006,19553845.247999996,240328448.81920004,0,22341004.492800005,1,2,7,1
14,64,15,ok,71680,286610512.89600003,19818086.399999999,244121521.15199998,0,22670905.344000001,1,1,15,1
14,64,16,ok,65536,275361248.05120003,19327352.831999999,233877012.48000002,0,22156882.7392,1,4,4,1
15,1,1,ok,512,2860.6464000000001,2860.6464000000001,0,0,0,1,1,1,1
15,1,2,ok,256,2860.6464000000001,2860.6464000000001,0,0,0,1,1,2,1
15,1,3,ok,171,2866.2336,2866.2336,0,0,0,3,1,1,1
15,1,4,ok,128,2860.6464000000001,2860.6464000000001,0,0,0,2,1,2,1
15,1,5,ok,103,2877.4080000000004,2877.4080000000004,0,0,0,5,1,1,1
15,1,6,ok,86,2866.2336,2866.2336,0,0,0,3,1,2,1
15,1,7,ok,74,2894.1696000000002,2894.1696000000002,0,0,0,7,1,1,1
15,1,8,ok,64,2860.6464000000001,2860.6464000000001,0,0,0,2,1,4,1
15,1,9,ok,57,2866.2336,2866.2336,0,0,0,9,1,1,1
15,1,10,ok,52,2877.4080000000004,2877.4080000000004,0,0,0,5,1,2,1
15,1,11,ok,47,2888.5824000000002,2888.5824000000002,0,0,0,11,1,1,1
15,1,12,ok,43,2866.2336,2866.2336,0,0,0,3,1,4,1
15,1,13,ok,40,2905.3440000000001,2905.3440000000001,0,0,0,1,1,13,1
15,1,14,ok,37,2894.1696000000002,2894.1696000000002,0,0,0,7,1,2,1
15,1,15,ok,35,2911.0185000000001,2911.0185000000001,0,0,0,3,1,5,1
15,1,16,ok,32,2860.6464000000001,2860.6464000000001,0,0,0,4,1,4,1
15,2,1,ok,1024,5721.2928000000002,5721.2928000000002,0,0,0,1,1,1,1
15,2,2,ok,512,5721.2928000000002,5721.2928000000002,0,0,0,1,1,2,1
15,2,3,ok,342,5732.4672,5732.4672,0,0,0,3,1,1,1
15,2,4,ok,256,5721.2928000000002,5721.2928000000002,0,0,0,1,2,2,1
15,2,5,ok,206,5754.8160000000007,5754.8160000000007,0,0,0,5,1,1,1
15,2,6,ok,171,5732.4672,5732.4672,0,0,0,3,1,2,1
15,2,7,ok,148,5788.3392000000003,5788.3392000000003,0,0,0,7,1,1,1
15,2,8,ok,128,5721.2928000000002,5721.2928000000002,0,0,0,1,2,4,1
15,2,9,ok,114,5732.4672,5732.4672,0,0,0,9,1,1,1
15,2,10,ok,103,5754.8160000000007,5754.8160000000007,0,0,0,5,1,2,1
15,2,11,ok,94,5777.1648000000005,5777.1648000000005,0,0,0,11,1,1,1
15,2,12,ok,86,5732.4672,5732.4672,0,0,0,3,1,4,1
15,2,13,ok,80,5810.6880000000001,5810.6880000000001,0,0,0,1,1,13,1
15,2,14,ok,74,5788.3392000000003,5788.3392000000003,0,0,0,7,1,2,1
15,2,15,ok,70,5822.0370000000003,5822.0370000000003,0,0,0,3,1,5,1
15,2,16,ok,64,5721.2928000000002,5721.2928000000002,0,0,0,2,2,4,1
15,4,1,ok,2048,11442.5856,11442.5856,0,0,0,1,1,1,1
15,4,2,ok,1024,11442.5856,11442.5856,0,0,0,1,1,2,1
15,4,3,ok,684,11464.9344,11464.9344,0,0,0,3,1,1,1
15,4,4,ok,512,11442.5856,11442.5856,0,0,0,1,2,2,1
15,4,5,ok,412,11509.632000000001,11509.632000000001,0,0,0,5,1,1,1
15,4,6,ok,342,11464.9344,11464.9344,0,0,0,3,1,2,1
15,4,7,ok,296,11576.678400000001,11576.678400000001,0,0,0,7,1,1,1
15,4,8,ok,256,11442.5856,11442.5856,0,0,0,1,2,4,1
15,4,9,ok,228,11464.9344,11464.9344,0,0,0,9,1,1,1
15,4,10,ok,206,11509.632000000001,11509.632000000001,0,0,0,5,1,2,1
15,4,11,ok,188,11554.329600000001,11554.329600000001,0,0,0,11,1,1,1
15,4,12,ok,171,11464.9344,11464.9344,0,0,0,3,1,4,1
15,4,13,ok,160,11621.376,11621.376,0,0,0,1,1,13,1
15,4,14,ok,148,11576.678400000001,11576.678400000001,0,0,0,7,1,2,1
15,4,15,ok,139,11644.074000000001,11644.074000000001,0,0,0,3,1,5,1
15,4,16,ok,128,11442.5856,11442.5856,0,0,0,2,2,4,1
15,8,1,ok,4096,22885.171200000001,22885.171200000001,0,0,0,1,1,1,1
15,8,2,ok,2048,22885.171200000001,22885.171200000001,0,0,0,1,1,2,1
15,8,3,ok,1368,22929.8688,22929.8688,0,0,0,3,1,1,1
15,8,4,ok,1024,22885.171200000001,22885.171200000001,0,0,0,1,2,2,1
15,8,5,ok,824,23019.264000000003,23019.264000000003,0,0,0,5,1,1,1
15,8,6,ok,684,22929.8688,22929.8688,0,0,0,3,1,2,1
15,8,7,ok,592,23153.356800000001,23153.356800000001,0,0,0,7,1,1,1
15,8,8,ok,512,22885.171200000001,22885.171200000001,0,0,0,1,2,4,1
15,8,9,ok,456,22929.8688,22929.8688,0,0,0,9,1,1,1
15,8,10,ok,412,23019.264000000003,23019.264000000003,0,0,0,5,1,2,1
15,8,11,ok,376,23108.659200000002,23108.659200000002,0,0,0,11,1,1,1
15,8,12,ok,342,22929.8688,22929.8688,0,0,0,3,1,4,1
15,8,13,ok,320,23242.752,23242.752,0,0,0,1,1,13,1
15,8,14,ok,296,23153.356800000001,23153.356800000001,0,0,0,7,1,2,1
15,8,15,ok,278,23288.148000000001,23288.148000000001,0,0,0,3,1,5,1
15,8,16,ok,256,22885.171200000001,22885.171200000001,0,0,0,2,2,4,1
15,16,1,ok,8192,45770.342400000001,45770.342400000001,0,0,0,1,1,1,1
15,16,2,ok,4096,45770.342400000001,45770.342400000001,0,0,0,1,1,2,1
15,16,3,ok,2736,45859.7376,45859.7376,0,0,0,3,1,1,1
15,16,4,ok,2048,45770.342400000001,45770.342400000001,0,0,0,1,2,2,1
15,16,5,ok,1648,46038.528000000006,46038.528000000006,0,0,0,5,1,1,1
15,16,6,ok,1368,45859.7376,45859.7376,0,0,0,3,1,2,1
15,16,7,ok,1184,46306.713600000003,46306.713600000003,0,0,0,7,1,1,1
15,16,8,ok,1024,45770.342400000001,45770.342400000001,0,0,0,1,2,4,1
15,16,9,ok,912,45859.7376,45859.7376,0,0,0,9,1,1,1
15,16,10,ok,824,46038.528000000006,46038.528000000006,0,0,0,5,1,2,1
15,16,11,ok,752,46217.318400000004,46217.318400000004,0,0,0,11,1,1,1
15,16,12,ok,684,45859.7376,45859.7376,0,0,0,3,1,4,1
15,16,13,ok,640,46485.504000000001,46485.504000000001,0,0,0,1,1,13,1
15,16,14,ok,592,46306.713600000003,46306.713600000003,0,0,0,7,1,2,1
15,16,15,ok,556,46576.296000000002,46576.296000000002,0,0,0,3,1,5,1
15,16,16,ok,512,45770.342400000001,45770.342400000001,0,0,0,2,2,4,1
15,32,1,ok,16384,91540.684800000003,91540.684800000003,0,0,0,1,1,1,1
15,32,2,ok,8192,91540.684800000003,91540.684800000003,0,0,0,1,1,2,1
15,32,3,ok,5472,91719.475200000001,91719.475200000001,0,0,0,3,1,1,1
15,32,4,ok,4096,91540.684800000003,91540.684800000003,0,0,0,1,2,2,1
15,32,5,ok,3296,92077.056000000011,92077.056000000011,0,0,0,5,1,1,1
15,32,6,ok,2736,91719.475200000001,91719.475200000001,0,0,0,3,1,2,1
15,32,7,ok,2368,92613.427200000006,92613.427200000006,0,0,0,7,1,1,1
15,32,8,ok,2048,91540.684800000003,91540.684800000003,0,0,0,1,2,4,1
15,32,9,ok,1824,91719.475200000001,91719.475200000001,0,0,0,9,1,1,1
15,32,10,ok,1648,92077.056000000011,92077.056000000011,0,0,0,5,1,2,1
15,32,11,ok,1504,92434.636800000007,92434.636800000007,0,0,0,11,1,1,1
15,32,12,ok,1368,91719.475200000001,91719.475200000001,0,0,0,3,1,4,1
15,32,13,ok,1280,92971.008000000002,92971.008000000002,0,0,0,1,1,13,1
15,32,14,ok,1184,92613.427200000006,92613.427200000006,0,0,0,7,1,2,1
15,32,15,ok,1112,93152.592000000004,93152.592000000004,0,0,0,3,1,5,1
15,32,16,ok,1024,91540.684800000003,91540.684800000003,0,0,0,2,2,4,1
15,64,1,ok,32768,183081.36960000001,183081.36960000001,0,0,0,1,1,1,1
15,64,2,ok,16384,183081.36960000001,183081.36960000001,0,0,0,1,1,2,1
15,64,3,ok,10944,183438.9504,183438.9504,0,0,0,3,1,1,1
15,64,4,ok,8192,183081.36960000001,183081.36960000001,0,0,0,1,2,2,1
15,64,5,ok,6592,184154.11200000002,184154.11200000002,0,0,0,5,1,1,1
15,64,6,ok,5472,183438.9504,183438.9504,0,0,0,3,1,2,1
15,64,7,ok,4736,185226.85440000001,185226.85440000001,0,0,0,7,1,1,1
15,64,8,ok,4096,183081.36960000001,183081.36960000001,0,0,0,1,2,4,1
15,64,9,ok,3648,183438.9504,183438.9504,0,0,0,9,1,1,1
15,64,10,ok,3296,184154.11200000002,184154.11200000002,0,0,0,5,1,2,1
15,64,11,ok,3008,184869.27360000001,184869.27360000001,0,0,0,11,1,1,1
15,64,12,ok,2736,183438.9504,183438.9504,0,0,0,3,1,4,1
15,64,13,ok,2560,185942.016,185942.016,0,0,0,1,1,13,1
15,64,14,ok,2368,185226.85440000001,185226.85440000001,0,0,0,7,1,2,1
15,64,15,ok,2223,186305.18400000001,186305.18400000001,0,0,0,3,1,5,1
15,64,16,ok,2048,183081.36960000001,183081.36960000001,0,0,0,2,2,4,1
16,1,1,ok,16384,4587387.2896000007,301989.88799999998,3913300.3776000002,0,372097.02399999998,1,1,1,1
16,1,2,ok,8192,4630011.9040000001,301989.88799999998,3921397.3503999999,0,406624.66560000001,1,1,2,1
16,1,3,ok,5472,4691360.7648,302579.712,3946969.4303999995,0,441811.62240000005,1,1,3,1
16,1,4,ok,4096,4715261.1328000007,301989.88799999998,3937591.2960000001,0,475679.94880000001,1,1,4,1
16,1,5,ok,3296,4804054.4159999993,303759.35999999999,3988109.52,0,512185.53600000008,1,1,5,1
16,1,6,ok,2752,4875407.3471999988,304349.18399999995,4023685.6703999997,0,547372.49280000001,1,1,6,1
16,1,7,ok,2368,4955480.4544000011,305528.83199999994,4066732.8576000002,0,583218.7648,1,1,7,1
16,1,8,ok,2048,4885759.590400001,301989.88799999998,3969979.1872000005,0,613790.51520000002,1,1,8,1
16,1,9,ok,1824,4947108.4511999991,302579.712,3995551.2671999987,0,648977.47200000007,1,1,9,1
16,1,10,ok,1664,5060778.3679999998,306708.47999999998,4065949.568,0,688120.32000000007,1,1,10,1
16,1,11,ok,1504,5087246.5247999998,304939.00799999997,4061637.5007999996,0,720670.01600000006,1,1,11,1
16,1,12,ok,1376,5131155.0336000007,304349.18399999995,4072267.5072000003,0,754538.34239999996,1,1,12,1
16,1,13,ok,1280,5218664.4224000005,306708.47999999998,4120252.6976000005,0,791703.24479999999,1,1,13,1
16,1,14,ok,1184,5253852.7552000005,305528.83199999994,4123411.6672,0,824912.25600000005,1,1,14,1
16,1,15,ok,1120,5367522.6720000003,309657.59999999998,4193809.9680000003,0,864055.10400000017,1,1,15,1
16,1,16,ok,1024,5306789.0688000005,301989.88799999998,4114787.5328000002,0,890011.64800000004,1,1,16,1
16,2,1,ok,32768,9132149.9648000021,603979.77599999995,7818503.7824000008,0,709666.40639999998,1,1,1,1
16,2,2,ok,16384,9174774.5792000014,603979.77599999995,7826600.7552000005,0,744194.04799999995,1,1,2,1
16,2,3,ok,10944,9254847.6864,605159.424,7869647.9423999991,0,780040.32000000007,1,1,3,1
16,2,4,ok,8192,9260023.8080000002,603979.77599999995,7842794.7007999998,0,813249.33120000002,1,2,2,1
16,2,5,ok,6592,9394985.7599999979,607518.71999999997,7935734.175999999,0,851732.86400000006,1,1,5,1
16,2,6,ok,5472,9382721.5296,605159.424,7893938.860799999,0,883623.2448000001,1,2,3,1
16,2,7,ok,4736,9612588.6080000009,611057.66399999987,8076786.9056000002,0,924744.03840000008,1,1,7,1
16,2,8,ok,4096,9430522.2656000014,603979.77599999995,7875182.5920000002,0,951359.89760000003,1,2,4,1
16,2,9,ok,3648,9510595.3728,605159.424,7918229.7791999988,0,987206.16960000014,1,1,9,1
16,2,10,ok,3296,9608108.8319999985,607518.71999999997,7976219.04,0,1024371.0720000002,1,2,5,1
16,2,11,ok,3008,9705622.2912000008,609878.01599999995,8034208.3007999994,0,1061535.9744000002,1,1,11,1
16,2,12,ok,2752,9750814.6943999976,608698.3679999999,8047371.3407999994,0,1094744.9856,1,2,6,1
16,2,13,ok,2560,9883208.8576000016,613416.95999999996,8135244.7488000011,0,1134547.1488000001,1,1,13,1
16,2,14,ok,2368,9910960.9088000022,611057.66399999987,8133465.7152000004,0,1166437.5296,1,2,7,1
16,2,15,ok,2240,10095676.128,619315.19999999995,8266165.3440000005,0,1210195.5840000003,1,1,15,1
16,2,16,ok,2048,9771519.1808000021,603979.77599999995,7939958.374400001,0,1227581.0304,1,2,8,1
16,4,1,ok,65536,17210078.003200002,1207959.5519999999,14617313.280000001,0,1384805.1712,1,1,1,1
16,4,2,ok,32768,17276993.535999998,1207959.5519999999,14649701.1712,0,1419332.8128,1,1,2,1
16,4,3,ok,21888,17416782.835200001,1210318.848,14749966.272,0,1456497.7152,1,1,3,1
16,4,4,ok,16384,17410824.601600002,1207959.5519999999,14714476.953600001,0,1488388.0959999999,1,1,4,1
16,4,5,ok,13184,17656345.151999999,1215037.4399999999,14910480.191999998,0,1530827.52,1,1,5,1
16,4,6,ok,11008,17836150.732799999,1217396.7359999998,15050761.5744,0,1567992.4224,1,1,6,1
16,4,7,ok,9472,18048813.7984,1222115.3279999997,15218903.8848,0,1607794.5856000003,1,1,7,1
16,4,8,ok,8192,17678486.732800003,1207959.5519999999,14844028.518400002,0,1626498.6624,1,1,8,1
16,4,9,ok,7296,17818276.031999998,1210318.848,14944293.619199999,0,1663663.5648000003,1,1,9,1
16,4,10,ok,6656,18155210.240000002,1226833.9199999999,15211724.288000001,0,1716652.0319999999,1,1,10,1
16,4,11,ok,6016,18163569.599999994,1219756.0319999999,15200545.676799998,0,1743267.8912,1,1,11,1
16,4,12,ok,5504,18237643.929599997,1217396.7359999998,15245088.921599999,0,1775158.2719999999,1,1,12,1
16,4,13,ok,5120,18476005.683200002,1226833.9199999999,15428936.806400003,0,1820234.9568,1,1,13,1
16,4,14,ok,4736,18517222.528000005,1222115.3279999997,15445619.123200003,0,1849488.0768000002,1,1,14,1
16,4,15,ok,4480,18854156.736000001,1238630.3999999999,15713049.791999999,0,1902476.544,1,1,15,1
16,4,16,ok,4096,18533941.248000003,1207959.5519999999,15423261.900800001,0,1902719.7952000001,1,1,16,1
16,8,1,ok,131072,34353240.473600008,2415919.1039999998,29202238.668800004,0,2735082.7008000002,1,1,1,1
16,8,2,ok,65536,34420156.006400004,2415919.1039999998,29234626.560000002,0,2769610.3424,1,1,2,1
16,8,3,ok,43776,34632819.071999997,2420637.696,29402768.870399997,0,2809412.5056000003,1,1,3,1
16,8,4,ok,32768,34553987.071999997,2415919.1039999998,29299402.342399999,0,2838665.6255999999,1,2,2,1
16,8,5,ok,26368,34978112.639999993,2430074.8799999999,29659020.927999996,0,2889016.8320000004,1,1,5,1
16,8,6,ok,21888,34833565.670400001,2420637.696,29499932.544,0,2912995.4304,1,2,3,1
16,8,7,ok,18944,35629218.867200002,2444230.6559999995,30211092.531200003,0,2973895.6799999997,1,1,7,1
16,8,8,ok,16384,34821649.203200005,2415919.1039999998,29428953.907200001,0,2976776.1919999998,1,2,4,1
16,8,9,ok,14592,35034312.26879999,2420637.696,29597096.217599992,0,3016578.3552000006,1,1,9,1
16,8,10,ok,13184,35312690.303999998,2430074.8799999999,29820960.383999996,0,3061655.04,1,2,5,1
16,8,11,ok,12032,35591068.339199997,2439512.0639999998,30044824.550399996,0,3106731.7248,1,1,11,1
16,8,12,ok,11008,35672301.465599999,2434793.4719999996,30101523.148800001,0,3135984.8448000001,1,2,6,1
16,8,13,ok,10240,36082109.440000005,2453667.8399999999,30436831.027200006,0,3191610.5728000002,1,1,13,1
16,8,14,ok,9472,36097627.596799999,2444230.6559999995,30437807.7696,0,3215589.1712000007,1,2,7,1
16,8,15,ok,8960,36704580.480000004,2477260.7999999998,30940281.215999998,0,3287038.4640000002,1,1,15,1
16,8,16,ok,8192,35356973.465600006,2415919.1039999998,29688057.036800005,0,3252997.3248000001,1,2,8,1
16,16,1,ok,262144,68639565.414399996,4831838.2079999996,58372089.446400002,0,5435637.7599999998,1,1,1,1
16,16,2,ok,131072,68706480.947200015,4831838.2079999996,58404477.337600008,0,5470165.4016000004,1,1,2,1
16,16,3,ok,87552,69064891.545599997,4841275.392,58708374.067199998,0,5515242.0864000004,1,1,3,1
16,16,4,ok,65536,68840312.012800008,4831838.2079999996,58469253.120000005,0,5539220.6847999999,1,2,2,1
16,16,5,ok,52736,69621647.615999997,4860149.7599999998,59156102.399999991,0,5605395.4560000002,1,1,5,1
16,16,6,ok,43776,69265638.143999994,4841275.392,58805537.740799993,0,5618825.0112000005,1,2,3,1
16,16,7,ok,37888,70790029.004800007,4888461.311999999,60195469.824000001,0,5706097.8688000003,1,1,7,1
16,16,8,ok,32768,69107974.143999994,4831838.2079999996,58598804.684799999,0,5677331.2511999998,1,2,4,1
16,16,9,ok,29184,69466384.742400005,4841275.392,58902701.414399996,0,5722407.9360000007,1,1,9,1
16,16,10,ok,26368,69956225.279999986,4860149.7599999998,59318041.855999991,0,5778033.6640000008,1,2,5,1
16,16,11,ok,24064,70446065.817599997,4879024.1279999996,59733382.297599994,0,5833659.392,1,1,11,1
16,16,12,ok,21888,69667131.340800002,4841275.392,58999865.088,0,5825990.8607999999,1,4,3,1
16,16,13,ok,20480,71294316.953600004,4907335.6799999997,60452619.468800008,0,5934361.804800001,1,1,13,1
16,16,14,ok,18944,71258437.734400004,4888461.311999999,60422185.062400006,0,5947791.3599999994,1,2,7,1
16,16,15,ok,17920,72405427.967999995,4954521.5999999996,61394744.063999988,0,6056162.3040000005,1,1,15,1
16,16,16,ok,16384,69643298.40640001,4831838.2079999996,58857907.814400002,0,5953552.3839999996,1,4,4,1
16,32,1,ok,524288,137212215.296,9663676.4159999993,116711791.0016,0,10836747.8784,1,1,1,1
16,32,2,ok,262144,137279130.82879999,9663676.4159999993,116744178.8928,0,10871275.52,1,1,2,1
16,32,3,ok,175104,137929036.4928,9682550.784,117319584.46079998,0,10926901.248,1,1,3,1
16,32,4,ok,131072,137412961.89440003,9663676.4159999993,116808954.67520002,0,10940330.803200001,1,2,2,1
16,32,5,ok,105472,138908717.56799999,9720299.5199999996,118150265.344,0,11038152.704,1,1,5,1
16,32,6,ok,87552,138129783.09119999,9682550.784,117416748.1344,0,11030484.172800001,1,2,3,1
16,32,7,ok,75776,141111649.28000003,9776922.623999998,120164224.40960002,0,11170502.246400002,1,1,7,1
16,32,8,ok,65536,137680624.02560002,9663676.4159999993,116938506.24000001,0,11078441.3696,1,2,4,1
16,32,9,ok,58368,138330529.68959999,9682550.784,117513911.80799997,0,11134067.097600002,1,1,9,1
16,32,10,ok,52736,139243295.23199999,9720299.5199999996,118312204.79999998,0,11210790.912,1,2,5,1
16,32,11,ok,48128,140156060.7744,9758048.2559999991,119110497.79199998,0,11287514.726400001,1,1,11,1
16,32,12,ok,43776,138531276.28799999,9682550.784,117611075.48159999,0,11237650.022400001,1,4,3,1
16,32,13,ok,40960,141718731.9808,9814671.3599999994,120484196.352,0,11419864.2688,1,1,13,1
16,32,14,ok,37888,141580058.00960001,9776922.623999998,120390939.648,0,11412195.737600001,1,2,7,1
16,32,15,ok,35840,143807122.94400004,9909043.1999999993,122303669.76000001,0,11594409.984000001,1,1,15,1
16,32,16,ok,32768,138215948.28799999,9663676.4159999993,117197609.3696,0,11354662.5024,1,4,4,1
16,64,1,ok,1048576,274357515.05919999,19327352.831999999,233391194.11199999,0,21638968.115200002,1,1,1,1
16,64,2,ok,524288,274424430.59200001,19327352.831999999,233423582.00319999,0,21673495.7568,1,1,2,1
16,64,3,ok,350208,275657326.3872,19365101.568,234542005.24799997,0,21750219.571200002,1,1,3,1
16,64,4,ok,262144,274558261.65759999,19327352.831999999,233488357.78560001,0,21742551.039999999,1,2,2,1
16,64,5,ok,210944,277482857.47199994,19440599.039999999,236138591.23199996,0,21903667.200000003,1,1,5,1
16,64,6,ok,175104,275858072.98559999,19365101.568,234639168.92159995,0,21853802.495999999,1,2,3,1
16,64,7,ok,151552,281754889.83040005,19553845.247999996,240101733.58080006,0,22099311.001599997,1,1,7,1
16,64,8,ok,131072,274825923.78880006,19327352.831999999,233617909.35040003,0,21880661.606400002,1,2,4,1
16,64,9,ok,116736,276058819.58399993,19365101.568,234736332.59519997,0,21957385.4208,1,1,9,1
16,64,10,ok,105472,277817435.13599998,19440599.039999999,236300530.68799999,0,22076305.408,1,2,5,1
16,64,11,ok,96256,279576050.68799996,19516096.511999998,237864728.78079998,0,22195225.395200003,1,1,11,1
16,64,12,ok,87552,276259566.18239999,19365101.568,234833496.26879999,0,22060968.345600002,1,4,3,1
16,64,13,ok,81920,282567562.03520006,19629342.719999999,240547350.11840004,0,22390869.196800001,1,1,13,1
16,64,14,ok,75776,282223298.56000006,19553845.247999996,240328448.81920004,0,22341004.492800005,1,2,7,1
16,64,15,ok,71680,286610512.89600003,19818086.399999999,244121521.15199998,0,22670905.344000001,1,1,15,1
16,64,16,ok,65536,275361248.05120003,19327352.831999999,233877012.48000002,0,22156882.7392,1,4,4,1
17,1,1,ok,512,2860.6464000000001,2860.6464000000001,0,0,0,1,1,1,1
17,1,2,ok,256,2860.6464000000001,2860.6464000000001,0,0,0,1,1,2,1
17,1,3,ok,171,2866.2336,2866.2336,0,0,0,3,1,1,1
17,1,4,ok,128,2860.6464000000001,2860.6464000000001,0,0,0,2,1,2,1
17,1,5,ok,103,2877.4080000000004,2877.4080000000004,0,0,0,5,1,1,1
17,1,6,ok,86,2866.2336,2866.2336,0,0,0,3,1,2,1
17,1,7,ok,74,2894.1696000000002,2894.1696000000002,0,0,0,7,1,1,1
17,1,8,ok,64,2860.6464000000001,2860.6464000000001,0,0,0,2,1,4,1
17,1,9,ok,57,2866.2336,2866.2336,0,0,0,9,1,1,1
17,1,10,ok,52,2877.4080000000004,2877.4080000000004,0,0,0,5,1,2,1
17,1,11,ok,47,2888.5824000000002,2888.5824000000002,0,0,0,11,1,1,1
17,1,12,ok,43,2866.2336,2866.2336,0,0,0,3,1,4,1
17,1,13,ok,40,2905.3440000000001,2905.3440000000001,0,0,0,1,1,13,1
17,1,14,ok,37,2894.1696000000002,2894.1696000000002,0,0,0,7,1,2,1
17,1,15,ok,35,2911.0185000000001,2911.0185000000001,0,0,0,3,1,5,1
17,1,16,ok,32,2860.6464000000001,2860.6464000000001,0,0,0,4,1,4,1
17,2,1,ok,1024,5721.2928000000002,5721.2928000000002,0,0,0,1,1,1,1
17,2,2,ok,512,5721.2928000000002,5721.2928000000002,0,0,0,1,1,2,1
17,2,3,ok,342,5732.4672,5732.4672,0,0,0,3,1,1,1
17,2,4,ok,256,5721.2928000000002,5721.2928000000002,0,0,0,1,2,2,1
17,2,5,ok,206,5754.8160000000007,5754.8160000000007,0,0,0,5,1,1,1
17,2,6,ok,171,5732.4672,5732.4672,0,0,0,3,1,2,1
17,2,7,ok,148,5788.3392000000003,5788.3392000000003,0,0,0,7,1,1,1
17,2,8,ok,128,5721.2928000000002,5721.2928000000002,0,0,0,1,2,4,1
17,2,9,ok,114,5732.4672,5732.4672,0,0,0,9,1,1,1
17,2,10,ok,103,5754.8160000000007,5754.8160000000007,0,0,0,5,1,2,1
17,2,11,ok,94,5777.1648000000005,5777.1648000000005,0,0,0,11,1,1,1
17,2,12,ok,86,5732.4672,5732.4672,0,0,0,3,1,4,1
17,2,13,ok,80,5810.6880000000001,5810.6880000000001,0,0,0,1,1,13,1
17,2,14,ok,74,5788.3392000000003,5788.3392000000003,0,0,0,7,1,2,1
17,2,15,ok,70,5822.0370000000003,5822.0370000000003,0,0,0,3,1,5,1
17,2,16,ok,64,5721.2928000000002,5721.2928000000002,0,0,0,2,2,4,1
17,4,1,ok,2048,11442.5856,11442.5856,0,0,0,1,1,1,1
17,4,2,ok,1024,11442.5856,11442.5856,0,0,0,1,1,2,1
17,4,3,ok,684,11464.9344,11464.9344,0,0,0,3,1,1,1
17,4,4,ok,512,11442.5856,11442.5856,0,0,0,1,2,2,1
17,4,5,ok,412,11509.632000000001,11509.632000000001,0,0,0,5,1,1,1
17,4,6,ok,342,11464.9344,11464.9344,0,0,0,3,1,2,1
17,4,7,ok,296,11576.678400000001,11576.678400000001,0,0,0,7,1,1,1
17,4,8,ok,256,11442.5856,11442.5856,0,0,0,1,2,4,1
17,4,9,ok,228,11464.9344,11464.9344,0,0,0,9,1,1,1
17,4,10,ok,206,11509.632000000001,11509.632000000001,0,0,0,5,1,2,1
17,4,11,ok,188,11554.329600000001,11554.329600000001,0,0,0,11,1,1,1
17,4,12,ok,171,11464.9344,11464.9344,0,0,0,3,1,4,1
17,4,13,ok,160,11621.376,11621.376,0,0,0,1,1,13,1
17,4,14,ok,148,11576.678400000001,11576.678400000001,0,0,0,7,1,2,1
17,4,15,ok,139,11644.074000000001,11644.074000000001,0,0,0,3,1,5,1
17,4,16,ok,128,11442.5856,11442.5856,0,0,0,2,2,4,1
17,8,1,ok,4096,22885.171200000001,22885.171200000001,0,0,0,1,1,1,1
17,8,2,ok,2048,22885.171200000001,22885.171200000001,0,0,0,1,1,2,1
17,8,3,ok,1368,22929.8688,22929.8688,0,0,0,3,1,1,1
17,8,4,ok,1024,22885.171200000001,22885.171200000001,0,0,0,1,2,2,1
17,8,5,ok,824,23019.264000000003,23019.264000000003,0,0,0,5,1,1,1
17,8,6,ok,684,22929.8688,22929.8688,0,0,0,3,1,2,1
17,8,7,ok,592,23153.356800000001,23153.356800000001,0,0,0,7,1,1,1
17,8,8,ok,512,22885.171200000001,22885.171200000001,0,0,0,1,2,4,1
17,8,9,ok,456,22929.8688,22929.8688,0,0,0,9,1,1,1
17,8,10,ok,412,23019.264000000003,23019.264000000003,0,0,0,5,1,2,1
17,8,11,ok,376,23108.659200000002,23108.659200000002,0,0,0,11,1,1,1
17,8,12,ok,342,22929.8688,22929.8688,0,0,0,3,1,4,1
17,8,13,ok,320,23242.752,23242.752,0,0,0,1,1,13,1
17,8,14,ok,296,23153.356800000001,23153.356800000001,0,0,0,7,1,2,1
17,8,15,ok,278,23288.148000000001,23288.148000000001,0,0,0,3,1,5,1
17,8,16,ok,256,22885.171200000001,22885.171200000001,0,0,0,2,2,4,1
17,16,1,ok,8192,45770.342400000001,45770.342400000001,0,0,0,1,1,1,1
17,16,2,ok,4096,45770.342400000001,45770.342400000001,0,0,0,1,1,2,1
17,16,3,ok,2736,45859.7376,45859.7376,0,0,0,3,1,1,1
17,16,4,ok,2048,45770.342400000001,45770.342400000001,0,0,0,1,2,2,1
17,16,5,ok,1648,46038.528000000006,46038.528000000006,0,0,0,5,1,1,1
17,16,6,ok,1368,45859.7376,45859.7376,0,0,0,3,1,2,1
17,16,7,ok,1184,46306.713600000003,46306.713600000003,0,0,0,7,1,1,1
17,16,8,ok,1024,45770.342400000001,45770.342400000001,0,0,0,1,2,4,1
17,16,9,ok,912,45859.7376,45859.7376,0,0,0,9,1,1,1
17,16,10,ok,824,46038.528000000006,46038.528000000006,0,0,0,5,1,2,1
17,16,11,ok,752,46217.318400000004,46217.318400000004,0,0,0,11,1,1,1
17,16,12,ok,684,45859.7376,45859.7376,0,0,0,3,1,4,1
17,16,13,ok,640,46485.504000000001,46485.504000000001,0,0,0,1,1,13,1
17,16,14,ok,592,46306.713600000003,46306.713600000003,0,0,0,7,1,2,1
17,16,15,ok,556,46576.296000000002,46576.296000000002,0,0,0,3,1,5,1
17,16,16,ok,512,45770.342400000001,45770.342400000001,0,0,0,2,2,4,1
17,32,1,ok,16384,91540.684800000003,91540.684800000003,0,0,0,1,1,1,1
17,32,2,ok,8192,91540.684800000003,91540.684800000003,0,0,0,1,1,2,1
17,32,3,ok,5472,91719.475200000001,91719.475200000001,0,0,0,3,1,1,1
17,32,4,ok,4096,91540.684800000003,91540.684800000003,0,0,0,1,2,2,1
17,32,5,ok,3296,92077.056000000011,92077.056000000011,0,0,0,5,1,1,1
17,32,6,ok,2736,91719.475200000001,91719.475200000001,0,0,0,3,1,2,1
17,32,7,ok,2368,92613.427200000006,92613.427200000006,0,0,0,7,1,1,1
17,32,8,ok,2048,91540.684800000003,91540.684800000003,0,0,0,1,2,4,1
17,32,9,ok,1824,91719.475200000001,91719.475200000001,0,0,0,9,1,1,1
17,32,10,ok,1648,92077.056000000011,92077.056000000011,0,0,0,5,1,2,1
17,32,11,ok,1504,92434.636800000007,92434.636800000007,0,0,0,11,1,1,1
17,32,12,ok,1368,91719.475200000001,91719.475200000001,0,0,0,3,1,4,1
17,32,13,ok,1280,92971.008000000002,92971.008000000002,0,0,0,1,1,13,1
17,32,14,ok,1184,92613.427200000006,92613.427200000006,0,0,0,7,1,2,1
17,32,15,ok,1112,93152.592000000004,93152.592000000004,0,0,0,3,1,5,1
17,32,16,ok,1024,91540.684800000003,91540.684800000003,0,0,0,2,2,4,1
17,64,1,ok,32768,183081.36960000001,183081.36960000001,0,0,0,1,1,1,1
17,64,2,ok,16384,183081.36960000001,183081.36960000001,0,0,0,1,1,2,1
17,64,3,ok,10944,183438.9504,183438.9504,0,0,0,3,1,1,1
17,64,4,ok,8192,183081.36960000001,183081.36960000001,0,0,0,1,2,2,1
17,64,5,ok,6592,184154.11200000002,184154.11200000002,0,0,0,5,1,1,1
17,64,6,ok,5472,183438.9504,183438.9504,0,0,0,3,1,2,1
17,64,7,ok,4736,185226.85440000001,185226.85440000001,0,0,0,7,1,1,1
17,64,8,ok,4096,183081.36960000001,183081.36960000001,0,0,0,1,2,4,1
17,64,9,ok,3648,183438.9504,183438.9504,0,0,0,9,1,1,1
17,64,10,ok,3296,184154.11200000002,184154.11200000002,0,0,0,5,1,2,1
17,64,11,ok,3008,184869.27360000001,184869.27360000001,0,0,0,11,1,1,1
17,64,12,ok,2736,183438.9504,183438.9504,0,0,0,3,1,4,1
17,64,13,ok,2560,185942.016,185942.016,0,0,0,1,1,13,1
17,64,14,ok,2368,185226.85440000001,185226.85440000001,0,0,0,7,1,2,1
17,64,15,ok,2223,186305.18400000001,186305.18400000001,0,0,0,3,1,5,1
17,64,16,ok,2048,183081.36960000001,183081.36960000001,0,0,0,2,2,4,1
18,1,1,ok,4096,22885.171200000001,22885.171200000001,0,0,0,1,1,1,1
18,1,2,ok,2048,22885.171200000001,22885.171200000001,0,0,0,1,1,2,1
18,1,3,ok,1366,22896.345600000001,22896.345600000001,0,0,0,3,1,1,1
18,1,4,ok,1024,22885.171200000001,22885.171200000001,0,0,0,2,1,2,1
18,1,5,ok,820,22907.52,22907.52,0,0,0,5,1,1,1
18,1,6,ok,683,22896.345600000001,22896.345600000001,0,0,0,3,1,2,1
18,1,7,ok,586,22918.6944,22918.6944,0,0,0,7,1,1,1
18,1,8,ok,512,22885.171200000001,22885.171200000001,0,0,0,2,1,4,1
18,1,9,ok,456,22929.8688,22929.8688,0,0,0,9,1,1,1
18,1,10,ok,410,22907.52,22907.52,0,0,0,5,1,2,1
18,1,11,ok,373,22924.281599999998,22924.281599999998,0,0,0,11,1,1,1
18,1,12,ok,342,22896.345600000001,22896.345600000001,0,0,0,3,1,4,1
18,1,13,ok,316,22952.2176,22952.2176,0,0,0,13,1,1,1
18,1,14,ok,293,22918.6944,22918.6944,0,0,0,7,1,2,1
18,1,15,ok,274,22963.392,22963.392,0,0,0,15,1,1,1
18,1,16,ok,256,22885.171200000001,22885.171200000001,0,0,0,4,1,4,1
18,2,1,ok,8192,45770.342400000001,45770.342400000001,0,0,0,1,1,1,1
18,2,2,ok,4096,45770.342400000001,45770.342400000001,0,0,0,1,1,2,1
18,2,3,ok,2732,45792.691200000001,45792.691200000001,0,0,0,3,1,1,1
18,2,4,ok,2048,45770.342400000001,45770.342400000001,0,0,0,1,2,2,1
18,2,5,ok,1640,45815.040000000001,45815.040000000001,0,0,0,5,1,1,1
18,2,6,ok,1366,45792.691200000001,45792.691200000001,0,0,0,3,1,2,1
18,2,7,ok,1172,45837.388800000001,45837.388800000001,0,0,0,7,1,1,1
18,2,8,ok,1024,45770.342400000001,45770.342400000001,0,0,0,1,2,4,1
18,2,9,ok,912,45859.7376,45859.7376,0,0,0,9,1,1,1
18,2,10,ok,820,45815.040000000001,45815.040000000001,0,0,0,5,1,2,1
18,2,11,ok,746,45848.563199999997,45848.563199999997,0,0,0,11,1,1,1
18,2,12,ok,683,45792.691200000001,45792.691200000001,0,0,0,3,1,4,1
18,2,13,ok,632,45904.4352,45904.4352,0,0,0,13,1,1,1
18,2,14,ok,586,45837.388800000001,45837.388800000001,0,0,0,7,1,2,1
18,2,15,ok,548,45926.784,45926.784,0,0,0,15,1,1,1
18,2,16,ok,512,45770.342400000001,45770.342400000001,0,0,0,2,2,4,1
18,4,1,ok,16384,91540.684800000003,91540.684800000003,0,0,0,1,1,1,1
18,4,2,ok,8192,91540.684800000003,91540.684800000003,0,0,0,1,1,2,1
18,4,3,ok,5464,91585.382400000002,91585.382400000002,0,0,0,3,1,1,1
18,4,4,ok,4096,91540.684800000003,91540.684800000003,0,0,0,1,2,2,1
18,4,5,ok,3280,91630.080000000002,91630.080000000002,0,0,0,5,1,1,1
18,4,6,ok,2732,91585.382400000002,91585.382400000002,0,0,0,3,1,2,1
18,4,7,ok,2344,91674.777600000001,91674.777600000001,0,0,0,7,1,1,1
18,4,8,ok,2048,91540.684800000003,91540.684800000003,0,0,0,1,2,4,1
18,4,9,ok,1824,91719.475200000001,91719.475200000001,0,0,0,9,1,1,1
18,4,10,ok,1640,91630.080000000002,91630.080000000002,0,0,0,5,1,2,1
18,4,11,ok,1492,91697.126399999994,91697.126399999994,0,0,0,11,1,1,1
18,4,12,ok,1366,91585.382400000002,91585.382400000002,0,0,0,3,1,4,1
18,4,13,ok,1264,91808.8704,91808.8704,0,0,0,13,1,1,1
18,4,14,ok,1172,91674.777600000001,91674.777600000001,0,0,0,7,1,2,1
18,4,15,ok,1096,91853.567999999999,91853.567999999999,0,0,0,15,1,1,1
18,4,16,ok,1024,91540.684800000003,91540.684800000003,0,0,0,2,2,4,1
18,8,1,ok,32768,183081.36960000001,183081.36960000001,0,0,0,1,1,1,1
18,8,2,ok,16384,183081.36960000001,183081.36960000001,0,0,0,1,1,2,1
18,8,3,ok,10928,183170.7648,183170.7648,0,0,0,3,1,1,1
18,8,4,ok,8192,183081.36960000001,183081.36960000001,0,0,0,1,2,2,1
18,8,5,ok,6560,183260.16,183260.16,0,0,0,5,1,1,1
18,8,6,ok,5464,183170.7648,183170.7648,0,0,0,3,1,2,1
18,8,7,ok,4688,183349.5552,183349.5552,0,0,0,7,1,1,1
18,8,8,ok,4096,183081.36960000001,183081.36960000001,0,0,0,1,2,4,1
18,8,9,ok,3648,183438.9504,183438.9504,0,0,0,9,1,1,1
18,8,10,ok,3280,183260.16,183260.16,0,0,0,5,1,2,1
18,8,11,ok,2984,183394.25279999999,183394.25279999999,0,0,0,11,1,1,1
18,8,12,ok,2732,183170.7648,183170.7648,0,0,0,3,1,4,1
18,8,13,ok,2528,183617.7408,183617.7408,0,0,0,13,1,1,1
18,8,14,ok,2344,183349.5552,183349.5552,0,0,0,7,1,2,1
18,8,15,ok,2192,183707.136,183707.136,0,0,0,15,1,1,1
18,8,16,ok,2048,183081.36960000001,183081.36960000001,0,0,0,2,2,4,1
18,16,1,ok,65536,366162.73920000001,366162.73920000001,0,0,0,1,1,1,1
18,16,2,ok,32768,366162.73920000001,366162.73920000001,0,0,0,1,1,2,1
18,16,3,ok,21856,366341.52960000001,366341.52960000001,0,0,0,3,1,1,1
18,16,4,ok,16384,366162.73920000001,366162.73920000001,0,0,0,1,2,2,1
18,16,5,ok,13120,366520.32000000001,366520.32000000001,0,0,0,5,1,1,1
18,16,6,ok,10928,366341.52960000001,366341.52960000001,0,0,0,3,1,2,1
18,16,7,ok,9376,366699.11040000001,366699.11040000001,0,0,0,7,1,1,1
18,16,8,ok,8192,366162.73920000001,366162.73920000001,0,0,0,1,2,4,1
18,16,9,ok,7296,366877.9008,366877.9008,0,0,0,9,1,1,1
18,16,10,ok,6560,366520.32000000001,366520.32000000001,0,0,0,5,1,2,1
18,16,11,ok,5968,366788.50559999997,366788.50559999997,0,0,0,11,1,1,1
18,16,12,ok,5464,366341.52960000001,366341.52960000001,0,0,0,3,1,4,1
18,16,13,ok,5056,367235.4816,367235.4816,0,0,0,13,1,1,1
18,16,14,ok,4688,366699.11040000001,366699.11040000001,0,0,0,7,1,2,1
18,16,15,ok,4384,367414.272,367414.272,0,0,0,15,1,1,1
18,16,16,ok,4096,366162.73920000001,366162.73920000001,0,0,0,2,2,4,1
18,32,1,ok,131072,732325.47840000002,732325.47840000002,0,0,0,1,1,1,1
18,32,2,ok,65536,732325.47840000002,732325.47840000002,0,0,0,1,1,2,1
18,32,3,ok,43712,732683.05920000002,732683.05920000002,0,0,0,3,1,1,1
18,32,4,ok,32768,732325.47840000002,732325.47840000002,0,0,0,1,2,2,1
18,32,5,ok,26240,733040.64000000001,733040.64000000001,0,0,0,5,1,1,1
18,32,6,ok,21856,732683.05920000002,732683.05920000002,0,0,0,3,1,2,1
18,32,7,ok,18752,733398.22080000001,733398.22080000001,0,0,0,7,1,1,1
18,32,8,ok,16384,732325.47840000002,732325.47840000002,0,0,0,1,2,4,1
18,32,9,ok,14592,733755.80160000001,733755.80160000001,0,0,0,9,1,1,1
18,32,10,ok,13120,733040.64000000001,733040.64000000001,0,0,0,5,1,2,1
18,32,11,ok,11936,733577.01119999995,733577.01119999995,0,0,0,11,1,1,1
18,32,12,ok,10928,732683.05920000002,732683.05920000002,0,0,0,3,1,4,1
18,32,13,ok,10112,734470.9632,734470.9632,0,0,0,13,1,1,1
18,32,14,ok,9376,733398.22080000001,733398.22080000001,0,0,0,7,1,2,1
18,32,15,ok,8768,734828.54399999999,734828.54399999999,0,0,0,15,1,1,1
18,32,16,ok,8192,732325.47840000002,732325.47840000002,0,0,0,2,2,4,1
18,64,1,ok,262144,1464650.9568,1464650.9568,0,0,0,1,1,1,1
18,64,2,ok,131072,1464650.9568,1464650.9568,0,0,0,1,1,2,1
18,64,3,ok,87424,1465366.1184,1465366.1184,0,0,0,3,1,1,1
18,64,4,ok,65536,1464650.9568,1464650.9568,0,0,0,1,2,2,1
18,64,5,ok,52480,1466081.28,1466081.28,0,0,0,5,1,1,1
18,64,6,ok,43712,1465366.1184,1465366.1184,0,0,0,3,1,2,1
18,64,7,ok,37504,1466796.4416,1466796.4416,0,0,0,7,1,1,1
18,64,8,ok,32768,1464650.9568,1464650.9568,0,0,0,1,2,4,1
18,64,9,ok,29184,1467511.6032,1467511.6032,0,0,0,9,1,1,1
18,64,10,ok,26240,1466081.28,1466081.28,0,0,0,5,1,2,1
18,64,11,ok,23872,1467154.0223999999,1467154.0223999999,0,0,0,11,1,1,1
18,64,12,ok,21856,1465366.1184,1465366.1184,0,0,0,3,1,4,1
18,64,13,ok,20224,1468941.9264,1468941.9264,0,0,0,13,1,1,1
18,64,14,ok,18752,1466796.4416,1466796.4416,0,0,0,7,1,2,1
18,64,15,ok,17536,1469657.088,1469657.088,0,0,0,15,1,1,1
18,64,16,ok,16384,1464650.9568,1464650.9568,0,0,0,2,2,4,1
19,1,1,ok,131072,32348477.849599998,2415919.1039999998,28889330.483199999,0,1043228.2624000001,1,1,1,1
19,1,2,ok,65536,32689474.764800001,2415919.1039999998,28954106.265600003,0,1319449.3952000001,1,1,2,1
19,1,3,ok,43776,33171768.345600002,2420637.696,29153962.060799997,0,1597168.5888,1,1,3,1
19,1,4,ok,32768,33310991.974399999,2415919.1039999998,29299402.342399999,0,1595670.5280000002,2,1,2,1
19,1,5,ok,26368,34056322.943999998,2430074.8799999999,29473641.087999996,0,2152606.9760000003,1,1,5,1
19,1,6,ok,21888,33794499.456,2420637.696,29499932.544,0,1873929.216,2,1,3,1
19,1,7,ok,18944,35242239.334400006,2444230.6559999995,30088465.2544,0,2709543.4239999996,1,1,7,1
19,1,8,ok,16384,33992985.804800004,2415919.1039999998,29428953.907200001,0,2148112.7936,2,1,4,1
19,1,9,ok,14592,35217749.836799994,2420637.696,29542616.755199991,0,3254495.3856000006,1,1,9,1
19,1,10,ok,13184,34681481.855999991,2430074.8799999999,29820960.383999996,0,2430446.5920000002,2,1,5,1
19,1,11,ok,12032,36304865.203199998,2439512.0639999998,30052423.244799998,0,3812929.8944000001,1,1,11,1
19,1,12,ok,10944,35039961.676799998,2420637.696,30191873.510399994,0,2427450.4704,4,1,3,1
19,1,13,ok,10240,37330716.467200011,2453667.8399999999,30507182.284800004,0,4369866.3424000004,1,1,13,1
19,1,14,ok,9472,35871039.948799998,2444230.6559999995,30437807.7696,0,2989001.5231999997,2,1,7,1
19,1,15,ok,8960,38479095.936000004,2477260.7999999998,31072036.223999999,0,4929798.9120000005,1,1,15,1
19,1,16,ok,8192,35236020.223999999,2415919.1039999998,30119546.060800001,0,2700555.0592,4,1,4,1
19,2,1,ok,262144,64355958.783999994,4831838.2079999996,57713885.184,0,1810235.392,1,1,1,1
19,2,2,ok,131072,64696955.699199997,4831838.2079999996,57778660.966399997,0,2086456.5248000002,1,1,2,1
19,2,3,ok,87552,65320545.945599988,4841275.392,58113596.774399996,0,2365673.7791999998,1,1,3,1
19,2,4,ok,65536,65378949.529600002,4831838.2079999996,57908212.531200007,0,2638898.7904000003,1,2,2,1
19,2,5,ok,52736,66407661.311999999,4860149.7599999998,58623403.263999999,0,2924108.2880000002,1,1,5,1
19,2,6,ok,43776,66343536.691200003,4841275.392,58307924.121599995,0,3194337.1776000001,1,2,3,1
19,2,7,ok,37888,68097500.262400016,4888461.311999999,59723500.032000005,0,3485538.9183999998,1,1,7,1
19,2,8,ok,32768,66621983.948799998,4831838.2079999996,58598804.684799999,0,3191341.0560000003,2,1,4,1
19,2,9,ok,29184,67366527.436800003,4841275.392,58502251.468799993,0,4023000.5760000004,1,1,9,1
19,2,10,ok,26368,67657979.135999992,4860149.7599999998,59318041.855999991,0,3479787.5200000005,2,1,5,1
19,2,11,ok,24064,68858764.339200005,4879024.1279999996,59392312.883199997,0,4587427.3280000007,1,1,11,1
19,2,12,ok,21888,67588998.912,4841275.392,58999865.088,0,3747858.432,2,2,3,1
19,2,13,ok,20480,70228473.036800012,4907335.6799999997,60172279.398400009,0,5148857.9584000008,1,1,13,1
19,2,14,ok,18944,69355101.491200015,4888461.311999999,60422185.062400006,0,4044455.1168000004,2,1,7,1
19,2,15,ok,17920,71843238.144000009,4954521.5999999996,61172435.711999997,0,5716280.8320000004,1,1,15,1
19,2,16,ok,16384,67985971.609600008,4831838.2079999996,58857907.814400002,0,4296225.5872,2,2,4,1
19,4,1,ok,524288,128370920.65280001,9663676.4159999993,115362994.58560002,0,3344249.6512000002,1,1,1,1
19,4,2,ok,262144,128711917.56799999,9663676.4159999993,115427770.368,0,3620470.784,1,1,2,1
19,4,3,ok,175104,129618101.14559999,9682550.784,116032866.20159999,0,3902684.1600000006,1,1,3,1
19,4,4,ok,131072,129393911.39839999,9663676.4159999993,115557321.93279999,0,4172913.0496000005,1,2,2,1
19,4,5,ok,105472,131110338.04799998,9720299.5199999996,116922927.616,0,4467110.9120000005,1,1,5,1
19,4,6,ok,87552,130616184.72959998,9682550.784,115923907.27679998,0,5009726.6688000001,2,1,3,1
19,4,7,ok,75776,133808022.11840001,9776922.623999998,118993569.58720002,0,5037529.9072000012,1,1,7,1
19,4,8,ok,65536,130585513.1648,9663676.4159999993,115644039.16800001,0,5277797.5808000006,2,1,4,1
19,4,9,ok,58368,131664082.63679999,9682550.784,116421520.89599998,0,5560010.9567999998,1,1,9,1
19,4,10,ok,52736,132498694.65599997,9720299.5199999996,117199925.75999998,0,5578469.3760000002,2,1,5,1
19,4,11,ok,48128,133966562.61119999,9758048.2559999991,118072092.15999998,0,6136422.1952,1,1,11,1
19,4,12,ok,43776,132687073.38240001,9682550.784,116615848.24319999,0,6388674.3552000001,1,4,3,1
19,4,13,ok,40960,136023986.176,9814671.3599999994,119502473.62560001,0,6706841.1904000007,1,1,13,1
19,4,14,ok,37888,135587460.9152,9776922.623999998,119655175.98720001,0,6155362.3040000005,2,1,7,1
19,4,15,ok,35568,135978630.05699998,9739284.4800000004,117892110.669,0,8347234.9080000008,5,1,3,1
19,4,16,ok,32768,132726810.21439999,9663676.4159999993,116680451.6864,0,6382682.1120000007,2,1,8,1
19,8,1,ok,1048576,256400844.39040002,19327352.831999999,230661213.38880002,0,6412278.1696000006,1,1,1,1
19,8,2,ok,524288,256741841.30560002,19327352.831999999,230725989.17120004,0,6688499.3024000004,1,1,2,1
19,8,3,ok,350208,258213211.5456,19365101.568,231871405.05599999,0,6976704.9216000009,1,1,3,1
19,8,4,ok,262144,257423835.13599998,19327352.831999999,230855540.736,0,7240941.568,1,2,2,1
19,8,5,ok,210944,260515691.51999998,19440599.039999999,233521976.31999999,0,7553116.1600000001,1,1,5,1
19,8,6,ok,175104,259236202.29119998,19365101.568,232065732.40319997,0,7805368.3200000012,1,2,3,1
19,8,7,ok,151552,265229065.83040005,19553845.247999996,237533708.69760004,0,8141511.8848000001,1,1,7,1
19,8,8,ok,131072,258787822.79679999,19327352.831999999,231114643.86559999,0,8345826.099200001,1,2,4,1
19,8,9,ok,116736,260259193.03679997,19365101.568,232260059.75039998,0,8634031.7183999997,1,1,9,1
19,8,10,ok,105472,262220676.09599996,19440599.039999999,233845855.23199999,0,8934221.824000001,1,2,5,1
19,8,11,ok,96256,264182159.15519994,19516096.511999998,235431650.71359995,0,9234411.9296000004,1,1,11,1
19,8,12,ok,87552,261232369.45919997,19365101.568,231847814.55359995,0,10019453.3376,2,2,3,1
19,8,13,ok,81920,267615012.45440003,19629342.719999999,238162862.08000001,0,9822807.6544000003,1,1,13,1
19,8,14,ok,75776,267427651.99360007,19553845.247999996,237496630.06720003,0,10377176.678400001,2,1,7,1
19,8,15,ok,71136,270341877.32999998,19478568.960000001,235002357.40200001,0,15860950.968,5,1,3,1
19,8,16,ok,65536,261171026.32960001,19327352.831999999,231288078.33600003,0,10555595.161600001,2,2,4,1
19,16,1,ok,2097152,512460691.86559999,38654705.663999997,461257650.99520004,0,12548335.2064,1,1,1,1
19,16,2,ok,1048576,512801688.78080004,38654705.663999997,461322426.77760005,0,12824556.339200001,1,1,2,1
19,16,3,ok,700416,515403432.34559995,38730203.136,463548482.76479995,0,13124746.444800001,1,1,3,1
19,16,4,ok,524288,513483682.61120003,38654705.663999997,461451978.34240007,0,13376998.604800001,1,2,2,1
19,16,5,ok,421888,519326398.46399993,38881198.079999998,466720073.72799993,0,13725126.655999999,1,1,5,1
19,16,6,ok,350208,516426423.09119999,38730203.136,463742810.11199999,0,13953409.843200002,1,2,3,1
19,16,7,ok,303104,528071153.25440007,39107690.495999992,474613986.91839999,0,14349475.84,1,1,7,1
19,16,8,ok,262144,514847670.27199996,38654705.663999997,461711081.472,0,14481883.136,1,2,4,1
19,16,9,ok,233472,517449413.83679998,38730203.136,463937137.45920002,0,14782073.241600001,1,1,9,1
19,16,10,ok,210944,521031383.03999996,38881198.079999998,467043952.63999999,0,15106232.32,1,2,5,1
19,16,11,ok,192512,524613352.24319994,39032193.023999996,470150767.82079995,0,15430391.398400001,1,1,11,1
19,16,12,ok,175104,518472404.58239996,38730203.136,464131464.80639994,0,15610736.640000002,1,4,3,1
19,16,13,ok,163840,530797065.01120007,39258685.439999998,475483638.98880005,0,16054740.5824,1,1,13,1
19,16,14,ok,151552,530458131.6608001,39107690.495999992,475067417.39520007,0,16283023.7696,1,2,7,1
19,16,15,ok,142272,539068371.87599993,38957137.920000002,469222850.86799997,0,30888383.088000003,5,1,3,1
19,16,16,ok,131072,517575645.59359998,38654705.663999997,462229287.73119998,0,16691652.198400002,1,4,4,1
19,32,1,ok,4194304,1024580386.8159999,77309411.327999994,922450526.20799994,0,24820449.280000001,1,1,1,1
19,32,2,ok,2097152,1024921383.7312,77309411.327999994,922515301.99040008,0,25096670.412799999,1,1,2,1
19,32,3,ok,1400832,1029783873.9455999,77460406.272,926902638.18239987,0,25420829.491200004,1,1,3,1
19,32,4,ok,1048576,1025603377.5616001,77309411.327999994,922644853.5552001,0,25649112.678400002,1,2,2,1
19,32,5,ok,843776,1036947812.3519999,77762396.159999996,933116268.54399991,0,26069147.648000002,1,1,5,1
19,32,6,ok,700416,1030806864.6911999,77460406.272,927096965.52959991,0,26249492.889600001,1,2,3,1
19,32,7,ok,606208,1053755328.1024002,78215380.991999984,948774543.36000013,0,26765403.750400003,1,1,7,1
19,32,8,ok,524288,1026967365.2224001,77309411.327999994,922903956.68480015,0,26753997.209600002,1,2,4,1
19,32,9,ok,466944,1031829855.4367999,77460406.272,927291292.87679994,0,27078156.288000003,1,1,9,1
19,32,10,ok,421888,1038652796.9279999,77762396.159999996,933440147.45599985,0,27450253.311999999,1,2,5,1
19,32,11,ok,385024,1045475738.4191999,78064386.047999993,939589002.03519988,0,27822350.336000003,1,1,11,1
19,32,12,ok,350208,1032852846.1824,77460406.272,927485620.22399998,0,27906819.686400004,1,4,3,1
19,32,13,ok,327680,1057161170.1248002,78517370.879999995,950125192.80640006,0,28518606.438400004,1,1,13,1
19,32,14,ok,303104,1056142306.5088001,78215380.991999984,949227973.83679998,0,28698951.68,1,2,7,1
19,32,15,ok,284544,1076521360.9679999,77914275.840000004,937663837.79999995,0,60943247.328000009,5,1,3,1
19,32,16,ok,262144,1029695340.5439999,77309411.327999994,923422162.94400001,0,28963766.272,1,4,4,1
19,64,1,ok,8388608,2048819776.7168002,154618822.65599999,1844836276.6336002,0,49364677.427200004,1,1,1,1
19,64,2,ok,4194304,2049160773.6319997,154618822.65599999,1844901052.4159999,0,49640898.560000002,1,1,2,1
19,64,3,ok,2801664,2058544757.1455998,154920812.544,1853610949.0175996,0,50012995.584000006,1,1,3,1
19,64,4,ok,2097152,2049842767.4624,154618822.65599999,1845030603.9808002,0,50193340.825599998,1,2,2,1
19,64,5,ok,1687552,2072190640.1279998,155524792.31999999,1865908658.1759999,0,50757189.631999999,1,1,5,1
19,64,6,ok,1400832,2059567747.8911998,154920812.544,1853805276.3647997,0,50841658.982400008,1,2,3,1
19,64,7,ok,1212416,2105123677.7984004,156430761.98399997,1897095656.2432003,0,51597259.571199998,1,1,7,1
19,64,8,ok,1048576,2051206755.1232002,154618822.65599999,1845289707.1104002,0,51298225.356800005,1,2,4,1
19,64,9,ok,933888,2060590738.6367996,154920812.544,1853999603.7119997,0,51670322.380800001,1,1,9,1
19,64,10,ok,843776,2073895624.7039998,155524792.31999999,1866232537.0879998,0,52138295.296000004,1,2,5,1
19,64,11,ok,770048,2087200510.7711997,156128772.09599999,1878465470.4639997,0,52606268.211200014,1,1,11,1
19,64,12,ok,700416,2061613729.3823998,154920812.544,1854193931.0591998,0,52498985.779200003,1,4,3,1
19,64,13,ok,655360,2084919220.6336007,157034741.75999999,1874438140.7232003,0,53446338.150400005,1,13,1,1
19,64,14,ok,606208,2107510656.2048004,156430761.98399997,1897549086.7200003,0,53530807.500800006,1,2,7,1
19,64,15,ok,569088,2094785497.7279999,157341450.23999998,1883347893.1199999,0,54096154.368000001,1,5,3,1
19,64,16,ok,524288,2053934730.4448001,154618822.65599999,1845807913.3696003,0,53507994.419200003,1,4,4,1
20,1,1,ok,131072,38906835.7632,2415919.1039999998,32012186.419199999,0,4478730.2400000002,1,1,1,1
20,1,2,ok,65536,38906835.7632,2415919.1039999998,32012186.419199999,0,4478730.2400000002,2,1,1,1
20,1,3,ok,44032,40692063.89760001,2420637.696,33232045.670400001,0,5039380.5312000001,1,1,3,1
20,1,4,ok,32768,38906835.7632,2415919.1039999998,32012186.419199999,0,4478730.2400000002,4,1,1,1
20,1,5,ok,26624,42551611.136000007,2430074.8799999999,34513297.408,0,5608238.8480000002,1,1,5,1
20,1,6,ok,22016,40692063.89760001,2420637.696,33232045.670400001,0,5039380.5312000001,2,1,3,1
20,1,7,ok,18944,45528404.275200002,2444230.6559999995,36898868.428800002,0,6185305.1903999997,1,1,7,1
20,1,8,ok,16384,38906835.7632,2415919.1039999998,32012186.419199999,0,4478730.2400000002,8,1,1,1
20,1,9,ok,15360,39403021.363200009,2420637.696,32460917.760000002,0,4521465.9072000002,9,1,1,1
20,1,10,ok,13312,39195080.832000002,2418278.3999999994,32224912.896000002,0,4551889.5360000003,10,1,1,1
20,1,11,ok,12288,39397880.544,2420047.872,32388337.484799996,0,4589495.1872000005,11,1,1,1
20,1,12,ok,11264,39483325.900800005,2420637.696,32437639.372800004,0,4625048.8320000004,12,1,1,1
20,1,13,ok,10240,39490195.430399999,2422996.9920000001,32403517.952,0,4663680.4864000008,13,1,1,1
20,1,14,ok,10240,40030565.568000004,2419458.048,32919055.411200002,0,4692052.1088000005,14,1,1,1
20,1,15,ok,9216,39915693.504000001,2424176.6399999997,32756729.088,0,4734787.7759999996,15,1,1,1
20,1,16,ok,8192,39528352.972800002,2415919.1039999998,32357482.496000003,0,4754951.3728,16,1,1,1
20,2,1,ok,262144,77813671.5264,4831838.2079999996,64024372.838399999,0,8957460.4800000004,1,1,1,1
20,2,2,ok,131072,77813671.5264,4831838.2079999996,64024372.838399999,0,8957460.4800000004,1,2,1,1
20,2,3,ok,88064,81384127.79520002,4841275.392,66464091.340800002,0,10078761.0624,1,1,3,1
20,2,4,ok,65536,77813671.5264,4831838.2079999996,64024372.838399999,0,8957460.4800000004,2,2,1,1
20,2,5,ok,53248,85103222.272000015,4860149.7599999998,69026594.816,0,11216477.696,1,1,5,1
20,2,6,ok,44032,81384127.79520002,4841275.392,66464091.340800002,0,10078761.0624,1,2,3,1
20,2,7,ok,37888,91056808.550400004,4888461.311999999,73797736.857600003,0,12370610.380799999,1,1,7,1
20,2,8,ok,32768,77813671.5264,4831838.2079999996,64024372.838399999,0,8957460.4800000004,4,2,1,1
20,2,9,ok,30720,78806042.726400018,4841275.392,64921835.520000003,0,9042931.8144000005,9,1,1,1
20,2,10,ok,26624,78390161.664000005,4836556.7999999989,64449825.792000003,0,9103779.0720000006,10,1,1,1
20,2,11,ok,24576,78795761.088,4840095.7439999999,64776674.969599992,0,9178990.374400001,11,1,1,1
20,2,12,ok,22528,78966651.801600009,4841275.392,64875278.745600007,0,9250097.6640000008,12,1,1,1
20,2,13,ok,20480,78980390.860799998,4845993.9840000002,64807035.903999999,0,9327360.9728000015,13,1,1,1
20,2,14,ok,20480,80061131.136000007,4838916.0959999999,65838110.822400004,0,9384104.217600001,14,1,1,1
20,2,15,ok,18432,79831387.008000001,4848353.2799999993,65513458.175999999,0,9469575.5519999992,15,1,1,1
20,2,16,ok,16384,77813671.5264,4831838.2079999996,64024372.838399999,0,8957460.4800000004,8,2,1,1
20,4,1,ok,524288,155627343.0528,9663676.4159999993,128048745.6768,0,17914920.960000001,1,1,1,1
20,4,2,ok,262144,155627343.0528,9663676.4159999993,128048745.6768,0,17914920.960000001,1,2,1,1
20,4,3,ok,176128,162768255.59040004,9682550.784,132928182.6816,0,20157522.1248,1,1,3,1
20,4,4,ok,131072,155627343.0528,9663676.4159999993,128048745.6768,0,17914920.960000001,2,2,1,1
20,4,5,ok,106496,170206444.54400003,9720299.5199999996,138053189.632,0,22432955.392000001,1,1,5,1
20,4,6,ok,88064,162768255.59040004,9682550.784,132928182.6816,0,20157522.1248,1,2,3,1
20,4,7,ok,75776,182113617.10080001,9776922.623999998,147595473.71520001,0,24741220.761599999,1,1,7,1
20,4,8,ok,65536,155627343.0528,9663676.4159999993,128048745.6768,0,17914920.960000001,2,4,1,1
20,4,9,ok,61440,157612085.45280004,9682550.784,129843671.04000001,0,18085863.628800001,9,1,1,1
20,4,10,ok,53248,156780323.32800001,9673113.5999999978,128899651.58400001,0,18207558.144000001,10,1,1,1
20,4,11,ok,49152,157591522.176,9680191.4879999999,129553349.93919998,0,18357980.748800002,11,1,1,1
20,4,12,ok,45056,157933303.60320002,9682550.784,129750557.49120001,0,18500195.328000002,12,1,1,1
20,4,13,ok,40960,157960781.7216,9691987.9680000003,129614071.808,0,18654721.945600003,13,1,1,1
20,4,14,ok,40960,160122262.27200001,9677832.1919999998,131676221.64480001,0,18768208.435200002,14,1,1,1
20,4,15,ok,36864,159662774.016,9696706.5599999987,131026916.352,0,18939151.103999998,15,1,1,1
20,4,16,ok,32768,155627343.0528,9663676.4159999993,128048745.6768,0,17914920.960000001,4,4,1,1
20,8,1,ok,1048576,311254686.1056,19327352.831999999,256097491.3536,0,35829841.920000002,1,1,1,1
20,8,2,ok,524288,311254686.1056,19327352.831999999,256097491.3536,0,35829841.920000002,1,2,1,1
20,8,3,ok,352256,325536511.18080008,19365101.568,265856365.36320001,0,40315044.249600001,1,1,3,1
20,8,4,ok,262144,311254686.1056,19327352.831999999,256097491.3536,0,35829841.920000002,2,2,1,1
20,8,5,ok,212992,340412889.08800006,19440599.039999999,276106379.264,0,44865910.784000002,1,1,5,1
20,8,6,ok,176128,325536511.18080008,19365101.568,265856365.36320001,0,40315044.249600001,1,2,3,1
20,8,7,ok,151552,364227234.20160002,19553845.247999996,295190947.43040001,0,49482441.523199998,1,1,7,1
20,8,8,ok,131072,311254686.1056,19327352.831999999,256097491.3536,0,35829841.920000002,2,4,1,1
20,8,9,ok,122880,315224170.90560007,19365101.568,259687342.08000001,0,36171727.257600002,9,1,1,1
20,8,10,ok,106496,313560646.65600002,19346227.199999996,257799303.16800001,0,36415116.288000003,10,1,1,1
20,8,11,ok,98304,315183044.352,19360382.976,259106699.87839997,0,36715961.497600004,11,1,1,1
20,8,12,ok,90112,315866607.20640004,19365101.568,259501114.98240003,0,37000390.656000003,12,1,1,1
20,8,13,ok,81920,315921563.44319999,19383975.936000001,259228143.616,0,37309443.891200006,13,1,1,1
20,8,14,ok,81920,320244524.54400003,19355664.384,263352443.28960001,0,37536416.870400004,14,1,1,1
20,8,15,ok,73728,319325548.03200001,19393413.119999997,262053832.704,0,37878302.207999997,15,1,1,1
20,8,16,ok,65536,311254686.1056,19327352.831999999,256097491.3536,0,35829841.920000002,4,4,1,1
20,16,1,ok,2097152,622509372.2112,38654705.663999997,512194982.70719999,0,71659683.840000004,1,1,1,1
20,16,2,ok,1048576,622509372.2112,38654705.663999997,512194982.70719999,0,71659683.840000004,1,2,1,1
20,16,3,ok,704512,651073022.36160016,38730203.136,531712730.72640002,0,80630088.499200001,1,1,3,1
20,16,4,ok,524288,622509372.2112,38654705.663999997,512194982.70719999,0,71659683.840000004,2,2,1,1
20,16,5,ok,425984,680825778.17600012,38881198.079999998,552212758.528,0,89731821.568000004,1,1,5,1
20,16,6,ok,352256,651073022.36160016,38730203.136,531712730.72640002,0,80630088.499200001,1,2,3,1
20,16,7,ok,303104,728454468.40320003,39107690.495999992,590381894.86080003,0,98964883.046399996,1,1,7,1
20,16,8,ok,262144,622509372.2112,38654705.663999997,512194982.70719999,0,71659683.840000004,2,4,1,1
20,16,9,ok,245760,630448341.81120014,38730203.136,519374684.16000003,0,72343454.515200004,9,1,1,1
20,16,10,ok,212992,627121293.31200004,38692454.399999991,515598606.33600003,0,72830232.576000005,10,1,1,1
20,16,11,ok,196608,630366088.704,38720765.952,518213399.75679994,0,73431922.995200008,11,1,1,1
20,16,12,ok,180224,631733214.41280007,38730203.136,519002229.96480006,0,74000781.312000006,12,1,1,1
20,16,13,ok,163840,631843126.88639998,38767951.872000001,518456287.23199999,0,74618887.782400012,13,1,1,1
20,16,14,ok,163840,640489049.08800006,38711328.767999999,526704886.57920003,0,75072833.740800008,14,1,1,1
20,16,15,ok,147456,638651096.06400001,38786826.239999995,524107665.40799999,0,75756604.415999994,15,1,1,1
20,16,16,ok,131072,622509372.2112,38654705.663999997,512194982.70719999,0,71659683.840000004,4,4,1,1
20,32,1,ok,4194304,1245018744.4224,77309411.327999994,1024389965.4144,0,143319367.68000001,1,1,1,1
20,32,2,ok,2097152,1245018744.4224,77309411.327999994,1024389965.4144,0,143319367.68000001,1,2,1,1
20,32,3,ok,1409024,1302146044.7232003,77460406.272,1063425461.4528,0,161260176.9984,1,1,3,1
20,32,4,ok,1048576,1245018744.4224,77309411.327999994,1024389965.4144,0,143319367.68000001,2,2,1,1
20,32,5,ok,851968,1361651556.3520002,77762396.159999996,1104425517.056,0,179463643.13600001,1,1,5,1
20,32,6,ok,704512,1302146044.7232003,77460406.272,1063425461.4528,0,161260176.9984,1,2,3,1
20,32,7,ok,606208,1456908936.8064001,78215380.991999984,1180763789.7216001,0,197929766.09279999,1,1,7,1
20,32,8,ok,524288,1245018744.4224,77309411.327999994,1024389965.4144,0,143319367.68000001,2,4,1,1
20,32,9,ok,491520,1260896683.6224003,77460406.272,1038749368.3200001,0,144686909.03040001,9,1,1,1
20,32,10,ok,425984,1254242586.6240001,77384908.799999982,1031197212.6720001,0,145660465.15200001,10,1,1,1
20,32,11,ok,393216,1260732177.408,77441531.903999999,1036426799.5135999,0,146863845.99040002,11,1,1,1
20,32,12,ok,360448,1263466428.8256001,77460406.272,1038004459.9296001,0,148001562.62400001,12,1,1,1
20,32,13,ok,327680,1263686253.7728,77535903.744000003,1036912574.464,0,149237775.56480002,13,1,1,1
20,32,14,ok,327680,1280978098.1760001,77422657.535999998,1053409773.1584001,0,150145667.48160002,14,1,1,1
20,32,15,ok,294912,1277302192.128,77573652.479999989,1048215330.816,0,151513208.83199999,15,1,1,1
20,32,16,ok,262144,1245018744.4224,77309411.327999994,1024389965.4144,0,143319367.68000001,4,4,1,1
20,64,1,ok,8388608,2490037488.8448,154618822.65599999,2048779930.8288,0,286638735.36000001,1,1,1,1
20,64,2,ok,4194304,2490037488.8448,154618822.65599999,2048779930.8288,0,286638735.36000001,1,2,1,1
20,64,3,ok,2818048,2604292089.4464006,154920812.544,2126850922.9056001,0,322520353.99680001,1,1,3,1
20,64,4,ok,2097152,2490037488.8448,154618822.65599999,2048779930.8288,0,286638735.36000001,2,2,1,1
20,64,5,ok,1703936,2528944324.6079998,157034741.75999999,2080792117.2479999,0,291117465.60000002,1,5,1,1
20,64,6,ok,1409024,2604292089.4464006,154920812.544,2126850922.9056001,0,322520353.99680001,1,2,3,1
20,64,7,ok,1212416,2913817873.6128001,156430761.98399997,2361527579.4432001,0,395859532.18559998,1,1,7,1
20,64,8,ok,1048576,2490037488.8448,154618822.65599999,2048779930.8288,0,286638735.36000001,2,4,1,1
20,64,9,ok,983040,2521793367.2448006,154920812.544,2077498736.6400001,0,289373818.06080002,9,1,1,1
20,64,10,ok,851968,2508485173.2480001,154769817.59999996,2062394425.3440001,0,291320930.30400002,10,1,1,1
20,64,11,ok,786432,2521464354.816,154883063.808,2072853599.0271997,0,293727691.98080003,11,1,1,1
20,64,12,ok,720896,2526932857.6512003,154920812.544,2076008919.8592002,0,296003125.24800003,12,1,1,1
20,64,13,ok,655360,2527372507.5455999,155071807.48800001,2073825148.928,0,298475551.12960005,13,1,1,1
20,64,14,ok,655360,2561956196.3520002,154845315.072,2106819546.3168001,0,300291334.96320003,14,1,1,1
20,64,15,ok,589824,2554604384.256,155147304.95999998,2096430661.632,0,303026417.66399997,15,1,1,1
20,64,16,ok,524288,2490037488.8448,154618822.65599999,2048779930.8288,0,286638735.36000001,4,4,1,1
21,1,1,ok,32768,183081.36960000001,183081.36960000001,0,0,0,1,1,1,1
21,1,2,ok,16384,183081.36960000001,183081.36960000001,0,0,0,1,1,2,1
21,1,3,ok,10928,183170.7648,183170.7648,0,0,0,3,1,1,1
21,1,4,ok,8192,183081.36960000001,183081.36960000001,0,0,0,2,1,2,1
21,1,5,ok,6560,183260.16,183260.16,0,0,0,5,1,1,1
21,1,6,ok,5464,183170.7648,183170.7648,0,0,0,3,1,2,1
21,1,7,ok,4688,183349.5552,183349.5552,0,0,0,7,1,1,1
21,1,8,ok,4096,183081.36960000001,183081.36960000001,0,0,0,2,1,4,1
21,1,9,ok,3648,183438.9504,183438.9504,0,0,0,1,1,9,1
21,1,10,ok,3280,183260.16,183260.16,0,0,0,5,1,2,1
21,1,11,ok,2984,183394.25279999999,183394.25279999999,0,0,0,11,1,1,1
21,1,12,ok,2732,183170.7648,183170.7648,0,0,0,3,1,4,1
21,1,13,ok,2528,183617.7408,183617.7408,0,0,0,13,1,1,1
21,1,14,ok,2344,183349.5552,183349.5552,0,0,0,7,1,2,1
21,1,15,ok,2191,183618.09,183618.09,0,0,0,5,1,3,1
21,1,16,ok,2048,183081.36960000001,183081.36960000001,0,0,0,4,1,4,1
21,2,1,ok,65536,366162.73920000001,366162.73920000001,0,0,0,1,1,1,1
21,2,2,ok,32768,366162.73920000001,366162.73920000001,0,0,0,1,1,2,1
21,2,3,ok,21856,366341.52960000001,366341.52960000001,0,0,0,3,1,1,1
21,2,4,ok,16384,366162.73920000001,366162.73920000001,0,0,0,1,2,2,1
21,2,5,ok,13120,366520.32000000001,366520.32000000001,0,0,0,5,1,1,1
21,2,6,ok,10928,366341.52960000001,366341.52960000001,0,0,0,3,1,2,1
21,2,7,ok,9376,366699.11040000001,366699.11040000001,0,0,0,7,1,1,1
21,2,8,ok,8192,366162.73920000001,366162.73920000001,0,0,0,1,2,4,1
21,2,9,ok,7296,366877.9008,366877.9008,0,0,0,1,1,9,1
21,2,10,ok,6560,366520.32000000001,366520.32000000001,0,0,0,5,1,2,1
21,2,11,ok,5968,366788.50559999997,366788.50559999997,0,0,0,11,1,1,1
21,2,12,ok,5464,366341.52960000001,366341.52960000001,0,0,0,3,1,4,1
21,2,13,ok,5056,367235.4816,367235.4816,0,0,0,13,1,1,1
21,2,14,ok,4688,366699.11040000001,366699.11040000001,0,0,0,7,1,2,1
21,2,15,ok,4382,367236.17999999999,367236.17999999999,0,0,0,5,1,3,1
21,2,16,ok,4096,366162.73920000001,366162.73920000001,0,0,0,2,2,4,1
21,4,1,ok,131072,732325.47840000002,732325.47840000002,0,0,0,1,1,1,1
21,4,2,ok,65536,732325.47840000002,732325.47840000002,0,0,0,1,1,2,1
21,4,3,ok,43712,732683.05920000002,732683.05920000002,0,0,0,3,1,1,1
21,4,4,ok,32768,732325.47840000002,732325.47840000002,0,0,0,1,2,2,1
21,4,5,ok,26240,733040.64000000001,733040.64000000001,0,0,0,5,1,1,1
21,4,6,ok,21856,732683.05920000002,732683.05920000002,0,0,0,3,1,2,1
21,4,7,ok,18752,733398.22080000001,733398.22080000001,0,0,0,7,1,1,1
21,4,8,ok,16384,732325.47840000002,732325.47840000002,0,0,0,1,2,4,1
21,4,9,ok,14592,733755.80160000001,733755.80160000001,0,0,0,1,1,9,1
21,4,10,ok,13120,733040.64000000001,733040.64000000001,0,0,0,5,1,2,1
21,4,11,ok,11936,733577.01119999995,733577.01119999995,0,0,0,11,1,1,1
21,4,12,ok,10928,732683.05920000002,732683.05920000002,0,0,0,3,1,4,1
21,4,13,ok,10112,734470.9632,734470.9632,0,0,0,13,1,1,1
21,4,14,ok,9376,733398.22080000001,733398.22080000001,0,0,0,7,1,2,1
21,4,15,ok,8764,734472.35999999999,734472.35999999999,0,0,0,5,1,3,1
21,4,16,ok,8192,732325.47840000002,732325.47840000002,0,0,0,2,2,4,1
21,8,1,ok,262144,1464650.9568,1464650.9568,0,0,0,1,1,1,1
21,8,2,ok,131072,1464650.9568,1464650.9568,0,0,0,1,1,2,1
21,8,3,ok,87424,1465366.1184,1465366.1184,0,0,0,3,1,1,1
21,8,4,ok,65536,1464650.9568,1464650.9568,0,0,0,1,2,2,1
21,8,5,ok,52480,1466081.28,1466081.28,0,0,0,5,1,1,1
21,8,6,ok,43712,1465366.1184,1465366.1184,0,0,0,3,1,2,1
21,8,7,ok,37504,1466796.4416,1466796.4416,0,0,0,7,1,1,1
21,8,8,ok,32768,1464650.9568,1464650.9568,0,0,0,1,2,4,1
21,8,9,ok,29184,1467511.6032,1467511.6032,0,0,0,1,1,9,1
21,8,10,ok,26240,1466081.28,1466081.28,0,0,0,5,1,2,1
21,8,11,ok,23872,1467154.0223999999,1467154.0223999999,0,0,0,11,1,1,1
21,8,12,ok,21856,1465366.1184,1465366.1184,0,0,0,3,1,4,1
21,8,13,ok,20224,1468941.9264,1468941.9264,0,0,0,13,1,1,1
21,8,14,ok,18752,1466796.4416,1466796.4416,0,0,0,7,1,2,1
21,8,15,ok,17528,1468944.72,1468944.72,0,0,0,5,1,3,1
21,8,16,ok,16384,1464650.9568,1464650.9568,0,0,0,2,2,4,1
21,16,1,ok,524288,2929301.9136000001,2929301.9136000001,0,0,0,1,1,1,1
21,16,2,ok,262144,2929301.9136000001,2929301.9136000001,0,0,0,1,1,2,1
21,16,3,ok,174848,2930732.2368000001,2930732.2368000001,0,0,0,3,1,1,1
21,16,4,ok,131072,2929301.9136000001,2929301.9136000001,0,0,0,1,2,2,1
21,16,5,ok,104960,2932162.5600000001,2932162.5600000001,0,0,0,5,1,1,1
21,16,6,ok,87424,2930732.2368000001,2930732.2368000001,0,0,0,3,1,2,1
21,16,7,ok,75008,2933592.8832,2933592.8832,0,0,0,7,1,1,1
21,16,8,ok,65536,2929301.9136000001,2929301.9136000001,0,0,0,1,2,4,1
21,16,9,ok,58368,2935023.2064,2935023.2064,0,0,0,1,1,9,1
21,16,10,ok,52480,2932162.5600000001,2932162.5600000001,0,0,0,5,1,2,1
21,16,11,ok,47744,2934308.0447999998,2934308.0447999998,0,0,0,11,1,1,1
21,16,12,ok,43712,2930732.2368000001,2930732.2368000001,0,0,0,3,1,4,1
21,16,13,ok,40448,2937883.8528,2937883.8528,0,0,0,13,1,1,1
21,16,14,ok,37504,2933592.8832,2933592.8832,0,0,0,7,1,2,1
21,16,15,ok,35055,2937889.4399999999,2937889.4399999999,0,0,0,5,1,3,1
21,16,16,ok,32768,2929301.9136000001,2929301.9136000001,0,0,0,2,2,4,1
21,32,1,ok,1048576,5858603.8272000002,5858603.8272000002,0,0,0,1,1,1,1
21,32,2,ok,524288,5858603.8272000002,5858603.8272000002,0,0,0,1,1,2,1
21,32,3,ok,349696,5861464.4736000001,5861464.4736000001,0,0,0,3,1,1,1
21,32,4,ok,262144,5858603.8272000002,5858603.8272000002,0,0,0,1,2,2,1
21,32,5,ok,209920,5864325.1200000001,5864325.1200000001,0,0,0,5,1,1,1
21,32,6,ok,174848,5861464.4736000001,5861464.4736000001,0,0,0,3,1,2,1
21,32,7,ok,150016,5867185.7664000001,5867185.7664000001,0,0,0,7,1,1,1
21,32,8,ok,131072,5858603.8272000002,5858603.8272000002,0,0,0,1,2,4,1
21,32,9,ok,116736,5870046.4128,5870046.4128,0,0,0,1,1,9,1
21,32,10,ok,104960,5864325.1200000001,5864325.1200000001,0,0,0,5,1,2,1
21,32,11,ok,95488,5868616.0895999996,5868616.0895999996,0,0,0,11,1,1,1
21,32,12,ok,87424,5861464.4736000001,5861464.4736000001,0,0,0,3,1,4,1
21,32,13,ok,80896,5875767.7056,5875767.7056,0,0,0,13,1,1,1
21,32,14,ok,75008,5867185.7664000001,5867185.7664000001,0,0,0,7,1,2,1
21,32,15,ok,70110,5875778.8799999999,5875778.8799999999,0,0,0,5,1,3,1
21,32,16,ok,65536,5858603.8272000002,5858603.8272000002,0,0,0,2,2,4,1
21,64,1,ok,2097152,11717207.6544,11717207.6544,0,0,0,1,1,1,1
21,64,2,ok,1048576,11717207.6544,11717207.6544,0,0,0,1,1,2,1
21,64,3,ok,699392,11722928.9472,11722928.9472,0,0,0,3,1,1,1
21,64,4,ok,524288,11717207.6544,11717207.6544,0,0,0,1,2,2,1
21,64,5,ok,419840,11728650.24,11728650.24,0,0,0,5,1,1,1
21,64,6,ok,349696,11722928.9472,11722928.9472,0,0,0,3,1,2,1
21,64,7,ok,300032,11734371.5328,11734371.5328,0,0,0,7,1,1,1
21,64,8,ok,262144,11717207.6544,11717207.6544,0,0,0,1,2,4,1
21,64,9,ok,233472,11740092.8256,11740092.8256,0,0,0,1,1,9,1
21,64,10,ok,209920,11728650.24,11728650.24,0,0,0,5,1,2,1
21,64,11,ok,190976,11737232.179199999,11737232.179199999,0,0,0,11,1,1,1
21,64,12,ok,174848,11722928.9472,11722928.9472,0,0,0,3,1,4,1
21,64,13,ok,161792,11751535.4112,11751535.4112,0,0,0,13,1,1,1
21,64,14,ok,150016,11734371.5328,11734371.5328,0,0,0,7,1,2,1
21,64,15,ok,140220,11751557.76,11751557.76,0,0,0,5,1,3,1
21,64,16,ok,131072,11717207.6544,11717207.6544,0,0,0,2,2,4,1
22,1,1,ok,131072,36699098.316800006,2415919.1039999998,31306403.020800002,0,2976776.1919999998,1,1,1,1
22,1,2,ok,65536,36699098.316800006,2415919.1039999998,31306403.020800002,0,2976776.1919999998,2,1,1,1
22,1,3,ok,43776,37530886.1184,2420637.696,31575755.443199996,0,3534492.9792000004,1,1,3,1
22,1,4,ok,32768,36699098.316800006,2415919.1039999998,31306403.020800002,0,2976776.1919999998,4,1,1,1
22,1,5,ok,26368,38432435.327999994,2430074.8799999999,31904876.16,0,4097484.2880000006,1,1,5,1
22,1,6,ok,21888,37530886.1184,2420637.696,31575755.443199996,0,3534492.9792000004,2,1,3,1
22,1,7,ok,18944,39643843.635200009,2444230.6559999995,32533862.860800002,0,4665750.1184,1,1,7,1
22,1,8,ok,16384,36699098.316800006,2415919.1039999998,31306403.020800002,0,2976776.1919999998,8,1,1,1
22,1,9,ok,14592,39576867.609599993,2420637.696,31964410.13759999,0,5191819.7760000005,1,1,9,1
22,1,10,ok,13184,38432435.327999994,2430074.8799999999,31904876.16,0,4097484.2880000006,2,1,5,1
22,1,11,ok,12032,40697972.198399998,2439512.0639999998,32493100.006399997,0,5765360.1280000005,1,1,11,1
22,1,12,ok,10944,37530886.1184,2420637.696,31575755.443199996,0,3534492.9792000004,4,1,3,1
22,1,13,ok,10240,41749315.379200004,2453667.8399999999,32962021.580800004,0,6333625.9583999999,1,1,13,1
22,1,14,ok,9472,39643843.635200009,2444230.6559999995,32533862.860800002,0,4665750.1184,2,1,7,1
22,1,15,ok,8960,42940181.376000002,2477260.7999999998,33550479.744000003,0,6912440.8320000013,1,1,15,1
22,1,16,ok,8192,37040095.232000001,2415919.1039999998,31371178.803199999,0,3252997.3248000001,8,1,2,1
22,2,1,ok,262144,73398196.633600011,4831838.2079999996,62612806.041600004,0,5953552.3839999996,1,1,1,1
22,2,2,ok,131072,73398196.633600011,4831838.2079999996,62612806.041600004,0,5953552.3839999996,1,2,1,1
22,2,3,ok,87552,75061772.2368,4841275.392,63151510.886399992,0,7068985.9584000008,1,1,3,1
22,2,4,ok,65536,73398196.633600011,4831838.2079999996,62612806.041600004,0,5953552.3839999996,2,2,1,1
22,2,5,ok,52736,76864870.655999988,4860149.7599999998,63809752.32,0,8194968.5760000013,1,1,5,1
22,2,6,ok,43776,75061772.2368,4841275.392,63151510.886399992,0,7068985.9584000008,1,2,3,1
22,2,7,ok,37888,79287687.270400017,4888461.311999999,65067725.721600004,0,9331500.2368000001,1,1,7,1
22,2,8,ok,32768,73398196.633600011,4831838.2079999996,62612806.041600004,0,5953552.3839999996,4,2,1,1
22,2,9,ok,29184,79153735.219199985,4841275.392,63928820.27519998,0,10383639.552000001,1,1,9,1
22,2,10,ok,26368,76864870.655999988,4860149.7599999998,63809752.32,0,8194968.5760000013,1,2,5,1
22,2,11,ok,24064,81395944.396799996,4879024.1279999996,64986200.012799993,0,11530720.256000001,1,1,11,1
22,2,12,ok,21888,75061772.2368,4841275.392,63151510.886399992,0,7068985.9584000008,2,2,3,1
22,2,13,ok,20480,83498630.758400008,4907335.6799999997,65924043.161600009,0,12667251.9168,1,1,13,1
22,2,14,ok,18944,79287687.270400017,4888461.311999999,65067725.721600004,0,9331500.2368000001,1,2,7,1
22,2,15,ok,17920,85880362.752000004,4954521.5999999996,67100959.488000005,0,13824881.664000003,1,1,15,1
22,2,16,ok,16384,73398196.633600011,4831838.2079999996,62612806.041600004,0,5953552.3839999996,8,2,1,1
22,4,1,ok,524288,146796393.26720002,9663676.4159999993,125225612.08320001,0,11907104.767999999,1,1,1,1
22,4,2,ok,262144,146796393.26720002,9663676.4159999993,125225612.08320001,0,11907104.767999999,1,2,1,1
22,4,3,ok,175104,150123544.4736,9682550.784,126303021.77279998,0,14137971.916800002,1,1,3,1
22,4,4,ok,131072,146796393.26720002,9663676.4159999993,125225612.08320001,0,11907104.767999999,2,2,1,1
22,4,5,ok,105472,153729741.31199998,9720299.5199999996,127619504.64,0,16389937.152000003,1,1,5,1
22,4,6,ok,87552,150123544.4736,9682550.784,126303021.77279998,0,14137971.916800002,1,2,3,1
22,4,7,ok,75776,158575374.54080003,9776922.623999998,130135451.44320001,0,18663000.4736,1,1,7,1
22,4,8,ok,65536,146796393.26720002,9663676.4159999993,125225612.08320001,0,11907104.767999999,2,4,1,1
22,4,9,ok,58368,158307470.43839997,9682550.784,127857640.55039996,0,20767279.104000002,1,1,9,1
22,4,10,ok,52736,153729741.31199998,9720299.5199999996,127619504.64,0,16389937.152000003,1,2,5,1
22,4,11,ok,48128,162791888.79359999,9758048.2559999991,129972400.02559999,0,23061440.512000002,1,1,11,1
22,4,12,ok,43776,150123544.4736,9682550.784,126303021.77279998,0,14137971.916800002,2,2,3,1
22,4,13,ok,40960,166997261.51680002,9814671.3599999994,131848086.32320002,0,25334503.8336,1,1,13,1
22,4,14,ok,37888,158575374.54080003,9776922.623999998,130135451.44320001,0,18663000.4736,1,2,7,1
22,4,15,ok,35840,171760725.50400001,9909043.1999999993,134201918.97600001,0,27649763.328000005,1,1,15,1
22,4,16,ok,32768,146796393.26720002,9663676.4159999993,125225612.08320001,0,11907104.767999999,4,4,1,1
22,8,1,ok,1048576,293592786.53440005,19327352.831999999,250451224.16640002,0,23814209.535999998,1,1,1,1
22,8,2,ok,524288,293592786.53440005,19327352.831999999,250451224.16640002,0,23814209.535999998,1,2,1,1
22,8,3,ok,350208,300247088.9472,19365101.568,252606043.54559997,0,28275943.833600003,1,1,3,1
22,8,4,ok,262144,293592786.53440005,19327352.831999999,250451224.16640002,0,23814209.535999998,2,2,1,1
22,8,5,ok,210944,307459482.62399995,19440599.039999999,255239009.28,0,32779874.304000005,1,1,5,1
22,8,6,ok,175104,300247088.9472,19365101.568,252606043.54559997,0,28275943.833600003,1,2,3,1
22,8,7,ok,151552,317150749.08160007,19553845.247999996,260270902.88640001,0,37326000.9472,1,1,7,1
22,8,8,ok,131072,293592786.53440005,19327352.831999999,250451224.16640002,0,23814209.535999998,2,4,1,1
22,8,9,ok,116736,316614940.87679994,19365101.568,255715281.10079992,0,41534558.208000004,1,1,9,1
22,8,10,ok,105472,307459482.62399995,19440599.039999999,255239009.28,0,32779874.304000005,1,2,5,1
22,8,11,ok,96256,325583777.58719999,19516096.511999998,259944800.05119997,0,46122881.024000004,1,1,11,1
22,8,12,ok,87552,300247088.9472,19365101.568,252606043.54559997,0,28275943.833600003,2,2,3,1
22,8,13,ok,81920,333994523.03360003,19629342.719999999,263696172.64640003,0,50669007.667199999,1,1,13,1
22,8,14,ok,75776,317150749.08160007,19553845.247999996,260270902.88640001,0,37326000.9472,1,2,7,1
22,8,15,ok,71680,343521451.00800002,19818086.399999999,268403837.95200002,0,55299526.656000011,1,1,15,1
22,8,16,ok,65536,293592786.53440005,19327352.831999999,250451224.16640002,0,23814209.535999998,4,4,1,1
22,16,1,ok,2097152,587185573.06880009,38654705.663999997,500902448.33280003,0,47628419.071999997,1,1,1,1
22,16,2,ok,1048576,587185573.06880009,38654705.663999997,500902448.33280003,0,47628419.071999997,1,2,1,1
22,16,3,ok,700416,600494177.8944,38730203.136,505212087.09119993,0,56551887.667200007,1,1,3,1
22,16,4,ok,524288,587185573.06880009,38654705.663999997,500902448.33280003,0,47628419.071999997,2,2,1,1
22,16,5,ok,421888,614918965.24799991,38881198.079999998,510478018.56,0,65559748.60800001,1,1,5,1
22,16,6,ok,350208,600494177.8944,38730203.136,505212087.09119993,0,56551887.667200007,1,2,3,1
22,16,7,ok,303104,634301498.16320014,39107690.495999992,520541805.77280003,0,74652001.894400001,1,1,7,1
22,16,8,ok,262144,587185573.06880009,38654705.663999997,500902448.33280003,0,47628419.071999997,2,4,1,1
22,16,9,ok,233472,633229881.75359988,38730203.136,511430562.20159984,0,83069116.416000009,1,1,9,1
22,16,10,ok,210944,614918965.24799991,38881198.079999998,510478018.56,0,65559748.60800001,1,2,5,1
22,16,11,ok,192512,651167555.17439997,39032193.023999996,519889600.10239995,0,92245762.048000008,1,1,11,1
22,16,12,ok,175104,600494177.8944,38730203.136,505212087.09119993,0,56551887.667200007,2,2,3,1
22,16,13,ok,163840,667989046.06720006,39258685.439999998,527392345.29280007,0,101338015.3344,1,1,13,1
22,16,14,ok,151552,634301498.16320014,39107690.495999992,520541805.77280003,0,74652001.894400001,1,2,7,1
22,16,15,ok,143360,687042902.01600003,39636172.799999997,536807675.90400004,0,110599053.31200002,1,1,15,1
22,16,16,ok,131072,587185573.06880009,38654705.663999997,500902448.33280003,0,47628419.071999997,4,4,1,1
22,32,1,ok,4194304,1174371146.1376002,77309411.327999994,1001804896.6656001,0,95256838.143999994,1,1,1,1
22,32,2,ok,2097152,1174371146.1376002,77309411.327999994,1001804896.6656001,0,95256838.143999994,1,2,1,1
22,32,3,ok,1400832,1200988355.7888,77460406.272,1010424174.1823999,0,113103775.33440001,1,1,3,1
22,32,4,ok,1048576,1174371146.1376002,77309411.327999994,1001804896.6656001,0,95256838.143999994,2,2,1,1
22,32,5,ok,843776,1229837930.4959998,77762396.159999996,1020956037.12,0,131119497.21600002,1,1,5,1
22,32,6,ok,700416,1200988355.7888,77460406.272,1010424174.1823999,0,113103775.33440001,1,2,3,1
22,32,7,ok,606208,1268602996.3264003,78215380.991999984,1041083611.5456001,0,149304003.7888,1,1,7,1
22,32,8,ok,524288,1174371146.1376002,77309411.327999994,1001804896.6656001,0,95256838.143999994,2,4,1,1
22,32,9,ok,466944,1266459763.5071998,77460406.272,1022861124.4031997,0,166138232.83200002,1,1,9,1
22,32,10,ok,421888,1229837930.4959998,77762396.159999996,1020956037.12,0,131119497.21600002,1,2,5,1
22,32,11,ok,393216,1211070244.4544003,79725330.431999981,1033111299.6864002,0,98233614.335999995,1,11,1,1
22,32,12,ok,350208,1200988355.7888,77460406.272,1010424174.1823999,0,113103775.33440001,2,2,3,1
22,32,13,ok,327680,1335978092.1344001,78517370.879999995,1054784690.5856001,0,202676030.6688,1,1,13,1
22,32,14,ok,303104,1268602996.3264003,78215380.991999984,1041083611.5456001,0,149304003.7888,1,2,7,1
22,32,15,ok,290048,1268270365.8239999,80192471.039999992,1052860913.28,0,135216981.50400001,1,3,5,1
22,32,16,ok,262144,1174371146.1376002,77309411.327999994,1001804896.6656001,0,95256838.143999994,4,4,1,1
22,64,1,ok,8388608,2348742292.2752004,154618822.65599999,2003609793.3312001,0,190513676.28799999,1,1,1,1
22,64,2,ok,4194304,2348742292.2752004,154618822.65599999,2003609793.3312001,0,190513676.28799999,1,2,1,1
22,64,3,ok,2801664,2401976711.5776,154920812.544,2020848348.3647997,0,226207550.66880003,1,1,3,1
22,64,4,ok,2097152,2348742292.2752004,154618822.65599999,2003609793.3312001,0,190513676.28799999,2,2,1,1
22,64,5,ok,1703936,2385441390.5920005,157034741.75999999,2034916196.3520002,0,193490452.47999999,1,5,1,1
22,64,6,ok,1400832,2401976711.5776,154920812.544,2020848348.3647997,0,226207550.66880003,1,2,3,1
22,64,7,ok,1212416,2537205992.6528006,156430761.98399997,2082167223.0912001,0,298608007.5776,1,1,7,1
22,64,8,ok,1048576,2348742292.2752004,154618822.65599999,2003609793.3312001,0,190513676.28799999,2,4,1,1
22,64,9,ok,933888,2532919527.0143995,154920812.544,2045722248.8063993,0,332276465.66400003,1,1,9,1
22,64,10,ok,851968,2385441390.5920005,157034741.75999999,2034916196.3520002,0,193490452.47999999,2,5,1,1
22,64,11,ok,786432,2422140488.9088006,159450660.86399996,2066222599.3728004,0,196467228.67199999,1,11,1,1
22,64,12,ok,700416,2401976711.5776,154920812.544,2020848348.3647997,0,226207550.66880003,2,2,3,1
22,64,13,ok,655360,2385441390.5920005,157034741.75999999,2034916196.352,0,193490452.47999999,1,13,1,1
22,64,14,ok,606208,2537205992.6528006,156430761.98399997,2082167223.0912001,0,298608007.5776,1,2,7,1
22,64,15,ok,569088,2439507597.6960001,157341450.23999998,2052424103.8079998,0,229742043.64800003,1,5,3,1
22,64,16,ok,524288,2348742292.2752004,154618822.65599999,2003609793.3312001,0,190513676.28799999,4,4,1,1
23,1,1,ok,131072,32348477.849599998,2415919.1039999998,28889330.483199999,0,1043228.2624000001,1,1,1,1
23,1,2,ok,65536,32689474.764800001,2415919.1039999998,28954106.265600003,0,1319449.3952000001,1,1,2,1
23,1,3,ok,43776,33171768.345600002,2420637.696,29153962.060799997,0,1597168.5888,1,1,3,1
23,1,4,ok,32768,33310991.974399999,2415919.1039999998,29299402.342399999,0,1595670.5280000002,2,1,2,1
23,1,5,ok,26368,34056322.943999998,2430074.8799999999,29473641.087999996,0,2152606.9760000003,1,1,5,1
23,1,6,ok,21888,33794499.456,2420637.696,29499932.544,0,1873929.216,2,1,3,1
23,1,7,ok,18944,35242239.334400006,2444230.6559999995,30088465.2544,0,2709543.4239999996,1,1,7,1
23,1,8,ok,16384,33992985.804800004,2415919.1039999998,29428953.907200001,0,2148112.7936,2,1,4,1
23,1,9,ok,14592,35217749.836799994,2420637.696,29542616.755199991,0,3254495.3856000006,1,1,9,1
23,1,10,ok,13184,34681481.855999991,2430074.8799999999,29820960.383999996,0,2430446.5920000002,2,1,5,1
23,1,11,ok,12032,36304865.203199998,2439512.0639999998,30052423.244799998,0,3812929.8944000001,1,1,11,1
23,1,12,ok,10944,35039961.676799998,2420637.696,30191873.510399994,0,2427450.4704,4,1,3,1
23,1,13,ok,10240,37330716.467200011,2453667.8399999999,30507182.284800004,0,4369866.3424000004,1,1,13,1
23,1,14,ok,9472,35871039.948799998,2444230.6559999995,30437807.7696,0,2989001.5231999997,2,1,7,1
23,1,15,ok,8960,38479095.936000004,2477260.7999999998,31072036.223999999,0,4929798.9120000005,1,1,15,1
23,1,16,ok,8192,35236020.223999999,2415919.1039999998,30119546.060800001,0,2700555.0592,4,1,4,1
23,2,1,ok,262144,64355958.783999994,4831838.2079999996,57713885.184,0,1810235.392,1,1,1,1
23,2,2,ok,131072,64696955.699199997,4831838.2079999996,57778660.966399997,0,2086456.5248000002,1,1,2,1
23,2,3,ok,87552,65320545.945599988,4841275.392,58113596.774399996,0,2365673.7791999998,1,1,3,1
23,2,4,ok,65536,65378949.529600002,4831838.2079999996,57908212.531200007,0,2638898.7904000003,1,2,2,1
23,2,5,ok,52736,66407661.311999999,4860149.7599999998,58623403.263999999,0,2924108.2880000002,1,1,5,1
23,2,6,ok,43776,66343536.691200003,4841275.392,58307924.121599995,0,3194337.1776000001,1,2,3,1
23,2,7,ok,37888,68097500.262400016,4888461.311999999,59723500.032000005,0,3485538.9183999998,1,1,7,1
23,2,8,ok,32768,66621983.948799998,4831838.2079999996,58598804.684799999,0,3191341.0560000003,2,1,4,1
23,2,9,ok,29184,67366527.436800003,4841275.392,58502251.468799993,0,4023000.5760000004,1,1,9,1
23,2,10,ok,26368,67657979.135999992,4860149.7599999998,59318041.855999991,0,3479787.5200000005,2,1,5,1
23,2,11,ok,24064,68858764.339200005,4879024.1279999996,59392312.883199997,0,4587427.3280000007,1,1,11,1
23,2,12,ok,21888,67588998.912,4841275.392,58999865.088,0,3747858.432,2,2,3,1
23,2,13,ok,20480,70228473.036800012,4907335.6799999997,60172279.398400009,0,5148857.9584000008,1,1,13,1
23,2,14,ok,18944,69355101.491200015,4888461.311999999,60422185.062400006,0,4044455.1168000004,2,1,7,1
23,2,15,ok,17920,71843238.144000009,4954521.5999999996,61172435.711999997,0,5716280.8320000004,1,1,15,1
23,2,16,ok,16384,67985971.609600008,4831838.2079999996,58857907.814400002,0,4296225.5872,2,2,4,1
23,4,1,ok,524288,128370920.65280001,9663676.4159999993,115362994.58560002,0,3344249.6512000002,1,1,1,1
23,4,2,ok,262144,128711917.56799999,9663676.4159999993,115427770.368,0,3620470.784,1,1,2,1
23,4,3,ok,175104,129618101.14559999,9682550.784,116032866.20159999,0,3902684.1600000006,1,1,3,1
23,4,4,ok,131072,129393911.39839999,9663676.4159999993,115557321.93279999,0,4172913.0496000005,1,2,2,1
23,4,5,ok,105472,131110338.04799998,9720299.5199999996,116922927.616,0,4467110.9120000005,1,1,5,1
23,4,6,ok,87552,130616184.72959998,9682550.784,115923907.27679998,0,5009726.6688000001,2,1,3,1
23,4,7,ok,75776,133808022.11840001,9776922.623999998,118993569.58720002,0,5037529.9072000012,1,1,7,1
23,4,8,ok,65536,130585513.1648,9663676.4159999993,115644039.16800001,0,5277797.5808000006,2,1,4,1
23,4,9,ok,58368,131664082.63679999,9682550.784,116421520.89599998,0,5560010.9567999998,1,1,9,1
23,4,10,ok,52736,132498694.65599997,9720299.5199999996,117199925.75999998,0,5578469.3760000002,2,1,5,1
23,4,11,ok,48128,133966562.61119999,9758048.2559999991,118072092.15999998,0,6136422.1952,1,1,11,1
23,4,12,ok,43776,132687073.38240001,9682550.784,116615848.24319999,0,6388674.3552000001,1,4,3,1
23,4,13,ok,40960,136023986.176,9814671.3599999994,119502473.62560001,0,6706841.1904000007,1,1,13,1
23,4,14,ok,37888,135587460.9152,9776922.623999998,119655175.98720001,0,6155362.3040000005,2,1,7,1
23,4,15,ok,35568,135978630.05699998,9739284.4800000004,117892110.669,0,8347234.9080000008,5,1,3,1
23,4,16,ok,32768,132726810.21439999,9663676.4159999993,116680451.6864,0,6382682.1120000007,2,1,8,1
23,8,1,ok,1048576,256400844.39040002,19327352.831999999,230661213.38880002,0,6412278.1696000006,1,1,1,1
23,8,2,ok,524288,256741841.30560002,19327352.831999999,230725989.17120004,0,6688499.3024000004,1,1,2,1
23,8,3,ok,350208,258213211.5456,19365101.568,231871405.05599999,0,6976704.9216000009,1,1,3,1
23,8,4,ok,262144,257423835.13599998,19327352.831999999,230855540.736,0,7240941.568,1,2,2,1
23,8,5,ok,210944,260515691.51999998,19440599.039999999,233521976.31999999,0,7553116.1600000001,1,1,5,1
23,8,6,ok,175104,259236202.29119998,19365101.568,232065732.40319997,0,7805368.3200000012,1,2,3,1
23,8,7,ok,151552,265229065.83040005,19553845.247999996,237533708.69760004,0,8141511.8848000001,1,1,7,1
23,8,8,ok,131072,258787822.79679999,19327352.831999999,231114643.86559999,0,8345826.099200001,1,2,4,1
23,8,9,ok,116736,260259193.03679997,19365101.568,232260059.75039998,0,8634031.7183999997,1,1,9,1
23,8,10,ok,105472,262220676.09599996,19440599.039999999,233845855.23199999,0,8934221.824000001,1,2,5,1
23,8,11,ok,96256,264182159.15519994,19516096.511999998,235431650.71359995,0,9234411.9296000004,1,1,11,1
23,8,12,ok,87552,261232369.45919997,19365101.568,231847814.55359995,0,10019453.3376,2,2,3,1
23,8,13,ok,81920,267615012.45440003,19629342.719999999,238162862.08000001,0,9822807.6544000003,1,1,13,1
23,8,14,ok,75776,267427651.99360007,19553845.247999996,237496630.06720003,0,10377176.678400001,2,1,7,1
23,8,15,ok,71136,270341877.32999998,19478568.960000001,235002357.40200001,0,15860950.968,5,1,3,1
23,8,16,ok,65536,261171026.32960001,19327352.831999999,231288078.33600003,0,10555595.161600001,2,2,4,1
23,16,1,ok,2097152,512460691.86559999,38654705.663999997,461257650.99520004,0,12548335.2064,1,1,1,1
23,16,2,ok,1048576,512801688.78080004,38654705.663999997,461322426.77760005,0,12824556.339200001,1,1,2,1
23,16,3,ok,700416,515403432.34559995,38730203.136,463548482.76479995,0,13124746.444800001,1,1,3,1
23,16,4,ok,524288,513483682.61120003,38654705.663999997,461451978.34240007,0,13376998.604800001,1,2,2,1
23,16,5,ok,421888,519326398.46399993,38881198.079999998,466720073.72799993,0,13725126.655999999,1,1,5,1
23,16,6,ok,350208,516426423.09119999,38730203.136,463742810.11199999,0,13953409.843200002,1,2,3,1
23,16,7,ok,303104,528071153.25440007,39107690.495999992,474613986.91839999,0,14349475.84,1,1,7,1
23,16,8,ok,262144,514847670.27199996,38654705.663999997,461711081.472,0,14481883.136,1,2,4,1
23,16,9,ok,233472,517449413.83679998,38730203.136,463937137.45920002,0,14782073.241600001,1,1,9,1
23,16,10,ok,210944,521031383.03999996,38881198.079999998,467043952.63999999,0,15106232.32,1,2,5,1
23,16,11,ok,192512,524613352.24319994,39032193.023999996,470150767.82079995,0,15430391.398400001,1,1,11,1
23,16,12,ok,175104,518472404.58239996,38730203.136,464131464.80639994,0,15610736.640000002,1,4,3,1
23,16,13,ok,163840,530797065.01120007,39258685.439999998,475483638.98880005,0,16054740.5824,1,1,13,1
23,16,14,ok,151552,530458131.6608001,39107690.495999992,475067417.39520007,0,16283023.7696,1,2,7,1
23,16,15,ok,142272,539068371.87599993,38957137.920000002,469222850.86799997,0,30888383.088000003,5,1,3,1
23,16,16,ok,131072,517575645.59359998,38654705.663999997,462229287.73119998,0,16691652.198400002,1,4,4,1
23,32,1,ok,4194304,1024580386.8159999,77309411.327999994,922450526.20799994,0,24820449.280000001,1,1,1,1
23,32,2,ok,2097152,1024921383.7312,77309411.327999994,922515301.99040008,0,25096670.412799999,1,1,2,1
23,32,3,ok,1400832,1029783873.9455999,77460406.272,926902638.18239987,0,25420829.491200004,1,1,3,1
23,32,4,ok,1048576,1025603377.5616001,77309411.327999994,922644853.5552001,0,25649112.678400002,1,2,2,1
23,32,5,ok,843776,1036947812.3519999,77762396.159999996,933116268.54399991,0,26069147.648000002,1,1,5,1
23,32,6,ok,700416,1030806864.6911999,77460406.272,927096965.52959991,0,26249492.889600001,1,2,3,1
23,32,7,ok,606208,1053755328.1024002,78215380.991999984,948774543.36000013,0,26765403.750400003,1,1,7,1
23,32,8,ok,524288,1026967365.2224001,77309411.327999994,922903956.68480015,0,26753997.209600002,1,2,4,1
23,32,9,ok,466944,1031829855.4367999,77460406.272,927291292.87679994,0,27078156.288000003,1,1,9,1
23,32,10,ok,421888,1038652796.9279999,77762396.159999996,933440147.45599985,0,27450253.311999999,1,2,5,1
23,32,11,ok,385024,1045475738.4191999,78064386.047999993,939589002.03519988,0,27822350.336000003,1,1,11,1
23,32,12,ok,350208,1032852846.1824,77460406.272,927485620.22399998,0,27906819.686400004,1,4,3,1
23,32,13,ok,327680,1057161170.1248002,78517370.879999995,950125192.80640006,0,28518606.438400004,1,1,13,1
23,32,14,ok,303104,1056142306.5088001,78215380.991999984,949227973.83679998,0,28698951.68,1,2,7,1
23,32,15,ok,284544,1076521360.9679999,77914275.840000004,937663837.79999995,0,60943247.328000009,5,1,3,1
23,32,16,ok,262144,1029695340.5439999,77309411.327999994,923422162.94400001,0,28963766.272,1,4,4,1
23,64,1,ok,8388608,2048819776.7168002,154618822.65599999,1844836276.6336002,0,49364677.427200004,1,1,1,1
23,64,2,ok,4194304,2049160773.6319997,154618822.65599999,1844901052.4159999,0,49640898.560000002,1,1,2,1
23,64,3,ok,2801664,2058544757.1455998,154920812.544,1853610949.0175996,0,50012995.584000006,1,1,3,1
23,64,4,ok,2097152,2049842767.4624,154618822.65599999,1845030603.9808002,0,50193340.825599998,1,2,2,1
23,64,5,ok,1687552,2072190640.1279998,155524792.31999999,1865908658.1759999,0,50757189.631999999,1,1,5,1
23,64,6,ok,1400832,2059567747.8911998,154920812.544,1853805276.3647997,0,50841658.982400008,1,2,3,1
23,64,7,ok,1212416,2105123677.7984004,156430761.98399997,1897095656.2432003,0,51597259.571199998,1,1,7,1
23,64,8,ok,1048576,2051206755.1232002,154618822.65599999,1845289707.1104002,0,51298225.356800005,1,2,4,1
23,64,9,ok,933888,2060590738.6367996,154920812.544,1853999603.7119997,0,51670322.380800001,1,1,9,1
23,64,10,ok,843776,2073895624.7039998,155524792.31999999,1866232537.0879998,0,52138295.296000004,1,2,5,1
23,64,11,ok,770048,2087200510.7711997,156128772.09599999,1878465470.4639997,0,52606268.211200014,1,1,11,1
23,64,12,ok,700416,2061613729.3823998,154920812.544,1854193931.0591998,0,52498985.779200003,1,4,3,1
23,64,13,ok,655360,2084919220.6336007,157034741.75999999,1874438140.7232003,0,53446338.150400005,1,13,1,1
23,64,14,ok,606208,2107510656.2048004,156430761.98399997,1897549086.7200003,0,53530807.500800006,1,2,7,1
23,64,15,ok,569088,2094785497.7279999,157341450.23999998,1883347893.1199999,0,54096154.368000001,1,5,3,1
23,64,16,ok,524288,2053934730.4448001,154618822.65599999,1845807913.3696003,0,53507994.419200003,1,4,4,1
24,1,1,ok,8192,45770.342400000001,45770.342400000001,0,0,0,1,1,1,1
24,1,2,ok,4096,45770.342400000001,45770.342400000001,0,0,0,1,1,2,1
24,1,3,ok,2736,45859.7376,45859.7376,0,0,0,1,1,3,1
24,1,4,ok,2048,45770.342400000001,45770.342400000001,0,0,0,2,1,2,1
24,1,5,ok,1648,46038.528000000006,46038.528000000006,0,0,0,1,1,5,1
24,1,6,ok,1368,45859.7376,45859.7376,0,0,0,2,1,3,1
24,1,7,ok,1184,46306.713600000003,46306.713600000003,0,0,0,1,1,7,1
24,1,8,ok,1024,45770.342400000001,45770.342400000001,0,0,0,2,1,4,1
24,1,9,ok,912,45859.7376,45859.7376,0,0,0,1,1,9,1
24,1,10,ok,824,46038.528000000006,46038.528000000006,0,0,0,2,1,5,1
24,1,11,ok,752,46217.318400000004,46217.318400000004,0,0,0,1,1,11,1
24,1,12,ok,684,45859.7376,45859.7376,0,0,0,3,1,4,1
24,1,13,ok,640,46485.504000000001,46485.504000000001,0,0,0,1,1,13,1
24,1,14,ok,592,46306.713600000003,46306.713600000003,0,0,0,2,1,7,1
24,1,15,ok,551,46128.447,46128.447,0,0,0,3,1,5,1
24,1,16,ok,512,45770.342400000001,45770.342400000001,0,0,0,4,1,4,1
24,2,1,ok,16384,91540.684800000003,91540.684800000003,0,0,0,1,1,1,1
24,2,2,ok,8192,91540.684800000003,91540.684800000003,0,0,0,1,1,2,1
24,2,3,ok,5472,91719.475200000001,91719.475200000001,0,0,0,1,1,3,1
24,2,4,ok,4096,91540.684800000003,91540.684800000003,0,0,0,1,2,2,1
24,2,5,ok,3296,92077.056000000011,92077.056000000011,0,0,0,1,1,5,1
24,2,6,ok,2736,91719.475200000001,91719.475200000001,0,0,0,1,2,3,1
24,2,7,ok,2368,92613.427200000006,92613.427200000006,0,0,0,1,1,7,1
24,2,8,ok,2048,91540.684800000003,91540.684800000003,0,0,0,1,2,4,1
24,2,9,ok,1824,91719.475200000001,91719.475200000001,0,0,0,1,1,9,1
24,2,10,ok,1648,92077.056000000011,92077.056000000011,0,0,0,1,2,5,1
24,2,11,ok,1504,92434.636800000007,92434.636800000007,0,0,0,1,1,11,1
24,2,12,ok,1368,91719.475200000001,91719.475200000001,0,0,0,3,1,4,1
24,2,13,ok,1280,92971.008000000002,92971.008000000002,0,0,0,1,1,13,1
24,2,14,ok,1184,92613.427200000006,92613.427200000006,0,0,0,1,2,7,1
24,2,15,ok,1101,92256.894,92256.894,0,0,0,3,1,5,1
24,2,16,ok,1024,91540.684800000003,91540.684800000003,0,0,0,2,2,4,1
24,4,1,ok,32768,183081.36960000001,183081.36960000001,0,0,0,1,1,1,1
24,4,2,ok,16384,183081.36960000001,183081.36960000001,0,0,0,1,1,2,1
24,4,3,ok,10944,183438.9504,183438.9504,0,0,0,1,1,3,1
24,4,4,ok,8192,183081.36960000001,183081.36960000001,0,0,0,1,2,2,1
24,4,5,ok,6592,184154.11200000002,184154.11200000002,0,0,0,1,1,5,1
24,4,6,ok,5472,183438.9504,183438.9504,0,0,0,1,2,3,1
24,4,7,ok,4736,185226.85440000001,185226.85440000001,0,0,0,1,1,7,1
24,4,8,ok,4096,183081.36960000001,183081.36960000001,0,0,0,1,2,4,1
24,4,9,ok,3648,183438.9504,183438.9504,0,0,0,1,1,9,1
24,4,10,ok,3296,184154.11200000002,184154.11200000002,0,0,0,1,2,5,1
24,4,11,ok,3008,184869.27360000001,184869.27360000001,0,0,0,1,1,11,1
24,4,12,ok,2736,183438.9504,183438.9504,0,0,0,3,1,4,1
24,4,13,ok,2560,185942.016,185942.016,0,0,0,1,1,13,1
24,4,14,ok,2368,185226.85440000001,185226.85440000001,0,0,0,1,2,7,1
24,4,15,ok,2202,184513.788,184513.788,0,0,0,3,1,5,1
24,4,16,ok,2048,183081.36960000001,183081.36960000001,0,0,0,2,2,4,1
24,8,1,ok,65536,366162.73920000001,366162.73920000001,0,0,0,1,1,1,1
24,8,2,ok,32768,366162.73920000001,366162.73920000001,0,0,0,1,1,2,1
24,8,3,ok,21888,366877.9008,366877.9008,0,0,0,1,1,3,1
24,8,4,ok,16384,366162.73920000001,366162.73920000001,0,0,0,1,2,2,1
24,8,5,ok,13184,368308.22400000005,368308.22400000005,0,0,0,1,1,5,1
24,8,6,ok,10944,366877.9008,366877.9008,0,0,0,1,2,3,1
24,8,7,ok,9472,370453.70880000002,370453.70880000002,0,0,0,1,1,7,1
24,8,8,ok,8192,366162.73920000001,366162.73920000001,0,0,0,1,2,4,1
24,8,9,ok,7296,366877.9008,366877.9008,0,0,0,1,1,9,1
24,8,10,ok,6592,368308.22400000005,368308.22400000005,0,0,0,1,2,5,1
24,8,11,ok,6016,369738.54720000003,369738.54720000003,0,0,0,1,1,11,1
24,8,12,ok,5472,366877.9008,366877.9008,0,0,0,3,1,4,1
24,8,13,ok,5120,371884.03200000001,371884.03200000001,0,0,0,1,1,13,1
24,8,14,ok,4736,370453.70880000002,370453.70880000002,0,0,0,1,2,7,1
24,8,15,ok,4404,369027.576,369027.576,0,0,0,3,1,5,1
24,8,16,ok,4096,366162.73920000001,366162.73920000001,0,0,0,2,2,4,1
24,16,1,ok,131072,732325.47840000002,732325.47840000002,0,0,0,1,1,1,1
24,16,2,ok,65536,732325.47840000002,732325.47840000002,0,0,0,1,1,2,1
24,16,3,ok,43776,733755.80160000001,733755.80160000001,0,0,0,1,1,3,1
24,16,4,ok,32768,732325.47840000002,732325.47840000002,0,0,0,1,2,2,1
24,16,5,ok,26368,736616.44800000009,736616.44800000009,0,0,0,1,1,5,1
24,16,6,ok,21888,733755.80160000001,733755.80160000001,0,0,0,1,2,3,1
24,16,7,ok,18944,740907.41760000004,740907.41760000004,0,0,0,1,1,7,1
24,16,8,ok,16384,732325.47840000002,732325.47840000002,0,0,0,1,2,4,1
24,16,9,ok,14592,733755.80160000001,733755.80160000001,0,0,0,1,1,9,1
24,16,10,ok,13184,736616.44800000009,736616.44800000009,0,0,0,1,2,5,1
24,16,11,ok,12032,739477.09440000006,739477.09440000006,0,0,0,1,1,11,1
24,16,12,ok,10944,733755.80160000001,733755.80160000001,0,0,0,3,1,4,1
24,16,13,ok,10240,743768.06400000001,743768.06400000001,0,0,0,1,1,13,1
24,16,14,ok,9472,740907.41760000004,740907.41760000004,0,0,0,1,2,7,1
24,16,15,ok,8807,738055.152,738055.152,0,0,0,3,1,5,1
24,16,16,ok,8192,732325.47840000002,732325.47840000002,0,0,0,2,2,4,1
24,32,1,ok,262144,1464650.9568,1464650.9568,0,0,0,1,1,1,1
24,32,2,ok,131072,1464650.9568,1464650.9568,0,0,0,1,1,2,1
24,32,3,ok,87552,1467511.6032,1467511.6032,0,0,0,1,1,3,1
24,32,4,ok,65536,1464650.9568,1464650.9568,0,0,0,1,2,2,1
24,32,5,ok,52736,1473232.8960000002,1473232.8960000002,0,0,0,1,1,5,1
24,32,6,ok,43776,1467511.6032,1467511.6032,0,0,0,1,2,3,1
24,32,7,ok,37888,1481814.8352000001,1481814.8352000001,0,0,0,1,1,7,1
24,32,8,ok,32768,1464650.9568,1464650.9568,0,0,0,1,2,4,1
24,32,9,ok,29184,1467511.6032,1467511.6032,0,0,0,1,1,9,1
24,32,10,ok,26368,1473232.8960000002,1473232.8960000002,0,0,0,1,2,5,1
24,32,11,ok,24064,1478954.1888000001,1478954.1888000001,0,0,0,1,1,11,1
24,32,12,ok,21888,1467511.6032,1467511.6032,0,0,0,3,1,4,1
24,32,13,ok,20480,1487536.128,1487536.128,0,0,0,1,1,13,1
24,32,14,ok,18944,1481814.8352000001,1481814.8352000001,0,0,0,1,2,7,1
24,32,15,ok,17613,1476110.304,1476110.304,0,0,0,3,1,5,1
24,32,16,ok,16384,1464650.9568,1464650.9568,0,0,0,2,2,4,1
24,64,1,ok,524288,2929301.9136000001,2929301.9136000001,0,0,0,1,1,1,1
24,64,2,ok,262144,2929301.9136000001,2929301.9136000001,0,0,0,1,1,2,1
24,64,3,ok,175104,2935023.2064,2935023.2064,0,0,0,1,1,3,1
24,64,4,ok,131072,2929301.9136000001,2929301.9136000001,0,0,0,1,2,2,1
24,64,5,ok,105472,2946465.7920000004,2946465.7920000004,0,0,0,1,1,5,1
24,64,6,ok,87552,2935023.2064,2935023.2064,0,0,0,1,2,3,1
24,64,7,ok,75776,2963629.6704000002,2963629.6704000002,0,0,0,1,1,7,1
24,64,8,ok,65536,2929301.9136000001,2929301.9136000001,0,0,0,1,2,4,1
24,64,9,ok,58368,2935023.2064,2935023.2064,0,0,0,1,1,9,1
24,64,10,ok,52736,2946465.7920000004,2946465.7920000004,0,0,0,1,2,5,1
24,64,11,ok,48128,2957908.3776000002,2957908.3776000002,0,0,0,1,1,11,1
24,64,12,ok,43776,2935023.2064,2935023.2064,0,0,0,3,1,4,1
24,64,13,ok,40960,2975072.2560000001,2975072.2560000001,0,0,0,1,1,13,1
24,64,14,ok,37888,2963629.6704000002,2963629.6704000002,0,0,0,1,2,7,1
24,64,15,ok,35226,2952220.608,2952220.608,0,0,0,3,1,5,1
24,64,16,ok,32768,2929301.9136000001,2929301.9136000001,0,0,0,2,2,4,1
25,1,1,ok,524288,128150876.97920001,9663676.4159999993,114866729.77920002,0,3620470.784,1,1,1,1
25,1,2,ok,262144,128150876.97920001,9663676.4159999993,114866729.77920002,0,3620470.784,2,1,1,1
25,1,3,ok,175104,131441611.16159999,9682550.784,115923907.27679998,0,5835153.1008000001,1,1,3,1
25,1,4,ok,131072,129393911.39839999,9663676.4159999993,115557321.93279999,0,4172913.0496000005,4,1,1,1
25,1,5,ok,106496,130521273.08799998,9673113.5999999978,116396029.18399999,0,4452130.3040000005,5,1,1,1
25,1,6,ok,87552,131441611.16159999,9682550.784,115923907.27679998,0,5835153.1008000001,2,1,3,1
25,1,7,ok,75776,139711356.10880002,9776922.623999998,119655175.98720001,0,10279257.4976,1,1,7,1
25,1,8,ok,65536,130757899.0592,9663676.4159999993,115816425.06240001,0,5277797.5808000006,4,1,2,1
25,1,9,ok,60192,132931494.22635001,9687278.5920000002,117129722.98455,0,6114492.6498000007,3,1,3,1
25,1,10,ok,53248,131886592.76799999,9673113.5999999978,116655385.344,0,5558093.824,5,1,2,1
25,1,11,ok,49152,135002402.58559999,9706143.743999999,119176315.31519999,0,6119943.5264000017,11,1,1,1
25,1,12,ok,43776,132687073.38240001,9682550.784,116615848.24319999,0,6388674.3552000001,4,1,3,1
25,1,13,ok,40960,135690356.1728,9691987.9680000003,119330476.59520002,0,6667891.609600001,13,1,1,1
25,1,14,ok,37888,139711356.10880002,9776922.623999998,119655175.98720001,0,10279257.4976,2,1,7,1
25,1,15,ok,35568,133819606.1295,9692006.4000000004,117457006.90349999,0,6670592.8259999994,5,1,3,1
25,1,16,ok,32768,133243967.8976,9663676.4159999993,117197609.3696,0,6382682.1120000007,8,1,2,1
25,2,1,ok,1048576,254937766.29759997,19327352.831999999,229474356.42879999,0,6136057.0368000008,1,1,1,1
25,2,2,ok,524288,254937766.29759997,19327352.831999999,229474356.42879999,0,6136057.0368000008,2,1,1,1
25,2,3,ok,350208,258791259.34079999,19365101.568,231070505.16479999,0,8355652.6080000009,1,1,3,1
25,2,4,ok,262144,256301753.95840001,19327352.831999999,229733459.55840003,0,7240941.568,2,1,2,1
25,2,5,ok,212992,259677226.49599999,19346227.199999996,232532702.208,0,7798297.0880000014,5,1,1,1
25,2,6,ok,175104,258791259.34079999,19365101.568,231070505.16479999,0,8355652.6080000009,2,1,3,1
25,2,7,ok,151552,269874798.59200007,19553845.247999996,237496630.06720003,0,12824323.276800001,1,1,7,1
25,2,8,ok,131072,258787822.79679999,19327352.831999999,231114643.86559999,0,8345826.099200001,4,1,2,1
25,2,9,ok,116736,266975185.30559993,19365101.568,232625123.94239992,0,14984959.795200001,1,1,9,1
25,2,10,ok,105472,263130009.59999996,19440599.039999999,233104335.87199998,0,10585074.688000001,2,1,5,1
25,2,11,ok,96256,272924710.50239998,19516096.511999998,236174579.09759998,0,17234034.892800003,1,1,11,1
25,2,12,ok,87552,261282183.78239995,19365101.568,232454387.09759998,0,9462695.116799999,4,1,3,1
25,2,13,ok,81920,270012728.62720001,19383975.936000001,238401090.96959999,0,12227661.7216,13,1,1,1
25,2,14,ok,75776,269874798.59200007,19553845.247999996,237496630.06720003,0,12824323.276800001,2,1,7,1
25,2,15,ok,71136,263543253.21900001,19384012.800000001,234135945.32699996,0,10023295.092,5,1,3,1
25,2,16,ok,65536,261515798.11840001,19327352.831999999,231632850.12480003,0,10555595.161600001,4,1,4,1
25,4,1,ok,2097152,508511544.93440002,38654705.663999997,458689609.72800004,0,11167229.542400001,1,1,1,1
25,4,2,ok,1048576,508511544.93440002,38654705.663999997,458689609.72800004,0,11167229.542400001,2,1,1,1
25,4,3,ok,700416,513490555.69919997,38730203.136,461363700.94079995,0,13396651.622400001,1,1,3,1
25,4,4,ok,524288,509875532.59519994,38654705.663999997,458948712.85759997,0,12272114.073600002,2,1,2,1
25,4,5,ok,421888,519440080.89599991,38881198.079999998,464913156.09599996,0,15645726.720000001,1,1,5,1
25,4,6,ok,350208,513490555.69919997,38730203.136,461363700.94079995,0,13396651.622400001,2,1,3,1
25,4,7,ok,303104,526427341.2608,38711328.767999999,463277047.296,0,24438965.196800001,7,1,1,1
25,4,8,ok,262144,512603507.91680002,38654705.663999997,459466919.11680007,0,14481883.136,2,1,4,1
25,4,9,ok,233472,521674481.66399997,38730203.136,462918319.71839994,0,20025958.809600003,1,1,9,1
25,4,10,ok,210944,519440080.89599991,38881198.079999998,464913156.09599996,0,15645726.720000001,2,1,5,1
25,4,11,ok,192512,530845556.73599994,39032193.023999996,469499023.76959991,0,22314339.942400001,1,1,11,1
25,4,12,ok,175104,517582518.68159997,38730203.136,462141010.32959998,0,16711305.216000002,2,2,3,1
25,4,13,ok,163840,525970513.20319998,38767951.872000001,463855359.38559997,0,23347201.945600003,13,1,1,1
25,4,14,ok,151552,528571774.97600001,38711328.767999999,464314977.99680001,0,25545468.211200006,7,1,2,1
25,4,15,ok,142272,522990547.39800006,38768025.600000001,467493822.17400002,0,16728699.624000004,5,1,3,1
25,4,16,ok,131072,517575645.59359998,38654705.663999997,462229287.73119998,0,16691652.198400002,4,1,4,1
25,8,1,ok,4194304,1015659102.2079999,77309411.327999994,917120116.32640004,0,21229574.553600002,1,1,1,1
25,8,2,ok,2097152,1015659102.2079999,77309411.327999994,917120116.32640004,0,21229574.553600002,2,1,1,1
25,8,3,ok,1400832,1022889148.416,77460406.272,921950092.49279988,0,23478649.6512,1,1,3,1
25,8,4,ok,1048576,1017023089.8688,77309411.327999994,917379219.45600009,0,22334459.084800001,2,1,2,1
25,8,5,ok,843776,1032060223.4879999,77762396.159999996,928530796.54399991,0,25767030.784000002,1,1,5,1
25,8,6,ok,700416,1022889148.416,77460406.272,921950092.49279988,0,23478649.6512,2,1,3,1
25,8,7,ok,606208,1050710248.8063998,77422657.535999998,925516163.89119995,0,47771427.379200004,7,1,1,1
25,8,8,ok,524288,1019751065.1903999,77309411.327999994,917897425.71519995,0,24544228.147200003,2,1,4,1
25,8,9,ok,466944,1031073074.3807998,77460406.272,923504711.27039981,0,30107956.838400003,1,1,9,1
25,8,10,ok,421888,1032060223.4879999,77762396.159999996,928530796.54399991,0,25767030.784000002,2,1,5,1
25,8,11,ok,385024,1046687249.2031999,78064386.047999993,936147913.11359978,0,32474950.041600004,1,1,11,1
25,8,12,ok,350208,1026981111.3983999,77460406.272,922727401.8815999,0,26793303.244800001,2,2,3,1
25,8,13,ok,327680,1049793456.0256,77535903.744000003,926671269.88800001,0,45586282.393600002,13,1,1,1
25,8,14,ok,303104,1050855453.4912003,78215380.991999984,944545354.5472002,0,28094717.952,2,1,7,1
25,8,15,ok,284544,1041885135.756,77536051.200000003,934209575.86800003,0,30139508.688000001,5,1,3,1
25,8,16,ok,262144,1025207015.8336,77309411.327999994,918933838.23360014,0,28963766.272,2,2,4,1
25,16,1,ok,8388608,2029954216.7551999,154618822.65599999,1833981129.5232,0,41354264.576000005,1,1,1,1
25,16,2,ok,4194304,2029954216.7551999,154618822.65599999,1833981129.5232,0,41354264.576000005,2,1,1,1
25,16,3,ok,2801664,2041686333.8495998,154920812.544,1843122875.5967996,0,43642645.708800003,1,1,3,1
25,16,4,ok,2097152,2031318204.4159999,154618822.65599999,1834240232.6528001,0,42459149.107200004,2,1,2,1
25,16,5,ok,1687552,2057300508.6719999,155524792.31999999,1855766077.4399998,0,46009638.912,1,1,5,1
25,16,6,ok,1400832,2041686333.8495998,154920812.544,1843122875.5967996,0,43642645.708800003,2,1,3,1
25,16,7,ok,1212416,2092162993.3568003,156430761.98399997,1887276987.1872001,0,48455244.185600005,1,1,7,1
25,16,8,ok,1048576,2034046179.7376001,154618822.65599999,1834758438.9120002,0,44668918.169600002,2,1,4,1
25,16,9,ok,933888,2049870259.8143997,154920812.544,1844677494.3743997,0,50271952.895999998,1,1,9,1
25,16,10,ok,843776,2057300508.6719999,155524792.31999999,1855766077.4399998,0,46009638.912,2,1,5,1
25,16,11,ok,770048,2078370634.1375999,156128772.09599999,1869445691.8015997,0,52796170.239999995,1,1,11,1
25,16,12,ok,700416,2045778296.832,154920812.544,1843900184.9855998,0,46957299.3024,2,2,3,1
25,16,13,ok,655360,2097439341.6704001,155071807.48800001,1852303090.8927999,0,90064443.289600015,13,1,1,1
25,16,14,ok,606208,2092162993.3568003,156430761.98399997,1887276987.1872001,0,48455244.185600005,2,1,7,1
25,16,15,ok,569088,2079674312.4720004,155072102.40000001,1867641083.256,0,56961126.816,5,1,3,1
25,16,16,ok,524288,2039502130.3807998,154618822.65599999,1835794851.4303999,0,49088456.294400007,2,2,4,1
25,32,1,ok,16777216,4058544445.8496003,309237645.31199998,3667703155.9168005,0,81603644.620800003,1,1,1,1
25,32,2,ok,8388608,4058544445.8496003,309237645.31199998,3667703155.9168005,0,81603644.620800003,2,1,1,1
25,32,3,ok,5603328,4079280704.7168002,309841625.088,3685468441.8048,0,83970637.824000001,1,1,3,1
25,32,4,ok,4194304,4059908433.5103998,309237645.31199998,3667962259.0464001,0,82708529.15200001,2,1,2,1
25,32,5,ok,3375104,4107781079.039999,311049584.63999999,3710236639.2319994,0,86494855.168000013,1,1,5,1
25,32,6,ok,2801664,4079280704.7168002,309841625.088,3685468441.8048,0,83970637.824000001,2,1,3,1
25,32,7,ok,2424832,4174778073.0880008,312861523.96799994,3772740252.4672008,0,89176296.652800009,1,1,7,1
25,32,8,ok,2097152,4062636408.8319998,309237645.31199998,3668480465.3056002,0,84918298.214400008,2,1,4,1
25,32,9,ok,1867776,4087464630.6816001,309841625.088,3687023060.5823998,0,90599945.011200011,1,1,9,1
25,32,10,ok,1687552,4107781079.039999,311049584.63999999,3710236639.2319994,0,86494855.168000013,2,1,5,1
25,32,11,ok,1540096,4141737404.0064001,312257544.19199997,3736041249.1775999,0,93438610.636800006,1,1,11,1
25,32,12,ok,1400832,4083372667.6991997,309841625.088,3686245751.1935992,0,87285291.417600006,2,2,3,1
25,32,13,ok,1310720,4188246061.8752012,314069483.51999998,3778056526.2336006,0,96120052.121600002,1,1,13,1
25,32,14,ok,1212416,4174778073.0880008,312861523.96799994,3772740252.4672008,0,89176296.652800009,2,1,7,1
25,32,15,ok,1138176,4155252665.9040008,310144204.80000001,3734504098.0320001,0,110604363.07200001,5,1,3,1
25,32,16,ok,1048576,4068092359.4752002,309237645.31199998,3669516877.8240004,0,89337836.339200005,2,2,4,1
25,64,1,ok,33554432,8115724904.0383997,618475290.62399995,7335147208.7040005,0,162102404.71040002,1,1,1,1
25,64,2,ok,16777216,8115724904.0383997,618475290.62399995,7335147208.7040005,0,162102404.71040002,2,1,1,1
25,64,3,ok,11206656,8154469446.4512005,619683250.176,7370159574.2207994,0,164626622.05440003,1,1,3,1
25,64,4,ok,8388608,8117088891.6992006,618475290.62399995,7335406311.833601,0,163207289.24160001,2,1,2,1
25,64,5,ok,6750208,8208742219.7759991,622099169.27999997,7419177762.815999,0,167465287.68000001,1,1,5,1
25,64,6,ok,5603328,8154469446.4512005,619683250.176,7370159574.2207994,0,164626622.05440003,2,1,3,1
25,64,7,ok,4849664,8340008232.5504017,625723047.93599987,7543666783.0272007,0,170618401.58720002,1,1,7,1
25,64,8,ok,4194304,8119816867.0207996,618475290.62399995,7335924518.0928001,0,165417058.30400002,2,1,4,1
25,64,9,ok,3735552,8162653372.4159985,619683250.176,7371714192.9983997,0,171255929.24160001,1,1,9,1
25,64,10,ok,3375104,8208742219.7759991,622099169.27999997,7419177762.815999,0,167465287.68000001,2,1,5,1
25,64,11,ok,3080192,8268470943.7439985,624515088.38399994,7469232363.9295988,0,174723491.43040001,1,1,11,1
25,64,12,ok,2801664,8158561409.4336004,619683250.176,7370936883.6096001,0,167941275.648,2,2,3,1
25,64,13,ok,2621440,8258879645.2864017,628138967.03999996,7452864072.9088011,0,177876605.33760002,1,13,1,1
25,64,14,ok,2424832,8340008232.5504017,625723047.93599987,7543666783.0272007,0,170618401.58720002,2,1,7,1
25,64,15,ok,2276352,8298186946.5599976,629365800.95999992,7488415409.6639986,0,180405735.93599999,1,5,3,1
25,64,16,ok,2097152,8125272817.6639996,618475290.62399995,7336960930.6112003,0,169836596.42880002,2,2,4,1
26,1,1,ok,524288,134968495.30880001,9663676.4159999993,121499379.30240001,0,3805439.5904000001,1,1,1,1
26,1,2,ok,262144,134968495.30880001,9663676.4159999993,121499379.30240001,0,3805439.5904000001,2,1,1,1
26,1,3,ok,175104,138257539.04640001,9682550.784,122554505.088,0,6020483.1744000008,1,1,3,1
26,1,4,ok,131072,136332482.96959999,9663676.4159999993,121758482.432,0,4910324.1216000002,2,1,2,1
26,1,5,ok,105472,142107651.20000002,9720299.5199999996,124146550.40000001,0,8240801.2800000003,1,1,5,1
26,1,6,ok,87552,138257539.04640001,9682550.784,122554505.088,0,6020483.1744000008,2,1,3,1
26,1,7,ok,75776,145558441.01119998,9776922.623999998,125315124.47999997,0,10466393.907200001,1,1,7,1
26,1,8,ok,65536,139060458.29120001,9663676.4159999993,122276688.6912,0,7120093.1840000004,2,1,4,1
26,1,9,ok,58368,147401855.76959997,9682550.784,125069514.62399998,0,12649790.3616,1,1,9,1
26,1,10,ok,52736,142107651.20000002,9720299.5199999996,124146550.40000001,0,8240801.2800000003,2,1,5,1
26,1,11,ok,48128,150133192.98559999,9758048.2559999991,125494487.21919999,0,14880657.510400001,1,1,11,1
26,1,12,ok,43776,143239387.92960003,9682550.784,125322268.95360002,0,8234568.1920000007,4,1,3,1
26,1,13,ok,40960,155504764.31360003,9814671.3599999994,128583842.816,0,17106250.137600001,1,1,13,1
26,1,14,ok,37888,145558441.01119998,9776922.623999998,125315124.47999997,0,10466393.907200001,2,1,7,1
26,1,15,ok,35840,161358211.96799999,9909043.1999999993,132106776.95999999,0,19342391.808000002,1,1,15,1
26,1,16,ok,32768,144032595.96800002,9663676.4159999993,125039057.3056,0,9329862.2464000005,4,1,4,1
26,2,1,ok,1048576,268573002.95680004,19327352.831999999,242739655.47520003,0,6505994.6496000001,1,1,1,1
26,2,2,ok,524288,268573002.95680004,19327352.831999999,242739655.47520003,0,6505994.6496000001,2,1,1,1
26,2,3,ok,350208,272423115.11040002,19365101.568,244331700.7872,0,8726312.7552000005,1,1,3,1
26,2,4,ok,262144,269936990.61760002,19327352.831999999,242998758.60480002,0,7610879.1808000002,2,1,2,1
26,2,5,ok,210944,277395364.09600002,19440599.039999999,246997585.15200001,0,10957179.903999999,1,1,5,1
26,2,6,ok,175104,272423115.11040002,19365101.568,244331700.7872,0,8726312.7552000005,2,1,3,1
26,2,7,ok,151552,281568968.39679992,19553845.247999996,248816527.05279994,0,13198596.096000001,1,1,7,1
26,2,8,ok,131072,272664965.93919998,19327352.831999999,243516964.86399999,0,9820648.2432000004,2,1,4,1
26,2,9,ok,116736,282527822.59200001,19365101.568,247807101.08160001,0,15355619.942400001,1,1,9,1
26,2,10,ok,105472,277395364.09600002,19440599.039999999,246997585.15200001,0,10957179.903999999,2,1,5,1
26,2,11,ok,96256,285262521.70239997,19516096.511999998,248138840.01279998,0,17607585.1776,1,1,11,1
26,2,12,ok,87552,276515078.09280002,19365101.568,245109010.176,0,12040966.348800002,2,2,3,1
26,2,13,ok,81920,293277689.03679997,19629342.719999999,253799344.94719997,0,19849001.369599998,1,1,13,1
26,2,14,ok,75776,281568968.39679992,19553845.247999996,248816527.05279994,0,13198596.096000001,2,1,7,1
26,2,15,ok,71680,302256609.02400005,19818086.399999999,260327006.97600001,0,22111515.648000002,1,1,15,1
26,2,16,ok,65536,278120916.58240002,19327352.831999999,244553377.38240001,0,14240186.368000001,2,2,4,1
26,4,1,ok,2097152,535782018.25279999,38654705.663999997,485220207.82080001,0,11907104.767999999,1,1,1,1
26,4,2,ok,1048576,535782018.25279999,38654705.663999997,485220207.82080001,0,11907104.767999999,2,1,1,1
26,4,3,ok,700416,540754267.23839998,38730203.136,487886092.18560004,0,14137971.916800002,1,1,3,1
26,4,4,ok,524288,537146005.91360009,38654705.663999997,485479310.95040005,0,13011989.2992,2,1,2,1
26,4,5,ok,421888,547970789.88800001,38881198.079999998,492699654.65600008,0,16389937.152000003,1,1,5,1
26,4,6,ok,350208,540754267.23839998,38730203.136,487886092.18560004,0,14137971.916800002,2,1,3,1
26,4,7,ok,303104,553590023.16799998,39107690.495999992,495819332.19839996,0,18663000.4736,1,1,7,1
26,4,8,ok,262144,539873981.23520005,38654705.663999997,485997517.20960003,0,15221758.3616,2,1,4,1
26,4,9,ok,233472,552779756.23679996,38730203.136,493282273.99679995,0,20767279.104000002,1,1,9,1
26,4,10,ok,210944,547970789.88800001,38881198.079999998,492699654.65600008,0,16389937.152000003,2,1,5,1
26,4,11,ok,192512,555521179.13599992,39032193.023999996,493427545.5999999,0,23061440.512000002,1,1,11,1
26,4,12,ok,175104,544846230.22080004,38730203.136,488663401.57440001,0,17452625.510400001,2,2,3,1
26,4,13,ok,163840,568823538.48320007,39258685.439999998,504230349.20959997,0,25334503.8336,1,1,13,1
26,4,14,ok,151552,553590023.16799998,39107690.495999992,495819332.19839996,0,18663000.4736,2,1,7,1
26,4,15,ok,142272,585365121.70499992,38957137.920000002,496813704.52500004,0,49594279.259999998,5,1,3,1
26,4,16,ok,131072,545329931.87839997,38654705.663999997,487033929.72799999,0,19641296.486400001,2,2,4,1
26,8,1,ok,4194304,1070200048.8447999,77309411.327999994,970181312.51199996,0,22709325.004799999,1,1,1,1
26,8,2,ok,2097152,1070200048.8447999,77309411.327999994,970181312.51199996,0,22709325.004799999,2,1,1,1
26,8,3,ok,1400832,1077416571.4944,77460406.272,974994874.98240018,0,24961290.240000002,1,1,3,1
26,8,4,ok,1048576,1071564036.5056,77309411.327999994,970440415.64160001,0,23814209.535999998,2,1,2,1
26,8,5,ok,843776,1089121641.4720001,77762396.159999996,984103793.66400003,0,27255451.648000002,1,1,5,1
26,8,6,ok,700416,1077416571.4944,77460406.272,974994874.98240018,0,24961290.240000002,2,1,3,1
26,8,7,ok,606208,1097632132.7103999,78215380.991999984,989824942.4895997,0,29591809.228800002,1,1,7,1
26,8,8,ok,524288,1074292011.8272002,77309411.327999994,970958621.90080011,0,26023978.5984,2,1,4,1
26,8,9,ok,466944,1093283623.5263999,77460406.272,984232619.82720006,0,31590597.427200004,1,1,9,1
26,8,10,ok,421888,1089121641.4720001,77762396.159999996,984103793.66400003,0,27255451.648000002,2,1,5,1
26,8,11,ok,385024,1096038494.0032001,78064386.047999993,984004956.7744,0,33969151.180800006,1,1,11,1
26,8,12,ok,350208,1081508534.4768,77460406.272,975772184.37120008,0,28275943.833600003,2,2,3,1
26,8,13,ok,327680,1119915237.3760002,78517370.879999995,1005092357.7343999,0,36305508.761600003,1,1,13,1
26,8,14,ok,303104,1097632132.7103999,78215380.991999984,989824942.4895997,0,29591809.228800002,2,1,7,1
26,8,15,ok,286720,1147646991.3599999,79272345.599999994,1029648387.0719998,0,38726258.688000008,1,1,15,1
26,8,16,ok,262144,1079747962.4704001,77309411.327999994,971995034.41920006,0,30443516.723200001,2,2,4,1
26,16,1,ok,8388608,2139036110.0287998,154618822.65599999,1940103521.8943999,0,44313765.478399999,1,1,1,1
26,16,2,ok,4194304,2139036110.0287998,154618822.65599999,1940103521.8943999,0,44313765.478399999,2,1,1,1
26,16,3,ok,2801664,2150741180.0064001,154920812.544,1949212440.5760002,0,46607926.886399999,1,1,3,1
26,16,4,ok,2097152,2140400097.6895998,154618822.65599999,1940362625.0239999,0,45418650.009599999,2,1,2,1
26,16,5,ok,1687552,2171423344.6400003,155524792.31999999,1966912071.6800001,0,48986480.640000001,1,1,5,1
26,16,6,ok,1400832,2150741180.0064001,154920812.544,1949212440.5760002,0,46607926.886399999,2,1,3,1
26,16,7,ok,1212416,2185716351.7951999,156430761.98399997,1977836163.0719995,0,51449426.739200011,1,1,7,1
26,16,8,ok,1048576,2143128073.0112,154618822.65599999,1940880831.2832,0,47628419.071999997,2,1,4,1
26,16,9,ok,933888,2174291358.1055994,154920812.544,1966133311.4879997,0,53237234.073600009,1,1,9,1
26,16,10,ok,843776,2171423344.6400003,155524792.31999999,1966912071.6800001,0,48986480.640000001,2,1,5,1
26,16,11,ok,770048,2177073123.7376003,156128772.09599999,1965159779.1232002,0,55784572.518399999,1,1,11,1
26,16,12,ok,700416,2154833142.9888,154920812.544,1949989749.9648004,0,49922580.480000004,2,2,3,1
26,16,13,ok,655360,2222098635.1616001,157034741.75999999,2006816374.7839999,0,58247518.617600001,1,1,13,1
26,16,14,ok,606208,2185716351.7951999,156430761.98399997,1977836163.0719995,0,51449426.739200011,2,1,7,1
26,16,15,ok,573440,2274834167.8080001,158544691.19999999,2055410227.1999998,0,60879249.408,1,1,15,1
26,16,16,ok,524288,2148584023.6544003,154618822.65599999,1941917243.8016002,0,52047957.196800001,2,2,4,1
26,32,1,ok,16777216,4276708232.3968,309237645.31199998,3879947940.6592002,0,87522646.425600007,1,1,1,1
26,32,2,ok,8388608,4276708232.3968,309237645.31199998,3879947940.6592002,0,87522646.425600007,2,1,1,1
26,32,3,ok,5603328,4297390397.0304003,309841625.088,3897647571.7631998,0,89901200.179200009,1,1,3,1
26,32,4,ok,4194304,4278072220.0575995,309237645.31199998,3880207043.7887998,0,88627530.956799999,2,1,2,1
26,32,5,ok,3375104,4336026750.9759998,311049584.63999999,3932528627.7119999,0,92448538.624000013,1,1,5,1
26,32,6,ok,2801664,4297390397.0304003,309841625.088,3897647571.7631998,0,89901200.179200009,2,1,3,1
26,32,7,ok,2424832,4361884789.9647989,312861523.96799994,3953858604.2367988,0,95164661.75999999,1,1,7,1
26,32,8,ok,2097152,4280800195.3791995,309237645.31199998,3880725250.0479999,0,90837300.019199997,2,1,4,1
26,32,9,ok,1867776,4336306827.2639999,309841625.088,3929934694.8095999,0,96530507.366400018,1,1,9,1
26,32,10,ok,1687552,4336026750.9759998,311049584.63999999,3932528627.7119999,0,92448538.624000013,2,1,5,1
26,32,11,ok,1540096,4339142383.2063999,312257544.19199997,3927469423.8207998,0,99415415.193599999,1,1,11,1
26,32,12,ok,1400832,4301482360.0128002,309841625.088,3898424881.1520004,0,93215853.772799999,2,2,3,1
26,32,13,ok,1310720,4426465430.7327995,314069483.51999998,4010264408.8831992,0,102131538.32960001,1,1,13,1
26,32,14,ok,1212416,4361884789.9647989,312861523.96799994,3953858604.2367988,0,95164661.75999999,2,1,7,1
26,32,15,ok,1146880,4529208520.7040005,317089382.39999998,4106933907.4559999,0,105185230.848,1,1,15,1
26,32,16,ok,1048576,4286256146.0223999,309237645.31199998,3881761662.5664001,0,95256838.143999994,2,2,4,1
26,64,1,ok,33554432,8552052477.1327991,618475290.62399995,7759636778.1887999,0,173940408.31999999,1,1,1,1
26,64,2,ok,16777216,8552052477.1327991,618475290.62399995,7759636778.1887999,0,173940408.31999999,2,1,1,1
26,64,3,ok,11206656,8590688831.0783997,619683250.176,7794517834.1375999,0,176487746.76480001,1,1,3,1
26,64,4,ok,8388608,8553416464.7936001,618475290.62399995,7759895881.3184004,0,175045292.85120001,2,1,2,1
26,64,5,ok,6750208,8665233563.6479988,622099169.27999997,7863761739.776,0,179372654.59200001,1,1,5,1
26,64,6,ok,5603328,8590688831.0783997,619683250.176,7794517834.1375999,0,176487746.76480001,2,1,3,1
26,64,7,ok,4849664,8714221666.3039989,625723047.93599987,7905903486.5663986,0,182595131.80160001,1,1,7,1
26,64,8,ok,4194304,8556144440.1151991,618475290.62399995,7760414087.5775995,0,177255061.9136,2,1,4,1
26,64,9,ok,3735552,8660337765.5807991,619683250.176,7857537461.4527988,0,183117053.95200002,1,1,9,1
26,64,10,ok,3375104,8665233563.6479988,622099169.27999997,7863761739.776,0,179372654.59200001,2,1,5,1
26,64,11,ok,3080192,8663280902.1439991,624515088.38399994,7852088713.2159986,0,186677100.544,1,1,11,1
26,64,12,ok,2801664,8594780794.0608006,619683250.176,7795295143.5263996,0,179802400.35840002,2,2,3,1
26,64,13,ok,2621440,8702024836.7104015,628138967.03999996,7883986291.9168005,0,189899577.75360003,1,13,1,1
26,64,14,ok,2424832,8714221666.3039989,625723047.93599987,7905903486.5663986,0,182595131.80160001,2,1,7,1
26,64,15,ok,2276352,8741222259.0720005,629365800.95999992,7919404267.3920002,0,192452190.72,1,5,3,1
26,64,16,ok,2097152,8561600390.758399,618475290.62399995,7761450500.0959997,0,181674600.03839999,2,2,4,1
27,1,1,ok,8192,45770.342400000001,45770.342400000001,0,0,0,1,1,1,1
27,1,2,ok,4096,45770.342400000001,45770.342400000001,0,0,0,1,1,2,1
27,1,3,ok,2736,45859.7376,45859.7376,0,0,0,1,1,3,1
27,1,4,ok,2048,45770.342400000001,45770.342400000001,0,0,0,2,1,2,1
27,1,5,ok,1648,46038.528000000006,46038.528000000006,0,0,0,1,1,5,1
27,1,6,ok,1368,45859.7376,45859.7376,0,0,0,2,1,3,1
27,1,7,ok,1184,46306.713600000003,46306.713600000003,0,0,0,1,1,7,1
27,1,8,ok,1024,45770.342400000001,45770.342400000001,0,0,0,2,1,4,1
27,1,9,ok,912,45859.7376,45859.7376,0,0,0,1,1,9,1
27,1,10,ok,824,46038.528000000006,46038.528000000006,0,0,0,2,1,5,1
27,1,11,ok,752,46217.318400000004,46217.318400000004,0,0,0,1,1,11,1
27,1,12,ok,684,45859.7376,45859.7376,0,0,0,3,1,4,1
27,1,13,ok,640,46485.504000000001,46485.504000000001,0,0,0,1,1,13,1
27,1,14,ok,592,46306.713600000003,46306.713600000003,0,0,0,2,1,7,1
27,1,15,ok,551,46128.447,46128.447,0,0,0,3,1,5,1
27,1,16,ok,512,45770.342400000001,45770.342400000001,0,0,0,4,1,4,1
27,2,1,ok,16384,91540.684800000003,91540.684800000003,0,0,0,1,1,1,1
27,2,2,ok,8192,91540.684800000003,91540.684800000003,0,0,0,1,1,2,1
27,2,3,ok,5472,91719.475200000001,91719.475200000001,0,0,0,1,1,3,1
27,2,4,ok,4096,91540.684800000003,91540.684800000003,0,0,0,1,2,2,1
27,2,5,ok,3296,92077.056000000011,92077.056000000011,0,0,0,1,1,5,1
27,2,6,ok,2736,91719.475200000001,91719.475200000001,0,0,0,1,2,3,1
27,2,7,ok,2368,92613.427200000006,92613.427200000006,0,0,0,1,1,7,1
27,2,8,ok,2048,91540.684800000003,91540.684800000003,0,0,0,1,2,4,1
27,2,9,ok,1824,91719.475200000001,91719.475200000001,0,0,0,1,1,9,1
27,2,10,ok,1648,92077.056000000011,92077.056000000011,0,0,0,1,2,5,1
27,2,11,ok,1504,92434.636800000007,92434.636800000007,0,0,0,1,1,11,1
27,2,12,ok,1368,91719.475200000001,91719.475200000001,0,0,0,3,1,4,1
27,2,13,ok,1280,92971.008000000002,92971.008000000002,0,0,0,1,1,13,1
27,2,14,ok,1184,92613.427200000006,92613.427200000006,0,0,0,1,2,7,1
27,2,15,ok,1101,92256.894,92256.894,0,0,0,3,1,5,1
27,2,16,ok,1024,91540.684800000003,91540.684800000003,0,0,0,2,2,4,1
27,4,1,ok,32768,183081.36960000001,183081.36960000001,0,0,0,1,1,1,1
27,4,2,ok,16384,183081.36960000001,183081.36960000001,0,0,0,1,1,2,1
27,4,3,ok,10944,183438.9504,183438.9504,0,0,0,1,1,3,1
27,4,4,ok,8192,183081.36960000001,183081.36960000001,0,0,0,1,2,2,1
27,4,5,ok,6592,184154.11200000002,184154.11200000002,0,0,0,1,1,5,1
27,4,6,ok,5472,183438.9504,183438.9504,0,0,0,1,2,3,1
27,4,7,ok,4736,185226.85440000001,185226.85440000001,0,0,0,1,1,7,1
27,4,8,ok,4096,183081.36960000001,183081.36960000001,0,0,0,1,2,4,1
27,4,9,ok,3648,183438.9504,183438.9504,0,0,0,1,1,9,1
27,4,10,ok,3296,184154.11200000002,184154.11200000002,0,0,0,1,2,5,1
27,4,11,ok,3008,184869.27360000001,184869.27360000001,0,0,0,1,1,11,1
27,4,12,ok,2736,183438.9504,183438.9504,0,0,0,3,1,4,1
27,4,13,ok,2560,185942.016,185942.016,0,0,0,1,1,13,1
27,4,14,ok,2368,185226.85440000001,185226.85440000001,0,0,0,1,2,7,1
27,4,15,ok,2202,184513.788,184513.788,0,0,0,3,1,5,1
27,4,16,ok,2048,183081.36960000001,183081.36960000001,0,0,0,2,2,4,1
27,8,1,ok,65536,366162.73920000001,366162.73920000001,0,0,0,1,1,1,1
27,8,2,ok,32768,366162.73920000001,366162.73920000001,0,0,0,1,1,2,1
27,8,3,ok,21888,366877.9008,366877.9008,0,0,0,1,1,3,1
27,8,4,ok,16384,366162.73920000001,366162.73920000001,0,0,0,1,2,2,1
27,8,5,ok,13184,368308.22400000005,368308.22400000005,0,0,0,1,1,5,1
27,8,6,ok,10944,366877.9008,366877.9008,0,0,0,1,2,3,1
27,8,7,ok,9472,370453.70880000002,370453.70880000002,0,0,0,1,1,7,1
27,8,8,ok,8192,366162.73920000001,366162.73920000001,0,0,0,1,2,4,1
27,8,9,ok,7296,366877.9008,366877.9008,0,0,0,1,1,9,1
27,8,10,ok,6592,368308.22400000005,368308.22400000005,0,0,0,1,2,5,1
27,8,11,ok,6016,369738.54720000003,369738.54720000003,0,0,0,1,1,11,1
27,8,12,ok,5472,366877.9008,366877.9008,0,0,0,3,1,4,1
27,8,13,ok,5120,371884.03200000001,371884.03200000001,0,0,0,1,1,13,1
27,8,14,ok,4736,370453.70880000002,370453.70880000002,0,0,0,1,2,7,1
27,8,15,ok,4404,369027.576,369027.576,0,0,0,3,1,5,1
27,8,16,ok,4096,366162.73920000001,366162.73920000001,0,0,0,2,2,4,1
27,16,1,ok,131072,732325.47840000002,732325.47840000002,0,0,0,1,1,1,1
27,16,2,ok,65536,732325.47840000002,732325.47840000002,0,0,0,1,1,2,1
27,16,3,ok,43776,733755.80160000001,733755.80160000001,0,0,0,1,1,3,1
27,16,4,ok,32768,732325.47840000002,732325.47840000002,0,0,0,1,2,2,1
27,16,5,ok,26368,736616.44800000009,736616.44800000009,0,0,0,1,1,5,1
27,16,6,ok,21888,733755.80160000001,733755.80160000001,0,0,0,1,2,3,1
27,16,7,ok,18944,740907.41760000004,740907.41760000004,0,0,0,1,1,7,1
27,16,8,ok,16384,732325.47840000002,732325.47840000002,0,0,0,1,2,4,1
27,16,9,ok,14592,733755.80160000001,733755.80160000001,0,0,0,1,1,9,1
27,16,10,ok,13184,736616.44800000009,736616.44800000009,0,0,0,1,2,5,1
27,16,11,ok,12032,739477.09440000006,739477.09440000006,0,0,0,1,1,11,1
27,16,12,ok,10944,733755.80160000001,733755.80160000001,0,0,0,3,1,4,1
27,16,13,ok,10240,743768.06400000001,743768.06400000001,0,0,0,1,1,13,1
27,16,14,ok,9472,740907.41760000004,740907.41760000004,0,0,0,1,2,7,1
27,16,15,ok,8807,738055.152,738055.152,0,0,0,3,1,5,1
27,16,16,ok,8192,732325.47840000002,732325.47840000002,0,0,0,2,2,4,1
27,32,1,ok,262144,1464650.9568,1464650.9568,0,0,0,1,1,1,1
27,32,2,ok,131072,1464650.9568,1464650.9568,0,0,0,1,1,2,1
27,32,3,ok,87552,1467511.6032,1467511.6032,0,0,0,1,1,3,1
27,32,4,ok,65536,1464650.9568,1464650.9568,0,0,0,1,2,2,1
27,32,5,ok,52736,1473232.8960000002,1473232.8960000002,0,0,0,1,1,5,1
27,32,6,ok,43776,1467511.6032,1467511.6032,0,0,0,1,2,3,1
27,32,7,ok,37888,1481814.8352000001,1481814.8352000001,0,0,0,1,1,7,1
27,32,8,ok,32768,1464650.9568,1464650.9568,0,0,0,1,2,4,1
27,32,9,ok,29184,1467511.6032,1467511.6032,0,0,0,1,1,9,1
27,32,10,ok,26368,1473232.8960000002,1473232.8960000002,0,0,0,1,2,5,1
27,32,11,ok,24064,1478954.1888000001,1478954.1888000001,0,0,0,1,1,11,1
27,32,12,ok,21888,1467511.6032,1467511.6032,0,0,0,3,1,4,1
27,32,13,ok,20480,1487536.128,1487536.128,0,0,0,1,1,13,1
27,32,14,ok,18944,1481814.8352000001,1481814.8352000001,0,0,0,1,2,7,1
27,32,15,ok,17613,1476110.304,1476110.304,0,0,0,3,1,5,1
27,32,16,ok,16384,1464650.9568,1464650.9568,0,0,0,2,2,4,1
27,64,1,ok,524288,2929301.9136000001,2929301.9136000001,0,0,0,1,1,1,1
27,64,2,ok,262144,2929301.9136000001,2929301.9136000001,0,0,0,1,1,2,1
27,64,3,ok,175104,2935023.2064,2935023.2064,0,0,0,1,1,3,1
27,64,4,ok,131072,2929301.9136000001,2929301.9136000001,0,0,0,1,2,2,1
27,64,5,ok,105472,2946465.7920000004,2946465.7920000004,0,0,0,1,1,5,1
27,64,6,ok,87552,2935023.2064,2935023.2064,0,0,0,1,2,3,1
27,64,7,ok,75776,2963629.6704000002,2963629.6704000002,0,0,0,1,1,7,1
27,64,8,ok,65536,2929301.9136000001,2929301.9136000001,0,0,0,1,2,4,1
27,64,9,ok,58368,2935023.2064,2935023.2064,0,0,0,1,1,9,1
27,64,10,ok,52736,2946465.7920000004,2946465.7920000004,0,0,0,1,2,5,1
27,64,11,ok,48128,2957908.3776000002,2957908.3776000002,0,0,0,1,1,11,1
27,64,12,ok,43776,2935023.2064,2935023.2064,0,0,0,3,1,4,1
27,64,13,ok,40960,2975072.2560000001,2975072.2560000001,0,0,0,1,1,13,1
27,64,14,ok,37888,2963629.6704000002,2963629.6704000002,0,0,0,1,2,7,1
27,64,15,ok,35226,2952220.608,2952220.608,0,0,0,3,1,5,1
27,64,16,ok,32768,2929301.9136000001,2929301.9136000001,0,0,0,2,2,4,1
28,1,1,ok,4096,22885.171200000001,22885.171200000001,0,0,0,1,1,1,1
28,1,2,ok,2048,22885.171200000001,22885.171200000001,0,0,0,1,1,2,1
28,1,3,ok,1368,22929.8688,22929.8688,0,0,0,1,1,3,1
28,1,4,ok,1024,22885.171200000001,22885.171200000001,0,0,0,2,1,2,1
28,1,5,ok,824,23019.264000000003,23019.264000000003,0,0,0,1,1,5,1
28,1,6,ok,684,22929.8688,22929.8688,0,0,0,2,1,3,1
28,1,7,ok,592,23153.356800000001,23153.356800000001,0,0,0,1,1,7,1
28,1,8,ok,512,22885.171200000001,22885.171200000001,0,0,0,2,1,4,1
28,1,9,ok,456,22929.8688,22929.8688,0,0,0,1,1,9,1
28,1,10,ok,412,23019.264000000003,23019.264000000003,0,0,0,2,1,5,1
28,1,11,ok,376,23108.659200000002,23108.659200000002,0,0,0,1,1,11,1
28,1,12,ok,342,22929.8688,22929.8688,0,0,0,3,1,4,1
28,1,13,ok,320,23242.752,23242.752,0,0,0,1,1,13,1
28,1,14,ok,296,23153.356800000001,23153.356800000001,0,0,0,2,1,7,1
28,1,15,ok,276,23064.2235,23064.2235,0,0,0,3,1,5,1
28,1,16,ok,256,22885.171200000001,22885.171200000001,0,0,0,4,1,4,1
28,2,1,ok,8192,45770.342400000001,45770.342400000001,0,0,0,1,1,1,1
28,2,2,ok,4096,45770.342400000001,45770.342400000001,0,0,0,1,1,2,1
28,2,3,ok,2736,45859.7376,45859.7376,0,0,0,1,1,3,1
28,2,4,ok,2048,45770.342400000001,45770.342400000001,0,0,0,1,2,2,1
28,2,5,ok,1648,46038.528000000006,46038.528000000006,0,0,0,1,1,5,1
28,2,6,ok,1368,45859.7376,45859.7376,0,0,0,1,2,3,1
28,2,7,ok,1184,46306.713600000003,46306.713600000003,0,0,0,1,1,7,1
28,2,8,ok,1024,45770.342400000001,45770.342400000001,0,0,0,1,2,4,1
28,2,9,ok,912,45859.7376,45859.7376,0,0,0,1,1,9,1
28,2,10,ok,824,46038.528000000006,46038.528000000006,0,0,0,1,2,5,1
28,2,11,ok,752,46217.318400000004,46217.318400000004,0,0,0,1,1,11,1
28,2,12,ok,684,45859.7376,45859.7376,0,0,0,3,1,4,1
28,2,13,ok,640,46485.504000000001,46485.504000000001,0,0,0,1,1,13,1
28,2,14,ok,592,46306.713600000003,46306.713600000003,0,0,0,1,2,7,1
28,2,15,ok,551,46128.447,46128.447,0,0,0,3,1,5,1
28,2,16,ok,512,45770.342400000001,45770.342400000001,0,0,0,2,2,4,1
28,4,1,ok,16384,91540.684800000003,91540.684800000003,0,0,0,1,1,1,1
28,4,2,ok,8192,91540.684800000003,91540.684800000003,0,0,0,1,1,2,1
28,4,3,ok,5472,91719.475200000001,91719.475200000001,0,0,0,1,1,3,1
28,4,4,ok,4096,91540.684800000003,91540.684800000003,0,0,0,1,2,2,1
28,4,5,ok,3296,92077.056000000011,92077.056000000011,0,0,0,1,1,5,1
28,4,6,ok,2736,91719.475200000001,91719.475200000001,0,0,0,1,2,3,1
28,4,7,ok,2368,92613.427200000006,92613.427200000006,0,0,0,1,1,7,1
28,4,8,ok,2048,91540.684800000003,91540.684800000003,0,0,0,1,2,4,1
28,4,9,ok,1824,91719.475200000001,91719.475200000001,0,0,0,1,1,9,1
28,4,10,ok,1648,92077.056000000011,92077.056000000011,0,0,0,1,2,5,1
28,4,11,ok,1504,92434.636800000007,92434.636800000007,0,0,0,1,1,11,1
28,4,12,ok,1368,91719.475200000001,91719.475200000001,0,0,0,3,1,4,1
28,4,13,ok,1280,92971.008000000002,92971.008000000002,0,0,0,1,1,13,1
28,4,14,ok,1184,92613.427200000006,92613.427200000006,0,0,0,1,2,7,1
28,4,15,ok,1101,92256.894,92256.894,0,0,0,3,1,5,1
28,4,16,ok,1024,91540.684800000003,91540.684800000003,0,0,0,2,2,4,1
28,8,1,ok,32768,183081.36960000001,183081.36960000001,0,0,0,1,1,1,1
28,8,2,ok,16384,183081.36960000001,183081.36960000001,0,0,0,1,1,2,1
28,8,3,ok,10944,183438.9504,183438.9504,0,0,0,1,1,3,1
28,8,4,ok,8192,183081.36960000001,183081.36960000001,0,0,0,1,2,2,1
28,8,5,ok,6592,184154.11200000002,184154.11200000002,0,0,0,1,1,5,1
28,8,6,ok,5472,183438.9504,183438.9504,0,0,0,1,2,3,1
28,8,7,ok,4736,185226.85440000001,185226.85440000001,0,0,0,1,1,7,1
28,8,8,ok,4096,183081.36960000001,183081.36960000001,0,0,0,1,2,4,1
28,8,9,ok,3648,183438.9504,183438.9504,0,0,0,1,1,9,1
28,8,10,ok,3296,184154.11200000002,184154.11200000002,0,0,0,1,2,5,1
28,8,11,ok,3008,184869.27360000001,184869.27360000001,0,0,0,1,1,11,1
28,8,12,ok,2736,183438.9504,183438.9504,0,0,0,3,1,4,1
28,8,13,ok,2560,185942.016,185942.016,0,0,0,1,1,13,1
28,8,14,ok,2368,185226.85440000001,185226.85440000001,0,0,0,1,2,7,1
28,8,15,ok,2202,184513.788,184513.788,0,0,0,3,1,5,1
28,8,16,ok,2048,183081.36960000001,183081.36960000001,0,0,0,2,2,4,1
28,16,1,ok,65536,366162.73920000001,366162.73920000001,0,0,0,1,1,1,1
28,16,2,ok,32768,366162.73920000001,366162.73920000001,0,0,0,1,1,2,1
28,16,3,ok,21888,366877.9008,366877.9008,0,0,0,1,1,3,1
28,16,4,ok,16384,366162.73920000001,366162.73920000001,0,0,0,1,2,2,1
28,16,5,ok,13184,368308.22400000005,368308.22400000005,0,0,0,1,1,5,1
28,16,6,ok,10944,366877.9008,366877.9008,0,0,0,1,2,3,1
28,16,7,ok,9472,370453.70880000002,370453.70880000002,0,0,0,1,1,7,1
28,16,8,ok,8192,366162.73920000001,366162.73920000001,0,0,0,1,2,4,1
28,16,9,ok,7296,366877.9008,366877.9008,0,0,0,1,1,9,1
28,16,10,ok,6592,368308.22400000005,368308.22400000005,0,0,0,1,2,5,1
28,16,11,ok,6016,369738.54720000003,369738.54720000003,0,0,0,1,1,11,1
28,16,12,ok,5472,366877.9008,366877.9008,0,0,0,3,1,4,1
28,16,13,ok,5120,371884.03200000001,371884.03200000001,0,0,0,1,1,13,1
28,16,14,ok,4736,370453.70880000002,370453.70880000002,0,0,0,1,2,7,1
28,16,15,ok,4404,369027.576,369027.576,0,0,0,3,1,5,1
28,16,16,ok,4096,366162.73920000001,366162.73920000001,0,0,0,2,2,4,1
28,32,1,ok,131072,732325.47840000002,732325.47840000002,0,0,0,1,1,1,1
28,32,2,ok,65536,732325.47840000002,732325.47840000002,0,0,0,1,1,2,1
28,32,3,ok,43776,733755.80160000001,733755.80160000001,0,0,0,1,1,3,1
28,32,4,ok,32768,732325.47840000002,732325.47840000002,0,0,0,1,2,2,1
28,32,5,ok,26368,736616.44800000009,736616.44800000009,0,0,0,1,1,5,1
28,32,6,ok,21888,733755.80160000001,733755.80160000001,0,0,0,1,2,3,1
28,32,7,ok,18944,740907.41760000004,740907.41760000004,0,0,0,1,1,7,1
28,32,8,ok,16384,732325.47840000002,732325.47840000002,0,0,0,1,2,4,1
28,32,9,ok,14592,733755.80160000001,733755.80160000001,0,0,0,1,1,9,1
28,32,10,ok,13184,736616.44800000009,736616.44800000009,0,0,0,1,2,5,1
28,32,11,ok,12032,739477.09440000006,739477.09440000006,0,0,0,1,1,11,1
28,32,12,ok,10944,733755.80160000001,733755.80160000001,0,0,0,3,1,4,1
28,32,13,ok,10240,743768.06400000001,743768.06400000001,0,0,0,1,1,13,1
28,32,14,ok,9472,740907.41760000004,740907.41760000004,0,0,0,1,2,7,1
28,32,15,ok,8807,738055.152,738055.152,0,0,0,3,1,5,1
28,32,16,ok,8192,732325.47840000002,732325.47840000002,0,0,0,2,2,4,1
28,64,1,ok,262144,1464650.9568,1464650.9568,0,0,0,1,1,1,1
28,64,2,ok,131072,1464650.9568,1464650.9568,0,0,0,1,1,2,1
28,64,3,ok,87552,1467511.6032,1467511.6032,0,0,0,1,1,3,1
28,64,4,ok,65536,1464650.9568,1464650.9568,0,0,0,1,2,2,1
28,64,5,ok,52736,1473232.8960000002,1473232.8960000002,0,0,0,1,1,5,1
28,64,6,ok,43776,1467511.6032,1467511.6032,0,0,0,1,2,3,1
28,64,7,ok,37888,1481814.8352000001,1481814.8352000001,0,0,0,1,1,7,1
28,64,8,ok,32768,1464650.9568,1464650.9568,0,0,0,1,2,4,1
28,64,9,ok,29184,1467511.6032,1467511.6032,0,0,0,1,1,9,1
28,64,10,ok,26368,1473232.8960000002,1473232.8960000002,0,0,0,1,2,5,1
28,64,11,ok,24064,1478954.1888000001,1478954.1888000001,0,0,0,1,1,11,1
28,64,12,ok,21888,1467511.6032,1467511.6032,0,0,0,3,1,4,1
28,64,13,ok,20480,1487536.128,1487536.128,0,0,0,1,1,13,1
28,64,14,ok,18944,1481814.8352000001,1481814.8352000001,0,0,0,1,2,7,1
28,64,15,ok,17613,1476110.304,1476110.304,0,0,0,3,1,5,1
28,64,16,ok,16384,1464650.9568,1464650.9568,0,0,0,2,2,4,1
29,1,1,ok,131072,32348477.849599998,2415919.1039999998,28889330.483199999,0,1043228.2624000001,1,1,1,1
29,1,2,ok,65536,32689474.764800001,2415919.1039999998,28954106.265600003,0,1319449.3952000001,1,1,2,1
29,1,3,ok,43776,33171768.345600002,2420637.696,29153962.060799997,0,1597168.5888,1,1,3,1
29,1,4,ok,32768,33310991.974399999,2415919.1039999998,29299402.342399999,0,1595670.5280000002,2,1,2,1
29,1,5,ok,26368,34056322.943999998,2430074.8799999999,29473641.087999996,0,2152606.9760000003,1,1,5,1
29,1,6,ok,21888,33794499.456,2420637.696,29499932.544,0,1873929.216,2,1,3,1
29,1,7,ok,18944,35242239.334400006,2444230.6559999995,30088465.2544,0,2709543.4239999996,1,1,7,1
29,1,8,ok,16384,33992985.804800004,2415919.1039999998,29428953.907200001,0,2148112.7936,2,1,4,1
29,1,9,ok,14592,35217749.836799994,2420637.696,29542616.755199991,0,3254495.3856000006,1,1,9,1
29,1,10,ok,13184,34681481.855999991,2430074.8799999999,29820960.383999996,0,2430446.5920000002,2,1,5,1
29,1,11,ok,12032,36304865.203199998,2439512.0639999998,30052423.244799998,0,3812929.8944000001,1,1,11,1
29,1,12,ok,10944,35039961.676799998,2420637.696,30191873.510399994,0,2427450.4704,4,1,3,1
29,1,13,ok,10240,37330716.467200011,2453667.8399999999,30507182.284800004,0,4369866.3424000004,1,1,13,1
29,1,14,ok,9472,35871039.948799998,2444230.6559999995,30437807.7696,0,2989001.5231999997,2,1,7,1
29,1,15,ok,8960,38479095.936000004,2477260.7999999998,31072036.223999999,0,4929798.9120000005,1,1,15,1
29,1,16,ok,8192,35236020.223999999,2415919.1039999998,30119546.060800001,0,2700555.0592,4,1,4,1
29,2,1,ok,262144,64355958.783999994,4831838.2079999996,57713885.184,0,1810235.392,1,1,1,1
29,2,2,ok,131072,64696955.699199997,4831838.2079999996,57778660.966399997,0,2086456.5248000002,1,1,2,1
29,2,3,ok,87552,65320545.945599988,4841275.392,58113596.774399996,0,2365673.7791999998,1,1,3,1
29,2,4,ok,65536,65378949.529600002,4831838.2079999996,57908212.531200007,0,2638898.7904000003,1,2,2,1
29,2,5,ok,52736,66407661.311999999,4860149.7599999998,58623403.263999999,0,2924108.2880000002,1,1,5,1
29,2,6,ok,43776,66343536.691200003,4841275.392,58307924.121599995,0,3194337.1776000001,1,2,3,1
29,2,7,ok,37888,68097500.262400016,4888461.311999999,59723500.032000005,0,3485538.9183999998,1,1,7,1
29,2,8,ok,32768,66621983.948799998,4831838.2079999996,58598804.684799999,0,3191341.0560000003,2,1,4,1
29,2,9,ok,29184,67366527.436800003,4841275.392,58502251.468799993,0,4023000.5760000004,1,1,9,1
29,2,10,ok,26368,67657979.135999992,4860149.7599999998,59318041.855999991,0,3479787.5200000005,2,1,5,1
29,2,11,ok,24064,68858764.339200005,4879024.1279999996,59392312.883199997,0,4587427.3280000007,1,1,11,1
29,2,12,ok,21888,67588998.912,4841275.392,58999865.088,0,3747858.432,2,2,3,1
29,2,13,ok,20480,70228473.036800012,4907335.6799999997,60172279.398400009,0,5148857.9584000008,1,1,13,1
29,2,14,ok,18944,69355101.491200015,4888461.311999999,60422185.062400006,0,4044455.1168000004,2,1,7,1
29,2,15,ok,17920,71843238.144000009,4954521.5999999996,61172435.711999997,0,5716280.8320000004,1,1,15,1
29,2,16,ok,16384,67985971.609600008,4831838.2079999996,58857907.814400002,0,4296225.5872,2,2,4,1
29,4,1,ok,524288,128370920.65280001,9663676.4159999993,115362994.58560002,0,3344249.6512000002,1,1,1,1
29,4,2,ok,262144,128711917.56799999,9663676.4159999993,115427770.368,0,3620470.784,1,1,2,1
29,4,3,ok,175104,129618101.14559999,9682550.784,116032866.20159999,0,3902684.1600000006,1,1,3,1
29,4,4,ok,131072,129393911.39839999,9663676.4159999993,115557321.93279999,0,4172913.0496000005,1,2,2,1
29,4,5,ok,105472,131110338.04799998,9720299.5199999996,116922927.616,0,4467110.9120000005,1,1,5,1
29,4,6,ok,87552,130616184.72959998,9682550.784,115923907.27679998,0,5009726.6688000001,2,1,3,1
29,4,7,ok,75776,133808022.11840001,9776922.623999998,118993569.58720002,0,5037529.9072000012,1,1,7,1
29,4,8,ok,65536,130585513.1648,9663676.4159999993,115644039.16800001,0,5277797.5808000006,2,1,4,1
29,4,9,ok,58368,131664082.63679999,9682550.784,116421520.89599998,0,5560010.9567999998,1,1,9,1
29,4,10,ok,52736,132498694.65599997,9720299.5199999996,117199925.75999998,0,5578469.3760000002,2,1,5,1
29,4,11,ok,48128,133966562.61119999,9758048.2559999991,118072092.15999998,0,6136422.1952,1,1,11,1
29,4,12,ok,43776,132687073.38240001,9682550.784,116615848.24319999,0,6388674.3552000001,1,4,3,1
29,4,13,ok,40960,136023986.176,9814671.3599999994,119502473.62560001,0,6706841.1904000007,1,1,13,1
29,4,14,ok,37888,135587460.9152,9776922.623999998,119655175.98720001,0,6155362.3040000005,2,1,7,1
29,4,15,ok,35568,135978630.05699998,9739284.4800000004,117892110.669,0,8347234.9080000008,5,1,3,1
29,4,16,ok,32768,132726810.21439999,9663676.4159999993,116680451.6864,0,6382682.1120000007,2,1,8,1
29,8,1,ok,1048576,256400844.39040002,19327352.831999999,230661213.38880002,0,6412278.1696000006,1,1,1,1
29,8,2,ok,524288,256741841.30560002,19327352.831999999,230725989.17120004,0,6688499.3024000004,1,1,2,1
29,8,3,ok,350208,258213211.5456,19365101.568,231871405.05599999,0,6976704.9216000009,1,1,3,1
29,8,4,ok,262144,257423835.13599998,19327352.831999999,230855540.736,0,7240941.568,1,2,2,1
29,8,5,ok,210944,260515691.51999998,19440599.039999999,233521976.31999999,0,7553116.1600000001,1,1,5,1
29,8,6,ok,175104,259236202.29119998,19365101.568,232065732.40319997,0,7805368.3200000012,1,2,3,1
29,8,7,ok,151552,265229065.83040005,19553845.247999996,237533708.69760004,0,8141511.8848000001,1,1,7,1
29,8,8,ok,131072,258787822.79679999,19327352.831999999,231114643.86559999,0,8345826.099200001,1,2,4,1
29,8,9,ok,116736,260259193.03679997,19365101.568,232260059.75039998,0,8634031.7183999997,1,1,9,1
29,8,10,ok,105472,262220676.09599996,19440599.039999999,233845855.23199999,0,8934221.824000001,1,2,5,1
29,8,11,ok,96256,264182159.15519994,19516096.511999998,235431650.71359995,0,9234411.9296000004,1,1,11,1
29,8,12,ok,87552,261232369.45919997,19365101.568,231847814.55359995,0,10019453.3376,2,2,3,1
29,8,13,ok,81920,267615012.45440003,19629342.719999999,238162862.08000001,0,9822807.6544000003,1,1,13,1
29,8,14,ok,75776,267427651.99360007,19553845.247999996,237496630.06720003,0,10377176.678400001,2,1,7,1
29,8,15,ok,71136,270341877.32999998,19478568.960000001,235002357.40200001,0,15860950.968,5,1,3,1
29,8,16,ok,65536,261171026.32960001,19327352.831999999,231288078.33600003,0,10555595.161600001,2,2,4,1
29,16,1,ok,2097152,512460691.86559999,38654705.663999997,461257650.99520004,0,12548335.2064,1,1,1,1
29,16,2,ok,1048576,512801688.78080004,38654705.663999997,461322426.77760005,0,12824556.339200001,1,1,2,1
29,16,3,ok,700416,515403432.34559995,38730203.136,463548482.76479995,0,13124746.444800001,1,1,3,1
29,16,4,ok,524288,513483682.61120003,38654705.663999997,461451978.34240007,0,13376998.604800001,1,2,2,1
29,16,5,ok,421888,519326398.46399993,38881198.079999998,466720073.72799993,0,13725126.655999999,1,1,5,1
29,16,6,ok,350208,516426423.09119999,38730203.136,463742810.11199999,0,13953409.843200002,1,2,3,1
29,16,7,ok,303104,528071153.25440007,39107690.495999992,474613986.91839999,0,14349475.84,1,1,7,1
29,16,8,ok,262144,514847670.27199996,38654705.663999997,461711081.472,0,14481883.136,1,2,4,1
29,16,9,ok,233472,517449413.83679998,38730203.136,463937137.45920002,0,14782073.241600001,1,1,9,1
29,16,10,ok,210944,521031383.03999996,38881198.079999998,467043952.63999999,0,15106232.32,1,2,5,1
29,16,11,ok,192512,524613352.24319994,39032193.023999996,470150767.82079995,0,15430391.398400001,1,1,11,1
29,16,12,ok,175104,518472404.58239996,38730203.136,464131464.80639994,0,15610736.640000002,1,4,3,1
29,16,13,ok,163840,530797065.01120007,39258685.439999998,475483638.98880005,0,16054740.5824,1,1,13,1
29,16,14,ok,151552,530458131.6608001,39107690.495999992,475067417.39520007,0,16283023.7696,1,2,7,1
29,16,15,ok,142272,539068371.87599993,38957137.920000002,469222850.86799997,0,30888383.088000003,5,1,3,1
29,16,16,ok,131072,517575645.59359998,38654705.663999997,462229287.73119998,0,16691652.198400002,1,4,4,1
29,32,1,ok,4194304,1024580386.8159999,77309411.327999994,922450526.20799994,0,24820449.280000001,1,1,1,1
29,32,2,ok,2097152,1024921383.7312,77309411.327999994,922515301.99040008,0,25096670.412799999,1,1,2,1
29,32,3,ok,1400832,1029783873.9455999,77460406.272,926902638.18239987,0,25420829.491200004,1,1,3,1
29,32,4,ok,1048576,1025603377.5616001,77309411.327999994,922644853.5552001,0,25649112.678400002,1,2,2,1
29,32,5,ok,843776,1036947812.3519999,77762396.159999996,933116268.54399991,0,26069147.648000002,1,1,5,1
29,32,6,ok,700416,1030806864.6911999,77460406.272,927096965.52959991,0,26249492.889600001,1,2,3,1
29,32,7,ok,606208,1053755328.1024002,78215380.991999984,948774543.36000013,0,26765403.750400003,1,1,7,1
29,32,8,ok,524288,1026967365.2224001,77309411.327999994,922903956.68480015,0,26753997.209600002,1,2,4,1
29,32,9,ok,466944,1031829855.4367999,77460406.272,927291292.87679994,0,27078156.288000003,1,1,9,1
29,32,10,ok,421888,1038652796.9279999,77762396.159999996,933440147.45599985,0,27450253.311999999,1,2,5,1
29,32,11,ok,385024,1045475738.4191999,78064386.047999993,939589002.03519988,0,27822350.336000003,1,1,11,1
29,32,12,ok,350208,1032852846.1824,77460406.272,927485620.22399998,0,27906819.686400004,1,4,3,1
29,32,13,ok,327680,1057161170.1248002,78517370.879999995,950125192.80640006,0,28518606.438400004,1,1,13,1
29,32,14,ok,303104,1056142306.5088001,78215380.991999984,949227973.83679998,0,28698951.68,1,2,7,1
29,32,15,ok,284544,1076521360.9679999,77914275.840000004,937663837.79999995,0,60943247.328000009,5,1,3,1
29,32,16,ok,262144,1029695340.5439999,77309411.327999994,923422162.94400001,0,28963766.272,1,4,4,1
29,64,1,ok,8388608,2048819776.7168002,154618822.65599999,1844836276.6336002,0,49364677.427200004,1,1,1,1
29,64,2,ok,4194304,2049160773.6319997,154618822.65599999,1844901052.4159999,0,49640898.560000002,1,1,2,1
29,64,3,ok,2801664,2058544757.1455998,154920812.544,1853610949.0175996,0,50012995.584000006,1,1,3,1
29,64,4,ok,2097152,2049842767.4624,154618822.65599999,1845030603.9808002,0,50193340.825599998,1,2,2,1
29,64,5,ok,1687552,2072190640.1279998,155524792.31999999,1865908658.1759999,0,50757189.631999999,1,1,5,1
29,64,6,ok,1400832,2059567747.8911998,154920812.544,1853805276.3647997,0,50841658.982400008,1,2,3,1
29,64,7,ok,1212416,2105123677.7984004,156430761.98399997,1897095656.2432003,0,51597259.571199998,1,1,7,1
29,64,8,ok,1048576,2051206755.1232002,154618822.65599999,1845289707.1104002,0,51298225.356800005,1,2,4,1
29,64,9,ok,933888,2060590738.6367996,154920812.544,1853999603.7119997,0,51670322.380800001,1,1,9,1
29,64,10,ok,843776,2073895624.7039998,155524792.31999999,1866232537.0879998,0,52138295.296000004,1,2,5,1
29,64,11,ok,770048,2087200510.7711997,156128772.09599999,1878465470.4639997,0,52606268.211200014,1,1,11,1
29,64,12,ok,700416,2061613729.3823998,154920812.544,1854193931.0591998,0,52498985.779200003,1,4,3,1
29,64,13,ok,655360,2084919220.6336007,157034741.75999999,1874438140.7232003,0,53446338.150400005,1,13,1,1
29,64,14,ok,606208,2107510656.2048004,156430761.98399997,1897549086.7200003,0,53530807.500800006,1,2,7,1
29,64,15,ok,569088,2094785497.7279999,157341450.23999998,1883347893.1199999,0,54096154.368000001,1,5,3,1
29,64,16,ok,524288,2053934730.4448001,154618822.65599999,1845807913.3696003,0,53507994.419200003,1,4,4,1
30,1,1,ok,16384,4587387.2896000007,301989.88799999998,3913300.3776000002,0,372097.02399999998,1,1,1,1
30,1,2,ok,8192,4630011.9040000001,301989.88799999998,3921397.3503999999,0,406624.66560000001,1,1,2,1
30,1,3,ok,5472,4691360.7648,302579.712,3946969.4303999995,0,441811.62240000005,1,1,3,1
30,1,4,ok,4096,4715261.1328000007,301989.88799999998,3937591.2960000001,0,475679.94880000001,1,1,4,1
30,1,5,ok,3296,4804054.4159999993,303759.35999999999,3988109.52,0,512185.53600000008,1,1,5,1
30,1,6,ok,2752,4875407.3471999988,304349.18399999995,4023685.6703999997,0,547372.49280000001,1,1,6,1
30,1,7,ok,2368,4955480.4544000011,305528.83199999994,4066732.8576000002,0,583218.7648,1,1,7,1
30,1,8,ok,2048,4885759.590400001,301989.88799999998,3969979.1872000005,0,613790.51520000002,1,1,8,1
30,1,9,ok,1824,4947108.4511999991,302579.712,3995551.2671999987,0,648977.47200000007,1,1,9,1
30,1,10,ok,1664,5060778.3679999998,306708.47999999998,4065949.568,0,688120.32000000007,1,1,10,1
30,1,11,ok,1504,5087246.5247999998,304939.00799999997,4061637.5007999996,0,720670.01600000006,1,1,11,1
30,1,12,ok,1376,5131155.0336000007,304349.18399999995,4072267.5072000003,0,754538.34239999996,1,1,12,1
30,1,13,ok,1280,5218664.4224000005,306708.47999999998,4120252.6976000005,0,791703.24479999999,1,1,13,1
30,1,14,ok,1184,5253852.7552000005,305528.83199999994,4123411.6672,0,824912.25600000005,1,1,14,1
30,1,15,ok,1120,5367522.6720000003,309657.59999999998,4193809.9680000003,0,864055.10400000017,1,1,15,1
30,1,16,ok,1024,5306789.0688000005,301989.88799999998,4114787.5328000002,0,890011.64800000004,1,1,16,1
30,2,1,ok,32768,9132149.9648000021,603979.77599999995,7818503.7824000008,0,709666.40639999998,1,1,1,1
30,2,2,ok,16384,9174774.5792000014,603979.77599999995,7826600.7552000005,0,744194.04799999995,1,1,2,1
30,2,3,ok,10944,9254847.6864,605159.424,7869647.9423999991,0,780040.32000000007,1,1,3,1
30,2,4,ok,8192,9260023.8080000002,603979.77599999995,7842794.7007999998,0,813249.33120000002,1,2,2,1
30,2,5,ok,6592,9394985.7599999979,607518.71999999997,7935734.175999999,0,851732.86400000006,1,1,5,1
30,2,6,ok,5472,9382721.5296,605159.424,7893938.860799999,0,883623.2448000001,1,2,3,1
30,2,7,ok,4736,9612588.6080000009,611057.66399999987,8076786.9056000002,0,924744.03840000008,1,1,7,1
30,2,8,ok,4096,9430522.2656000014,603979.77599999995,7875182.5920000002,0,951359.89760000003,1,2,4,1
30,2,9,ok,3648,9510595.3728,605159.424,7918229.7791999988,0,987206.16960000014,1,1,9,1
30,2,10,ok,3296,9608108.8319999985,607518.71999999997,7976219.04,0,1024371.0720000002,1,2,5,1
30,2,11,ok,3008,9705622.2912000008,609878.01599999995,8034208.3007999994,0,1061535.9744000002,1,1,11,1
30,2,12,ok,2752,9750814.6943999976,608698.3679999999,8047371.3407999994,0,1094744.9856,1,2,6,1
30,2,13,ok,2560,9883208.8576000016,613416.95999999996,8135244.7488000011,0,1134547.1488000001,1,1,13,1
30,2,14,ok,2368,9910960.9088000022,611057.66399999987,8133465.7152000004,0,1166437.5296,1,2,7,1
30,2,15,ok,2240,10095676.128,619315.19999999995,8266165.3440000005,0,1210195.5840000003,1,1,15,1
30,2,16,ok,2048,9771519.1808000021,603979.77599999995,7939958.374400001,0,1227581.0304,1,2,8,1
30,4,1,ok,65536,17210078.003200002,1207959.5519999999,14617313.280000001,0,1384805.1712,1,1,1,1
30,4,2,ok,32768,17276993.535999998,1207959.5519999999,14649701.1712,0,1419332.8128,1,1,2,1
30,4,3,ok,21888,17416782.835200001,1210318.848,14749966.272,0,1456497.7152,1,1,3,1
30,4,4,ok,16384,17410824.601600002,1207959.5519999999,14714476.953600001,0,1488388.0959999999,1,1,4,1
30,4,5,ok,13184,17656345.151999999,1215037.4399999999,14910480.191999998,0,1530827.52,1,1,5,1
30,4,6,ok,11008,17836150.732799999,1217396.7359999998,15050761.5744,0,1567992.4224,1,1,6,1
30,4,7,ok,9472,18048813.7984,1222115.3279999997,15218903.8848,0,1607794.5856000003,1,1,7,1
30,4,8,ok,8192,17678486.732800003,1207959.5519999999,14844028.518400002,0,1626498.6624,1,1,8,1
30,4,9,ok,7296,17818276.031999998,1210318.848,14944293.619199999,0,1663663.5648000003,1,1,9,1
30,4,10,ok,6656,18155210.240000002,1226833.9199999999,15211724.288000001,0,1716652.0319999999,1,1,10,1
30,4,11,ok,6016,18163569.599999994,1219756.0319999999,15200545.676799998,0,1743267.8912,1,1,11,1
30,4,12,ok,5504,18237643.929599997,1217396.7359999998,15245088.921599999,0,1775158.2719999999,1,1,12,1
30,4,13,ok,5120,18476005.683200002,1226833.9199999999,15428936.806400003,0,1820234.9568,1,1,13,1
30,4,14,ok,4736,18517222.528000005,1222115.3279999997,15445619.123200003,0,1849488.0768000002,1,1,14,1
30,4,15,ok,4480,18854156.736000001,1238630.3999999999,15713049.791999999,0,1902476.544,1,1,15,1
30,4,16,ok,4096,18533941.248000003,1207959.5519999999,15423261.900800001,0,1902719.7952000001,1,1,16,1
30,8,1,ok,131072,34353240.473600008,2415919.1039999998,29202238.668800004,0,2735082.7008000002,1,1,1,1
30,8,2,ok,65536,34420156.006400004,2415919.1039999998,29234626.560000002,0,2769610.3424,1,1,2,1
30,8,3,ok,43776,34632819.071999997,2420637.696,29402768.870399997,0,2809412.5056000003,1,1,3,1
30,8,4,ok,32768,34553987.071999997,2415919.1039999998,29299402.342399999,0,2838665.6255999999,1,2,2,1
30,8,5,ok,26368,34978112.639999993,2430074.8799999999,29659020.927999996,0,2889016.8320000004,1,1,5,1
30,8,6,ok,21888,34833565.670400001,2420637.696,29499932.544,0,2912995.4304,1,2,3,1
30,8,7,ok,18944,35629218.867200002,2444230.6559999995,30211092.531200003,0,2973895.6799999997,1,1,7,1
30,8,8,ok,16384,34821649.203200005,2415919.1039999998,29428953.907200001,0,2976776.1919999998,1,2,4,1
30,8,9,ok,14592,35034312.26879999,2420637.696,29597096.217599992,0,3016578.3552000006,1,1,9,1
30,8,10,ok,13184,35312690.303999998,2430074.8799999999,29820960.383999996,0,3061655.04,1,2,5,1
30,8,11,ok,12032,35591068.339199997,2439512.0639999998,30044824.550399996,0,3106731.7248,1,1,11,1
30,8,12,ok,11008,35672301.465599999,2434793.4719999996,30101523.148800001,0,3135984.8448000001,1,2,6,1
30,8,13,ok,10240,36082109.440000005,2453667.8399999999,30436831.027200006,0,3191610.5728000002,1,1,13,1
30,8,14,ok,9472,36097627.596799999,2444230.6559999995,30437807.7696,0,3215589.1712000007,1,2,7,1
30,8,15,ok,8960,36704580.480000004,2477260.7999999998,30940281.215999998,0,3287038.4640000002,1,1,15,1
30,8,16,ok,8192,35356973.465600006,2415919.1039999998,29688057.036800005,0,3252997.3248000001,1,2,8,1
30,16,1,ok,262144,68639565.414399996,4831838.2079999996,58372089.446400002,0,5435637.7599999998,1,1,1,1
30,16,2,ok,131072,68706480.947200015,4831838.2079999996,58404477.337600008,0,5470165.4016000004,1,1,2,1
30,16,3,ok,87552,69064891.545599997,4841275.392,58708374.067199998,0,5515242.0864000004,1,1,3,1
30,16,4,ok,65536,68840312.012800008,4831838.2079999996,58469253.120000005,0,5539220.6847999999,1,2,2,1
30,16,5,ok,52736,69621647.615999997,4860149.7599999998,59156102.399999991,0,5605395.4560000002,1,1,5,1
30,16,6,ok,43776,69265638.143999994,4841275.392,58805537.740799993,0,5618825.0112000005,1,2,3,1
30,16,7,ok,37888,70790029.004800007,4888461.311999999,60195469.824000001,0,5706097.8688000003,1,1,7,1
30,16,8,ok,32768,69107974.143999994,4831838.2079999996,58598804.684799999,0,5677331.2511999998,1,2,4,1
30,16,9,ok,29184,69466384.742400005,4841275.392,58902701.414399996,0,5722407.9360000007,1,1,9,1
30,16,10,ok,26368,69956225.279999986,4860149.7599999998,59318041.855999991,0,5778033.6640000008,1,2,5,1
30,16,11,ok,24064,70446065.817599997,4879024.1279999996,59733382.297599994,0,5833659.392,1,1,11,1
30,16,12,ok,21888,69667131.340800002,4841275.392,58999865.088,0,5825990.8607999999,1,4,3,1
30,16,13,ok,20480,71294316.953600004,4907335.6799999997,60452619.468800008,0,5934361.804800001,1,1,13,1
30,16,14,ok,18944,71258437.734400004,4888461.311999999,60422185.062400006,0,5947791.3599999994,1,2,7,1
30,16,15,ok,17920,72405427.967999995,4954521.5999999996,61394744.063999988,0,6056162.3040000005,1,1,15,1
30,16,16,ok,16384,69643298.40640001,4831838.2079999996,58857907.814400002,0,5953552.3839999996,1,4,4,1
30,32,1,ok,524288,137212215.296,9663676.4159999993,116711791.0016,0,10836747.8784,1,1,1,1
30,32,2,ok,262144,137279130.82879999,9663676.4159999993,116744178.8928,0,10871275.52,1,1,2,1
30,32,3,ok,175104,137929036.4928,9682550.784,117319584.46079998,0,10926901.248,1,1,3,1
30,32,4,ok,131072,137412961.89440003,9663676.4159999993,116808954.67520002,0,10940330.803200001,1,2,2,1
30,32,5,ok,105472,138908717.56799999,9720299.5199999996,118150265.344,0,11038152.704,1,1,5,1
30,32,6,ok,87552,138129783.09119999,9682550.784,117416748.1344,0,11030484.172800001,1,2,3,1
30,32,7,ok,75776,141111649.28000003,9776922.623999998,120164224.40960002,0,11170502.246400002,1,1,7,1
30,32,8,ok,65536,137680624.02560002,9663676.4159999993,116938506.24000001,0,11078441.3696,1,2,4,1
30,32,9,ok,58368,138330529.68959999,9682550.784,117513911.80799997,0,11134067.097600002,1,1,9,1
30,32,10,ok,52736,139243295.23199999,9720299.5199999996,118312204.79999998,0,11210790.912,1,2,5,1
30,32,11,ok,48128,140156060.7744,9758048.2559999991,119110497.79199998,0,11287514.726400001,1,1,11,1
30,32,12,ok,43776,138531276.28799999,9682550.784,117611075.48159999,0,11237650.022400001,1,4,3,1
30,32,13,ok,40960,141718731.9808,9814671.3599999994,120484196.352,0,11419864.2688,1,1,13,1
30,32,14,ok,37888,141580058.00960001,9776922.623999998,120390939.648,0,11412195.737600001,1,2,7,1
30,32,15,ok,35840,143807122.94400004,9909043.1999999993,122303669.76000001,0,11594409.984000001,1,1,15,1
30,32,16,ok,32768,138215948.28799999,9663676.4159999993,117197609.3696,0,11354662.5024,1,4,4,1
30,64,1,ok,1048576,274357515.05919999,19327352.831999999,233391194.11199999,0,21638968.115200002,1,1,1,1
30,64,2,ok,524288,274424430.59200001,19327352.831999999,233423582.00319999,0,21673495.7568,1,1,2,1
30,64,3,ok,350208,275657326.3872,19365101.568,234542005.24799997,0,21750219.571200002,1,1,3,1
30,64,4,ok,262144,274558261.65759999,19327352.831999999,233488357.78560001,0,21742551.039999999,1,2,2,1
30,64,5,ok,210944,277482857.47199994,19440599.039999999,236138591.23199996,0,21903667.200000003,1,1,5,1
30,64,6,ok,175104,275858072.98559999,19365101.568,234639168.92159995,0,21853802.495999999,1,2,3,1
30,64,7,ok,151552,281754889.83040005,19553845.247999996,240101733.58080006,0,22099311.001599997,1,1,7,1
30,64,8,ok,131072,274825923.78880006,19327352.831999999,233617909.35040003,0,21880661.606400002,1,2,4,1
30,64,9,ok,116736,276058819.58399993,19365101.568,234736332.59519997,0,21957385.4208,1,1,9,1
30,64,10,ok,105472,277817435.13599998,19440599.039999999,236300530.68799999,0,22076305.408,1,2,5,1
30,64,11,ok,96256,279576050.68799996,19516096.511999998,237864728.78079998,0,22195225.395200003,1,1,11,1
30,64,12,ok,87552,276259566.18239999,19365101.568,234833496.26879999,0,22060968.345600002,1,4,3,1
30,64,13,ok,81920,282567562.03520006,19629342.719999999,240547350.11840004,0,22390869.196800001,1,1,13,1
30,64,14,ok,75776,282223298.56000006,19553845.247999996,240328448.81920004,0,22341004.492800005,1,2,7,1
30,64,15,ok,71680,286610512.89600003,19818086.399999999,244121521.15199998,0,22670905.344000001,1,1,15,1
30,64,16,ok,65536,275361248.05120003,19327352.831999999,233877012.48000002,0,22156882.7392,1,4,4,1
31,1,1,ok,512,2860.6464000000001,2860.6464000000001,0,0,0,1,1,1,1
31,1,2,ok,256,2860.6464000000001,2860.6464000000001,0,0,0,1,1,2,1
31,1,3,ok,171,2866.2336,2866.2336,0,0,0,3,1,1,1
31,1,4,ok,128,2860.6464000000001,2860.6464000000001,0,0,0,2,1,2,1
31,1,5,ok,103,2877.4080000000004,2877.4080000000004,0,0,0,5,1,1,1
31,1,6,ok,86,2866.2336,2866.2336,0,0,0,3,1,2,1
31,1,7,ok,74,2894.1696000000002,2894.1696000000002,0,0,0,7,1,1,1
31,1,8,ok,64,2860.6464000000001,2860.6464000000001,0,0,0,2,1,4,1
31,1,9,ok,57,2866.2336,2866.2336,0,0,0,9,1,1,1
31,1,10,ok,52,2877.4080000000004,2877.4080000000004,0,0,0,5,1,2,1
31,1,11,ok,47,2888.5824000000002,2888.5824000000002,0,0,0,11,1,1,1
31,1,12,ok,43,2866.2336,2866.2336,0,0,0,3,1,4,1
31,1,13,ok,40,2905.3440000000001,2905.3440000000001,0,0,0,1,1,13,1
31,1,14,ok,37,2894.1696000000002,2894.1696000000002,0,0,0,7,1,2,1
31,1,15,ok,35,2911.0185000000001,2911.0185000000001,0,0,0,3,1,5,1
31,1,16,ok,32,2860.6464000000001,2860.6464000000001,0,0,0,4,1,4,1
31,2,1,ok,1024,5721.2928000000002,5721.2928000000002,0,0,0,1,1,1,1
31,2,2,ok,512,5721.2928000000002,5721.2928000000002,0,0,0,1,1,2,1
31,2,3,ok,342,5732.4672,5732.4672,0,0,0,3,1,1,1
31,2,4,ok,256,5721.2928000000002,5721.2928000000002,0,0,0,1,2,2,1
31,2,5,ok,206,5754.8160000000007,5754.8160000000007,0,0,0,5,1,1,1
31,2,6,ok,171,5732.4672,5732.4672,0,0,0,3,1,2,1
31,2,7,ok,148,5788.3392000000003,5788.3392000000003,0,0,0,7,1,1,1
31,2,8,ok,128,5721.2928000000002,5721.2928000000002,0,0,0,1,2,4,1
31,2,9,ok,114,5732.4672,5732.4672,0,0,0,9,1,1,1
31,2,10,ok,103,5754.8160000000007,5754.8160000000007,0,0,0,5,1,2,1
31,2,11,ok,94,5777.1648000000005,5777.1648000000005,0,0,0,11,1,1,1
31,2,12,ok,86,5732.4672,5732.4672,0,0,0,3,1,4,1
31,2,13,ok,80,5810.6880000000001,5810.6880000000001,0,0,0,1,1,13,1
31,2,14,ok,74,5788.3392000000003,5788.3392000000003,0,0,0,7,1,2,1
31,2,15,ok,70,5822.0370000000003,5822.0370000000003,0,0,0,3,1,5,1
31,2,16,ok,64,5721.2928000000002,5721.2928000000002,0,0,0,2,2,4,1
31,4,1,ok,2048,11442.5856,11442.5856,0,0,0,1,1,1,1
31,4,2,ok,1024,11442.5856,11442.5856,0,0,0,1,1,2,1
31,4,3,ok,684,11464.9344,11464.9344,0,0,0,3,1,1,1
31,4,4,ok,512,11442.5856,11442.5856,0,0,0,1,2,2,1
31,4,5,ok,412,11509.632000000001,11509.632000000001,0,0,0,5,1,1,1
31,4,6,ok,342,11464.9344,11464.9344,0,0,0,3,1,2,1
31,4,7,ok,296,11576.678400000001,11576.678400000001,0,0,0,7,1,1,1
31,4,8,ok,256,11442.5856,11442.5856,0,0,0,1,2,4,1
31,4,9,ok,228,11464.9344,11464.9344,0,0,0,9,1,1,1
31,4,10,ok,206,11509.632000000001,11509.632000000001,0,0,0,5,1,2,1
31,4,11,ok,188,11554.329600000001,11554.329600000001,0,0,0,11,1,1,1
31,4,12,ok,171,11464.9344,11464.9344,0,0,0,3,1,4,1
31,4,13,ok,160,11621.376,11621.376,0,0,0,1,1,13,1
31,4,14,ok,148,11576.678400000001,11576.678400000001,0,0,0,7,1,2,1
31,4,15,ok,139,11644.074000000001,11644.074000000001,0,0,0,3,1,5,1
31,4,16,ok,128,11442.5856,11442.5856,0,0,0,2,2,4,1
31,8,1,ok,4096,22885.171200000001,22885.171200000001,0,0,0,1,1,1,1
31,8,2,ok,2048,22885.171200000001,22885.171200000001,0,0,0,1,1,2,1
31,8,3,ok,1368,22929.8688,22929.8688,0,0,0,3,1,1,1
31,8,4,ok,1024,22885.171200000001,22885.171200000001,0,0,0,1,2,2,1
31,8,5,ok,824,23019.264000000003,23019.264000000003,0,0,0,5,1,1,1
31,8,6,ok,684,22929.8688,22929.8688,0,0,0,3,1,2,1
31,8,7,ok,592,23153.356800000001,23153.356800000001,0,0,0,7,1,1,1
31,8,8,ok,512,22885.171200000001,22885.171200000001,0,0,0,1,2,4,1
31,8,9,ok,456,22929.8688,22929.8688,0,0,0,9,1,1,1
31,8,10,ok,412,23019.264000000003,23019.264000000003,0,0,0,5,1,2,1
31,8,11,ok,376,23108.659200000002,23108.659200000002,0,0,0,11,1,1,1
31,8,12,ok,342,22929.8688,22929.8688,0,0,0,3,1,4,1
31,8,13,ok,320,23242.752,23242.752,0,0,0,1,1,13,1
31,8,14,ok,296,23153.356800000001,23153.356800000001,0,0,0,7,1,2,1
31,8,15,ok,278,23288.148000000001,23288.148000000001,0,0,0,3,1,5,1
31,8,16,ok,256,22885.171200000001,22885.171200000001,0,0,0,2,2,4,1
31,16,1,ok,8192,45770.342400000001,45770.342400000001,0,0,0,1,1,1,1
31,16,2,ok,4096,45770.342400000001,45770.342400000001,0,0,0,1,1,2,1
31,16,3,ok,2736,45859.7376,45859.7376,0,0,0,3,1,1,1
31,16,4,ok,2048,45770.342400000001,45770.342400000001,0,0,0,1,2,2,1
31,16,5,ok,1648,46038.528000000006,46038.528000000006,0,0,0,5,1,1,1
31,16,6,ok,1368,45859.7376,45859.7376,0,0,0,3,1,2,1
31,16,7,ok,1184,46306.713600000003,46306.713600000003,0,0,0,7,1,1,1
31,16,8,ok,1024,45770.342400000001,45770.342400000001,0,0,0,1,2,4,1
31,16,9,ok,912,45859.7376,45859.7376,0,0,0,9,1,1,1
31,16,10,ok,824,46038.528000000006,46038.528000000006,0,0,0,5,1,2,1
31,16,11,ok,752,46217.318400000004,46217.318400000004,0,0,0,11,1,1,1
31,16,12,ok,684,45859.7376,45859.7376,0,0,0,3,1,4,1
31,16,13,ok,640,46485.504000000001,46485.504000000001,0,0,0,1,1,13,1
31,16,14,ok,592,46306.713600000003,46306.713600000003,0,0,0,7,1,2,1
31,16,15,ok,556,46576.296000000002,46576.296000000002,0,0,0,3,1,5,1
31,16,16,ok,512,45770.342400000001,45770.342400000001,0,0,0,2,2,4,1
31,32,1,ok,16384,91540.684800000003,91540.684800000003,0,0,0,1,1,1,1
31,32,2,ok,8192,91540.684800000003,91540.684800000003,0,0,0,1,1,2,1
31,32,3,ok,5472,91719.475200000001,91719.475200000001,0,0,0,3,1,1,1
31,32,4,ok,4096,91540.684800000003,91540.684800000003,0,0,0,1,2,2,1
31,32,5,ok,3296,92077.056000000011,92077.056000000011,0,0,0,5,1,1,1
31,32,6,ok,2736,91719.475200000001,91719.475200000001,0,0,0,3,1,2,1
31,32,7,ok,2368,92613.427200000006,92613.427200000006,0,0,0,7,1,1,1
31,32,8,ok,2048,91540.684800000003,91540.684800000003,0,0,0,1,2,4,1
31,32,9,ok,1824,91719.475200000001,91719.475200000001,0,0,0,9,1,1,1
31,32,10,ok,1648,92077.056000000011,92077.056000000011,0,0,0,5,1,2,1
31,32,11,ok,1504,92434.636800000007,92434.636800000007,0,0,0,11,1,1,1
31,32,12,ok,1368,91719.475200000001,91719.475200000001,0,0,0,3,1,4,1
31,32,13,ok,1280,92971.008000000002,92971.008000000002,0,0,0,1,1,13,1
31,32,14,ok,1184,92613.427200000006,92613.427200000006,0,0,0,7,1,2,1
31,32,15,ok,1112,93152.592000000004,93152.592000000004,0,0,0,3,1,5,1
31,32,16,ok,1024,91540.684800000003,91540.684800000003,0,0,0,2,2,4,1
31,64,1,ok,32768,183081.36960000001,183081.36960000001,0,0,0,1,1,1,1
31,64,2,ok,16384,183081.36960000001,183081.36960000001,0,0,0,1,1,2,1
31,64,3,ok,10944,183438.9504,183438.9504,0,0,0,3,1,1,1
31,64,4,ok,8192,183081.36960000001,183081.36960000001,0,0,0,1,2,2,1
31,64,5,ok,6592,184154.11200000002,184154.11200000002,0,0,0,5,1,1,1
31,64,6,ok,5472,183438.9504,183438.9504,0,0,0,3,1,2,1
31,64,7,ok,4736,185226.85440000001,185226.85440000001,0,0,0,7,1,1,1
31,64,8,ok,4096,183081.36960000001,183081.36960000001,0,0,0,1,2,4,1
31,64,9,ok,3648,183438.9504,183438.9504,0,0,0,9,1,1,1
31,64,10,ok,3296,184154.11200000002,184154.11200000002,0,0,0,5,1,2,1
31,64,11,ok,3008,184869.27360000001,184869.27360000001,0,0,0,11,1,1,1
31,64,12,ok,2736,183438.9504,183438.9504,0,0,0,3,1,4,1
31,64,13,ok,2560,185942.016,185942.016,0,0,0,1,1,13,1
31,64,14,ok,2368,185226.85440000001,185226.85440000001,0,0,0,7,1,2,1
31,64,15,ok,2223,186305.18400000001,186305.18400000001,0,0,0,3,1,5,1
31,64,16,ok,2048,183081.36960000001,183081.36960000001,0,0,0,2,2,4,1
32,1,1,ok,16384,4587387.2896000007,301989.88799999998,3913300.3776000002,0,372097.02399999998,1,1,1,1
32,1,2,ok,8192,4630011.9040000001,301989.88799999998,3921397.3503999999,0,406624.66560000001,1,1,2,1
32,1,3,ok,5472,4691360.7648,302579.712,3946969.4303999995,0,441811.62240000005,1,1,3,1
32,1,4,ok,4096,4715261.1328000007,301989.88799999998,3937591.2960000001,0,475679.94880000001,1,1,4,1
32,1,5,ok,3296,4804054.4159999993,303759.35999999999,3988109.52,0,512185.53600000008,1,1,5,1
32,1,6,ok,2752,4875407.3471999988,304349.18399999995,4023685.6703999997,0,547372.49280000001,1,1,6,1
32,1,7,ok,2368,4955480.4544000011,305528.83199999994,4066732.8576000002,0,583218.7648,1,1,7,1
32,1,8,ok,2048,4885759.590400001,301989.88799999998,3969979.1872000005,0,613790.51520000002,1,1,8,1
32,1,9,ok,1824,4947108.4511999991,302579.712,3995551.2671999987,0,648977.47200000007,1,1,9,1
32,1,10,ok,1664,5060778.3679999998,306708.47999999998,4065949.568,0,688120.32000000007,1,1,10,1
32,1,11,ok,1504,5087246.5247999998,304939.00799999997,4061637.5007999996,0,720670.01600000006,1,1,11,1
32,1,12,ok,1376,5131155.0336000007,304349.18399999995,4072267.5072000003,0,754538.34239999996,1,1,12,1
32,1,13,ok,1280,5218664.4224000005,306708.47999999998,4120252.6976000005,0,791703.24479999999,1,1,13,1
32,1,14,ok,1184,5253852.7552000005,305528.83199999994,4123411.6672,0,824912.25600000005,1,1,14,1
32,1,15,ok,1120,5367522.6720000003,309657.59999999998,4193809.9680000003,0,864055.10400000017,1,1,15,1
32,1,16,ok,1024,5306789.0688000005,301989.88799999998,4114787.5328000002,0,890011.64800000004,1,1,16,1
32,2,1,ok,32768,9132149.9648000021,603979.77599999995,7818503.7824000008,0,709666.40639999998,1,1,1,1
32,2,2,ok,16384,9174774.5792000014,603979.77599999995,7826600.7552000005,0,744194.04799999995,1,1,2,1
32,2,3,ok,10944,9254847.6864,605159.424,7869647.9423999991,0,780040.32000000007,1,1,3,1
32,2,4,ok,8192,9260023.8080000002,603979.77599999995,7842794.7007999998,0,813249.33120000002,1,2,2,1
32,2,5,ok,6592,9394985.7599999979,607518.71999999997,7935734.175999999,0,851732.86400000006,1,1,5,1
32,2,6,ok,5472,9382721.5296,605159.424,7893938.860799999,0,883623.2448000001,1,2,3,1
32,2,7,ok,4736,9612588.6080000009,611057.66399999987,8076786.9056000002,0,924744.03840000008,1,1,7,1
32,2,8,ok,4096,9430522.2656000014,603979.77599999995,7875182.5920000002,0,951359.89760000003,1,2,4,1
32,2,9,ok,3648,9510595.3728,605159.424,7918229.7791999988,0,987206.16960000014,1,1,9,1
32,2,10,ok,3296,9608108.8319999985,607518.71999999997,7976219.04,0,1024371.0720000002,1,2,5,1
32,2,11,ok,3008,9705622.2912000008,609878.01599999995,8034208.3007999994,0,1061535.9744000002,1,1,11,1
32,2,12,ok,2752,9750814.6943999976,608698.3679999999,8047371.3407999994,0,1094744.9856,1,2,6,1
32,2,13,ok,2560,9883208.8576000016,613416.95999999996,8135244.7488000011,0,1134547.1488000001,1,1,13,1
32,2,14,ok,2368,9910960.9088000022,611057.66399999987,8133465.7152000004,0,1166437.5296,1,2,7,1
32,2,15,ok,2240,10095676.128,619315.19999999995,8266165.3440000005,0,1210195.5840000003,1,1,15,1
32,2,16,ok,2048,9771519.1808000021,603979.77599999995,7939958.374400001,0,1227581.0304,1,2,8,1
32,4,1,ok,65536,17210078.003200002,1207959.5519999999,14617313.280000001,0,1384805.1712,1,1,1,1
32,4,2,ok,32768,17276993.535999998,1207959.5519999999,14649701.1712,0,1419332.8128,1,1,2,1
32,4,3,ok,21888,17416782.835200001,1210318.848,14749966.272,0,1456497.7152,1,1,3,1
32,4,4,ok,16384,17410824.601600002,1207959.5519999999,14714476.953600001,0,1488388.0959999999,1,1,4,1
32,4,5,ok,13184,17656345.151999999,1215037.4399999999,14910480.191999998,0,1530827.52,1,1,5,1
32,4,6,ok,11008,17836150.732799999,1217396.7359999998,15050761.5744,0,1567992.4224,1,1,6,1
32,4,7,ok,9472,18048813.7984,1222115.3279999997,15218903.8848,0,1607794.5856000003,1,1,7,1
32,4,8,ok,8192,17678486.732800003,1207959.5519999999,14844028.518400002,0,1626498.6624,1,1,8,1
32,4,9,ok,7296,17818276.031999998,1210318.848,14944293.619199999,0,1663663.5648000003,1,1,9,1
32,4,10,ok,6656,18155210.240000002,1226833.9199999999,15211724.288000001,0,1716652.0319999999,1,1,10,1
32,4,11,ok,6016,18163569.599999994,1219756.0319999999,15200545.676799998,0,1743267.8912,1,1,11,1
32,4,12,ok,5504,18237643.929599997,1217396.7359999998,15245088.921599999,0,1775158.2719999999,1,1,12,1
32,4,13,ok,5120,18476005.683200002,1226833.9199999999,15428936.806400003,0,1820234.9568,1,1,13,1
32,4,14,ok,4736,18517222.528000005,1222115.3279999997,15445619.123200003,0,1849488.0768000002,1,1,14,1
32,4,15,ok,4480,18854156.736000001,1238630.3999999999,15713049.791999999,0,1902476.544,1,1,15,1
32,4,16,ok,4096,18533941.248000003,1207959.5519999999,15423261.900800001,0,1902719.7952000001,1,1,16,1
32,8,1,ok,131072,34353240.473600008,2415919.1039999998,29202238.668800004,0,2735082.7008000002,1,1,1,1
32,8,2,ok,65536,34420156.006400004,2415919.1039999998,29234626.560000002,0,2769610.3424,1,1,2,1
32,8,3,ok,43776,34632819.071999997,2420637.696,29402768.870399997,0,2809412.5056000003,1,1,3,1
32,8,4,ok,32768,34553987.071999997,2415919.1039999998,29299402.342399999,0,2838665.6255999999,1,2,2,1
32,8,5,ok,26368,34978112.639999993,2430074.8799999999,29659020.927999996,0,2889016.8320000004,1,1,5,1
32,8,6,ok,21888,34833565.670400001,2420637.696,29499932.544,0,2912995.4304,1,2,3,1
32,8,7,ok,18944,35629218.867200002,2444230.6559999995,30211092.531200003,0,2973895.6799999997,1,1,7,1
32,8,8,ok,16384,34821649.203200005,2415919.1039999998,29428953.907200001,0,2976776.1919999998,1,2,4,1
32,8,9,ok,14592,35034312.26879999,2420637.696,29597096.217599992,0,3016578.3552000006,1,1,9,1
32,8,10,ok,13184,35312690.303999998,2430074.8799999999,29820960.383999996,0,3061655.04,1,2,5,1
32,8,11,ok,12032,35591068.339199997,2439512.0639999998,30044824.550399996,0,3106731.7248,1,1,11,1
32,8,12,ok,11008,35672301.465599999,2434793.4719999996,30101523.148800001,0,3135984.8448000001,1,2,6,1
32,8,13,ok,10240,36082109.440000005,2453667.8399999999,30436831.027200006,0,3191610.5728000002,1,1,13,1
32,8,14,ok,9472,36097627.596799999,2444230.6559999995,30437807.7696,0,3215589.1712000007,1,2,7,1
32,8,15,ok,8960,36704580.480000004,2477260.7999999998,30940281.215999998,0,3287038.4640000002,1,1,15,1
32,8,16,ok,8192,35356973.465600006,2415919.1039999998,29688057.036800005,0,3252997.3248000001,1,2,8,1
32,16,1,ok,262144,68639565.414399996,4831838.2079999996,58372089.446400002,0,5435637.7599999998,1,1,1,1
32,16,2,ok,131072,68706480.947200015,4831838.2079999996,58404477.337600008,0,5470165.4016000004,1,1,2,1
32,16,3,ok,87552,69064891.545599997,4841275.392,58708374.067199998,0,5515242.0864000004,1,1,3,1
32,16,4,ok,65536,68840312.012800008,4831838.2079999996,58469253.120000005,0,5539220.6847999999,1,2,2,1
32,16,5,ok,52736,69621647.615999997,4860149.7599999998,59156102.399999991,0,5605395.4560000002,1,1,5,1
32,16,6,ok,43776,69265638.143999994,4841275.392,58805537.740799993,0,5618825.0112000005,1,2,3,1
32,16,7,ok,37888,70790029.004800007,4888461.311999999,60195469.824000001,0,5706097.8688000003,1,1,7,1
32,16,8,ok,32768,69107974.143999994,4831838.2079999996,58598804.684799999,0,5677331.2511999998,1,2,4,1
32,16,9,ok,29184,69466384.742400005,4841275.392,58902701.414399996,0,5722407.9360000007,1,1,9,1
32,16,10,ok,26368,69956225.279999986,4860149.7599999998,59318041.855999991,0,5778033.6640000008,1,2,5,1
32,16,11,ok,24064,70446065.817599997,4879024.1279999996,59733382.297599994,0,5833659.392,1,1,11,1
32,16,12,ok,21888,69667131.340800002,4841275.392,58999865.088,0,5825990.8607999999,1,4,3,1
32,16,13,ok,20480,71294316.953600004,4907335.6799999997,60452619.468800008,0,5934361.804800001,1,1,13,1
32,16,14,ok,18944,71258437.734400004,4888461.311999999,60422185.062400006,0,5947791.3599999994,1,2,7,1
32,16,15,ok,17920,72405427.967999995,4954521.5999999996,61394744.063999988,0,6056162.3040000005,1,1,15,1
32,16,16,ok,16384,69643298.40640001,4831838.2079999996,58857907.814400002,0,5953552.3839999996,1,4,4,1
32,32,1,ok,524288,137212215.296,9663676.4159999993,116711791.0016,0,10836747.8784,1,1,1,1
32,32,2,ok,262144,137279130.82879999,9663676.4159999993,116744178.8928,0,10871275.52,1,1,2,1
32,32,3,ok,175104,137929036.4928,9682550.784,117319584.46079998,0,10926901.248,1,1,3,1
32,32,4,ok,131072,137412961.89440003,9663676.4159999993,116808954.67520002,0,10940330.803200001,1,2,2,1
32,32,5,ok,105472,138908717.56799999,9720299.5199999996,118150265.344,0,11038152.704,1,1,5,1
32,32,6,ok,87552,138129783.09119999,9682550.784,117416748.1344,0,11030484.172800001,1,2,3,1
32,32,7,ok,75776,141111649.28000003,9776922.623999998,120164224.40960002,0,11170502.246400002,1,1,7,1
32,32,8,ok,65536,137680624.02560002,9663676.4159999993,116938506.24000001,0,11078441.3696,1,2,4,1
32,32,9,ok,58368,138330529.68959999,9682550.784,117513911.80799997,0,11134067.097600002,1,1,9,1
32,32,10,ok,52736,139243295.23199999,9720299.5199999996,118312204.79999998,0,11210790.912,1,2,5,1
32,32,11,ok,48128,140156060.7744,9758048.2559999991,119110497.79199998,0,11287514.726400001,1,1,11,1
32,32,12,ok,43776,138531276.28799999,9682550.784,117611075.48159999,0,11237650.022400001,1,4,3,1
32,32,13,ok,40960,141718731.9808,9814671.3599999994,120484196.352,0,11419864.2688,1,1,13,1
32,32,14,ok,37888,141580058.00960001,9776922.623999998,120390939.648,0,11412195.737600001,1,2,7,1
32,32,15,ok,35840,143807122.94400004,9909043.1999999993,122303669.76000001,0,11594409.984000001,1,1,15,1
32,32,16,ok,32768,138215948.28799999,9663676.4159999993,117197609.3696,0,11354662.5024,1,4,4,1
32,64,1,ok,1048576,274357515.05919999,19327352.831999999,233391194.11199999,0,21638968.115200002,1,1,1,1
32,64,2,ok,524288,274424430.59200001,19327352.831999999,233423582.00319999,0,21673495.7568,1,1,2,1
32,64,3,ok,350208,275657326.3872,19365101.568,234542005.24799997,0,21750219.571200002,1,1,3,1
32,64,4,ok,262144,274558261.65759999,19327352.831999999,233488357.78560001,0,21742551.039999999,1,2,2,1
32,64,5,ok,210944,277482857.47199994,19440599.039999999,236138591.23199996,0,21903667.200000003,1,1,5,1
32,64,6,ok,175104,275858072.98559999,19365101.568,234639168.92159995,0,21853802.495999999,1,2,3,1
32,64,7,ok,151552,281754889.83040005,19553845.247999996,240101733.58080006,0,22099311.001599997,1,1,7,1
32,64,8,ok,131072,274825923.78880006,19327352.831999999,233617909.35040003,0,21880661.606400002,1,2,4,1
32,64,9,ok,116736,276058819.58399993,19365101.568,234736332.59519997,0,21957385.4208,1,1,9,1
32,64,10,ok,105472,277817435.13599998,19440599.039999999,236300530.68799999,0,22076305.408,1,2,5,1
32,64,11,ok,96256,279576050.68799996,19516096.511999998,237864728.78079998,0,22195225.395200003,1,1,11,1
32,64,12,ok,87552,276259566.18239999,19365101.568,234833496.26879999,0,22060968.345600002,1,4,3,1
32,64,13,ok,81920,282567562.03520006,19629342.719999999,240547350.11840004,0,22390869.196800001,1,1,13,1
32,64,14,ok,75776,282223298.56000006,19553845.247999996,240328448.81920004,0,22341004.492800005,1,2,7,1
32,64,15,ok,71680,286610512.89600003,19818086.399999999,244121521.15199998,0,22670905.344000001,1,1,15,1
32,64,16,ok,65536,275361248.05120003,19327352.831999999,233877012.48000002,0,22156882.7392,1,4,4,1
33,1,1,ok,512,2860.6464000000001,2860.6464000000001,0,0,0,1,1,1,1
33,1,2,ok,256,2860.6464000000001,2860.6464000000001,0,0,0,1,1,2,1
33,1,3,ok,171,2866.2336,2866.2336,0,0,0,3,1,1,1
33,1,4,ok,128,2860.6464000000001,2860.6464000000001,0,0,0,2,1,2,1
33,1,5,ok,103,2877.4080000000004,2877.4080000000004,0,0,0,5,1,1,1
33,1,6,ok,86,2866.2336,2866.2336,0,0,0,3,1,2,1
33,1,7,ok,74,2894.1696000000002,2894.1696000000002,0,0,0,7,1,1,1
33,1,8,ok,64,2860.6464000000001,2860.6464000000001,0,0,0,2,1,4,1
33,1,9,ok,57,2866.2336,2866.2336,0,0,0,9,1,1,1
33,1,10,ok,52,2877.4080000000004,2877.4080000000004,0,0,0,5,1,2,1
33,1,11,ok,47,2888.5824000000002,2888.5824000000002,0,0,0,11,1,1,1
33,1,12,ok,43,2866.2336,2866.2336,0,0,0,3,1,4,1
33,1,13,ok,40,2905.3440000000001,2905.3440000000001,0,0,0,1,1,13,1
33,1,14,ok,37,2894.1696000000002,2894.1696000000002,0,0,0,7,1,2,1
33,1,15,ok,35,2911.0185000000001,2911.0185000000001,0,0,0,3,1,5,1
33,1,16,ok,32,2860.6464000000001,2860.6464000000001,0,0,0,4,1,4,1
33,2,1,ok,1024,5721.2928000000002,5721.2928000000002,0,0,0,1,1,1,1
33,2,2,ok,512,5721.2928000000002,5721.2928000000002,0,0,0,1,1,2,1
33,2,3,ok,342,5732.4672,5732.4672,0,0,0,3,1,1,1
33,2,4,ok,256,5721.2928000000002,5721.2928000000002,0,0,0,1,2,2,1
33,2,5,ok,206,5754.8160000000007,5754.8160000000007,0,0,0,5,1,1,1
33,2,6,ok,171,5732.4672,5732.4672,0,0,0,3,1,2,1
33,2,7,ok,148,5788.3392000000003,5788.3392000000003,0,0,0,7,1,1,1
33,2,8,ok,128,5721.2928000000002,5721.2928000000002,0,0,0,1,2,4,1
33,2,9,ok,114,5732.4672,5732.4672,0,0,0,9,1,1,1
33,2,10,ok,103,5754.8160000000007,5754.8160000000007,0,0,0,5,1,2,1
33,2,11,ok,94,5777.1648000000005,5777.1648000000005,0,0,0,11,1,1,1
33,2,12,ok,86,5732.4672,5732.4672,0,0,0,3,1,4,1
33,2,13,ok,80,5810.6880000000001,5810.6880000000001,0,0,0,1,1,13,1
33,2,14,ok,74,5788.3392000000003,5788.3392000000003,0,0,0,7,1,2,1
33,2,15,ok,70,5822.0370000000003,5822.0370000000003,0,0,0,3,1,5,1
33,2,16,ok,64,5721.2928000000002,5721.2928000000002,0,0,0,2,2,4,1
33,4,1,ok,2048,11442.5856,11442.5856,0,0,0,1,1,1,1
33,4,2,ok,1024,11442.5856,11442.5856,0,0,0,1,1,2,1
33,4,3,ok,684,11464.9344,11464.9344,0,0,0,3,1,1,1
33,4,4,ok,512,11442.5856,11442.5856,0,0,0,1,2,2,1
33,4,5,ok,412,11509.632000000001,11509.632000000001,0,0,0,5,1,1,1
33,4,6,ok,342,11464.9344,11464.9344,0,0,0,3,1,2,1
33,4,7,ok,296,11576.678400000001,11576.678400000001,0,0,0,7,1,1,1
33,4,8,ok,256,11442.5856,11442.5856,0,0,0,1,2,4,1
33,4,9,ok,228,11464.9344,11464.9344,0,0,0,9,1,1,1
33,4,10,ok,206,11509.632000000001,11509.632000000001,0,0,0,5,1,2,1
33,4,11,ok,188,11554.329600000001,11554.329600000001,0,0,0,11,1,1,1
33,4,12,ok,171,11464.9344,11464.9344,0,0,0,3,1,4,1
33,4,13,ok,160,11621.376,11621.376,0,0,0,1,1,13,1
33,4,14,ok,148,11576.678400000001,11576.678400000001,0,0,0,7,1,2,1
33,4,15,ok,139,11644.074000000001,11644.074000000001,0,0,0,3,1,5,1
33,4,16,ok,128,11442.5856,11442.5856,0,0,0,2,2,4,1
33,8,1,ok,4096,22885.171200000001,22885.171200000001,0,0,0,1,1,1,1
33,8,2,ok,2048,22885.171200000001,22885.171200000001,0,0,0,1,1,2,1
33,8,3,ok,1368,22929.8688,22929.8688,0,0,0,3,1,1,1
33,8,4,ok,1024,22885.171200000001,22885.171200000001,0,0,0,1,2,2,1
33,8,5,ok,824,23019.264000000003,23019.264000000003,0,0,0,5,1,1,1
33,8,6,ok,684,22929.8688,22929.8688,0,0,0,3,1,2,1
33,8,7,ok,592,23153.356800000001,23153.356800000001,0,0,0,7,1,1,1
33,8,8,ok,512,22885.171200000001,22885.171200000001,0,0,0,1,2,4,1
33,8,9,ok,456,22929.8688,22929.8688,0,0,0,9,1,1,1
33,8,10,ok,412,23019.264000000003,23019.264000000003,0,0,0,5,1,2,1
33,8,11,ok,376,23108.659200000002,23108.659200000002,0,0,0,11,1,1,1
33,8,12,ok,342,22929.8688,22929.8688,0,0,0,3,1,4,1
33,8,13,ok,320,23242.752,23242.752,0,0,0,1,1,13,1
33,8,14,ok,296,23153.356800000001,23153.356800000001,0,0,0,7,1,2,1
33,8,15,ok,278,23288.148000000001,23288.148000000001,0,0,0,3,1,5,1
33,8,16,ok,256,22885.171200000001,22885.171200000001,0,0,0,2,2,4,1
33,16,1,ok,8192,45770.342400000001,45770.342400000001,0,0,0,1,1,1,1
33,16,2,ok,4096,45770.342400000001,45770.342400000001,0,0,0,1,1,2,1
33,16,3,ok,2736,45859.7376,45859.7376,0,0,0,3,1,1,1
33,16,4,ok,2048,45770.342400000001,45770.342400000001,0,0,0,1,2,2,1
33,16,5,ok,1648,46038.528000000006,46038.528000000006,0,0,0,5,1,1,1
33,16,6,ok,1368,45859.7376,45859.7376,0,0,0,3,1,2,1
33,16,7,ok,1184,46306.713600000003,46306.713600000003,0,0,0,7,1,1,1
33,16,8,ok,1024,45770.342400000001,45770.342400000001,0,0,0,1,2,4,1
33,16,9,ok,912,45859.7376,45859.7376,0,0,0,9,1,1,1
33,16,10,ok,824,46038.528000000006,46038.528000000006,0,0,0,5,1,2,1
33,16,11,ok,752,46217.318400000004,46217.318400000004,0,0,0,11,1,1,1
33,16,12,ok,684,45859.7376,45859.7376,0,0,0,3,1,4,1
33,16,13,ok,640,46485.504000000001,46485.504000000001,0,0,0,1,1,13,1
33,16,14,ok,592,46306.713600000003,46306.713600000003,0,0,0,7,1,2,1
33,16,15,ok,556,46576.296000000002,46576.296000000002,0,0,0,3,1,5,1
33,16,16,ok,512,45770.342400000001,45770.342400000001,0,0,0,2,2,4,1
33,32,1,ok,16384,91540.684800000003,91540.684800000003,0,0,0,1,1,1,1
33,32,2,ok,8192,91540.684800000003,91540.684800000003,0,0,0,1,1,2,1
33,32,3,ok,5472,91719.475200000001,91719.475200000001,0,0,0,3,1,1,1
33,32,4,ok,4096,91540.684800000003,91540.684800000003,0,0,0,1,2,2,1
33,32,5,ok,3296,92077.056000000011,92077.056000000011,0,0,0,5,1,1,1
33,32,6,ok,2736,91719.475200000001,91719.475200000001,0,0,0,3,1,2,1
33,32,7,ok,2368,92613.427200000006,92613.427200000006,0,0,0,7,1,1,1
33,32,8,ok,2048,91540.684800000003,91540.684800000003,0,0,0,1,2,4,1
33,32,9,ok,1824,91719.475200000001,91719.475200000001,0,0,0,9,1,1,1
33,32,10,ok,1648,92077.056000000011,92077.056000000011,0,0,0,5,1,2,1
33,32,11,ok,1504,92434.636800000007,92434.636800000007,0,0,0,11,1,1,1
33,32,12,ok,1368,91719.475200000001,91719.475200000001,0,0,0,3,1,4,1
33,32,13,ok,1280,92971.008000000002,92971.008000000002,0,0,0,1,1,13,1
33,32,14,ok,1184,92613.427200000006,92613.427200000006,0,0,0,7,1,2,1
33,32,15,ok,1112,93152.592000000004,93152.592000000004,0,0,0,3,1,5,1
33,32,16,ok,1024,91540.684800000003,91540.684800000003,0,0,0,2,2,4,1
33,64,1,ok,32768,183081.36960000001,183081.36960000001,0,0,0,1,1,1,1
33,64,2,ok,16384,183081.36960000001,183081.36960000001,0,0,0,1,1,2,1
33,64,3,ok,10944,183438.9504,183438.9504,0,0,0,3,1,1,1
33,64,4,ok,8192,183081.36960000001,183081.36960000001,0,0,0,1,2,2,1
33,64,5,ok,6592,184154.11200000002,184154.11200000002,0,0,0,5,1,1,1
33,64,6,ok,5472,183438.9504,183438.9504,0,0,0,3,1,2,1
33,64,7,ok,4736,185226.85440000001,185226.85440000001,0,0,0,7,1,1,1
33,64,8,ok,4096,183081.36960000001,183081.36960000001,0,0,0,1,2,4,1
33,64,9,ok,3648,183438.9504,183438.9504,0,0,0,9,1,1,1
33,64,10,ok,3296,184154.11200000002,184154.11200000002,0,0,0,5,1,2,1
33,64,11,ok,3008,184869.27360000001,184869.27360000001,0,0,0,11,1,1,1
33,64,12,ok,2736,183438.9504,183438.9504,0,0,0,3,1,4,1
33,64,13,ok,2560,185942.016,185942.016,0,0,0,1,1,13,1
33,64,14,ok,2368,185226.85440000001,185226.85440000001,0,0,0,7,1,2,1
33,64,15,ok,2223,186305.18400000001,186305.18400000001,0,0,0,3,1,5,1
33,64,16,ok,2048,183081.36960000001,183081.36960000001,0,0,0,2,2,4,1
34,1,1,ok,16384,4587387.2896000007,301989.88799999998,3913300.3776000002,0,372097.02399999998,1,1,1,1
34,1,2,ok,8192,4630011.9040000001,301989.88799999998,3921397.3503999999,0,406624.66560000001,1,1,2,1
34,1,3,ok,5472,4691360.7648,302579.712,3946969.4303999995,0,441811.62240000005,1,1,3,1
34,1,4,ok,4096,4715261.1328000007,301989.88799999998,3937591.2960000001,0,475679.94880000001,1,1,4,1
34,1,5,ok,3296,4804054.4159999993,303759.35999999999,3988109.52,0,512185.53600000008,1,1,5,1
34,1,6,ok,2752,4875407.3471999988,304349.18399999995,4023685.6703999997,0,547372.49280000001,1,1,6,1
34,1,7,ok,2368,4955480.4544000011,305528.83199999994,4066732.8576000002,0,583218.7648,1,1,7,1
34,1,8,ok,2048,4885759.590400001,301989.88799999998,3969979.1872000005,0,613790.51520000002,1,1,8,1
34,1,9,ok,1824,4947108.4511999991,302579.712,3995551.2671999987,0,648977.47200000007,1,1,9,1
34,1,10,ok,1664,5060778.3679999998,306708.47999999998,4065949.568,0,688120.32000000007,1,1,10,1
34,1,11,ok,1504,5087246.5247999998,304939.00799999997,4061637.5007999996,0,720670.01600000006,1,1,11,1
34,1,12,ok,1376,5131155.0336000007,304349.18399999995,4072267.5072000003,0,754538.34239999996,1,1,12,1
34,1,13,ok,1280,5218664.4224000005,306708.47999999998,4120252.6976000005,0,791703.24479999999,1,1,13,1
34,1,14,ok,1184,5253852.7552000005,305528.83199999994,4123411.6672,0,824912.25600000005,1,1,14,1
34,1,15,ok,1120,5367522.6720000003,309657.59999999998,4193809.9680000003,0,864055.10400000017,1,1,15,1
34,1,16,ok,1024,5306789.0688000005,301989.88799999998,4114787.5328000002,0,890011.64800000004,1,1,16,1
34,2,1,ok,32768,9132149.9648000021,603979.77599999995,7818503.7824000008,0,709666.40639999998,1,1,1,1
34,2,2,ok,16384,9174774.5792000014,603979.77599999995,7826600.7552000005,0,744194.04799999995,1,1,2,1
34,2,3,ok,10944,9254847.6864,605159.424,7869647.9423999991,0,780040.32000000007,1,1,3,1
34,2,4,ok,8192,9260023.8080000002,603979.77599999995,7842794.7007999998,0,813249.33120000002,1,2,2,1
34,2,5,ok,6592,9394985.7599999979,607518.71999999997,7935734.175999999,0,851732.86400000006,1,1,5,1
34,2,6,ok,5472,9382721.5296,605159.424,7893938.860799999,0,883623.2448000001,1,2,3,1
34,2,7,ok,4736,9612588.6080000009,611057.66399999987,8076786.9056000002,0,924744.03840000008,1,1,7,1
34,2,8,ok,4096,9430522.2656000014,603979.77599999995,7875182.5920000002,0,951359.89760000003,1,2,4,1
34,2,9,ok,3648,9510595.3728,605159.424,7918229.7791999988,0,987206.16960000014,1,1,9,1
34,2,10,ok,3296,9608108.8319999985,607518.71999999997,7976219.04,0,1024371.0720000002,1,2,5,1
34,2,11,ok,3008,9705622.2912000008,609878.01599999995,8034208.3007999994,0,1061535.9744000002,1,1,11,1
34,2,12,ok,2752,9750814.6943999976,608698.3679999999,8047371.3407999994,0,1094744.9856,1,2,6,1
34,2,13,ok,2560,9883208.8576000016,613416.95999999996,8135244.7488000011,0,1134547.1488000001,1,1,13,1
34,2,14,ok,2368,9910960.9088000022,611057.66399999987,8133465.7152000004,0,1166437.5296,1,2,7,1
34,2,15,ok,2240,10095676.128,619315.19999999995,8266165.3440000005,0,1210195.5840000003,1,1,15,1
34,2,16,ok,2048,9771519.1808000021,603979.77599999995,7939958.374400001,0,1227581.0304,1,2,8,1
34,4,1,ok,65536,17210078.003200002,1207959.5519999999,14617313.280000001,0,1384805.1712,1,1,1,1
34,4,2,ok,32768,17276993.535999998,1207959.5519999999,14649701.1712,0,1419332.8128,1,1,2,1
34,4,3,ok,21888,17416782.835200001,1210318.848,14749966.272,0,1456497.7152,1,1,3,1
34,4,4,ok,16384,17410824.601600002,1207959.5519999999,14714476.953600001,0,1488388.0959999999,1,1,4,1
34,4,5,ok,13184,17656345.151999999,1215037.4399999999,14910480.191999998,0,1530827.52,1,1,5,1
34,4,6,ok,11008,17836150.732799999,1217396.7359999998,15050761.5744,0,1567992.4224,1,1,6,1
34,4,7,ok,9472,18048813.7984,1222115.3279999997,15218903.8848,0,1607794.5856000003,1,1,7,1
34,4,8,ok,8192,17678486.732800003,1207959.5519999999,14844028.518400002,0,1626498.6624,1,1,8,1
34,4,9,ok,7296,17818276.031999998,1210318.848,14944293.619199999,0,1663663.5648000003,1,1,9,1
34,4,10,ok,6656,18155210.240000002,1226833.9199999999,15211724.288000001,0,1716652.0319999999,1,1,10,1
34,4,11,ok,6016,18163569.599999994,1219756.0319999999,15200545.676799998,0,1743267.8912,1,1,11,1
34,4,12,ok,5504,18237643.929599997,1217396.7359999998,15245088.921599999,0,1775158.2719999999,1,1,12,1
34,4,13,ok,5120,18476005.683200002,1226833.9199999999,15428936.806400003,0,1820234.9568,1,1,13,1
34,4,14,ok,4736,18517222.528000005,1222115.3279999997,15445619.123200003,0,1849488.0768000002,1,1,14,1
34,4,15,ok,4480,18854156.736000001,1238630.3999999999,15713049.791999999,0,1902476.544,1,1,15,1
34,4,16,ok,4096,18533941.248000003,1207959.5519999999,15423261.900800001,0,1902719.7952000001,1,1,16,1
34,8,1,ok,131072,34353240.473600008,2415919.1039999998,29202238.668800004,0,2735082.7008000002,1,1,1,1
34,8,2,ok,65536,34420156.006400004,2415919.1039999998,29234626.560000002,0,2769610.3424,1,1,2,1
34,8,3,ok,43776,34632819.071999997,2420637.696,29402768.870399997,0,2809412.5056000003,1,1,3,1
34,8,4,ok,32768,34553987.071999997,2415919.1039999998,29299402.342399999,0,2838665.6255999999,1,2,2,1
34,8,5,ok,26368,34978112.639999993,2430074.8799999999,29659020.927999996,0,2889016.8320000004,1,1,5,1
34,8,6,ok,21888,34833565.670400001,2420637.696,29499932.544,0,2912995.4304,1,2,3,1
34,8,7,ok,18944,35629218.867200002,2444230.6559999995,30211092.531200003,0,2973895.6799999997,1,1,7,1
34,8,8,ok,16384,34821649.203200005,2415919.1039999998,29428953.907200001,0,2976776.1919999998,1,2,4,1
34,8,9,ok,14592,35034312.26879999,2420637.696,29597096.217599992,0,3016578.3552000006,1,1,9,1
34,8,10,ok,13184,35312690.303999998,2430074.8799999999,29820960.383999996,0,3061655.04,1,2,5,1
34,8,11,ok,12032,35591068.339199997,2439512.0639999998,30044824.550399996,0,3106731.7248,1,1,11,1
34,8,12,ok,11008,35672301.465599999,2434793.4719999996,30101523.148800001,0,3135984.8448000001,1,2,6,1
34,8,13,ok,10240,36082109.440000005,2453667.8399999999,30436831.027200006,0,3191610.5728000002,1,1,13,1
34,8,14,ok,9472,36097627.596799999,2444230.6559999995,30437807.7696,0,3215589.1712000007,1,2,7,1
34,8,15,ok,8960,36704580.480000004,2477260.7999999998,30940281.215999998,0,3287038.4640000002,1,1,15,1
34,8,16,ok,8192,35356973.465600006,2415919.1039999998,29688057.036800005,0,3252997.3248000001,1,2,8,1
34,16,1,ok,262144,68639565.414399996,4831838.2079999996,58372089.446400002,0,5435637.7599999998,1,1,1,1
34,16,2,ok,131072,68706480.947200015,4831838.2079999996,58404477.337600008,0,5470165.4016000004,1,1,2,1
34,16,3,ok,87552,69064891.545599997,4841275.392,58708374.067199998,0,5515242.0864000004,1,1,3,1
34,16,4,ok,65536,68840312.012800008,4831838.2079999996,58469253.120000005,0,5539220.6847999999,1,2,2,1
34,16,5,ok,52736,69621647.615999997,4860149.7599999998,59156102.399999991,0,5605395.4560000002,1,1,5,1
34,16,6,ok,43776,69265638.143999994,4841275.392,58805537.740799993,0,5618825.0112000005,1,2,3,1
34,16,7,ok,37888,70790029.004800007,4888461.311999999,60195469.824000001,0,5706097.8688000003,1,1,7,1
34,16,8,ok,32768,69107974.143999994,4831838.2079999996,58598804.684799999,0,5677331.2511999998,1,2,4,1
34,16,9,ok,29184,69466384.742400005,4841275.392,58902701.414399996,0,5722407.9360000007,1,1,9,1
34,16,10,ok,26368,69956225.279999986,4860149.7599999998,59318041.855999991,0,5778033.6640000008,1,2,5,1
34,16,11,ok,24064,70446065.817599997,4879024.1279999996,59733382.297599994,0,5833659.392,1,1,11,1
34,16,12,ok,21888,69667131.340800002,4841275.392,58999865.088,0,5825990.8607999999,1,4,3,1
34,16,13,ok,20480,71294316.953600004,4907335.6799999997,60452619.468800008,0,5934361.804800001,1,1,13,1
34,16,14,ok,18944,71258437.734400004,4888461.311999999,60422185.062400006,0,5947791.3599999994,1,2,7,1
34,16,15,ok,17920,72405427.967999995,4954521.5999999996,61394744.063999988,0,6056162.3040000005,1,1,15,1
34,16,16,ok,16384,69643298.40640001,4831838.2079999996,58857907.814400002,0,5953552.3839999996,1,4,4,1
34,32,1,ok,524288,137212215.296,9663676.4159999993,116711791.0016,0,10836747.8784,1,1,1,1
34,32,2,ok,262144,137279130.82879999,9663676.4159999993,116744178.8928,0,10871275.52,1,1,2,1
34,32,3,ok,175104,137929036.4928,9682550.784,117319584.46079998,0,10926901.248,1,1,3,1
34,32,4,ok,131072,137412961.89440003,9663676.4159999993,116808954.67520002,0,10940330.803200001,1,2,2,1
34,32,5,ok,105472,138908717.56799999,9720299.5199999996,118150265.344,0,11038152.704,1,1,5,1
34,32,6,ok,87552,138129783.09119999,9682550.784,117416748.1344,0,11030484.172800001,1,2,3,1
34,32,7,ok,75776,141111649.28000003,9776922.623999998,120164224.40960002,0,11170502.246400002,1,1,7,1
34,32,8,ok,65536,137680624.02560002,9663676.4159999993,116938506.24000001,0,11078441.3696,1,2,4,1
34,32,9,ok,58368,138330529.68959999,9682550.784,117513911.80799997,0,11134067.097600002,1,1,9,1
34,32,10,ok,52736,139243295.23199999,9720299.5199999996,118312204.79999998,0,11210790.912,1,2,5,1
34,32,11,ok,48128,140156060.7744,9758048.2559999991,119110497.79199998,0,11287514.726400001,1,1,11,1
34,32,12,ok,43776,138531276.28799999,9682550.784,117611075.48159999,0,11237650.022400001,1,4,3,1
34,32,13,ok,40960,141718731.9808,9814671.3599999994,120484196.352,0,11419864.2688,1,1,13,1
34,32,14,ok,37888,141580058.00960001,9776922.623999998,120390939.648,0,11412195.737600001,1,2,7,1
34,32,15,ok,35840,143807122.94400004,9909043.1999999993,122303669.76000001,0,11594409.984000001,1,1,15,1
34,32,16,ok,32768,138215948.28799999,9663676.4159999993,117197609.3696,0,11354662.5024,1,4,4,1
34,64,1,ok,1048576,274357515.05919999,19327352.831999999,233391194.11199999,0,21638968.115200002,1,1,1,1
34,64,2,ok,524288,274424430.59200001,19327352.831999999,233423582.00319999,0,21673495.7568,1,1,2,1
34,64,3,ok,350208,275657326.3872,19365101.568,234542005.24799997,0,21750219.571200002,1,1,3,1
34,64,4,ok,262144,274558261.65759999,19327352.831999999,233488357.78560001,0,21742551.039999999,1,2,2,1
34,64,5,ok,210944,277482857.47199994,19440599.039999999,236138591.23199996,0,21903667.200000003,1,1,5,1
34,64,6,ok,175104,275858072.98559999,19365101.568,234639168.92159995,0,21853802.495999999,1,2,3,1
34,64,7,ok,151552,281754889.83040005,19553845.247999996,240101733.58080006,0,22099311.001599997,1,1,7,1
34,64,8,ok,131072,274825923.78880006,19327352.831999999,233617909.35040003,0,21880661.606400002,1,2,4,1
34,64,9,ok,116736,276058819.58399993,19365101.568,234736332.59519997,0,21957385.4208,1,1,9,1
34,64,10,ok,105472,277817435.13599998,19440599.039999999,236300530.68799999,0,22076305.408,1,2,5,1
34,64,11,ok,96256,279576050.68799996,19516096.511999998,237864728.78079998,0,22195225.395200003,1,1,11,1
34,64,12,ok,87552,276259566.18239999,19365101.568,234833496.26879999,0,22060968.345600002,1,4,3,1
34,64,13,ok,81920,282567562.03520006,19629342.719999999,240547350.11840004,0,22390869.196800001,1,1,13,1
34,64,14,ok,75776,282223298.56000006,19553845.247999996,240328448.81920004,0,22341004.492800005,1,2,7,1
34,64,15,ok,71680,286610512.89600003,19818086.399999999,244121521.15199998,0,22670905.344000001,1,1,15,1
34,64,16,ok,65536,275361248.05120003,19327352.831999999,233877012.48000002,0,22156882.7392,1,4,4,1
35,1,1,ok,512,2860.6464000000001,2860.6464000000001,0,0,0,1,1,1,1
35,1,2,ok,256,2860.6464000000001,2860.6464000000001,0,0,0,1,1,2,1
35,1,3,ok,171,2866.2336,2866.2336,0,0,0,3,1,1,1
35,1,4,ok,128,2860.6464000000001,2860.6464000000001,0,0,0,2,1,2,1
35,1,5,ok,103,2877.4080000000004,2877.4080000000004,0,0,0,5,1,1,1
35,1,6,ok,86,2866.2336,2866.2336,0,0,0,3,1,2,1
35,1,7,ok,74,2894.1696000000002,2894.1696000000002,0,0,0,7,1,1,1
35,1,8,ok,64,2860.6464000000001,2860.6464000000001,0,0,0,2,1,4,1
35,1,9,ok,57,2866.2336,2866.2336,0,0,0,9,1,1,1
35,1,10,ok,52,2877.4080000000004,2877.4080000000004,0,0,0,5,1,2,1
35,1,11,ok,47,2888.5824000000002,2888.5824000000002,0,0,0,11,1,1,1
35,1,12,ok,43,2866.2336,2866.2336,0,0,0,3,1,4,1
35,1,13,ok,40,2905.3440000000001,2905.3440000000001,0,0,0,1,1,13,1
35,1,14,ok,37,2894.1696000000002,2894.1696000000002,0,0,0,7,1,2,1
35,1,15,ok,35,2911.0185000000001,2911.0185000000001,0,0,0,3,1,5,1
35,1,16,ok,32,2860.6464000000001,2860.6464000000001,0,0,0,4,1,4,1
35,2,1,ok,1024,5721.2928000000002,5721.2928000000002,0,0,0,1,1,1,1
35,2,2,ok,512,5721.2928000000002,5721.2928000000002,0,0,0,1,1,2,1
35,2,3,ok,342,5732.4672,5732.4672,0,0,0,3,1,1,1
35,2,4,ok,256,5721.2928000000002,5721.2928000000002,0,0,0,1,2,2,1
35,2,5,ok,206,5754.8160000000007,5754.8160000000007,0,0,0,5,1,1,1
35,2,6,ok,171,5732.4672,5732.4672,0,0,0,3,1,2,1
35,2,7,ok,148,5788.3392000000003,5788.3392000000003,0,0,0,7,1,1,1
35,2,8,ok,128,5721.2928000000002,5721.2928000000002,0,0,0,1,2,4,1
35,2,9,ok,114,5732.4672,5732.4672,0,0,0,9,1,1,1
35,2,10,ok,103,5754.8160000000007,5754.8160000000007,0,0,0,5,1,2,1
35,2,11,ok,94,5777.1648000000005,5777.1648000000005,0,0,0,11,1,1,1
35,2,12,ok,86,5732.4672,5732.4672,0,0,0,3,1,4,1
35,2,13,ok,80,5810.6880000000001,5810.6880000000001,0,0,0,1,1,13,1
35,2,14,ok,74,5788.3392000000003,5788.3392000000003,0,0,0,7,1,2,1
35,2,15,ok,70,5822.0370000000003,5822.0370000000003,0,0,0,3,1,5,1
35,2,16,ok,64,5721.2928000000002,5721.2928000000002,0,0,0,2,2,4,1
35,4,1,ok,2048,11442.5856,11442.5856,0,0,0,1,1,1,1
35,4,2,ok,1024,11442.5856,11442.5856,0,0,0,1,1,2,1
35,4,3,ok,684,11464.9344,11464.9344,0,0,0,3,1,1,1
35,4,4,ok,512,11442.5856,11442.5856,0,0,0,1,2,2,1
35,4,5,ok,412,11509.632000000001,11509.632000000001,0,0,0,5,1,1,1
35,4,6,ok,342,11464.9344,11464.9344,0,0,0,3,1,2,1
35,4,7,ok,296,11576.678400000001,11576.678400000001,0,0,0,7,1,1,1
35,4,8,ok,256,11442.5856,11442.5856,0,0,0,1,2,4,1
35,4,9,ok,228,11464.9344,11464.9344,0,0,0,9,1,1,1
35,4,10,ok,206,11509.632000000001,11509.632000000001,0,0,0,5,1,2,1
35,4,11,ok,188,11554.329600000001,11554.329600000001,0,0,0,11,1,1,1
35,4,12,ok,171,11464.9344,11464.9344,0,0,0,3,1,4,1
35,4,13,ok,160,11621.376,11621.376,0,0,0,1,1,13,1
35,4,14,ok,148,11576.678400000001,11576.678400000001,0,0,0,7,1,2,1
35,4,15,ok,139,11644.074000000001,11644.074000000001,0,0,0,3,1,5,1
35,4,16,ok,128,11442.5856,11442.5856,0,0,0,2,2,4,1
35,8,1,ok,4096,22885.171200000001,22885.171200000001,0,0,0,1,1,1,1
35,8,2,ok,2048,22885.171200000001,22885.171200000001,0,0,0,1,1,2,1
35,8,3,ok,1368,22929.8688,22929.8688,0,0,0,3,1,1,1
35,8,4,ok,1024,22885.171200000001,22885.171200000001,0,0,0,1,2,2,1
35,8,5,ok,824,23019.264000000003,23019.264000000003,0,0,0,5,1,1,1
35,8,6,ok,684,22929.8688,22929.8688,0,0,0,3,1,2,1
35,8,7,ok,592,23153.356800000001,23153.356800000001,0,0,0,7,1,1,1
35,8,8,ok,512,22885.171200000001,22885.171200000001,0,0,0,1,2,4,1
35,8,9,ok,456,22929.8688,22929.8688,0,0,0,9,1,1,1
35,8,10,ok,412,23019.264000000003,23019.264000000003,0,0,0,5,1,2,1
35,8,11,ok,376,23108.659200000002,23108.659200000002,0,0,0,11,1,1,1
35,8,12,ok,342,22929.8688,22929.8688,0,0,0,3,1,4,1
35,8,13,ok,320,23242.752,23242.752,0,0,0,1,1,13,1
35,8,14,ok,296,23153.356800000001,23153.356800000001,0,0,0,7,1,2,1
35,8,15,ok,278,23288.148000000001,23288.148000000001,0,0,0,3,1,5,1
35,8,16,ok,256,22885.171200000001,22885.171200000001,0,0,0,2,2,4,1
35,16,1,ok,8192,45770.342400000001,45770.342400000001,0,0,0,1,1,1,1
35,16,2,ok,4096,45770.342400000001,45770.342400000001,0,0,0,1,1,2,1
35,16,3,ok,2736,45859.7376,45859.7376,0,0,0,3,1,1,1
35,16,4,ok,2048,45770.342400000001,45770.342400000001,0,0,0,1,2,2,1
35,16,5,ok,1648,46038.528000000006,46038.528000000006,0,0,0,5,1,1,1
35,16,6,ok,1368,45859.7376,45859.7376,0,0,0,3,1,2,1
35,16,7,ok,1184,46306.713600000003,46306.713600000003,0,0,0,7,1,1,1
35,16,8,ok,1024,45770.342400000001,45770.342400000001,0,0,0,1,2,4,1
35,16,9,ok,912,45859.7376,45859.7376,0,0,0,9,1,1,1
35,16,10,ok,824,46038.528000000006,46038.528000000006,0,0,0,5,1,2,1
35,16,11,ok,752,46217.318400000004,46217.318400000004,0,0,0,11,1,1,1
35,16,12,ok,684,45859.7376,45859.7376,0,0,0,3,1,4,1
35,16,13,ok,640,46485.504000000001,46485.504000000001,0,0,0,1,1,13,1
35,16,14,ok,592,46306.713600000003,46306.713600000003,0,0,0,7,1,2,1
35,16,15,ok,556,46576.296000000002,46576.296000000002,0,0,0,3,1,5,1
35,16,16,ok,512,45770.342400000001,45770.342400000001,0,0,0,2,2,4,1
35,32,1,ok,16384,91540.684800000003,91540.684800000003,0,0,0,1,1,1,1
35,32,2,ok,8192,91540.684800000003,91540.684800000003,0,0,0,1,1,2,1
35,32,3,ok,5472,91719.475200000001,91719.475200000001,0,0,0,3,1,1,1
35,32,4,ok,4096,91540.684800000003,91540.684800000003,0,0,0,1,2,2,1
35,32,5,ok,3296,92077.056000000011,92077.056000000011,0,0,0,5,1,1,1
35,32,6,ok,2736,91719.475200000001,91719.475200000001,0,0,0,3,1,2,1
35,32,7,ok,2368,92613.427200000006,92613.427200000006,0,0,0,7,1,1,1
35,32,8,ok,2048,91540.684800000003,91540.684800000003,0,0,0,1,2,4,1
35,32,9,ok,1824,91719.475200000001,91719.475200000001,0,0,0,9,1,1,1
35,32,10,ok,1648,92077.056000000011,92077.056000000011,0,0,0,5,1,2,1
35,32,11,ok,1504,92434.636800000007,92434.636800000007,0,0,0,11,1,1,1
35,32,12,ok,1368,91719.475200000001,91719.475200000001,0,0,0,3,1,4,1
35,32,13,ok,1280,92971.008000000002,92971.008000000002,0,0,0,1,1,13,1
35,32,14,ok,1184,92613.427200000006,92613.427200000006,0,0,0,7,1,2,1
35,32,15,ok,1112,93152.592000000004,93152.592000000004,0,0,0,3,1,5,1
35,32,16,ok,1024,91540.684800000003,91540.684800000003,0,0,0,2,2,4,1
35,64,1,ok,32768,183081.36960000001,183081.36960000001,0,0,0,1,1,1,1
35,64,2,ok,16384,183081.36960000001,183081.36960000001,0,0,0,1,1,2,1
35,64,3,ok,10944,183438.9504,183438.9504,0,0,0,3,1,1,1
35,64,4,ok,8192,183081.36960000001,183081.36960000001,0,0,0,1,2,2,1
35,64,5,ok,6592,184154.11200000002,184154.11200000002,0,0,0,5,1,1,1
35,64,6,ok,5472,183438.9504,183438.9504,0,0,0,3,1,2,1
35,64,7,ok,4736,185226.85440000001,185226.85440000001,0,0,0,7,1,1,1
35,64,8,ok,4096,183081.36960000001,183081.36960000001,0,0,0,1,2,4,1
35,64,9,ok,3648,183438.9504,183438.9504,0,0,0,9,1,1,1
35,64,10,ok,3296,184154.11200000002,184154.11200000002,0,0,0,5,1,2,1
35,64,11,ok,3008,184869.27360000001,184869.27360000001,0,0,0,11,1,1,1
35,64,12,ok,2736,183438.9504,183438.9504,0,0,0,3,1,4,1
35,64,13,ok,2560,185942.016,185942.016,0,0,0,1,1,13,1
35,64,14,ok,2368,185226.85440000001,185226.85440000001,0,0,0,7,1,2,1
35,64,15,ok,2223,186305.18400000001,186305.18400000001,0,0,0,3,1,5,1
35,64,16,ok,2048,183081.36960000001,183081.36960000001,0,0,0,2,2,4,1
36,1,1,ok,16384,4587387.2896000007,301989.88799999998,3913300.3776000002,0,372097.02399999998,1,1,1,1
36,1,2,ok,8192,4630011.9040000001,301989.88799999998,3921397.3503999999,0,406624.66560000001,1,1,2,1
36,1,3,ok,5472,4691360.7648,302579.712,3946969.4303999995,0,441811.62240000005,1,1,3,1
36,1,4,ok,4096,4715261.1328000007,301989.88799999998,3937591.2960000001,0,475679.94880000001,1,1,4,1
36,1,5,ok,3296,4804054.4159999993,303759.35999999999,3988109.52,0,512185.53600000008,1,1,5,1
36,1,6,ok,2752,4875407.3471999988,304349.18399999995,4023685.6703999997,0,547372.49280000001,1,1,6,1
36,1,7,ok,2368,4955480.4544000011,305528.83199999994,4066732.8576000002,0,583218.7648,1,1,7,1
36,1,8,ok,2048,4885759.590400001,301989.88799999998,3969979.1872000005,0,613790.51520000002,1,1,8,1
36,1,9,ok,1824,4947108.4511999991,302579.712,3995551.2671999987,0,648977.47200000007,1,1,9,1
36,1,10,ok,1664,5060778.3679999998,306708.47999999998,4065949.568,0,688120.32000000007,1,1,10,1
36,1,11,ok,1504,5087246.5247999998,304939.00799999997,4061637.5007999996,0,720670.01600000006,1,1,11,1
36,1,12,ok,1376,5131155.0336000007,304349.18399999995,4072267.5072000003,0,754538.34239999996,1,1,12,1
36,1,13,ok,1280,5218664.4224000005,306708.47999999998,4120252.6976000005,0,791703.24479999999,1,1,13,1
36,1,14,ok,1184,5253852.7552000005,305528.83199999994,4123411.6672,0,824912.25600000005,1,1,14,1
36,1,15,ok,1120,5367522.6720000003,309657.59999999998,4193809.9680000003,0,864055.10400000017,1,1,15,1
36,1,16,ok,1024,5306789.0688000005,301989.88799999998,4114787.5328000002,0,890011.64800000004,1,1,16,1
36,2,1,ok,32768,9132149.9648000021,603979.77599999995,7818503.7824000008,0,709666.40639999998,1,1,1,1
36,2,2,ok,16384,9174774.5792000014,603979.77599999995,7826600.7552000005,0,744194.04799999995,1,1,2,1
36,2,3,ok,10944,9254847.6864,605159.424,7869647.9423999991,0,780040.32000000007,1,1,3,1
36,2,4,ok,8192,9260023.8080000002,603979.77599999995,7842794.7007999998,0,813249.33120000002,1,2,2,1
36,2,5,ok,6592,9394985.7599999979,607518.71999999997,7935734.175999999,0,851732.86400000006,1,1,5,1
36,2,6,ok,5472,9382721.5296,605159.424,7893938.860799999,0,883623.2448000001,1,2,3,1
36,2,7,ok,4736,9612588.6080000009,611057.66399999987,8076786.9056000002,0,924744.03840000008,1,1,7,1
36,2,8,ok,4096,9430522.2656000014,603979.77599999995,7875182.5920000002,0,951359.89760000003,1,2,4,1
36,2,9,ok,3648,9510595.3728,605159.424,7918229.7791999988,0,987206.16960000014,1,1,9,1
36,2,10,ok,3296,9608108.8319999985,607518.71999999997,7976219.04,0,1024371.0720000002,1,2,5,1
36,2,11,ok,3008,9705622.2912000008,609878.01599999995,8034208.3007999994,0,1061535.9744000002,1,1,11,1
36,2,12,ok,2752,9750814.6943999976,608698.3679999999,8047371.3407999994,0,1094744.9856,1,2,6,1
36,2,13,ok,2560,9883208.8576000016,613416.95999999996,8135244.7488000011,0,1134547.1488000001,1,1,13,1
36,2,14,ok,2368,9910960.9088000022,611057.66399999987,8133465.7152000004,0,1166437.5296,1,2,7,1
36,2,15,ok,2240,10095676.128,619315.19999999995,8266165.3440000005,0,1210195.5840000003,1,1,15,1
36,2,16,ok,2048,9771519.1808000021,603979.77599999995,7939958.374400001,0,1227581.0304,1,2,8,1
36,4,1,ok,65536,17210078.003200002,1207959.5519999999,14617313.280000001,0,1384805.1712,1,1,1,1
36,4,2,ok,32768,17276993.535999998,1207959.5519999999,14649701.1712,0,1419332.8128,1,1,2,1
36,4,3,ok,21888,17416782.835200001,1210318.848,14749966.272,0,1456497.7152,1,1,3,1
36,4,4,ok,16384,17410824.601600002,1207959.5519999999,14714476.953600001,0,1488388.0959999999,1,1,4,1
36,4,5,ok,13184,17656345.151999999,1215037.4399999999,14910480.191999998,0,1530827.52,1,1,5,1
36,4,6,ok,11008,17836150.732799999,1217396.7359999998,15050761.5744,0,1567992.4224,1,1,6,1
36,4,7,ok,9472,18048813.7984,1222115.3279999997,15218903.8848,0,1607794.5856000003,1,1,7,1
36,4,8,ok,8192,17678486.732800003,1207959.5519999999,14844028.518400002,0,1626498.6624,1,1,8,1
36,4,9,ok,7296,17818276.031999998,1210318.848,14944293.619199999,0,1663663.5648000003,1,1,9,1
36,4,10,ok,6656,18155210.240000002,1226833.9199999999,15211724.288000001,0,1716652.0319999999,1,1,10,1
36,4,11,ok,6016,18163569.599999994,1219756.0319999999,15200545.676799998,0,1743267.8912,1,1,11,1
36,4,12,ok,5504,18237643.929599997,1217396.7359999998,15245088.921599999,0,1775158.2719999999,1,1,12,1
36,4,13,ok,5120,18476005.683200002,1226833.9199999999,15428936.806400003,0,1820234.9568,1,1,13,1
36,4,14,ok,4736,18517222.528000005,1222115.3279999997,15445619.123200003,0,1849488.0768000002,1,1,14,1
36,4,15,ok,4480,18854156.736000001,1238630.3999999999,15713049.791999999,0,1902476.544,1,1,15,1
36,4,16,ok,4096,18533941.248000003,1207959.5519999999,15423261.900800001,0,1902719.7952000001,1,1,16,1
36,8,1,ok,131072,34353240.473600008,2415919.1039999998,29202238.668800004,0,2735082.7008000002,1,1,1,1
36,8,2,ok,65536,34420156.006400004,2415919.1039999998,29234626.560000002,0,2769610.3424,1,1,2,1
36,8,3,ok,43776,34632819.071999997,2420637.696,29402768.870399997,0,2809412.5056000003,1,1,3,1
36,8,4,ok,32768,34553987.071999997,2415919.1039999998,29299402.342399999,0,2838665.6255999999,1,2,2,1
36,8,5,ok,26368,34978112.639999993,2430074.8799999999,29659020.927999996,0,2889016.8320000004,1,1,5,1
36,8,6,ok,21888,34833565.670400001,2420637.696,29499932.544,0,2912995.4304,1,2,3,1
36,8,7,ok,18944,35629218.867200002,2444230.6559999995,30211092.531200003,0,2973895.6799999997,1,1,7,1
36,8,8,ok,16384,34821649.203200005,2415919.1039999998,29428953.907200001,0,2976776.1919999998,1,2,4,1
36,8,9,ok,14592,35034312.26879999,2420637.696,29597096.217599992,0,3016578.3552000006,1,1,9,1
36,8,10,ok,13184,35312690.303999998,2430074.8799999999,29820960.383999996,0,3061655.04,1,2,5,1
36,8,11,ok,12032,35591068.339199997,2439512.0639999998,30044824.550399996,0,3106731.7248,1,1,11,1
36,8,12,ok,11008,35672301.465599999,2434793.4719999996,30101523.148800001,0,3135984.8448000001,1,2,6,1
36,8,13,ok,10240,36082109.440000005,2453667.8399999999,30436831.027200006,0,3191610.5728000002,1,1,13,1
36,8,14,ok,9472,36097627.596799999,2444230.6559999995,30437807.7696,0,3215589.1712000007,1,2,7,1
36,8,15,ok,8960,36704580.480000004,2477260.7999999998,30940281.215999998,0,3287038.4640000002,1,1,15,1
36,8,16,ok,8192,35356973.465600006,2415919.1039999998,29688057.036800005,0,3252997.3248000001,1,2,8,1
36,16,1,ok,262144,68639565.414399996,4831838.2079999996,58372089.446400002,0,5435637.7599999998,1,1,1,1
36,16,2,ok,131072,68706480.947200015,4831838.2079999996,58404477.337600008,0,5470165.4016000004,1,1,2,1
36,16,3,ok,87552,69064891.545599997,4841275.392,58708374.067199998,0,5515242.0864000004,1,1,3,1
36,16,4,ok,65536,68840312.012800008,4831838.2079999996,58469253.120000005,0,5539220.6847999999,1,2,2,1
36,16,5,ok,52736,69621647.615999997,4860149.7599999998,59156102.399999991,0,5605395.4560000002,1,1,5,1
36,16,6,ok,43776,69265638.143999994,4841275.392,58805537.740799993,0,5618825.0112000005,1,2,3,1
36,16,7,ok,37888,70790029.004800007,4888461.311999999,60195469.824000001,0,5706097.8688000003,1,1,7,1
36,16,8,ok,32768,69107974.143999994,4831838.2079999996,58598804.684799999,0,5677331.2511999998,1,2,4,1
36,16,9,ok,29184,69466384.742400005,4841275.392,58902701.414399996,0,5722407.9360000007,1,1,9,1
36,16,10,ok,26368,69956225.279999986,4860149.7599999998,59318041.855999991,0,5778033.6640000008,1,2,5,1
36,16,11,ok,24064,70446065.817599997,4879024.1279999996,59733382.297599994,0,5833659.392,1,1,11,1
36,16,12,ok,21888,69667131.340800002,4841275.392,58999865.088,0,5825990.8607999999,1,4,3,1
36,16,13,ok,20480,71294316.953600004,4907335.6799999997,60452619.468800008,0,5934361.804800001,1,1,13,1
36,16,14,ok,18944,71258437.734400004,4888461.311999999,60422185.062400006,0,5947791.3599999994,1,2,7,1
36,16,15,ok,17920,72405427.967999995,4954521.5999999996,61394744.063999988,0,6056162.3040000005,1,1,15,1
36,16,16,ok,16384,69643298.40640001,4831838.2079999996,58857907.814400002,0,5953552.3839999996,1,4,4,1
36,32,1,ok,524288,137212215.296,9663676.4159999993,116711791.0016,0,10836747.8784,1,1,1,1
36,32,2,ok,262144,137279130.82879999,9663676.4159999993,116744178.8928,0,10871275.52,1,1,2,1
36,32,3,ok,175104,137929036.4928,9682550.784,117319584.46079998,0,10926901.248,1,1,3,1
36,32,4,ok,131072,137412961.89440003,9663676.4159999993,116808954.67520002,0,10940330.803200001,1,2,2,1
36,32,5,ok,105472,138908717.56799999,9720299.5199999996,118150265.344,0,11038152.704,1,1,5,1
36,32,6,ok,87552,138129783.09119999,9682550.784,117416748.1344,0,11030484.172800001,1,2,3,1
36,32,7,ok,75776,141111649.28000003,9776922.623999998,120164224.40960002,0,11170502.246400002,1,1,7,1
36,32,8,ok,65536,137680624.02560002,9663676.4159999993,116938506.24000001,0,11078441.3696,1,2,4,1
36,32,9,ok,58368,138330529.68959999,9682550.784,117513911.80799997,0,11134067.097600002,1,1,9,1
36,32,10,ok,52736,139243295.23199999,9720299.5199999996,118312204.79999998,0,11210790.912,1,2,5,1
36,32,11,ok,48128,140156060.7744,9758048.2559999991,119110497.79199998,0,11287514.726400001,1,1,11,1
36,32,12,ok,43776,138531276.28799999,9682550.784,117611075.48159999,0,11237650.022400001,1,4,3,1
36,32,13,ok,40960,141718731.9808,9814671.3599999994,120484196.352,0,11419864.2688,1,1,13,1
36,32,14,ok,37888,141580058.00960001,9776922.623999998,120390939.648,0,11412195.737600001,1,2,7,1
36,32,15,ok,35840,143807122.94400004,9909043.1999999993,122303669.76000001,0,11594409.984000001,1,1,15,1
36,32,16,ok,32768,138215948.28799999,9663676.4159999993,117197609.3696,0,11354662.5024,1,4,4,1
36,64,1,ok,1048576,274357515.05919999,19327352.831999999,233391194.11199999,0,21638968.115200002,1,1,1,1
36,64,2,ok,524288,274424430.59200001,19327352.831999999,233423582.00319999,0,21673495.7568,1,1,2,1
36,64,3,ok,350208,275657326.3872,19365101.568,234542005.24799997,0,21750219.571200002,1,1,3,1
36,64,4,ok,262144,274558261.65759999,19327352.831999999,233488357.78560001,0,21742551.039999999,1,2,2,1
36,64,5,ok,210944,277482857.47199994,19440599.039999999,236138591.23199996,0,21903667.200000003,1,1,5,1
36,64,6,ok,175104,275858072.98559999,19365101.568,234639168.92159995,0,21853802.495999999,1,2,3,1
36,64,7,ok,151552,281754889.83040005,19553845.247999996,240101733.58080006,0,22099311.001599997,1,1,7,1
36,64,8,ok,131072,274825923.78880006,19327352.831999999,233617909.35040003,0,21880661.606400002,1,2,4,1
36,64,9,ok,116736,276058819.58399993,19365101.568,234736332.59519997,0,21957385.4208,1,1,9,1
36,64,10,ok,105472,277817435.13599998,19440599.039999999,236300530.68799999,0,22076305.408,1,2,5,1
36,64,11,ok,96256,279576050.68799996,19516096.511999998,237864728.78079998,0,22195225.395200003,1,1,11,1
36,64,12,ok,87552,276259566.18239999,19365101.568,234833496.26879999,0,22060968.345600002,1,4,3,1
36,64,13,ok,81920,282567562.03520006,19629342.719999999,240547350.11840004,0,22390869.196800001,1,1,13,1
36,64,14,ok,75776,282223298.56000006,19553845.247999996,240328448.81920004,0,22341004.492800005,1,2,7,1
36,64,15,ok,71680,286610512.89600003,19818086.399999999,244121521.15199998,0,22670905.344000001,1,1,15,1
36,64,16,ok,65536,275361248.05120003,19327352.831999999,233877012.48000002,0,22156882.7392,1,4,4,1
37,1,1,ok,512,2860.6464000000001,2860.6464000000001,0,0,0,1,1,1,1
37,1,2,ok,256,2860.6464000000001,2860.6464000000001,0,0,0,1,1,2,1
37,1,3,ok,171,2866.2336,2866.2336,0,0,0,3,1,1,1
37,1,4,ok,128,2860.6464000000001,2860.6464000000001,0,0,0,2,1,2,1
37,1,5,ok,103,2877.4080000000004,2877.4080000000004,0,0,0,5,1,1,1
37,1,6,ok,86,2866.2336,2866.2336,0,0,0,3,1,2,1
37,1,7,ok,74,2894.1696000000002,2894.1696000000002,0,0,0,7,1,1,1
37,1,8,ok,64,2860.6464000000001,2860.6464000000001,0,0,0,2,1,4,1
37,1,9,ok,57,2866.2336,2866.2336,0,0,0,9,1,1,1
37,1,10,ok,52,2877.4080000000004,2877.4080000000004,0,0,0,5,1,2,1
37,1,11,ok,47,2888.5824000000002,2888.5824000000002,0,0,0,11,1,1,1
37,1,12,ok,43,2866.2336,2866.2336,0,0,0,3,1,4,1
37,1,13,ok,40,2905.3440000000001,2905.3440000000001,0,0,0,1,1,13,1
37,1,14,ok,37,2894.1696000000002,2894.1696000000002,0,0,0,7,1,2,1
37,1,15,ok,35,2911.0185000000001,2911.0185000000001,0,0,0,3,1,5,1
37,1,16,ok,32,2860.6464000000001,2860.6464000000001,0,0,0,4,1,4,1
37,2,1,ok,1024,5721.2928000000002,5721.2928000000002,0,0,0,1,1,1,1
37,2,2,ok,512,5721.2928000000002,5721.2928000000002,0,0,0,1,1,2,1
37,2,3,ok,342,5732.4672,5732.4672,0,0,0,3,1,1,1
37,2,4,ok,256,5721.2928000000002,5721.2928000000002,0,0,0,1,2,2,1
37,2,5,ok,206,5754.8160000000007,5754.8160000000007,0,0,0,5,1,1,1
37,2,6,ok,171,5732.4672,5732.4672,0,0,0,3,1,2,1
37,2,7,ok,148,5788.3392000000003,5788.3392000000003,0,0,0,7,1,1,1
37,2,8,ok,128,5721.2928000000002,5721.2928000000002,0,0,0,1,2,4,1
37,2,9,ok,114,5732.4672,5732.4672,0,0,0,9,1,1,1
37,2,10,ok,103,5754.8160000000007,5754.8160000000007,0,0,0,5,1,2,1
37,2,11,ok,94,5777.1648000000005,5777.1648000000005,0,0,0,11,1,1,1
37,2,12,ok,86,5732.4672,5732.4672,0,0,0,3,1,4,1
37,2,13,ok,80,5810.6880000000001,5810.6880000000001,0,0,0,1,1,13,1
37,2,14,ok,74,5788.3392000000003,5788.3392000000003,0,0,0,7,1,2,1
37,2,15,ok,70,5822.0370000000003,5822.0370000000003,0,0,0,3,1,5,1
37,2,16,ok,64,5721.2928000000002,5721.2928000000002,0,0,0,2,2,4,1
37,4,1,ok,2048,11442.5856,11442.5856,0,0,0,1,1,1,1
37,4,2,ok,1024,11442.5856,11442.5856,0,0,0,1,1,2,1
37,4,3,ok,684,11464.9344,11464.9344,0,0,0,3,1,1,1
37,4,4,ok,512,11442.5856,11442.5856,0,0,0,1,2,2,1
37,4,5,ok,412,11509.632000000001,11509.632000000001,0,0,0,5,1,1,1
37,4,6,ok,342,11464.9344,11464.9344,0,0,0,3,1,2,1
37,4,7,ok,296,11576.678400000001,11576.678400000001,0,0,0,7,1,1,1
37,4,8,ok,256,11442.5856,11442.5856,0,0,0,1,2,4,1
37,4,9,ok,228,11464.9344,11464.9344,0,0,0,9,1,1,1
37,4,10,ok,206,11509.632000000001,11509.632000000001,0,0,0,5,1,2,1
37,4,11,ok,188,11554.329600000001,11554.329600000001,0,0,0,11,1,1,1
37,4,12,ok,171,11464.9344,11464.9344,0,0,0,3,1,4,1
37,4,13,ok,160,11621.376,11621.376,0,0,0,1,1,13,1
37,4,14,ok,148,11576.678400000001,11576.678400000001,0,0,0,7,1,2,1
37,4,15,ok,139,11644.074000000001,11644.074000000001,0,0,0,3,1,5,1
37,4,16,ok,128,11442.5856,11442.5856,0,0,0,2,2,4,1
37,8,1,ok,4096,22885.171200000001,22885.171200000001,0,0,0,1,1,1,1
37,8,2,ok,2048,22885.171200000001,22885.171200000001,0,0,0,1,1,2,1
37,8,3,ok,1368,22929.8688,22929.8688,0,0,0,3,1,1,1
37,8,4,ok,1024,22885.171200000001,22885.171200000001,0,0,0,1,2,2,1
37,8,5,ok,824,23019.264000000003,23019.264000000003,0,0,0,5,1,1,1
37,8,6,ok,684,22929.8688,22929.8688,0,0,0,3,1,2,1
37,8,7,ok,592,23153.356800000001,23153.356800000001,0,0,0,7,1,1,1
37,8,8,ok,512,22885.171200000001,22885.171200000001,0,0,0,1,2,4,1
37,8,9,ok,456,22929.8688,22929.8688,0,0,0,9,1,1,1
37,8,10,ok,412,23019.264000000003,23019.264000000003,0,0,0,5,1,2,1
37,8,11,ok,376,23108.659200000002,23108.659200000002,0,0,0,11,1,1,1
37,8,12,ok,342,22929.8688,22929.8688,0,0,0,3,1,4,1
37,8,13,ok,320,23242.752,23242.752,0,0,0,1,1,13,1
37,8,14,ok,296,23153.356800000001,23153.356800000001,0,0,0,7,1,2,1
37,8,15,ok,278,23288.148000000001,23288.148000000001,0,0,0,3,1,5,1
37,8,16,ok,256,22885.171200000001,22885.171200000001,0,0,0,2,2,4,1
37,16,1,ok,8192,45770.342400000001,45770.342400000001,0,0,0,1,1,1,1
37,16,2,ok,4096,45770.342400000001,45770.342400000001,0,0,0,1,1,2,1
37,16,3,ok,2736,45859.7376,45859.7376,0,0,0,3,1,1,1
37,16,4,ok,2048,45770.342400000001,45770.342400000001,0,0,0,1,2,2,1
37,16,5,ok,1648,46038.528000000006,46038.528000000006,0,0,0,5,1,1,1
37,16,6,ok,1368,45859.7376,45859.7376,0,0,0,3,1,2,1
37,16,7,ok,1184,46306.713600000003,46306.713600000003,0,0,0,7,1,1,1
37,16,8,ok,1024,45770.342400000001,45770.342400000001,0,0,0,1,2,4,1
37,16,9,ok,912,45859.7376,45859.7376,0,0,0,9,1,1,1
37,16,10,ok,824,46038.528000000006,46038.528000000006,0,0,0,5,1,2,1
37,16,11,ok,752,46217.318400000004,46217.318400000004,0,0,0,11,1,1,1
37,16,12,ok,684,45859.7376,45859.7376,0,0,0,3,1,4,1
37,16,13,ok,640,46485.504000000001,46485.504000000001,0,0,0,1,1,13,1
37,16,14,ok,592,46306.713600000003,46306.713600000003,0,0,0,7,1,2,1
37,16,15,ok,556,46576.296000000002,46576.296000000002,0,0,0,3,1,5,1
37,16,16,ok,512,45770.342400000001,45770.342400000001,0,0,0,2,2,4,1
37,32,1,ok,16384,91540.684800000003,91540.684800000003,0,0,0,1,1,1,1
37,32,2,ok,8192,91540.684800000003,91540.684800000003,0,0,0,1,1,2,1
37,32,3,ok,5472,91719.475200000001,91719.475200000001,0,0,0,3,1,1,1
37,32,4,ok,4096,91540.684800000003,91540.684800000003,0,0,0,1,2,2,1
37,32,5,ok,3296,92077.056000000011,92077.056000000011,0,0,0,5,1,1,1
37,32,6,ok,2736,91719.475200000001,91719.475200000001,0,0,0,3,1,2,1
37,32,7,ok,2368,92613.427200000006,92613.427200000006,0,0,0,7,1,1,1
37,32,8,ok,2048,91540.684800000003,91540.684800000003,0,0,0,1,2,4,1
37,32,9,ok,1824,91719.475200000001,91719.475200000001,0,0,0,9,1,1,1
37,32,10,ok,1648,92077.056000000011,92077.056000000011,0,0,0,5,1,2,1
37,32,11,ok,1504,92434.636800000007,92434.636800000007,0,0,0,11,1,1,1
37,32,12,ok,1368,91719.475200000001,91719.475200000001,0,0,0,3,1,4,1
37,32,13,ok,1280,92971.008000000002,92971.008000000002,0,0,0,1,1,13,1
37,32,14,ok,1184,92613.427200000006,92613.427200000006,0,0,0,7,1,2,1
37,32,15,ok,1112,93152.592000000004,93152.592000000004,0,0,0,3,1,5,1
37,32,16,ok,1024,91540.684800000003,91540.684800000003,0,0,0,2,2,4,1
37,64,1,ok,32768,183081.36960000001,183081.36960000001,0,0,0,1,1,1,1
37,64,2,ok,16384,183081.36960000001,183081.36960000001,0,0,0,1,1,2,1
37,64,3,ok,10944,183438.9504,183438.9504,0,0,0,3,1,1,1
37,64,4,ok,8192,183081.36960000001,183081.36960000001,0,0,0,1,2,2,1
37,64,5,ok,6592,184154.11200000002,184154.11200000002,0,0,0,5,1,1,1
37,64,6,ok,5472,183438.9504,183438.9504,0,0,0,3,1,2,1
37,64,7,ok,4736,185226.85440000001,185226.85440000001,0,0,0,7,1,1,1
37,64,8,ok,4096,183081.36960000001,183081.36960000001,0,0,0,1,2,4,1
37,64,9,ok,3648,183438.9504,183438.9504,0,0,0,9,1,1,1
37,64,10,ok,3296,184154.11200000002,184154.11200000002,0,0,0,5,1,2,1
37,64,11,ok,3008,184869.27360000001,184869.27360000001,0,0,0,11,1,1,1
37,64,12,ok,2736,183438.9504,183438.9504,0,0,0,3,1,4,1
37,64,13,ok,2560,185942.016,185942.016,0,0,0,1,1,13,1
37,64,14,ok,2368,185226.85440000001,185226.85440000001,0,0,0,7,1,2,1
37,64,15,ok,2223,186305.18400000001,186305.18400000001,0,0,0,3,1,5,1
37,64,16,ok,2048,183081.36960000001,183081.36960000001,0,0,0,2,2,4,1
38,1,1,ok,16384,4587387.2896000007,301989.88799999998,3913300.3776000002,0,372097.02399999998,1,1,1,1
38,1,2,ok,8192,4630011.9040000001,301989.88799999998,3921397.3503999999,0,406624.66560000001,1,1,2,1
38,1,3,ok,5472,4691360.7648,302579.712,3946969.4303999995,0,441811.62240000005,1,1,3,1
38,1,4,ok,4096,4715261.1328000007,301989.88799999998,3937591.2960000001,0,475679.94880000001,1,1,4,1
38,1,5,ok,3296,4804054.4159999993,303759.35999999999,3988109.52,0,512185.53600000008,1,1,5,1
38,1,6,ok,2752,4875407.3471999988,304349.18399999995,4023685.6703999997,0,547372.49280000001,1,1,6,1
38,1,7,ok,2368,4955480.4544000011,305528.83199999994,4066732.8576000002,0,583218.7648,1,1,7,1
38,1,8,ok,2048,4885759.590400001,301989.88799999998,3969979.1872000005,0,613790.51520000002,1,1,8,1
38,1,9,ok,1824,4947108.4511999991,302579.712,3995551.2671999987,0,648977.47200000007,1,1,9,1
38,1,10,ok,1664,5060778.3679999998,306708.47999999998,4065949.568,0,688120.32000000007,1,1,10,1
38,1,11,ok,1504,5087246.5247999998,304939.00799999997,4061637.5007999996,0,720670.01600000006,1,1,11,1
38,1,12,ok,1376,5131155.0336000007,304349.18399999995,4072267.5072000003,0,754538.34239999996,1,1,12,1
38,1,13,ok,1280,5218664.4224000005,306708.47999999998,4120252.6976000005,0,791703.24479999999,1,1,13,1
38,1,14,ok,1184,5253852.7552000005,305528.83199999994,4123411.6672,0,824912.25600000005,1,1,14,1
38,1,15,ok,1120,5367522.6720000003,309657.59999999998,4193809.9680000003,0,864055.10400000017,1,1,15,1
38,1,16,ok,1024,5306789.0688000005,301989.88799999998,4114787.5328000002,0,890011.64800000004,1,1,16,1
38,2,1,ok,32768,9132149.9648000021,603979.77599999995,7818503.7824000008,0,709666.40639999998,1,1,1,1
38,2,2,ok,16384,9174774.5792000014,603979.77599999995,7826600.7552000005,0,744194.04799999995,1,1,2,1
38,2,3,ok,10944,9254847.6864,605159.424,7869647.9423999991,0,780040.32000000007,1,1,3,1
38,2,4,ok,8192,9260023.8080000002,603979.77599999995,7842794.7007999998,0,813249.33120000002,1,2,2,1
38,2,5,ok,6592,9394985.7599999979,607518.71999999997,7935734.175999999,0,851732.86400000006,1,1,5,1
38,2,6,ok,5472,9382721.5296,605159.424,7893938.860799999,0,883623.2448000001,1,2,3,1
38,2,7,ok,4736,9612588.6080000009,611057.66399999987,8076786.9056000002,0,924744.03840000008,1,1,7,1
38,2,8,ok,4096,9430522.2656000014,603979.77599999995,7875182.5920000002,0,951359.89760000003,1,2,4,1
38,2,9,ok,3648,9510595.3728,605159.424,7918229.7791999988,0,987206.16960000014,1,1,9,1
38,2,10,ok,3296,9608108.8319999985,607518.71999999997,7976219.04,0,1024371.0720000002,1,2,5,1
38,2,11,ok,3008,9705622.2912000008,609878.01599999995,8034208.3007999994,0,1061535.9744000002,1,1,11,1
38,2,12,ok,2752,9750814.6943999976,608698.3679999999,8047371.3407999994,0,1094744.9856,1,2,6,1
38,2,13,ok,2560,9883208.8576000016,613416.95999999996,8135244.7488000011,0,1134547.1488000001,1,1,13,1
38,2,14,ok,2368,9910960.9088000022,611057.66399999987,8133465.7152000004,0,1166437.5296,1,2,7,1
38,2,15,ok,2240,10095676.128,619315.19999999995,8266165.3440000005,0,1210195.5840000003,1,1,15,1
38,2,16,ok,2048,9771519.1808000021,603979.77599999995,7939958.374400001,0,1227581.0304,1,2,8,1
38,4,1,ok,65536,17210078.003200002,1207959.5519999999,14617313.280000001,0,1384805.1712,1,1,1,1
38,4,2,ok,32768,17276993.535999998,1207959.5519999999,14649701.1712,0,1419332.8128,1,1,2,1
38,4,3,ok,21888,17416782.835200001,1210318.848,14749966.272,0,1456497.7152,1,1,3,1
38,4,4,ok,16384,17410824.601600002,1207959.5519999999,14714476.953600001,0,1488388.0959999999,1,1,4,1
38,4,5,ok,13184,17656345.151999999,1215037.4399999999,14910480.191999998,0,1530827.52,1,1,5,1
38,4,6,ok,11008,17836150.732799999,1217396.7359999998,15050761.5744,0,1567992.4224,1,1,6,1
38,4,7,ok,9472,18048813.7984,1222115.3279999997,15218903.8848,0,1607794.5856000003,1,1,7,1
38,4,8,ok,8192,17678486.732800003,1207959.5519999999,14844028.518400002,0,1626498.6624,1,1,8,1
38,4,9,ok,7296,17818276.031999998,1210318.848,14944293.619199999,0,1663663.5648000003,1,1,9,1
38,4,10,ok,6656,18155210.240000002,1226833.9199999999,15211724.288000001,0,1716652.0319999999,1,1,10,1
38,4,11,ok,6016,18163569.599999994,1219756.0319999999,15200545.676799998,0,1743267.8912,1,1,11,1
38,4,12,ok,5504,18237643.929599997,1217396.7359999998,15245088.921599999,0,1775158.2719999999,1,1,12,1
38,4,13,ok,5120,18476005.683200002,1226833.9199999999,15428936.806400003,0,1820234.9568,1,1,13,1
38,4,14,ok,4736,18517222.528000005,1222115.3279999997,15445619.123200003,0,1849488.0768000002,1,1,14,1
38,4,15,ok,4480,18854156.736000001,1238630.3999999999,15713049.791999999,0,1902476.544,1,1,15,1
38,4,16,ok,4096,18533941.248000003,1207959.5519999999,15423261.900800001,0,1902719.7952000001,1,1,16,1
38,8,1,ok,131072,34353240.473600008,2415919.1039999998,29202238.668800004,0,2735082.7008000002,1,1,1,1
38,8,2,ok,65536,34420156.006400004,2415919.1039999998,29234626.560000002,0,2769610.3424,1,1,2,1
38,8,3,ok,43776,34632819.071999997,2420637.696,29402768.870399997,0,2809412.5056000003,1,1,3,1
38,8,4,ok,32768,34553987.071999997,2415919.1039999998,29299402.342399999,0,2838665.6255999999,1,2,2,1
38,8,5,ok,26368,34978112.639999993,2430074.8799999999,29659020.927999996,0,2889016.8320000004,1,1,5,1
38,8,6,ok,21888,34833565.670400001,2420637.696,29499932.544,0,2912995.4304,1,2,3,1
38,8,7,ok,18944,35629218.867200002,2444230.6559999995,30211092.531200003,0,2973895.6799999997,1,1,7,1
38,8,8,ok,16384,34821649.203200005,2415919.1039999998,29428953.907200001,0,2976776.1919999998,1,2,4,1
38,8,9,ok,14592,35034312.26879999,2420637.696,29597096.217599992,0,3016578.3552000006,1,1,9,1
38,8,10,ok,13184,35312690.303999998,2430074.8799999999,29820960.383999996,0,3061655.04,1,2,5,1
38,8,11,ok,12032,35591068.339199997,2439512.0639999998,30044824.550399996,0,3106731.7248,1,1,11,1
38,8,12,ok,11008,35672301.465599999,2434793.4719999996,30101523.148800001,0,3135984.8448000001,1,2,6,1
38,8,13,ok,10240,36082109.440000005,2453667.8399999999,30436831.027200006,0,3191610.5728000002,1,1,13,1
38,8,14,ok,9472,36097627.596799999,2444230.6559999995,30437807.7696,0,3215589.1712000007,1,2,7,1
38,8,15,ok,8960,36704580.480000004,2477260.7999999998,30940281.215999998,0,3287038.4640000002,1,1,15,1
38,8,16,ok,8192,35356973.465600006,2415919.1039999998,29688057.036800005,0,3252997.3248000001,1,2,8,1
38,16,1,ok,262144,68639565.414399996,4831838.2079999996,58372089.446400002,0,5435637.7599999998,1,1,1,1
38,16,2,ok,131072,68706480.947200015,4831838.2079999996,58404477.337600008,0,5470165.4016000004,1,1,2,1
38,16,3,ok,87552,69064891.545599997,4841275.392,58708374.067199998,0,5515242.0864000004,1,1,3,1
38,16,4,ok,65536,68840312.012800008,4831838.2079999996,58469253.120000005,0,5539220.6847999999,1,2,2,1
38,16,5,ok,52736,69621647.615999997,4860149.7599999998,59156102.399999991,0,5605395.4560000002,1,1,5,1
38,16,6,ok,43776,69265638.143999994,4841275.392,58805537.740799993,0,5618825.0112000005,1,2,3,1
38,16,7,ok,37888,70790029.004800007,4888461.311999999,60195469.824000001,0,5706097.8688000003,1,1,7,1
38,16,8,ok,32768,69107974.143999994,4831838.2079999996,58598804.684799999,0,5677331.2511999998,1,2,4,1
38,16,9,ok,29184,69466384.742400005,4841275.392,58902701.414399996,0,5722407.9360000007,1,1,9,1
38,16,10,ok,26368,69956225.279999986,4860149.7599999998,59318041.855999991,0,5778033.6640000008,1,2,5,1
38,16,11,ok,24064,70446065.817599997,4879024.1279999996,59733382.297599994,0,5833659.392,1,1,11,1
38,16,12,ok,21888,69667131.340800002,4841275.392,58999865.088,0,5825990.8607999999,1,4,3,1
38,16,13,ok,20480,71294316.953600004,4907335.6799999997,60452619.468800008,0,5934361.804800001,1,1,13,1
38,16,14,ok,18944,71258437.734400004,4888461.311999999,60422185.062400006,0,5947791.3599999994,1,2,7,1
38,16,15,ok,17920,72405427.967999995,4954521.5999999996,61394744.063999988,0,6056162.3040000005,1,1,15,1
38,16,16,ok,16384,69643298.40640001,4831838.2079999996,58857907.814400002,0,5953552.3839999996,1,4,4,1
38,32,1,ok,524288,137212215.296,9663676.4159999993,116711791.0016,0,10836747.8784,1,1,1,1
38,32,2,ok,262144,137279130.82879999,9663676.4159999993,116744178.8928,0,10871275.52,1,1,2,1
38,32,3,ok,175104,137929036.4928,9682550.784,117319584.46079998,0,10926901.248,1,1,3,1
38,32,4,ok,131072,137412961.89440003,9663676.4159999993,116808954.67520002,0,10940330.803200001,1,2,2,1
38,32,5,ok,105472,138908717.56799999,9720299.5199999996,118150265.344,0,11038152.704,1,1,5,1
38,32,6,ok,87552,138129783.09119999,9682550.784,117416748.1344,0,11030484.172800001,1,2,3,1
38,32,7,ok,75776,141111649.28000003,9776922.623999998,120164224.40960002,0,11170502.246400002,1,1,7,1
38,32,8,ok,65536,137680624.02560002,9663676.4159999993,116938506.24000001,0,11078441.3696,1,2,4,1
38,32,9,ok,58368,138330529.68959999,9682550.784,117513911.80799997,0,11134067.097600002,1,1,9,1
38,32,10,ok,52736,139243295.23199999,9720299.5199999996,118312204.79999998,0,11210790.912,1,2,5,1
38,32,11,ok,48128,140156060.7744,9758048.2559999991,119110497.79199998,0,11287514.726400001,1,1,11,1
38,32,12,ok,43776,138531276.28799999,9682550.784,117611075.48159999,0,11237650.022400001,1,4,3,1
38,32,13,ok,40960,141718731.9808,9814671.3599999994,120484196.352,0,11419864.2688,1,1,13,1
38,32,14,ok,37888,141580058.00960001,9776922.623999998,120390939.648,0,11412195.737600001,1,2,7,1
38,32,15,ok,35840,143807122.94400004,9909043.1999999993,122303669.76000001,0,11594409.984000001,1,1,15,1
38,32,16,ok,32768,138215948.28799999,9663676.4159999993,117197609.3696,0,11354662.5024,1,4,4,1
38,64,1,ok,1048576,274357515.05919999,19327352.831999999,233391194.11199999,0,21638968.115200002,1,1,1,1
38,64,2,ok,524288,274424430.59200001,19327352.831999999,233423582.00319999,0,21673495.7568,1,1,2,1
38,64,3,ok,350208,275657326.3872,19365101.568,234542005.24799997,0,21750219.571200002,1,1,3,1
38,64,4,ok,262144,274558261.65759999,19327352.831999999,233488357.78560001,0,21742551.039999999,1,2,2,1
38,64,5,ok,210944,277482857.47199994,19440599.039999999,236138591.23199996,0,21903667.200000003,1,1,5,1
38,64,6,ok,175104,275858072.98559999,19365101.568,234639168.92159995,0,21853802.495999999,1,2,3,1
38,64,7,ok,151552,281754889.83040005,19553845.247999996,240101733.58080006,0,22099311.001599997,1,1,7,1
38,64,8,ok,131072,274825923.78880006,19327352.831999999,233617909.35040003,0,21880661.606400002,1,2,4,1
38,64,9,ok,116736,276058819.58399993,19365101.568,234736332.59519997,0,21957385.4208,1,1,9,1
38,64,10,ok,105472,277817435.13599998,19440599.039999999,236300530.68799999,0,22076305.408,1,2,5,1
38,64,11,ok,96256,279576050.68799996,19516096.511999998,237864728.78079998,0,22195225.395200003,1,1,11,1
38,64,12,ok,87552,276259566.18239999,19365101.568,234833496.26879999,0,22060968.345600002,1,4,3,1
38,64,13,ok,81920,282567562.03520006,19629342.719999999,240547350.11840004,0,22390869.196800001,1,1,13,1
38,64,14,ok,75776,282223298.56000006,19553845.247999996,240328448.81920004,0,22341004.492800005,1,2,7,1
38,64,15,ok,71680,286610512.89600003,19818086.399999999,244121521.15199998,0,22670905.344000001,1,1,15,1
38,64,16,ok,65536,275361248.05120003,19327352.831999999,233877012.48000002,0,22156882.7392,1,4,4,1
39,1,1,ok,512,2860.6464000000001,2860.6464000000001,0,0,0,1,1,1,1
39,1,2,ok,256,2860.6464000000001,2860.6464000000001,0,0,0,1,1,2,1
39,1,3,ok,171,2866.2336,2866.2336,0,0,0,3,1,1,1
39,1,4,ok,128,2860.6464000000001,2860.6464000000001,0,0,0,2,1,2,1
39,1,5,ok,103,2877.4080000000004,2877.4080000000004,0,0,0,5,1,1,1
39,1,6,ok,86,2866.2336,2866.2336,0,0,0,3,1,2,1
39,1,7,ok,74,2894.1696000000002,2894.1696000000002,0,0,0,7,1,1,1
39,1,8,ok,64,2860.6464000000001,2860.6464000000001,0,0,0,2,1,4,1
39,1,9,ok,57,2866.2336,2866.2336,0,0,0,9,1,1,1
39,1,10,ok,52,2877.4080000000004,2877.4080000000004,0,0,0,5,1,2,1
39,1,11,ok,47,2888.5824000000002,2888.5824000000002,0,0,0,11,1,1,1
39,1,12,ok,43,2866.2336,2866.2336,0,0,0,3,1,4,1
39,1,13,ok,40,2905.3440000000001,2905.3440000000001,0,0,0,1,1,13,1
39,1,14,ok,37,2894.1696000000002,2894.1696000000002,0,0,0,7,1,2,1
39,1,15,ok,35,2911.0185000000001,2911.0185000000001,0,0,0,3,1,5,1
39,1,16,ok,32,2860.6464000000001,2860.6464000000001,0,0,0,4,1,4,1
39,2,1,ok,1024,5721.2928000000002,5721.2928000000002,0,0,0,1,1,1,1
39,2,2,ok,512,5721.2928000000002,5721.2928000000002,0,0,0,1,1,2,1
39,2,3,ok,342,5732.4672,5732.4672,0,0,0,3,1,1,1
39,2,4,ok,256,5721.2928000000002,5721.2928000000002,0,0,0,1,2,2,1
39,2,5,ok,206,5754.8160000000007,5754.8160000000007,0,0,0,5,1,1,1
39,2,6,ok,171,5732.4672,5732.4672,0,0,0,3,1,2,1
39,2,7,ok,148,5788.3392000000003,5788.3392000000003,0,0,0,7,1,1,1
39,2,8,ok,128,5721.2928000000002,5721.2928000000002,0,0,0,1,2,4,1
39,2,9,ok,114,5732.4672,5732.4672,0,0,0,9,1,1,1
39,2,10,ok,103,5754.8160000000007,5754.8160000000007,0,0,0,5,1,2,1
39,2,11,ok,94,5777.1648000000005,5777.1648000000005,0,0,0,11,1,1,1
39,2,12,ok,86,5732.4672,5732.4672,0,0,0,3,1,4,1
39,2,13,ok,80,5810.6880000000001,5810.6880000000001,0,0,0,1,1,13,1
39,2,14,ok,74,5788.3392000000003,5788.3392000000003,0,0,0,7,1,2,1
39,2,15,ok,70,5822.0370000000003,5822.0370000000003,0,0,0,3,1,5,1
39,2,16,ok,64,5721.2928000000002,5721.2928000000002,0,0,0,2,2,4,1
39,4,1,ok,2048,11442.5856,11442.5856,0,0,0,1,1,1,1
39,4,2,ok,1024,11442.5856,11442.5856,0,0,0,1,1,2,1
39,4,3,ok,684,11464.9344,11464.9344,0,0,0,3,1,1,1
39,4,4,ok,512,11442.5856,11442.5856,0,0,0,1,2,2,1
39,4,5,ok,412,11509.632000000001,11509.632000000001,0,0,0,5,1,1,1
39,4,6,ok,342,11464.9344,11464.9344,0,0,0,3,1,2,1
39,4,7,ok,296,11576.678400000001,11576.678400000001,0,0,0,7,1,1,1
39,4,8,ok,256,11442.5856,11442.5856,0,0,0,1,2,4,1
39,4,9,ok,228,11464.9344,11464.9344,0,0,0,9,1,1,1
39,4,10,ok,206,11509.632000000001,11509.632000000001,0,0,0,5,1,2,1
39,4,11,ok,188,11554.329600000001,11554.329600000001,0,0,0,11,1,1,1
39,4,12,ok,171,11464.9344,11464.9344,0,0,0,3,1,4,1
39,4,13,ok,160,11621.376,11621.376,0,0,0,1,1,13,1
39,4,14,ok,148,11576.678400000001,11576.678400000001,0,0,0,7,1,2,1
39,4,15,ok,139,11644.074000000001,11644.074000000001,0,0,0,3,1,5,1
39,4,16,ok,128,11442.5856,11442.5856,0,0,0,2,2,4,1
39,8,1,ok,4096,22885.171200000001,22885.171200000001,0,0,0,1,1,1,1
39,8,2,ok,2048,22885.171200000001,22885.171200000001,0,0,0,1,1,2,1
39,8,3,ok,1368,22929.8688,22929.8688,0,0,0,3,1,1,1
39,8,4,ok,1024,22885.171200000001,22885.171200000001,0,0,0,1,2,2,1
39,8,5,ok,824,23019.264000000003,23019.264000000003,0,0,0,5,1,1,1
39,8,6,ok,684,22929.8688,22929.8688,0,0,0,3,1,2,1
39,8,7,ok,592,23153.356800000001,23153.356800000001,0,0,0,7,1,1,1
39,8,8,ok,512,22885.171200000001,22885.171200000001,0,0,0,1,2,4,1
39,8,9,ok,456,22929.8688,22929.8688,0,0,0,9,1,1,1
39,8,10,ok,412,23019.264000000003,23019.264000000003,0,0,0,5,1,2,1
39,8,11,ok,376,23108.659200000002,23108.659200000002,0,0,0,11,1,1,1
39,8,12,ok,342,22929.8688,22929.8688,0,0,0,3,1,4,1
39,8,13,ok,320,23242.752,23242.752,0,0,0,1,1,13,1
39,8,14,ok,296,23153.356800000001,23153.356800000001,0,0,0,7,1,2,1
39,8,15,ok,278,23288.148000000001,23288.148000000001,0,0,0,3,1,5,1
39,8,16,ok,256,22885.171200000001,22885.171200000001,0,0,0,2,2,4,1
39,16,1,ok,8192,45770.342400000001,45770.342400000001,0,0,0,1,1,1,1
39,16,2,ok,4096,45770.342400000001,45770.342400000001,0,0,0,1,1,2,1
39,16,3,ok,2736,45859.7376,45859.7376,0,0,0,3,1,1,1
39,16,4,ok,2048,45770.342400000001,45770.342400000001,0,0,0,1,2,2,1
39,16,5,ok,1648,46038.528000000006,46038.528000000006,0,0,0,5,1,1,1
39,16,6,ok,1368,45859.7376,45859.7376,0,0,0,3,1,2,1
39,16,7,ok,1184,46306.713600000003,46306.713600000003,0,0,0,7,1,1,1
39,16,8,ok,1024,45770.342400000001,45770.342400000001,0,0,0,1,2,4,1
39,16,9,ok,912,45859.7376,45859.7376,0,0,0,9,1,1,1
39,16,10,ok,824,46038.528000000006,46038.528000000006,0,0,0,5,1,2,1
39,16,11,ok,752,46217.318400000004,46217.318400000004,0,0,0,11,1,1,1
39,16,12,ok,684,45859.7376,45859.7376,0,0,0,3,1,4,1
39,16,13,ok,640,46485.504000000001,46485.504000000001,0,0,0,1,1,13,1
39,16,14,ok,592,46306.713600000003,46306.713600000003,0,0,0,7,1,2,1
39,16,15,ok,556,46576.296000000002,46576.296000000002,0,0,0,3,1,5,1
39,16,16,ok,512,45770.342400000001,45770.342400000001,0,0,0,2,2,4,1
39,32,1,ok,16384,91540.684800000003,91540.684800000003,0,0,0,1,1,1,1
39,32,2,ok,8192,91540.684800000003,91540.684800000003,0,0,0,1,1,2,1
39,32,3,ok,5472,91719.475200000001,91719.475200000001,0,0,0,3,1,1,1
39,32,4,ok,4096,91540.684800000003,91540.684800000003,0,0,0,1,2,2,1
39,32,5,ok,3296,92077.056000000011,92077.056000000011,0,0,0,5,1,1,1
39,32,6,ok,2736,91719.475200000001,91719.475200000001,0,0,0,3,1,2,1
39,32,7,ok,2368,92613.427200000006,92613.427200000006,0,0,0,7,1,1,1
39,32,8,ok,2048,91540.684800000003,91540.684800000003,0,0,0,1,2,4,1
39,32,9,ok,1824,91719.475200000001,91719.475200000001,0,0,0,9,1,1,1
39,32,10,ok,1648,92077.056000000011,92077.056000000011,0,0,0,5,1,2,1
39,32,11,ok,1504,92434.636800000007,92434.636800000007,0,0,0,11,1,1,1
39,32,12,ok,1368,91719.475200000001,91719.475200000001,0,0,0,3,1,4,1
39,32,13,ok,1280,92971.008000000002,92971.008000000002,0,0,0,1,1,13,1
39,32,14,ok,1184,92613.427200000006,92613.427200000006,0,0,0,7,1,2,1
39,32,15,ok,1112,93152.592000000004,93152.592000000004,0,0,0,3,1,5,1
39,32,16,ok,1024,91540.684800000003,91540.684800000003,0,0,0,2,2,4,1
39,64,1,ok,32768,183081.36960000001,183081.36960000001,0,0,0,1,1,1,1
39,64,2,ok,16384,183081.36960000001,183081.36960000001,0,0,0,1,1,2,1
39,64,3,ok,10944,183438.9504,183438.9504,0,0,0,3,1,1,1
39,64,4,ok,8192,183081.36960000001,183081.36960000001,0,0,0,1,2,2,1
39,64,5,ok,6592,184154.11200000002,184154.11200000002,0,0,0,5,1,1,1
39,64,6,ok,5472,183438.9504,183438.9504,0,0,0,3,1,2,1
39,64,7,ok,4736,185226.85440000001,185226.85440000001,0,0,0,7,1,1,1
39,64,8,ok,4096,183081.36960000001,183081.36960000001,0,0,0,1,2,4,1
39,64,9,ok,3648,183438.9504,183438.9504,0,0,0,9,1,1,1
39,64,10,ok,3296,184154.11200000002,184154.11200000002,0,0,0,5,1,2,1
39,64,11,ok,3008,184869.27360000001,184869.27360000001,0,0,0,11,1,1,1
39,64,12,ok,2736,183438.9504,183438.9504,0,0,0,3,1,4,1
39,64,13,ok,2560,185942.016,185942.016,0,0,0,1,1,13,1
39,64,14,ok,2368,185226.85440000001,185226.85440000001,0,0,0,7,1,2,1
39,64,15,ok,2223,186305.18400000001,186305.18400000001,0,0,0,3,1,5,1
39,64,16,ok,2048,183081.36960000001,183081.36960000001,0,0,0,2,2,4,1
40,1,1,ok,16384,4587387.2896000007,301989.88799999998,3913300.3776000002,0,372097.02399999998,1,1,1,1
40,1,2,ok,8192,4630011.9040000001,301989.88799999998,3921397.3503999999,0,406624.66560000001,1,1,2,1
40,1,3,ok,5472,4691360.7648,302579.712,3946969.4303999995,0,441811.62240000005,1,1,3,1
40,1,4,ok,4096,4715261.1328000007,301989.88799999998,3937591.2960000001,0,475679.94880000001,1,1,4,1
40,1,5,ok,3296,4804054.4159999993,303759.35999999999,3988109.52,0,512185.53600000008,1,1,5,1
40,1,6,ok,2752,4875407.3471999988,304349.18399999995,4023685.6703999997,0,547372.49280000001,1,1,6,1
40,1,7,ok,2368,4955480.4544000011,305528.83199999994,4066732.8576000002,0,583218.7648,1,1,7,1
40,1,8,ok,2048,4885759.590400001,301989.88799999998,3969979.1872000005,0,613790.51520000002,1,1,8,1
40,1,9,ok,1824,4947108.4511999991,302579.712,3995551.2671999987,0,648977.47200000007,1,1,9,1
40,1,10,ok,1664,5060778.3679999998,306708.47999999998,4065949.568,0,688120.32000000007,1,1,10,1
40,1,11,ok,1504,5087246.5247999998,304939.00799999997,4061637.5007999996,0,720670.01600000006,1,1,11,1
40,1,12,ok,1376,5131155.0336000007,304349.18399999995,4072267.5072000003,0,754538.34239999996,1,1,12,1
40,1,13,ok,1280,5218664.4224000005,306708.47999999998,4120252.6976000005,0,791703.24479999999,1,1,13,1
40,1,14,ok,1184,5253852.7552000005,305528.83199999994,4123411.6672,0,824912.25600000005,1,1,14,1
40,1,15,ok,1120,5367522.6720000003,309657.59999999998,4193809.9680000003,0,864055.10400000017,1,1,15,1
40,1,16,ok,1024,5306789.0688000005,301989.88799999998,4114787.5328000002,0,890011.64800000004,1,1,16,1
40,2,1,ok,32768,9132149.9648000021,603979.77599999995,7818503.7824000008,0,709666.40639999998,1,1,1,1
40,2,2,ok,16384,9174774.5792000014,603979.77599999995,7826600.7552000005,0,744194.04799999995,1,1,2,1
40,2,3,ok,10944,9254847.6864,605159.424,7869647.9423999991,0,780040.32000000007,1,1,3,1
40,2,4,ok,8192,9260023.8080000002,603979.77599999995,7842794.7007999998,0,813249.33120000002,1,2,2,1
40,2,5,ok,6592,9394985.7599999979,607518.71999999997,7935734.175999999,0,851732.86400000006,1,1,5,1
40,2,6,ok,5472,9382721.5296,605159.424,7893938.860799999,0,883623.2448000001,1,2,3,1
40,2,7,ok,4736,9612588.6080000009,611057.66399999987,8076786.9056000002,0,924744.03840000008,1,1,7,1
40,2,8,ok,4096,9430522.2656000014,603979.77599999995,7875182.5920000002,0,951359.89760000003,1,2,4,1
40,2,9,ok,3648,9510595.3728,605159.424,7918229.7791999988,0,987206.16960000014,1,1,9,1
40,2,10,ok,3296,9608108.8319999985,607518.71999999997,7976219.04,0,1024371.0720000002,1,2,5,1
40,2,11,ok,3008,9705622.2912000008,609878.01599999995,8034208.3007999994,0,1061535.9744000002,1,1,11,1
40,2,12,ok,2752,9750814.6943999976,608698.3679999999,8047371.3407999994,0,1094744.9856,1,2,6,1
40,2,13,ok,2560,9883208.8576000016,613416.95999999996,8135244.7488000011,0,1134547.1488000001,1,1,13,1
40,2,14,ok,2368,9910960.9088000022,611057.66399999987,8133465.7152000004,0,1166437.5296,1,2,7,1
40,2,15,ok,2240,10095676.128,619315.19999999995,8266165.3440000005,0,1210195.5840000003,1,1,15,1
40,2,16,ok,2048,9771519.1808000021,603979.77599999995,7939958.374400001,0,1227581.0304,1,2,8,1
40,4,1,ok,65536,17210078.003200002,1207959.5519999999,14617313.280000001,0,1384805.1712,1,1,1,1
40,4,2,ok,32768,17276993.535999998,1207959.5519999999,14649701.1712,0,1419332.8128,1,1,2,1
40,4,3,ok,21888,17416782.835200001,1210318.848,14749966.272,0,1456497.7152,1,1,3,1
40,4,4,ok,16384,17410824.601600002,1207959.5519999999,14714476.953600001,0,1488388.0959999999,1,1,4,1
40,4,5,ok,13184,17656345.151999999,1215037.4399999999,14910480.191999998,0,1530827.52,1,1,5,1
40,4,6,ok,11008,17836150.732799999,1217396.7359999998,15050761.5744,0,1567992.4224,1,1,6,1
40,4,7,ok,9472,18048813.7984,1222115.3279999997,15218903.8848,0,1607794.5856000003,1,1,7,1
40,4,8,ok,8192,17678486.732800003,1207959.5519999999,14844028.518400002,0,1626498.6624,1,1,8,1
40,4,9,ok,7296,17818276.031999998,1210318.848,14944293.619199999,0,1663663.5648000003,1,1,9,1
40,4,10,ok,6656,18155210.240000002,1226833.9199999999,15211724.288000001,0,1716652.0319999999,1,1,10,1
40,4,11,ok,6016,18163569.599999994,1219756.0319999999,15200545.676799998,0,1743267.8912,1,1,11,1
40,4,12,ok,5504,18237643.929599997,1217396.7359999998,15245088.921599999,0,1775158.2719999999,1,1,12,1
40,4,13,ok,5120,18476005.683200002,1226833.9199999999,15428936.806400003,0,1820234.9568,1,1,13,1
40,4,14,ok,4736,18517222.528000005,1222115.3279999997,15445619.123200003,0,1849488.0768000002,1,1,14,1
40,4,15,ok,4480,18854156.736000001,1238630.3999999999,15713049.791999999,0,1902476.544,1,1,15,1
40,4,16,ok,4096,18533941.248000003,1207959.5519999999,15423261.900800001,0,1902719.7952000001,1,1,16,1
40,8,1,ok,131072,34353240.473600008,2415919.1039999998,29202238.668800004,0,2735082.7008000002,1,1,1,1
40,8,2,ok,65536,34420156.006400004,2415919.1039999998,29234626.560000002,0,2769610.3424,1,1,2,1
40,8,3,ok,43776,34632819.071999997,2420637.696,29402768.870399997,0,2809412.5056000003,1,1,3,1
40,8,4,ok,32768,34553987.071999997,2415919.1039999998,29299402.342399999,0,2838665.6255999999,1,2,2,1
40,8,5,ok,26368,34978112.639999993,2430074.8799999999,29659020.927999996,0,2889016.8320000004,1,1,5,1
40,8,6,ok,21888,34833565.670400001,2420637.696,29499932.544,0,2912995.4304,1,2,3,1
40,8,7,ok,18944,35629218.867200002,2444230.6559999995,30211092.531200003,0,2973895.6799999997,1,1,7,1
40,8,8,ok,16384,34821649.203200005,2415919.1039999998,29428953.907200001,0,2976776.1919999998,1,2,4,1
40,8,9,ok,14592,35034312.26879999,2420637.696,29597096.217599992,0,3016578.3552000006,1,1,9,1
40,8,10,ok,13184,35312690.303999998,2430074.8799999999,29820960.383999996,0,3061655.04,1,2,5,1
40,8,11,ok,12032,35591068.339199997,2439512.0639999998,30044824.550399996,0,3106731.7248,1,1,11,1
40,8,12,ok,11008,35672301.465599999,2434793.4719999996,30101523.148800001,0,3135984.8448000001,1,2,6,1
40,8,13,ok,10240,36082109.440000005,2453667.8399999999,30436831.027200006,0,3191610.5728000002,1,1,13,1
40,8,14,ok,9472,36097627.596799999,2444230.6559999995,30437807.7696,0,3215589.1712000007,1,2,7,1
40,8,15,ok,8960,36704580.480000004,2477260.7999999998,30940281.215999998,0,3287038.4640000002,1,1,15,1
40,8,16,ok,8192,35356973.465600006,2415919.1039999998,29688057.036800005,0,3252997.3248000001,1,2,8,1
40,16,1,ok,262144,68639565.414399996,4831838.2079999996,58372089.446400002,0,5435637.7599999998,1,1,1,1
40,16,2,ok,131072,68706480.947200015,4831838.2079999996,58404477.337600008,0,5470165.4016000004,1,1,2,1
40,16,3,ok,87552,69064891.545599997,4841275.392,58708374.067199998,0,5515242.0864000004,1,1,3,1
40,16,4,ok,65536,68840312.012800008,4831838.2079999996,58469253.120000005,0,5539220.6847999999,1,2,2,1
40,16,5,ok,52736,69621647.615999997,4860149.7599999998,59156102.399999991,0,5605395.4560000002,1,1,5,1
40,16,6,ok,43776,69265638.143999994,4841275.392,58805537.740799993,0,5618825.0112000005,1,2,3,1
40,16,7,ok,37888,70790029.004800007,4888461.311999999,60195469.824000001,0,5706097.8688000003,1,1,7,1
40,16,8,ok,32768,69107974.143999994,4831838.2079999996,58598804.684799999,0,5677331.2511999998,1,2,4,1
40,16,9,ok,29184,69466384.742400005,4841275.392,58902701.414399996,0,5722407.9360000007,1,1,9,1
40,16,10,ok,26368,69956225.279999986,4860149.7599999998,59318041.855999991,0,5778033.6640000008,1,2,5,1
40,16,11,ok,24064,70446065.817599997,4879024.1279999996,59733382.297599994,0,5833659.392,1,1,11,1
40,16,12,ok,21888,69667131.340800002,4841275.392,58999865.088,0,5825990.8607999999,1,4,3,1
40,16,13,ok,20480,71294316.953600004,4907335.6799999997,60452619.468800008,0,5934361.804800001,1,1,13,1
40,16,14,ok,18944,71258437.734400004,4888461.311999999,60422185.062400006,0,5947791.3599999994,1,2,7,1
40,16,15,ok,17920,72405427.967999995,4954521.5999999996,61394744.063999988,0,6056162.3040000005,1,1,15,1
40,16,16,ok,16384,69643298.40640001,4831838.2079999996,58857907.814400002,0,5953552.3839999996,1,4,4,1
40,32,1,ok,524288,137212215.296,9663676.4159999993,116711791.0016,0,10836747.8784,1,1,1,1
40,32,2,ok,262144,137279130.82879999,9663676.4159999993,116744178.8928,0,10871275.52,1,1,2,1
40,32,3,ok,175104,137929036.4928,9682550.784,117319584.46079998,0,10926901.248,1,1,3,1
40,32,4,ok,131072,137412961.89440003,9663676.4159999993,116808954.67520002,0,10940330.803200001,1,2,2,1
40,32,5,ok,105472,138908717.56799999,9720299.5199999996,118150265.344,0,11038152.704,1,1,5,1
40,32,6,ok,87552,138129783.09119999,9682550.784,117416748.1344,0,11030484.172800001,1,2,3,1
40,32,7,ok,75776,141111649.28000003,9776922.623999998,120164224.40960002,0,11170502.246400002,1,1,7,1
40,32,8,ok,65536,137680624.02560002,9663676.4159999993,116938506.24000001,0,11078441.3696,1,2,4,1
40,32,9,ok,58368,138330529.68959999,9682550.784,117513911.80799997,0,11134067.097600002,1,1,9,1
40,32,10,ok,52736,139243295.23199999,9720299.5199999996,118312204.79999998,0,11210790.912,1,2,5,1
40,32,11,ok,48128,140156060.7744,9758048.2559999991,119110497.79199998,0,11287514.726400001,1,1,11,1
40,32,12,ok,43776,138531276.28799999,9682550.784,117611075.48159999,0,11237650.022400001,1,4,3,1
40,32,13,ok,40960,141718731.9808,9814671.3599999994,120484196.352,0,11419864.2688,1,1,13,1
40,32,14,ok,37888,141580058.00960001,9776922.623999998,120390939.648,0,11412195.737600001,1,2,7,1
40,32,15,ok,35840,143807122.94400004,9909043.1999999993,122303669.76000001,0,11594409.984000001,1,1,15,1
40,32,16,ok,32768,138215948.28799999,9663676.4159999993,117197609.3696,0,11354662.5024,1,4,4,1
40,64,1,ok,1048576,274357515.05919999,19327352.831999999,233391194.11199999,0,21638968.115200002,1,1,1,1
40,64,2,ok,524288,274424430.59200001,19327352.831999999,233423582.00319999,0,21673495.7568,1,1,2,1
40,64,3,ok,350208,275657326.3872,19365101.568,234542005.24799997,0,21750219.571200002,1,1,3,1
40,64,4,ok,262144,274558261.65759999,19327352.831999999,233488357.78560001,0,21742551.039999999,1,2,2,1
40,64,5,ok,210944,277482857.47199994,19440599.039999999,236138591.23199996,0,21903667.200000003,1,1,5,1
40,64,6,ok,175104,275858072.98559999,19365101.568,234639168.92159995,0,21853802.495999999,1,2,3,1
40,64,7,ok,151552,281754889.83040005,19553845.247999996,240101733.58080006,0,22099311.001599997,1,1,7,1
40,64,8,ok,131072,274825923.78880006,19327352.831999999,233617909.35040003,0,21880661.606400002,1,2,4,1
40,64,9,ok,116736,276058819.58399993,19365101.568,234736332.59519997,0,21957385.4208,1,1,9,1
40,64,10,ok,105472,277817435.13599998,19440599.039999999,236300530.68799999,0,22076305.408,1,2,5,1
40,64,11,ok,96256,279576050.68799996,19516096.511999998,237864728.78079998,0,22195225.395200003,1,1,11,1
40,64,12,ok,87552,276259566.18239999,19365101.568,234833496.26879999,0,22060968.345600002,1,4,3,1
40,64,13,ok,81920,282567562.03520006,19629342.719999999,240547350.11840004,0,22390869.196800001,1,1,13,1
40,64,14,ok,75776,282223298.56000006,19553845.247999996,240328448.81920004,0,22341004.492800005,1,2,7,1
40,64,15,ok,71680,286610512.89600003,19818086.399999999,244121521.15199998,0,22670905.344000001,1,1,15,1
40,64,16,ok,65536,275361248.05120003,19327352.831999999,233877012.48000002,0,22156882.7392,1,4,4,1
41,1,1,ok,512,2860.6464000000001,2860.6464000000001,0,0,0,1,1,1,1
41,1,2,ok,256,2860.6464000000001,2860.6464000000001,0,0,0,1,1,2,1
41,1,3,ok,171,2866.2336,2866.2336,0,0,0,3,1,1,1
41,1,4,ok,128,2860.6464000000001,2860.6464000000001,0,0,0,2,1,2,1
41,1,5,ok,103,2877.4080000000004,2877.4080000000004,0,0,0,5,1,1,1
41,1,6,ok,86,2866.2336,2866.2336,0,0,0,3,1,2,1
41,1,7,ok,74,2894.1696000000002,2894.1696000000002,0,0,0,7,1,1,1
41,1,8,ok,64,2860.6464000000001,2860.6464000000001,0,0,0,2,1,4,1
41,1,9,ok,57,2866.2336,2866.2336,0,0,0,9,1,1,1
41,1,10,ok,52,2877.4080000000004,2877.4080000000004,0,0,0,5,1,2,1
41,1,11,ok,47,2888.5824000000002,2888.5824000000002,0,0,0,11,1,1,1
41,1,12,ok,43,2866.2336,2866.2336,0,0,0,3,1,4,1
41,1,13,ok,40,2905.3440000000001,2905.3440000000001,0,0,0,1,1,13,1
41,1,14,ok,37,2894.1696000000002,2894.1696000000002,0,0,0,7,1,2,1
41,1,15,ok,35,2911.0185000000001,2911.0185000000001,0,0,0,3,1,5,1
41,1,16,ok,32,2860.6464000000001,2860.6464000000001,0,0,0,4,1,4,1
41,2,1,ok,1024,5721.2928000000002,5721.2928000000002,0,0,0,1,1,1,1
41,2,2,ok,512,5721.2928000000002,5721.2928000000002,0,0,0,1,1,2,1
41,2,3,ok,342,5732.4672,5732.4672,0,0,0,3,1,1,1
41,2,4,ok,256,5721.2928000000002,5721.2928000000002,0,0,0,1,2,2,1
41,2,5,ok,206,5754.8160000000007,5754.8160000000007,0,0,0,5,1,1,1
41,2,6,ok,171,5732.4672,5732.4672,0,0,0,3,1,2,1
41,2,7,ok,148,5788.3392000000003,5788.3392000000003,0,0,0,7,1,1,1
41,2,8,ok,128,5721.2928000000002,5721.2928000000002,0,0,0,1,2,4,1
41,2,9,ok,114,5732.4672,5732.4672,0,0,0,9,1,1,1
41,2,10,ok,103,5754.8160000000007,5754.8160000000007,0,0,0,5,1,2,1
41,2,11,ok,94,5777.1648000000005,5777.1648000000005,0,0,0,11,1,1,1
41,2,12,ok,86,5732.4672,5732.4672,0,0,0,3,1,4,1
41,2,13,ok,80,5810.6880000000001,5810.6880000000001,0,0,0,1,1,13,1
41,2,14,ok,74,5788.3392000000003,5788.3392000000003,0,0,0,7,1,2,1
41,2,15,ok,70,5822.0370000000003,5822.0370000000003,0,0,0,3,1,5,1
41,2,16,ok,64,5721.2928000000002,5721.2928000000002,0,0,0,2,2,4,1
41,4,1,ok,2048,11442.5856,11442.5856,0,0,0,1,1,1,1
41,4,2,ok,1024,11442.5856,11442.5856,0,0,0,1,1,2,1
41,4,3,ok,684,11464.9344,11464.9344,0,0,0,3,1,1,1
41,4,4,ok,512,11442.5856,11442.5856,0,0,0,1,2,2,1
41,4,5,ok,412,11509.632000000001,11509.632000000001,0,0,0,5,1,1,1
41,4,6,ok,342,11464.9344,11464.9344,0,0,0,3,1,2,1
41,4,7,ok,296,11576.678400000001,11576.678400000001,0,0,0,7,1,1,1
41,4,8,ok,256,11442.5856,11442.5856,0,0,0,1,2,4,1
41,4,9,ok,228,11464.9344,11464.9344,0,0,0,9,1,1,1
41,4,10,ok,206,11509.632000000001,11509.632000000001,0,0,0,5,1,2,1
41,4,11,ok,188,11554.329600000001,11554.329600000001,0,0,0,11,1,1,1
41,4,12,ok,171,11464.9344,11464.9344,0,0,0,3,1,4,1
41,4,13,ok,160,11621.376,11621.376,0,0,0,1,1,13,1
41,4,14,ok,148,11576.678400000001,11576.678400000001,0,0,0,7,1,2,1
41,4,15,ok,139,11644.074000000001,11644.074000000001,0,0,0,3,1,5,1
41,4,16,ok,128,11442.5856,11442.5856,0,0,0,2,2,4,1
41,8,1,ok,4096,22885.171200000001,22885.171200000001,0,0,0,1,1,1,1
41,8,2,ok,2048,22885.171200000001,22885.171200000001,0,0,0,1,1,2,1
41,8,3,ok,1368,22929.8688,22929.8688,0,0,0,3,1,1,1
41,8,4,ok,1024,22885.171200000001,22885.171200000001,0,0,0,1,2,2,1
41,8,5,ok,824,23019.264000000003,23019.264000000003,0,0,0,5,1,1,1
41,8,6,ok,684,22929.8688,22929.8688,0,0,0,3,1,2,1
41,8,7,ok,592,23153.356800000001,23153.356800000001,0,0,0,7,1,1,1
41,8,8,ok,512,22885.171200000001,22885.171200000001,0,0,0,1,2,4,1
41,8,9,ok,456,22929.8688,22929.8688,0,0,0,9,1,1,1
41,8,10,ok,412,23019.264000000003,23019.264000000003,0,0,0,5,1,2,1
41,8,11,ok,376,23108.659200000002,23108.659200000002,0,0,0,11,1,1,1
41,8,12,ok,342,22929.8688,22929.8688,0,0,0,3,1,4,1
41,8,13,ok,320,23242.752,23242.752,0,0,0,1,1,13,1
41,8,14,ok,296,23153.356800000001,23153.356800000001,0,0,0,7,1,2,1
41,8,15,ok,278,23288.148000000001,23288.148000000001,0,0,0,3,1,5,1
41,8,16,ok,256,22885.171200000001,22885.171200000001,0,0,0,2,2,4,1
41,16,1,ok,8192,45770.342400000001,45770.342400000001,0,0,0,1,1,1,1
41,16,2,ok,4096,45770.342400000001,45770.342400000001,0,0,0,1,1,2,1
41,16,3,ok,2736,45859.7376,45859.7376,0,0,0,3,1,1,1
41,16,4,ok,2048,45770.342400000001,45770.342400000001,0,0,0,1,2,2,1
41,16,5,ok,1648,46038.528000000006,46038.528000000006,0,0,0,5,1,1,1
41,16,6,ok,1368,45859.7376,45859.7376,0,0,0,3,1,2,1
41,16,7,ok,1184,46306.713600000003,46306.713600000003,0,0,0,7,1,1,1
41,16,8,ok,1024,45770.342400000001,45770.342400000001,0,0,0,1,2,4,1
41,16,9,ok,912,45859.7376,45859.7376,0,0,0,9,1,1,1
41,16,10,ok,824,46038.528000000006,46038.528000000006,0,0,0,5,1,2,1
41,16,11,ok,752,46217.318400000004,46217.318400000004,0,0,0,11,1,1,1
41,16,12,ok,684,45859.7376,45859.7376,0,0,0,3,1,4,1
41,16,13,ok,640,46485.504000000001,46485.504000000001,0,0,0,1,1,13,1
41,16,14,ok,592,46306.713600000003,46306.713600000003,0,0,0,7,1,2,1
41,16,15,ok,556,46576.296000000002,46576.296000000002,0,0,0,3,1,5,1
41,16,16,ok,512,45770.342400000001,45770.342400000001,0,0,0,2,2,4,1
41,32,1,ok,16384,91540.684800000003,91540.684800000003,0,0,0,1,1,1,1
41,32,2,ok,8192,91540.684800000003,91540.684800000003,0,0,0,1,1,2,1
41,32,3,ok,5472,91719.475200000001,91719.475200000001,0,0,0,3,1,1,1
41,32,4,ok,4096,91540.684800000003,91540.684800000003,0,0,0,1,2,2,1
41,32,5,ok,3296,92077.056000000011,92077.056000000011,0,0,0,5,1,1,1
41,32,6,ok,2736,91719.475200000001,91719.475200000001,0,0,0,3,1,2,1
41,32,7,ok,2368,92613.427200000006,92613.427200000006,0,0,0,7,1,1,1
41,32,8,ok,2048,91540.684800000003,91540.684800000003,0,0,0,1,2,4,1
41,32,9,ok,1824,91719.475200000001,91719.475200000001,0,0,0,9,1,1,1
41,32,10,ok,1648,92077.056000000011,92077.056000000011,0,0,0,5,1,2,1
41,32,11,ok,1504,92434.636800000007,92434.636800000007,0,0,0,11,1,1,1
41,32,12,ok,1368,91719.475200000001,91719.475200000001,0,0,0,3,1,4,1
41,32,13,ok,1280,92971.008000000002,92971.008000000002,0,0,0,1,1,13,1
41,32,14,ok,1184,92613.427200000006,92613.427200000006,0,0,0,7,1,2,1
41,32,15,ok,1112,93152.592000000004,93152.592000000004,0,0,0,3,1,5,1
41,32,16,ok,1024,91540.684800000003,91540.684800000003,0,0,0,2,2,4,1
41,64,1,ok,32768,183081.36960000001,183081.36960000001,0,0,0,1,1,1,1
41,64,2,ok,16384,183081.36960000001,183081.36960000001,0,0,0,1,1,2,1
41,64,3,ok,10944,183438.9504,183438.9504,0,0,0,3,1,1,1
41,64,4,ok,8192,183081.36960000001,183081.36960000001,0,0,0,1,2,2,1
41,64,5,ok,6592,184154.11200000002,184154.11200000002,0,0,0,5,1,1,1
41,64,6,ok,5472,183438.9504,183438.9504,0,0,0,3,1,2,1
41,64,7,ok,4736,185226.85440000001,185226.85440000001,0,0,0,7,1,1,1
41,64,8,ok,4096,183081.36960000001,183081.36960000001,0,0,0,1,2,4,1
41,64,9,ok,3648,183438.9504,183438.9504,0,0,0,9,1,1,1
41,64,10,ok,3296,184154.11200000002,184154.11200000002,0,0,0,5,1,2,1
41,64,11,ok,3008,184869.27360000001,184869.27360000001,0,0,0,11,1,1,1
41,64,12,ok,2736,183438.9504,183438.9504,0,0,0,3,1,4,1
41,64,13,ok,2560,185942.016,185942.016,0,0,0,1,1,13,1
41,64,14,ok,2368,185226.85440000001,185226.85440000001,0,0,0,7,1,2,1
41,64,15,ok,2223,186305.18400000001,186305.18400000001,0,0,0,3,1,5,1
41,64,16,ok,2048,183081.36960000001,183081.36960000001,0,0,0,2,2,4,1
42,1,1,ok,16384,4587387.2896000007,301989.88799999998,3913300.3776000002,0,372097.02399999998,1,1,1,1
42,1,2,ok,8192,4630011.9040000001,301989.88799999998,3921397.3503999999,0,406624.66560000001,1,1,2,1
42,1,3,ok,5472,4691360.7648,302579.712,3946969.4303999995,0,441811.62240000005,1,1,3,1
42,1,4,ok,4096,4715261.1328000007,301989.88799999998,3937591.2960000001,0,475679.94880000001,1,1,4,1
42,1,5,ok,3296,4804054.4159999993,303759.35999999999,3988109.52,0,512185.53600000008,1,1,5,1
42,1,6,ok,2752,4875407.3471999988,304349.18399999995,4023685.6703999997,0,547372.49280000001,1,1,6,1
42,1,7,ok,2368,4955480.4544000011,305528.83199999994,4066732.8576000002,0,583218.7648,1,1,7,1
42,1,8,ok,2048,4885759.590400001,301989.88799999998,3969979.1872000005,0,613790.51520000002,1,1,8,1
42,1,9,ok,1824,4947108.4511999991,302579.712,3995551.2671999987,0,648977.47200000007,1,1,9,1
42,1,10,ok,1664,5060778.3679999998,306708.47999999998,4065949.568,0,688120.32000000007,1,1,10,1
42,1,11,ok,1504,5087246.5247999998,304939.00799999997,4061637.5007999996,0,720670.01600000006,1,1,11,1
42,1,12,ok,1376,5131155.0336000007,304349.18399999995,4072267.5072000003,0,754538.34239999996,1,1,12,1
42,1,13,ok,1280,5218664.4224000005,306708.47999999998,4120252.6976000005,0,791703.24479999999,1,1,13,1
42,1,14,ok,1184,5253852.7552000005,305528.83199999994,4123411.6672,0,824912.25600000005,1,1,14,1
42,1,15,ok,1120,5367522.6720000003,309657.59999999998,4193809.9680000003,0,864055.10400000017,1,1,15,1
42,1,16,ok,1024,5306789.0688000005,301989.88799999998,4114787.5328000002,0,890011.64800000004,1,1,16,1
42,2,1,ok,32768,9132149.9648000021,603979.77599999995,7818503.7824000008,0,709666.40639999998,1,1,1,1
42,2,2,ok,16384,9174774.5792000014,603979.77599999995,7826600.7552000005,0,744194.04799999995,1,1,2,1
42,2,3,ok,10944,9254847.6864,605159.424,7869647.9423999991,0,780040.32000000007,1,1,3,1
42,2,4,ok,8192,9260023.8080000002,603979.77599999995,7842794.7007999998,0,813249.33120000002,1,2,2,1
42,2,5,ok,6592,9394985.7599999979,607518.71999999997,7935734.175999999,0,851732.86400000006,1,1,5,1
42,2,6,ok,5472,9382721.5296,605159.424,7893938.860799999,0,883623.2448000001,1,2,3,1
42,2,7,ok,4736,9612588.6080000009,611057.66399999987,8076786.9056000002,0,924744.03840000008,1,1,7,1
42,2,8,ok,4096,9430522.2656000014,603979.77599999995,7875182.5920000002,0,951359.89760000003,1,2,4,1
42,2,9,ok,3648,9510595.3728,605159.424,7918229.7791999988,0,987206.16960000014,1,1,9,1
42,2,10,ok,3296,9608108.8319999985,607518.71999999997,7976219.04,0,1024371.0720000002,1,2,5,1
42,2,11,ok,3008,9705622.2912000008,609878.01599999995,8034208.3007999994,0,1061535.9744000002,1,1,11,1
42,2,12,ok,2752,9750814.6943999976,608698.3679999999,8047371.3407999994,0,1094744.9856,1,2,6,1
42,2,13,ok,2560,9883208.8576000016,613416.95999999996,8135244.7488000011,0,1134547.1488000001,1,1,13,1
42,2,14,ok,2368,9910960.9088000022,611057.66399999987,8133465.7152000004,0,1166437.5296,1,2,7,1
42,2,15,ok,2240,10095676.128,619315.19999999995,8266165.3440000005,0,1210195.5840000003,1,1,15,1
42,2,16,ok,2048,9771519.1808000021,603979.77599999995,7939958.374400001,0,1227581.0304,1,2,8,1
42,4,1,ok,65536,17210078.003200002,1207959.5519999999,14617313.280000001,0,1384805.1712,1,1,1,1
42,4,2,ok,32768,17276993.535999998,1207959.5519999999,14649701.1712,0,1419332.8128,1,1,2,1
42,4,3,ok,21888,17416782.835200001,1210318.848,14749966.272,0,1456497.7152,1,1,3,1
42,4,4,ok,16384,17410824.601600002,1207959.5519999999,14714476.953600001,0,1488388.0959999999,1,1,4,1
42,4,5,ok,13184,17656345.151999999,1215037.4399999999,14910480.191999998,0,1530827.52,1,1,5,1
42,4,6,ok,11008,17836150.732799999,1217396.7359999998,15050761.5744,0,1567992.4224,1,1,6,1
42,4,7,ok,9472,18048813.7984,1222115.3279999997,15218903.8848,0,1607794.5856000003,1,1,7,1
42,4,8,ok,8192,17678486.732800003,1207959.5519999999,14844028.518400002,0,1626498.6624,1,1,8,1
42,4,9,ok,7296,17818276.031999998,1210318.848,14944293.619199999,0,1663663.5648000003,1,1,9,1
42,4,10,ok,6656,18155210.240000002,1226833.9199999999,15211724.288000001,0,1716652.0319999999,1,1,10,1
42,4,11,ok,6016,18163569.599999994,1219756.0319999999,15200545.676799998,0,1743267.8912,1,1,11,1
42,4,12,ok,5504,18237643.929599997,1217396.7359999998,15245088.921599999,0,1775158.2719999999,1,1,12,1
42,4,13,ok,5120,18476005.683200002,1226833.9199999999,15428936.806400003,0,1820234.9568,1,1,13,1
42,4,14,ok,4736,18517222.528000005,1222115.3279999997,15445619.123200003,0,1849488.0768000002,1,1,14,1
42,4,15,ok,4480,18854156.736000001,1238630.3999999999,15713049.791999999,0,1902476.544,1,1,15,1
42,4,16,ok,4096,18533941.248000003,1207959.5519999999,15423261.900800001,0,1902719.7952000001,1,1,16,1
42,8,1,ok,131072,34353240.473600008,2415919.1039999998,29202238.668800004,0,2735082.7008000002,1,1,1,1
42,8,2,ok,65536,34420156.006400004,2415919.1039999998,29234626.560000002,0,2769610.3424,1,1,2,1
42,8,3,ok,43776,34632819.071999997,2420637.696,29402768.870399997,0,2809412.5056000003,1,1,3,1
42,8,4,ok,32768,34553987.071999997,2415919.1039999998,29299402.342399999,0,2838665.6255999999,1,2,2,1
42,8,5,ok,26368,34978112.639999993,2430074.8799999999,29659020.927999996,0,2889016.8320000004,1,1,5,1
42,8,6,ok,21888,34833565.670400001,2420637.696,29499932.544,0,2912995.4304,1,2,3,1
42,8,7,ok,18944,35629218.867200002,2444230.6559999995,30211092.531200003,0,2973895.6799999997,1,1,7,1
42,8,8,ok,16384,34821649.203200005,2415919.1039999998,29428953.907200001,0,2976776.1919999998,1,2,4,1
42,8,9,ok,14592,35034312.26879999,2420637.696,29597096.217599992,0,3016578.3552000006,1,1,9,1
42,8,10,ok,13184,35312690.303999998,2430074.8799999999,29820960.383999996,0,3061655.04,1,2,5,1
42,8,11,ok,12032,35591068.339199997,2439512.0639999998,30044824.550399996,0,3106731.7248,1,1,11,1
42,8,12,ok,11008,35672301.465599999,2434793.4719999996,30101523.148800001,0,3135984.8448000001,1,2,6,1
42,8,13,ok,10240,36082109.440000005,2453667.8399999999,30436831.027200006,0,3191610.5728000002,1,1,13,1
42,8,14,ok,9472,36097627.596799999,2444230.6559999995,30437807.7696,0,3215589.1712000007,1,2,7,1
42,8,15,ok,8960,36704580.480000004,2477260.7999999998,30940281.215999998,0,3287038.4640000002,1,1,15,1
42,8,16,ok,8192,35356973.465600006,2415919.1039999998,29688057.036800005,0,3252997.3248000001,1,2,8,1
42,16,1,ok,262144,68639565.414399996,4831838.2079999996,58372089.446400002,0,5435637.7599999998,1,1,1,1
42,16,2,ok,131072,68706480.947200015,4831838.2079999996,58404477.337600008,0,5470165.4016000004,1,1,2,1
42,16,3,ok,87552,69064891.545599997,4841275.392,58708374.067199998,0,5515242.0864000004,1,1,3,1
42,16,4,ok,65536,68840312.012800008,4831838.2079999996,58469253.120000005,0,5539220.6847999999,1,2,2,1
42,16,5,ok,52736,69621647.615999997,4860149.7599999998,59156102.399999991,0,5605395.4560000002,1,1,5,1
42,16,6,ok,43776,69265638.143999994,4841275.392,58805537.740799993,0,5618825.0112000005,1,2,3,1
42,16,7,ok,37888,70790029.004800007,4888461.311999999,60195469.824000001,0,5706097.8688000003,1,1,7,1
42,16,8,ok,32768,69107974.143999994,4831838.2079999996,58598804.684799999,0,5677331.2511999998,1,2,4,1
42,16,9,ok,29184,69466384.742400005,4841275.392,58902701.414399996,0,5722407.9360000007,1,1,9,1
42,16,10,ok,26368,69956225.279999986,4860149.7599999998,59318041.855999991,0,5778033.6640000008,1,2,5,1
42,16,11,ok,24064,70446065.817599997,4879024.1279999996,59733382.297599994,0,5833659.392,1,1,11,1
42,16,12,ok,21888,69667131.340800002,4841275.392,58999865.088,0,5825990.8607999999,1,4,3,1
42,16,13,ok,20480,71294316.953600004,4907335.6799999997,60452619.468800008,0,5934361.804800001,1,1,13,1
42,16,14,ok,18944,71258437.734400004,4888461.311999999,60422185.062400006,0,5947791.3599999994,1,2,7,1
42,16,15,ok,17920,72405427.967999995,4954521.5999999996,61394744.063999988,0,6056162.3040000005,1,1,15,1
42,16,16,ok,16384,69643298.40640001,4831838.2079999996,58857907.814400002,0,5953552.3839999996,1,4,4,1
42,32,1,ok,524288,137212215.296,9663676.4159999993,116711791.0016,0,10836747.8784,1,1,1,1
42,32,2,ok,262144,137279130.82879999,9663676.4159999993,116744178.8928,0,10871275.52,1,1,2,1
42,32,3,ok,175104,137929036.4928,9682550.784,117319584.46079998,0,10926901.248,1,1,3,1
42,32,4,ok,131072,137412961.89440003,9663676.4159999993,116808954.67520002,0,10940330.803200001,1,2,2,1
42,32,5,ok,105472,138908717.56799999,9720299.5199999996,118150265.344,0,11038152.704,1,1,5,1
42,32,6,ok,87552,138129783.09119999,9682550.784,117416748.1344,0,11030484.172800001,1,2,3,1
42,32,7,ok,75776,141111649.28000003,9776922.623999998,120164224.40960002,0,11170502.246400002,1,1,7,1
42,32,8,ok,65536,137680624.02560002,9663676.4159999993,116938506.24000001,0,11078441.3696,1,2,4,1
42,32,9,ok,58368,138330529.68959999,9682550.784,117513911.80799997,0,11134067.097600002,1,1,9,1
42,32,10,ok,52736,139243295.23199999,9720299.5199999996,118312204.79999998,0,11210790.912,1,2,5,1
42,32,11,ok,48128,140156060.7744,9758048.2559999991,119110497.79199998,0,11287514.726400001,1,1,11,1
42,32,12,ok,43776,138531276.28799999,9682550.784,117611075.48159999,0,11237650.022400001,1,4,3,1
42,32,13,ok,40960,141718731.9808,9814671.3599999994,120484196.352,0,11419864.2688,1,1,13,1
42,32,14,ok,37888,141580058.00960001,9776922.623999998,120390939.648,0,11412195.737600001,1,2,7,1
42,32,15,ok,35840,143807122.94400004,9909043.1999999993,122303669.76000001,0,11594409.984000001,1,1,15,1
42,32,16,ok,32768,138215948.28799999,9663676.4159999993,117197609.3696,0,11354662.5024,1,4,4,1
42,64,1,ok,1048576,274357515.05919999,19327352.831999999,233391194.11199999,0,21638968.115200002,1,1,1,1
42,64,2,ok,524288,274424430.59200001,19327352.831999999,233423582.00319999,0,21673495.7568,1,1,2,1
42,64,3,ok,350208,275657326.3872,19365101.568,234542005.24799997,0,21750219.571200002,1,1,3,1
42,64,4,ok,262144,274558261.65759999,19327352.831999999,233488357.78560001,0,21742551.039999999,1,2,2,1
42,64,5,ok,210944,277482857.47199994,19440599.039999999,236138591.23199996,0,21903667.200000003,1,1,5,1
42,64,6,ok,175104,275858072.98559999,19365101.568,234639168.92159995,0,21853802.495999999,1,2,3,1
42,64,7,ok,151552,281754889.83040005,19553845.247999996,240101733.58080006,0,22099311.001599997,1,1,7,1
42,64,8,ok,131072,274825923.78880006,19327352.831999999,233617909.35040003,0,21880661.606400002,1,2,4,1
42,64,9,ok,116736,276058819.58399993,19365101.568,234736332.59519997,0,21957385.4208,1,1,9,1
42,64,10,ok,105472,277817435.13599998,19440599.039999999,236300530.68799999,0,22076305.408,1,2,5,1
42,64,11,ok,96256,279576050.68799996,19516096.511999998,237864728.78079998,0,22195225.395200003,1,1,11,1
42,64,12,ok,87552,276259566.18239999,19365101.568,234833496.26879999,0,22060968.345600002,1,4,3,1
42,64,13,ok,81920,282567562.03520006,19629342.719999999,240547350.11840004,0,22390869.196800001,1,1,13,1
42,64,14,ok,75776,282223298.56000006,19553845.247999996,240328448.81920004,0,22341004.492800005,1,2,7,1
42,64,15,ok,71680,286610512.89600003,19818086.399999999,244121521.15199998,0,22670905.344000001,1,1,15,1
42,64,16,ok,65536,275361248.05120003,19327352.831999999,233877012.48000002,0,22156882.7392,1,4,4,1
43,1,1,ok,512,2860.6464000000001,2860.6464000000001,0,0,0,1,1,1,1
43,1,2,ok,256,2860.6464000000001,2860.6464000000001,0,0,0,1,1,2,1
43,1,3,ok,171,2866.2336,2866.2336,0,0,0,3,1,1,1
43,1,4,ok,128,2860.6464000000001,2860.6464000000001,0,0,0,2,1,2,1
43,1,5,ok,103,2877.4080000000004,2877.4080000000004,0,0,0,5,1,1,1
43,1,6,ok,86,2866.2336,2866.2336,0,0,0,3,1,2,1
43,1,7,ok,74,2894.1696000000002,2894.1696000000002,0,0,0,7,1,1,1
43,1,8,ok,64,2860.6464000000001,2860.6464000000001,0,0,0,2,1,4,1
43,1,9,ok,57,2866.2336,2866.2336,0,0,0,9,1,1,1
43,1,10,ok,52,2877.4080000000004,2877.4080000000004,0,0,0,5,1,2,1
43,1,11,ok,47,2888.5824000000002,2888.5824000000002,0,0,0,11,1,1,1
43,1,12,ok,43,2866.2336,2866.2336,0,0,0,3,1,4,1
43,1,13,ok,40,2905.3440000000001,2905.3440000000001,0,0,0,1,1,13,1
43,1,14,ok,37,2894.1696000000002,2894.1696000000002,0,0,0,7,1,2,1
43,1,15,ok,35,2911.0185000000001,2911.0185000000001,0,0,0,3,1,5,1
43,1,16,ok,32,2860.6464000000001,2860.6464000000001,0,0,0,4,1,4,1
43,2,1,ok,1024,5721.2928000000002,5721.2928000000002,0,0,0,1,1,1,1
43,2,2,ok,512,5721.2928000000002,5721.2928000000002,0,0,0,1,1,2,1
43,2,3,ok,342,5732.4672,5732.4672,0,0,0,3,1,1,1
43,2,4,ok,256,5721.2928000000002,5721.2928000000002,0,0,0,1,2,2,1
43,2,5,ok,206,5754.8160000000007,5754.8160000000007,0,0,0,5,1,1,1
43,2,6,ok,171,5732.4672,5732.4672,0,0,0,3,1,2,1
43,2,7,ok,148,5788.3392000000003,5788.3392000000003,0,0,0,7,1,1,1
43,2,8,ok,128,5721.2928000000002,5721.2928000000002,0,0,0,1,2,4,1
43,2,9,ok,114,5732.4672,5732.4672,0,0,0,9,1,1,1
43,2,10,ok,103,5754.8160000000007,5754.8160000000007,0,0,0,5,1,2,1
43,2,11,ok,94,5777.1648000000005,5777.1648000000005,0,0,0,11,1,1,1
43,2,12,ok,86,5732.4672,5732.4672,0,0,0,3,1,4,1
43,2,13,ok,80,5810.6880000000001,5810.6880000000001,0,0,0,1,1,13,1
43,2,14,ok,74,5788.3392000000003,5788.3392000000003,0,0,0,7,1,2,1
43,2,15,ok,70,5822.0370000000003,5822.0370000000003,0,0,0,3,1,5,1
43,2,16,ok,64,5721.2928000000002,5721.2928000000002,0,0,0,2,2,4,1
43,4,1,ok,2048,11442.5856,11442.5856,0,0,0,1,1,1,1
43,4,2,ok,1024,11442.5856,11442.5856,0,0,0,1,1,2,1
43,4,3,ok,684,11464.9344,11464.9344,0,0,0,3,1,1,1
43,4,4,ok,512,11442.5856,11442.5856,0,0,0,1,2,2,1
43,4,5,ok,412,11509.632000000001,11509.632000000001,0,0,0,5,1,1,1
43,4,6,ok,342,11464.9344,11464.9344,0,0,0,3,1,2,1
43,4,7,ok,296,11576.678400000001,11576.678400000001,0,0,0,7,1,1,1
43,4,8,ok,256,11442.5856,11442.5856,0,0,0,1,2,4,1
43,4,9,ok,228,11464.9344,11464.9344,0,0,0,9,1,1,1
43,4,10,ok,206,11509.632000000001,11509.632000000001,0,0,0,5,1,2,1
43,4,11,ok,188,11554.329600000001,11554.329600000001,0,0,0,11,1,1,1
43,4,12,ok,171,11464.9344,11464.9344,0,0,0,3,1,4,1
43,4,13,ok,160,11621.376,11621.376,0,0,0,1,1,13,1
43,4,14,ok,148,11576.678400000001,11576.678400000001,0,0,0,7,1,2,1
43,4,15,ok,139,11644.074000000001,11644.074000000001,0,0,0,3,1,5,1
43,4,16,ok,128,11442.5856,11442.5856,0,0,0,2,2,4,1
43,8,1,ok,4096,22885.171200000001,22885.171200000001,0,0,0,1,1,1,1
43,8,2,ok,2048,22885.171200000001,22885.171200000001,0,0,0,1,1,2,1
43,8,3,ok,1368,22929.8688,22929.8688,0,0,0,3,1,1,1
43,8,4,ok,1024,22885.171200000001,22885.171200000001,0,0,0,1,2,2,1
43,8,5,ok,824,23019.264000000003,23019.264000000003,0,0,0,5,1,1,1
43,8,6,ok,684,22929.8688,22929.8688,0,0,0,3,1,2,1
43,8,7,ok,592,23153.356800000001,23153.356800000001,0,0,0,7,1,1,1
43,8,8,ok,512,22885.171200000001,22885.171200000001,0,0,0,1,2,4,1
43,8,9,ok,456,22929.8688,22929.8688,0,0,0,9,1,1,1
43,8,10,ok,412,23019.264000000003,23019.264000000003,0,0,0,5,1,2,1
43,8,11,ok,376,23108.659200000002,23108.659200000002,0,0,0,11,1,1,1
43,8,12,ok,342,22929.8688,22929.8688,0,0,0,3,1,4,1
43,8,13,ok,320,23242.752,23242.752,0,0,0,1,1,13,1
43,8,14,ok,296,23153.356800000001,23153.356800000001,0,0,0,7,1,2,1
43,8,15,ok,278,23288.148000000001,23288.148000000001,0,0,0,3,1,5,1
43,8,16,ok,256,22885.171200000001,22885.171200000001,0,0,0,2,2,4,1
43,16,1,ok,8192,45770.342400000001,45770.342400000001,0,0,0,1,1,1,1
43,16,2,ok,4096,45770.342400000001,45770.342400000001,0,0,0,1,1,2,1
43,16,3,ok,2736,45859.7376,45859.7376,0,0,0,3,1,1,1
43,16,4,ok,2048,45770.342400000001,45770.342400000001,0,0,0,1,2,2,1
43,16,5,ok,1648,46038.528000000006,46038.528000000006,0,0,0,5,1,1,1
43,16,6,ok,1368,45859.7376,45859.7376,0,0,0,3,1,2,1
43,16,7,ok,1184,46306.713600000003,46306.713600000003,0,0,0,7,1,1,1
43,16,8,ok,1024,45770.342400000001,45770.342400000001,0,0,0,1,2,4,1
43,16,9,ok,912,45859.7376,45859.7376,0,0,0,9,1,1,1
43,16,10,ok,824,46038.528000000006,46038.528000000006,0,0,0,5,1,2,1
43,16,11,ok,752,46217.318400000004,46217.318400000004,0,0,0,11,1,1,1
43,16,12,ok,684,45859.7376,45859.7376,0,0,0,3,1,4,1
43,16,13,ok,640,46485.504000000001,46485.504000000001,0,0,0,1,1,13,1
43,16,14,ok,592,46306.713600000003,46306.713600000003,0,0,0,7,1,2,1
43,16,15,ok,556,46576.296000000002,46576.296000000002,0,0,0,3,1,5,1
43,16,16,ok,512,45770.342400000001,45770.342400000001,0,0,0,2,2,4,1
43,32,1,ok,16384,91540.684800000003,91540.684800000003,0,0,0,1,1,1,1
43,32,2,ok,8192,91540.684800000003,91540.684800000003,0,0,0,1,1,2,1
43,32,3,ok,5472,91719.475200000001,91719.475200000001,0,0,0,3,1,1,1
43,32,4,ok,4096,91540.684800000003,91540.684800000003,0,0,0,1,2,2,1
43,32,5,ok,3296,92077.056000000011,92077.056000000011,0,0,0,5,1,1,1
43,32,6,ok,2736,91719.475200000001,91719.475200000001,0,0,0,3,1,2,1
43,32,7,ok,2368,92613.427200000006,92613.427200000006,0,0,0,7,1,1,1
43,32,8,ok,2048,91540.684800000003,91540.684800000003,0,0,0,1,2,4,1
43,32,9,ok,1824,91719.475200000001,91719.475200000001,0,0,0,9,1,1,1
43,32,10,ok,1648,92077.056000000011,92077.056000000011,0,0,0,5,1,2,1
43,32,11,ok,1504,92434.636800000007,92434.636800000007,0,0,0,11,1,1,1
43,32,12,ok,1368,91719.475200000001,91719.475200000001,0,0,0,3,1,4,1
43,32,13,ok,1280,92971.008000000002,92971.008000000002,0,0,0,1,1,13,1
43,32,14,ok,1184,92613.427200000006,92613.427200000006,0,0,0,7,1,2,1
43,32,15,ok,1112,93152.592000000004,93152.592000000004,0,0,0,3,1,5,1
43,32,16,ok,1024,91540.684800000003,91540.684800000003,0,0,0,2,2,4,1
43,64,1,ok,32768,183081.36960000001,183081.36960000001,0,0,0,1,1,1,1
43,64,2,ok,16384,183081.36960000001,183081.36960000001,0,0,0,1,1,2,1
43,64,3,ok,10944,183438.9504,183438.9504,0,0,0,3,1,1,1
43,64,4,ok,8192,183081.36960000001,183081.36960000001,0,0,0,1,2,2,1
43,64,5,ok,6592,184154.11200000002,184154.11200000002,0,0,0,5,1,1,1
43,64,6,ok,5472,183438.9504,183438.9504,0,0,0,3,1,2,1
43,64,7,ok,4736,185226.85440000001,185226.85440000001,0,0,0,7,1,1,1
43,64,8,ok,4096,183081.36960000001,183081.36960000001,0,0,0,1,2,4,1
43,64,9,ok,3648,183438.9504,183438.9504,0,0,0,9,1,1,1
43,64,10,ok,3296,184154.11200000002,184154.11200000002,0,0,0,5,1,2,1
43,64,11,ok,3008,184869.27360000001,184869.27360000001,0,0,0,11,1,1,1
43,64,12,ok,2736,183438.9504,183438.9504,0,0,0,3,1,4,1
43,64,13,ok,2560,185942.016,185942.016,0,0,0,1,1,13,1
43,64,14,ok,2368,185226.85440000001,185226.85440000001,0,0,0,7,1,2,1
43,64,15,ok,2223,186305.18400000001,186305.18400000001,0,0,0,3,1,5,1
43,64,16,ok,2048,183081.36960000001,183081.36960000001,0,0,0,2,2,4,1
44,1,1,ok,16384,4587387.2896000007,301989.88799999998,3913300.3776000002,0,372097.02399999998,1,1,1,1
44,1,2,ok,8192,4630011.9040000001,301989.88799999998,3921397.3503999999,0,406624.66560000001,1,1,2,1
44,1,3,ok,5472,4691360.7648,302579.712,3946969.4303999995,0,441811.62240000005,1,1,3,1
44,1,4,ok,4096,4715261.1328000007,301989.88799999998,3937591.2960000001,0,475679.94880000001,1,1,4,1
44,1,5,ok,3296,4804054.4159999993,303759.35999999999,3988109.52,0,512185.53600000008,1,1,5,1
44,1,6,ok,2752,4875407.3471999988,304349.18399999995,4023685.6703999997,0,547372.49280000001,1,1,6,1
44,1,7,ok,2368,4955480.4544000011,305528.83199999994,4066732.8576000002,0,583218.7648,1,1,7,1
44,1,8,ok,2048,4885759.590400001,301989.88799999998,3969979.1872000005,0,613790.51520000002,1,1,8,1
44,1,9,ok,1824,4947108.4511999991,302579.712,3995551.2671999987,0,648977.47200000007,1,1,9,1
44,1,10,ok,1664,5060778.3679999998,306708.47999999998,4065949.568,0,688120.32000000007,1,1,10,1
44,1,11,ok,1504,5087246.5247999998,304939.00799999997,4061637.5007999996,0,720670.01600000006,1,1,11,1
44,1,12,ok,1376,5131155.0336000007,304349.18399999995,4072267.5072000003,0,754538.34239999996,1,1,12,1
44,1,13,ok,1280,5218664.4224000005,306708.47999999998,4120252.6976000005,0,791703.24479999999,1,1,13,1
44,1,14,ok,1184,5253852.7552000005,305528.83199999994,4123411.6672,0,824912.25600000005,1,1,14,1
44,1,15,ok,1120,5367522.6720000003,309657.59999999998,4193809.9680000003,0,864055.10400000017,1,1,15,1
44,1,16,ok,1024,5306789.0688000005,301989.88799999998,4114787.5328000002,0,890011.64800000004,1,1,16,1
44,2,1,ok,32768,9132149.9648000021,603979.77599999995,7818503.7824000008,0,709666.40639999998,1,1,1,1
44,2,2,ok,16384,9174774.5792000014,603979.77599999995,7826600.7552000005,0,744194.04799999995,1,1,2,1
44,2,3,ok,10944,9254847.6864,605159.424,7869647.9423999991,0,780040.32000000007,1,1,3,1
44,2,4,ok,8192,9260023.8080000002,603979.77599999995,7842794.7007999998,0,813249.33120000002,1,2,2,1
44,2,5,ok,6592,9394985.7599999979,607518.71999999997,7935734.175999999,0,851732.86400000006,1,1,5,1
44,2,6,ok,5472,9382721.5296,605159.424,7893938.860799999,0,883623.2448000001,1,2,3,1
44,2,7,ok,4736,9612588.6080000009,611057.66399999987,8076786.9056000002,0,924744.03840000008,1,1,7,1
44,2,8,ok,4096,9430522.2656000014,603979.77599999995,7875182.5920000002,0,951359.89760000003,1,2,4,1
44,2,9,ok,3648,9510595.3728,605159.424,7918229.7791999988,0,987206.16960000014,1,1,9,1
44,2,10,ok,3296,9608108.8319999985,607518.71999999997,7976219.04,0,1024371.0720000002,1,2,5,1
44,2,11,ok,3008,9705622.2912000008,609878.01599999995,8034208.3007999994,0,1061535.9744000002,1,1,11,1
44,2,12,ok,2752,9750814.6943999976,608698.3679999999,8047371.3407999994,0,1094744.9856,1,2,6,1
44,2,13,ok,2560,9883208.8576000016,613416.95999999996,8135244.7488000011,0,1134547.1488000001,1,1,13,1
44,2,14,ok,2368,9910960.9088000022,611057.66399999987,8133465.7152000004,0,1166437.5296,1,2,7,1
44,2,15,ok,2240,10095676.128,619315.19999999995,8266165.3440000005,0,1210195.5840000003,1,1,15,1
44,2,16,ok,2048,9771519.1808000021,603979.77599999995,7939958.374400001,0,1227581.0304,1,2,8,1
44,4,1,ok,65536,17210078.003200002,1207959.5519999999,14617313.280000001,0,1384805.1712,1,1,1,1
44,4,2,ok,32768,17276993.535999998,1207959.5519999999,14649701.1712,0,1419332.8128,1,1,2,1
44,4,3,ok,21888,17416782.835200001,1210318.848,14749966.272,0,1456497.7152,1,1,3,1
44,4,4,ok,16384,17410824.601600002,1207959.5519999999,14714476.953600001,0,1488388.0959999999,1,1,4,1
44,4,5,ok,13184,17656345.151999999,1215037.4399999999,14910480.191999998,0,1530827.52,1,1,5,1
44,4,6,ok,11008,17836150.732799999,1217396.7359999998,15050761.5744,0,1567992.4224,1,1,6,1
44,4,7,ok,9472,18048813.7984,1222115.3279999997,15218903.8848,0,1607794.5856000003,1,1,7,1
44,4,8,ok,8192,17678486.732800003,1207959.5519999999,14844028.518400002,0,1626498.6624,1,1,8,1
44,4,9,ok,7296,17818276.031999998,1210318.848,14944293.619199999,0,1663663.5648000003,1,1,9,1
44,4,10,ok,6656,18155210.240000002,1226833.9199999999,15211724.288000001,0,1716652.0319999999,1,1,10,1
44,4,11,ok,6016,18163569.599999994,1219756.0319999999,15200545.676799998,0,1743267.8912,1,1,11,1
44,4,12,ok,5504,18237643.929599997,1217396.7359999998,15245088.921599999,0,1775158.2719999999,1,1,12,1
44,4,13,ok,5120,18476005.683200002,1226833.9199999999,15428936.806400003,0,1820234.9568,1,1,13,1
44,4,14,ok,4736,18517222.528000005,1222115.3279999997,15445619.123200003,0,1849488.0768000002,1,1,14,1
44,4,15,ok,4480,18854156.736000001,1238630.3999999999,15713049.791999999,0,1902476.544,1,1,15,1
44,4,16,ok,4096,18533941.248000003,1207959.5519999999,15423261.900800001,0,1902719.7952000001,1,1,16,1
44,8,1,ok,131072,34353240.473600008,2415919.1039999998,29202238.668800004,0,2735082.7008000002,1,1,1,1
44,8,2,ok,65536,34420156.006400004,2415919.1039999998,29234626.560000002,0,2769610.3424,1,1,2,1
44,8,3,ok,43776,34632819.071999997,2420637.696,29402768.870399997,0,2809412.5056000003,1,1,3,1
44,8,4,ok,32768,34553987.071999997,2415919.1039999998,29299402.342399999,0,2838665.6255999999,1,2,2,1
44,8,5,ok,26368,34978112.639999993,2430074.8799999999,29659020.927999996,0,2889016.8320000004,1,1,5,1
44,8,6,ok,21888,34833565.670400001,2420637.696,29499932.544,0,2912995.4304,1,2,3,1
44,8,7,ok,18944,35629218.867200002,2444230.6559999995,30211092.531200003,0,2973895.6799999997,1,1,7,1
44,8,8,ok,16384,34821649.203200005,2415919.1039999998,29428953.907200001,0,2976776.1919999998,1,2,4,1
44,8,9,ok,14592,35034312.26879999,2420637.696,29597096.217599992,0,3016578.3552000006,1,1,9,1
44,8,10,ok,13184,35312690.303999998,2430074.8799999999,29820960.383999996,0,3061655.04,1,2,5,1
44,8,11,ok,12032,35591068.339199997,2439512.0639999998,30044824.550399996,0,3106731.7248,1,1,11,1
44,8,12,ok,11008,35672301.465599999,2434793.4719999996,30101523.148800001,0,3135984.8448000001,1,2,6,1
44,8,13,ok,10240,36082109.440000005,2453667.8399999999,30436831.027200006,0,3191610.5728000002,1,1,13,1
44,8,14,ok,9472,36097627.596799999,2444230.6559999995,30437807.7696,0,3215589.1712000007,1,2,7,1
44,8,15,ok,8960,36704580.480000004,2477260.7999999998,30940281.215999998,0,3287038.4640000002,1,1,15,1
44,8,16,ok,8192,35356973.465600006,2415919.1039999998,29688057.036800005,0,3252997.3248000001,1,2,8,1
44,16,1,ok,262144,68639565.414399996,4831838.2079999996,58372089.446400002,0,5435637.7599999998,1,1,1,1
44,16,2,ok,131072,68706480.947200015,4831838.2079999996,58404477.337600008,0,5470165.4016000004,1,1,2,1
44,16,3,ok,87552,69064891.545599997,4841275.392,58708374.067199998,0,5515242.0864000004,1,1,3,1
44,16,4,ok,65536,68840312.012800008,4831838.2079999996,58469253.120000005,0,5539220.6847999999,1,2,2,1
44,16,5,ok,52736,69621647.615999997,4860149.7599999998,59156102.399999991,0,5605395.4560000002,1,1,5,1
44,16,6,ok,43776,69265638.143999994,4841275.392,58805537.740799993,0,5618825.0112000005,1,2,3,1
44,16,7,ok,37888,70790029.004800007,4888461.311999999,60195469.824000001,0,5706097.8688000003,1,1,7,1
44,16,8,ok,32768,69107974.143999994,4831838.2079999996,58598804.684799999,0,5677331.2511999998,1,2,4,1
44,16,9,ok,29184,69466384.742400005,4841275.392,58902701.414399996,0,5722407.9360000007,1,1,9,1
44,16,10,ok,26368,69956225.279999986,4860149.7599999998,59318041.855999991,0,5778033.6640000008,1,2,5,1
44,16,11,ok,24064,70446065.817599997,4879024.1279999996,59733382.297599994,0,5833659.392,1,1,11,1
44,16,12,ok,21888,69667131.340800002,4841275.392,58999865.088,0,5825990.8607999999,1,4,3,1
44,16,13,ok,20480,71294316.953600004,4907335.6799999997,60452619.468800008,0,5934361.804800001,1,1,13,1
44,16,14,ok,18944,71258437.734400004,4888461.311999999,60422185.062400006,0,5947791.3599999994,1,2,7,1
44,16,15,ok,17920,72405427.967999995,4954521.5999999996,61394744.063999988,0,6056162.3040000005,1,1,15,1
44,16,16,ok,16384,69643298.40640001,4831838.2079999996,58857907.814400002,0,5953552.3839999996,1,4,4,1
44,32,1,ok,524288,137212215.296,9663676.4159999993,116711791.0016,0,10836747.8784,1,1,1,1
44,32,2,ok,262144,137279130.82879999,9663676.4159999993,116744178.8928,0,10871275.52,1,1,2,1
44,32,3,ok,175104,137929036.4928,9682550.784,117319584.46079998,0,10926901.248,1,1,3,1
44,32,4,ok,131072,137412961.89440003,9663676.4159999993,116808954.67520002,0,10940330.803200001,1,2,2,1
44,32,5,ok,105472,138908717.56799999,9720299.5199999996,118150265.344,0,11038152.704,1,1,5,1
44,32,6,ok,87552,138129783.09119999,9682550.784,117416748.1344,0,11030484.172800001,1,2,3,1
44,32,7,ok,75776,141111649.28000003,9776922.623999998,120164224.40960002,0,11170502.246400002,1,1,7,1
44,32,8,ok,65536,137680624.02560002,9663676.4159999993,116938506.24000001,0,11078441.3696,1,2,4,1
44,32,9,ok,58368,138330529.68959999,9682550.784,117513911.80799997,0,11134067.097600002,1,1,9,1
44,32,10,ok,52736,139243295.23199999,9720299.5199999996,118312204.79999998,0,11210790.912,1,2,5,1
44,32,11,ok,48128,140156060.7744,9758048.2559999991,119110497.79199998,0,11287514.726400001,1,1,11,1
44,32,12,ok,43776,138531276.28799999,9682550.784,117611075.48159999,0,11237650.022400001,1,4,3,1
44,32,13,ok,40960,141718731.9808,9814671.3599999994,120484196.352,0,11419864.2688,1,1,13,1
44,32,14,ok,37888,141580058.00960001,9776922.623999998,120390939.648,0,11412195.737600001,1,2,7,1
44,32,15,ok,35840,143807122.94400004,9909043.1999999993,122303669.76000001,0,11594409.984000001,1,1,15,1
44,32,16,ok,32768,138215948.28799999,9663676.4159999993,117197609.3696,0,11354662.5024,1,4,4,1
44,64,1,ok,1048576,274357515.05919999,19327352.831999999,233391194.11199999,0,21638968.115200002,1,1,1,1
44,64,2,ok,524288,274424430.59200001,19327352.831999999,233423582.00319999,0,21673495.7568,1,1,2,1
44,64,3,ok,350208,275657326.3872,19365101.568,234542005.24799997,0,21750219.571200002,1,1,3,1
44,64,4,ok,262144,274558261.65759999,19327352.831999999,233488357.78560001,0,21742551.039999999,1,2,2,1
44,64,5,ok,210944,277482857.47199994,19440599.039999999,236138591.23199996,0,21903667.200000003,1,1,5,1
44,64,6,ok,175104,275858072.98559999,19365101.568,234639168.92159995,0,21853802.495999999,1,2,3,1
44,64,7,ok,151552,281754889.83040005,19553845.247999996,240101733.58080006,0,22099311.001599997,1,1,7,1
44,64,8,ok,131072,274825923.78880006,19327352.831999999,233617909.35040003,0,21880661.606400002,1,2,4,1
44,64,9,ok,116736,276058819.58399993,19365101.568,234736332.59519997,0,21957385.4208,1,1,9,1
44,64,10,ok,105472,277817435.13599998,19440599.039999999,236300530.68799999,0,22076305.408,1,2,5,1
44,64,11,ok,96256,279576050.68799996,19516096.511999998,237864728.78079998,0,22195225.395200003,1,1,11,1
44,64,12,ok,87552,276259566.18239999,19365101.568,234833496.26879999,0,22060968.345600002,1,4,3,1
44,64,13,ok,81920,282567562.03520006,19629342.719999999,240547350.11840004,0,22390869.196800001,1,1,13,1
44,64,14,ok,75776,282223298.56000006,19553845.247999996,240328448.81920004,0,22341004.492800005,1,2,7,1
44,64,15,ok,71680,286610512.89600003,19818086.399999999,244121521.15199998,0,22670905.344000001,1,1,15,1
44,64,16,ok,65536,275361248.05120003,19327352.831999999,233877012.48000002,0,22156882.7392,1,4,4,1
45,1,1,ok,512,2860.6464000000001,2860.6464000000001,0,0,0,1,1,1,1
45,1,2,ok,256,2860.6464000000001,2860.6464000000001,0,0,0,1,1,2,1
45,1,3,ok,171,2866.2336,2866.2336,0,0,0,3,1,1,1
45,1,4,ok,128,2860.6464000000001,2860.6464000000001,0,0,0,2,1,2,1
45,1,5,ok,103,2877.4080000000004,2877.4080000000004,0,0,0,5,1,1,1
45,1,6,ok,86,2866.2336,2866.2336,0,0,0,3,1,2,1
45,1,7,ok,74,2894.1696000000002,2894.1696000000002,0,0,0,7,1,1,1
45,1,8,ok,64,2860.6464000000001,2860.6464000000001,0,0,0,2,1,4,1
45,1,9,ok,57,2866.2336,2866.2336,0,0,0,9,1,1,1
45,1,10,ok,52,2877.4080000000004,2877.4080000000004,0,0,0,5,1,2,1
45,1,11,ok,47,2888.5824000000002,2888.5824000000002,0,0,0,11,1,1,1
45,1,12,ok,43,2866.2336,2866.2336,0,0,0,3,1,4,1
45,1,13,ok,40,2905.3440000000001,2905.3440000000001,0,0,0,1,1,13,1
45,1,14,ok,37,2894.1696000000002,2894.1696000000002,0,0,0,7,1,2,1
45,1,15,ok,35,2911.0185000000001,2911.0185000000001,0,0,0,3,1,5,1
45,1,16,ok,32,2860.6464000000001,2860.6464000000001,0,0,0,4,1,4,1
45,2,1,ok,1024,5721.2928000000002,5721.2928000000002,0,0,0,1,1,1,1
45,2,2,ok,512,5721.2928000000002,5721.2928000000002,0,0,0,1,1,2,1
45,2,3,ok,342,5732.4672,5732.4672,0,0,0,3,1,1,1
45,2,4,ok,256,5721.2928000000002,5721.2928000000002,0,0,0,1,2,2,1
45,2,5,ok,206,5754.8160000000007,5754.8160000000007,0,0,0,5,1,1,1
45,2,6,ok,171,5732.4672,5732.4672,0,0,0,3,1,2,1
45,2,7,ok,148,5788.3392000000003,5788.3392000000003,0,0,0,7,1,1,1
45,2,8,ok,128,5721.2928000000002,5721.2928000000002,0,0,0,1,2,4,1
45,2,9,ok,114,5732.4672,5732.4672,0,0,0,9,1,1,1
45,2,10,ok,103,5754.8160000000007,5754.8160000000007,0,0,0,5,1,2,1
45,2,11,ok,94,5777.1648000000005,5777.1648000000005,0,0,0,11,1,1,1
45,2,12,ok,86,5732.4672,5732.4672,0,0,0,3,1,4,1
45,2,13,ok,80,5810.6880000000001,5810.6880000000001,0,0,0,1,1,13,1
45,2,14,ok,74,5788.3392000000003,5788.3392000000003,0,0,0,7,1,2,1
45,2,15,ok,70,5822.0370000000003,5822.0370000000003,0,0,0,3,1,5,1
45,2,16,ok,64,5721.2928000000002,5721.2928000000002,0,0,0,2,2,4,1
45,4,1,ok,2048,11442.5856,11442.5856,0,0,0,1,1,1,1
45,4,2,ok,1024,11442.5856,11442.5856,0,0,0,1,1,2,1
45,4,3,ok,684,11464.9344,11464.9344,0,0,0,3,1,1,1
45,4,4,ok,512,11442.5856,11442.5856,0,0,0,1,2,2,1
45,4,5,ok,412,11509.632000000001,11509.632000000001,0,0,0,5,1,1,1
45,4,6,ok,342,11464.9344,11464.9344,0,0,0,3,1,2,1
45,4,7,ok,296,11576.678400000001,11576.678400000001,0,0,0,7,1,1,1
45,4,8,ok,256,11442.5856,11442.5856,0,0,0,1,2,4,1
45,4,9,ok,228,11464.9344,11464.9344,0,0,0,9,1,1,1
45,4,10,ok,206,11509.632000000001,11509.632000000001,0,0,0,5,1,2,1
45,4,11,ok,188,11554.329600000001,11554.329600000001,0,0,0,11,1,1,1
45,4,12,ok,171,11464.9344,11464.9344,0,0,0,3,1,4,1
45,4,13,ok,160,11621.376,11621.376,0,0,0,1,1,13,1
45,4,14,ok,148,11576.678400000001,11576.678400000001,0,0,0,7,1,2,1
45,4,15,ok,139,11644.074000000001,11644.074000000001,0,0,0,3,1,5,1
45,4,16,ok,128,11442.5856,11442.5856,0,0,0,2,2,4,1
45,8,1,ok,4096,22885.171200000001,22885.171200000001,0,0,0,1,1,1,1
45,8,2,ok,2048,22885.171200000001,22885.171200000001,0,0,0,1,1,2,1
45,8,3,ok,1368,22929.8688,22929.8688,0,0,0,3,1,1,1
45,8,4,ok,1024,22885.171200000001,22885.171200000001,0,0,0,1,2,2,1
45,8,5,ok,824,23019.264000000003,23019.264000000003,0,0,0,5,1,1,1
45,8,6,ok,684,22929.8688,22929.8688,0,0,0,3,1,2,1
45,8,7,ok,592,23153.356800000001,23153.356800000001,0,0,0,7,1,1,1
45,8,8,ok,512,22885.171200000001,22885.171200000001,0,0,0,1,2,4,1
45,8,9,ok,456,22929.8688,22929.8688,0,0,0,9,1,1,1
45,8,10,ok,412,23019.264000000003,23019.264000000003,0,0,0,5,1,2,1
45,8,11,ok,376,23108.659200000002,23108.659200000002,0,0,0,11,1,1,1
45,8,12,ok,342,22929.8688,22929.8688,0,0,0,3,1,4,1
45,8,13,ok,320,23242.752,23242.752,0,0,0,1,1,13,1
45,8,14,ok,296,23153.356800000001,23153.356800000001,0,0,0,7,1,2,1
45,8,15,ok,278,23288.148000000001,23288.148000000001,0,0,0,3,1,5,1
45,8,16,ok,256,22885.171200000001,22885.171200000001,0,0,0,2,2,4,1
45,16,1,ok,8192,45770.342400000001,45770.342400000001,0,0,0,1,1,1,1
45,16,2,ok,4096,45770.342400000001,45770.342400000001,0,0,0,1,1,2,1
45,16,3,ok,2736,45859.7376,45859.7376,0,0,0,3,1,1,1
45,16,4,ok,2048,45770.342400000001,45770.342400000001,0,0,0,1,2,2,1
45,16,5,ok,1648,46038.528000000006,46038.528000000006,0,0,0,5,1,1,1
45,16,6,ok,1368,45859.7376,45859.7376,0,0,0,3,1,2,1
45,16,7,ok,1184,46306.713600000003,46306.713600000003,0,0,0,7,1,1,1
45,16,8,ok,1024,45770.342400000001,45770.342400000001,0,0,0,1,2,4,1
45,16,9,ok,912,45859.7376,45859.7376,0,0,0,9,1,1,1
45,16,10,ok,824,46038.528000000006,46038.528000000006,0,0,0,5,1,2,1
45,16,11,ok,752,46217.318400000004,46217.318400000004,0,0,0,11,1,1,1
45,16,12,ok,684,45859.7376,45859.7376,0,0,0,3,1,4,1
45,16,13,ok,640,46485.504000000001,46485.504000000001,0,0,0,1,1,13,1
45,16,14,ok,592,46306.713600000003,46306.713600000003,0,0,0,7,1,2,1
45,16,15,ok,556,46576.296000000002,46576.296000000002,0,0,0,3,1,5,1
45,16,16,ok,512,45770.342400000001,45770.342400000001,0,0,0,2,2,4,1
45,32,1,ok,16384,91540.684800000003,91540.684800000003,0,0,0,1,1,1,1
45,32,2,ok,8192,91540.684800000003,91540.684800000003,0,0,0,1,1,2,1
45,32,3,ok,5472,91719.475200000001,91719.475200000001,0,0,0,3,1,1,1
45,32,4,ok,4096,91540.684800000003,91540.684800000003,0,0,0,1,2,2,1
45,32,5,ok,3296,92077.056000000011,92077.056000000011,0,0,0,5,1,1,1
45,32,6,ok,2736,91719.475200000001,91719.475200000001,0,0,0,3,1,2,1
45,32,7,ok,2368,92613.427200000006,92613.427200000006,0,0,0,7,1,1,1
45,32,8,ok,2048,91540.684800000003,91540.684800000003,0,0,0,1,2,4,1
45,32,9,ok,1824,91719.475200000001,91719.475200000001,0,0,0,9,1,1,1
45,32,10,ok,1648,92077.056000000011,92077.056000000011,0,0,0,5,1,2,1
45,32,11,ok,1504,92434.636800000007,92434.636800000007,0,0,0,11,1,1,1
45,32,12,ok,1368,91719.475200000001,91719.475200000001,0,0,0,3,1,4,1
45,32,13,ok,1280,92971.008000000002,92971.008000000002,0,0,0,1,1,13,1
45,32,14,ok,1184,92613.427200000006,92613.427200000006,0,0,0,7,1,2,1
45,32,15,ok,1112,93152.592000000004,93152.592000000004,0,0,0,3,1,5,1
45,32,16,ok,1024,91540.684800000003,91540.684800000003,0,0,0,2,2,4,1
45,64,1,ok,32768,183081.36960000001,183081.36960000001,0,0,0,1,1,1,1
45,64,2,ok,16384,183081.36960000001,183081.36960000001,0,0,0,1,1,2,1
45,64,3,ok,10944,183438.9504,183438.9504,0,0,0,3,1,1,1
45,64,4,ok,8192,183081.36960000001,183081.36960000001,0,0,0,1,2,2,1
45,64,5,ok,6592,184154.11200000002,184154.11200000002,0,0,0,5,1,1,1
45,64,6,ok,5472,183438.9504,183438.9504,0,0,0,3,1,2,1
45,64,7,ok,4736,185226.85440000001,185226.85440000001,0,0,0,7,1,1,1
45,64,8,ok,4096,183081.36960000001,183081.36960000001,0,0,0,1,2,4,1
45,64,9,ok,3648,183438.9504,183438.9504,0,0,0,9,1,1,1
45,64,10,ok,3296,184154.11200000002,184154.11200000002,0,0,0,5,1,2,1
45,64,11,ok,3008,184869.27360000001,184869.27360000001,0,0,0,11,1,1,1
45,64,12,ok,2736,183438.9504,183438.9504,0,0,0,3,1,4,1
45,64,13,ok,2560,185942.016,185942.016,0,0,0,1,1,13,1
45,64,14,ok,2368,185226.85440000001,185226.85440000001,0,0,0,7,1,2,1
45,64,15,ok,2223,186305.18400000001,186305.18400000001,0,0,0,3,1,5,1
45,64,16,ok,2048,183081.36960000001,183081.36960000001,0,0,0,2,2,4,1
46,1,1,ok,4096,22885.171200000001,22885.171200000001,0,0,0,1,1,1,1
46,1,2,ok,2048,22885.171200000001,22885.171200000001,0,0,0,1,1,2,1
46,1,3,ok,1366,22896.345600000001,22896.345600000001,0,0,0,3,1,1,1
46,1,4,ok,1024,22885.171200000001,22885.171200000001,0,0,0,2,1,2,1
46,1,5,ok,820,22907.52,22907.52,0,0,0,5,1,1,1
46,1,6,ok,683,22896.345600000001,22896.345600000001,0,0,0,3,1,2,1
46,1,7,ok,586,22918.6944,22918.6944,0,0,0,7,1,1,1
46,1,8,ok,512,22885.171200000001,22885.171200000001,0,0,0,2,1,4,1
46,1,9,ok,456,22929.8688,22929.8688,0,0,0,9,1,1,1
46,1,10,ok,410,22907.52,22907.52,0,0,0,5,1,2,1
46,1,11,ok,373,22924.281599999998,22924.281599999998,0,0,0,11,1,1,1
46,1,12,ok,342,22896.345600000001,22896.345600000001,0,0,0,3,1,4,1
46,1,13,ok,316,22952.2176,22952.2176,0,0,0,13,1,1,1
46,1,14,ok,293,22918.6944,22918.6944,0,0,0,7,1,2,1
46,1,15,ok,274,22963.392,22963.392,0,0,0,15,1,1,1
46,1,16,ok,256,22885.171200000001,22885.171200000001,0,0,0,4,1,4,1
46,2,1,ok,8192,45770.342400000001,45770.342400000001,0,0,0,1,1,1,1
46,2,2,ok,4096,45770.342400000001,45770.342400000001,0,0,0,1,1,2,1
46,2,3,ok,2732,45792.691200000001,45792.691200000001,0,0,0,3,1,1,1
46,2,4,ok,2048,45770.342400000001,45770.342400000001,0,0,0,1,2,2,1
46,2,5,ok,1640,45815.040000000001,45815.040000000001,0,0,0,5,1,1,1
46,2,6,ok,1366,45792.691200000001,45792.691200000001,0,0,0,3,1,2,1
46,2,7,ok,1172,45837.388800000001,45837.388800000001,0,0,0,7,1,1,1
46,2,8,ok,1024,45770.342400000001,45770.342400000001,0,0,0,1,2,4,1
46,2,9,ok,912,45859.7376,45859.7376,0,0,0,9,1,1,1
46,2,10,ok,820,45815.040000000001,45815.040000000001,0,0,0,5,1,2,1
46,2,11,ok,746,45848.563199999997,45848.563199999997,0,0,0,11,1,1,1
46,2,12,ok,683,45792.691200000001,45792.691200000001,0,0,0,3,1,4,1
46,2,13,ok,632,45904.4352,45904.4352,0,0,0,13,1,1,1
46,2,14,ok,586,45837.388800000001,45837.388800000001,0,0,0,7,1,2,1
46,2,15,ok,548,45926.784,45926.784,0,0,0,15,1,1,1
46,2,16,ok,512,45770.342400000001,45770.342400000001,0,0,0,2,2,4,1
46,4,1,ok,16384,91540.684800000003,91540.684800000003,0,0,0,1,1,1,1
46,4,2,ok,8192,91540.684800000003,91540.684800000003,0,0,0,1,1,2,1
46,4,3,ok,5464,91585.382400000002,91585.382400000002,0,0,0,3,1,1,1
46,4,4,ok,4096,91540.684800000003,91540.684800000003,0,0,0,1,2,2,1
46,4,5,ok,3280,91630.080000000002,91630.080000000002,0,0,0,5,1,1,1
46,4,6,ok,2732,91585.382400000002,91585.382400000002,0,0,0,3,1,2,1
46,4,7,ok,2344,91674.777600000001,91674.777600000001,0,0,0,7,1,1,1
46,4,8,ok,2048,91540.684800000003,91540.684800000003,0,0,0,1,2,4,1
46,4,9,ok,1824,91719.475200000001,91719.475200000001,0,0,0,9,1,1,1
46,4,10,ok,1640,91630.080000000002,91630.080000000002,0,0,0,5,1,2,1
46,4,11,ok,1492,91697.126399999994,91697.126399999994,0,0,0,11,1,1,1
46,4,12,ok,1366,91585.382400000002,91585.382400000002,0,0,0,3,1,4,1
46,4,13,ok,1264,91808.8704,91808.8704,0,0,0,13,1,1,1
46,4,14,ok,1172,91674.777600000001,91674.777600000001,0,0,0,7,1,2,1
46,4,15,ok,1096,91853.567999999999,91853.567999999999,0,0,0,15,1,1,1
46,4,16,ok,1024,91540.684800000003,91540.684800000003,0,0,0,2,2,4,1
46,8,1,ok,32768,183081.36960000001,183081.36960000001,0,0,0,1,1,1,1
46,8,2,ok,16384,183081.36960000001,183081.36960000001,0,0,0,1,1,2,1
46,8,3,ok,10928,183170.7648,183170.7648,0,0,0,3,1,1,1
46,8,4,ok,8192,183081.36960000001,183081.36960000001,0,0,0,1,2,2,1
46,8,5,ok,6560,183260.16,183260.16,0,0,0,5,1,1,1
46,8,6,ok,5464,183170.7648,183170.7648,0,0,0,3,1,2,1
46,8,7,ok,4688,183349.5552,183349.5552,0,0,0,7,1,1,1
46,8,8,ok,4096,183081.36960000001,183081.36960000001,0,0,0,1,2,4,1
46,8,9,ok,3648,183438.9504,183438.9504,0,0,0,9,1,1,1
46,8,10,ok,3280,183260.16,183260.16,0,0,0,5,1,2,1
46,8,11,ok,2984,183394.25279999999,183394.25279999999,0,0,0,11,1,1,1
46,8,12,ok,2732,183170.7648,183170.7648,0,0,0,3,1,4,1
46,8,13,ok,2528,183617.7408,183617.7408,0,0,0,13,1,1,1
46,8,14,ok,2344,183349.5552,183349.5552,0,0,0,7,1,2,1
46,8,15,ok,2192,183707.136,183707.136,0,0,0,15,1,1,1
46,8,16,ok,2048,183081.36960000001,183081.36960000001,0,0,0,2,2,4,1
46,16,1,ok,65536,366162.73920000001,366162.73920000001,0,0,0,1,1,1,1
46,16,2,ok,32768,366162.73920000001,366162.73920000001,0,0,0,1,1,2,1
46,16,3,ok,21856,366341.52960000001,366341.52960000001,0,0,0,3,1,1,1
46,16,4,ok,16384,366162.73920000001,366162.73920000001,0,0,0,1,2,2,1
46,16,5,ok,13120,366520.32000000001,366520.32000000001,0,0,0,5,1,1,1
46,16,6,ok,10928,366341.52960000001,366341.52960000001,0,0,0,3,1,2,1
46,16,7,ok,9376,366699.11040000001,366699.11040000001,0,0,0,7,1,1,1
46,16,8,ok,8192,366162.73920000001,366162.73920000001,0,0,0,1,2,4,1
46,16,9,ok,7296,366877.9008,366877.9008,0,0,0,9,1,1,1
46,16,10,ok,6560,366520.32000000001,366520.32000000001,0,0,0,5,1,2,1
46,16,11,ok,5968,366788.50559999997,366788.50559999997,0,0,0,11,1,1,1
46,16,12,ok,5464,366341.52960000001,366341.52960000001,0,0,0,3,1,4,1
46,16,13,ok,5056,367235.4816,367235.4816,0,0,0,13,1,1,1
46,16,14,ok,4688,366699.11040000001,366699.11040000001,0,0,0,7,1,2,1
46,16,15,ok,4384,367414.272,367414.272,0,0,0,15,1,1,1
46,16,16,ok,4096,366162.73920000001,366162.73920000001,0,0,0,2,2,4,1
46,32,1,ok,131072,732325.47840000002,732325.47840000002,0,0,0,1,1,1,1
46,32,2,ok,65536,732325.47840000002,732325.47840000002,0,0,0,1,1,2,1
46,32,3,ok,43712,732683.05920000002,732683.05920000002,0,0,0,3,1,1,1
46,32,4,ok,32768,732325.47840000002,732325.47840000002,0,0,0,1,2,2,1
46,32,5,ok,26240,733040.64000000001,733040.64000000001,0,0,0,5,1,1,1
46,32,6,ok,21856,732683.05920000002,732683.05920000002,0,0,0,3,1,2,1
46,32,7,ok,18752,733398.22080000001,733398.22080000001,0,0,0,7,1,1,1
46,32,8,ok,16384,732325.47840000002,732325.47840000002,0,0,0,1,2,4,1
46,32,9,ok,14592,733755.80160000001,733755.80160000001,0,0,0,9,1,1,1
46,32,10,ok,13120,733040.64000000001,733040.64000000001,0,0,0,5,1,2,1
46,32,11,ok,11936,733577.01119999995,733577.01119999995,0,0,0,11,1,1,1
46,32,12,ok,10928,732683.05920000002,732683.05920000002,0,0,0,3,1,4,1
46,32,13,ok,10112,734470.9632,734470.9632,0,0,0,13,1,1,1
46,32,14,ok,9376,733398.22080000001,733398.22080000001,0,0,0,7,1,2,1
46,32,15,ok,8768,734828.54399999999,734828.54399999999,0,0,0,15,1,1,1
46,32,16,ok,8192,732325.47840000002,732325.47840000002,0,0,0,2,2,4,1
46,64,1,ok,262144,1464650.9568,1464650.9568,0,0,0,1,1,1,1
46,64,2,ok,131072,1464650.9568,1464650.9568,0,0,0,1,1,2,1
46,64,3,ok,87424,1465366.1184,1465366.1184,0,0,0,3,1,1,1
46,64,4,ok,65536,1464650.9568,1464650.9568,0,0,0,1,2,2,1
46,64,5,ok,52480,1466081.28,1466081.28,0,0,0,5,1,1,1
46,64,6,ok,43712,1465366.1184,1465366.1184,0,0,0,3,1,2,1
46,64,7,ok,37504,1466796.4416,1466796.4416,0,0,0,7,1,1,1
46,64,8,ok,32768,1464650.9568,1464650.9568,0,0,0,1,2,4,1
46,64,9,ok,29184,1467511.6032,1467511.6032,0,0,0,9,1,1,1
46,64,10,ok,26240,1466081.28,1466081.28,0,0,0,5,1,2,1
46,64,11,ok,23872,1467154.0223999999,1467154.0223999999,0,0,0,11,1,1,1
46,64,12,ok,21856,1465366.1184,1465366.1184,0,0,0,3,1,4,1
46,64,13,ok,20224,1468941.9264,1468941.9264,0,0,0,13,1,1,1
46,64,14,ok,18752,1466796.4416,1466796.4416,0,0,0,7,1,2,1
46,64,15,ok,17536,1469657.088,1469657.088,0,0,0,15,1,1,1
46,64,16,ok,16384,1464650.9568,1464650.9568,0,0,0,2,2,4,1
47,1,1,ok,131072,32348477.849599998,2415919.1039999998,28889330.483199999,0,1043228.2624000001,1,1,1,1
47,1,2,ok,65536,32689474.764800001,2415919.1039999998,28954106.265600003,0,1319449.3952000001,1,1,2,1
47,1,3,ok,43776,33171768.345600002,2420637.696,29153962.060799997,0,1597168.5888,1,1,3,1
47,1,4,ok,32768,33310991.974399999,2415919.1039999998,29299402.342399999,0,1595670.5280000002,2,1,2,1
47,1,5,ok,26368,34056322.943999998,2430074.8799999999,29473641.087999996,0,2152606.9760000003,1,1,5,1
47,1,6,ok,21888,33794499.456,2420637.696,29499932.544,0,1873929.216,2,1,3,1
47,1,7,ok,18944,35242239.334400006,2444230.6559999995,30088465.2544,0,2709543.4239999996,1,1,7,1
47,1,8,ok,16384,33992985.804800004,2415919.1039999998,29428953.907200001,0,2148112.7936,2,1,4,1
47,1,9,ok,14592,35217749.836799994,2420637.696,29542616.755199991,0,3254495.3856000006,1,1,9,1
47,1,10,ok,13184,34681481.855999991,2430074.8799999999,29820960.383999996,0,2430446.5920000002,2,1,5,1
47,1,11,ok,12032,36304865.203199998,2439512.0639999998,30052423.244799998,0,3812929.8944000001,1,1,11,1
47,1,12,ok,10944,35039961.676799998,2420637.696,30191873.510399994,0,2427450.4704,4,1,3,1
47,1,13,ok,10240,37330716.467200011,2453667.8399999999,30507182.284800004,0,4369866.3424000004,1,1,13,1
47,1,14,ok,9472,35871039.948799998,2444230.6559999995,30437807.7696,0,2989001.5231999997,2,1,7,1
47,1,15,ok,8960,38479095.936000004,2477260.7999999998,31072036.223999999,0,4929798.9120000005,1,1,15,1
47,1,16,ok,8192,35236020.223999999,2415919.1039999998,30119546.060800001,0,2700555.0592,4,1,4,1
47,2,1,ok,262144,64355958.783999994,4831838.2079999996,57713885.184,0,1810235.392,1,1,1,1
47,2,2,ok,131072,64696955.699199997,4831838.2079999996,57778660.966399997,0,2086456.5248000002,1,1,2,1
47,2,3,ok,87552,65320545.945599988,4841275.392,58113596.774399996,0,2365673.7791999998,1,1,3,1
47,2,4,ok,65536,65378949.529600002,4831838.2079999996,57908212.531200007,0,2638898.7904000003,1,2,2,1
47,2,5,ok,52736,66407661.311999999,4860149.7599999998,58623403.263999999,0,2924108.2880000002,1,1,5,1
47,2,6,ok,43776,66343536.691200003,4841275.392,58307924.121599995,0,3194337.1776000001,1,2,3,1
47,2,7,ok,37888,68097500.262400016,4888461.311999999,59723500.032000005,0,3485538.9183999998,1,1,7,1
47,2,8,ok,32768,66621983.948799998,4831838.2079999996,58598804.684799999,0,3191341.0560000003,2,1,4,1
47,2,9,ok,29184,67366527.436800003,4841275.392,58502251.468799993,0,4023000.5760000004,1,1,9,1
47,2,10,ok,26368,67657979.135999992,4860149.7599999998,59318041.855999991,0,3479787.5200000005,2,1,5,1
47,2,11,ok,24064,68858764.339200005,4879024.1279999996,59392312.883199997,0,4587427.3280000007,1,1,11,1
47,2,12,ok,21888,67588998.912,4841275.392,58999865.088,0,3747858.432,2,2,3,1
47,2,13,ok,20480,70228473.036800012,4907335.6799999997,60172279.398400009,0,5148857.9584000008,1,1,13,1
47,2,14,ok,18944,69355101.491200015,4888461.311999999,60422185.062400006,0,4044455.1168000004,2,1,7,1
47,2,15,ok,17920,71843238.144000009,4954521.5999999996,61172435.711999997,0,5716280.8320000004,1,1,15,1
47,2,16,ok,16384,67985971.609600008,4831838.2079999996,58857907.814400002,0,4296225.5872,2,2,4,1
47,4,1,ok,524288,128370920.65280001,9663676.4159999993,115362994.58560002,0,3344249.6512000002,1,1,1,1
47,4,2,ok,262144,128711917.56799999,9663676.4159999993,115427770.368,0,3620470.784,1,1,2,1
47,4,3,ok,175104,129618101.14559999,9682550.784,116032866.20159999,0,3902684.1600000006,1,1,3,1
47,4,4,ok,131072,129393911.39839999,9663676.4159999993,115557321.93279999,0,4172913.0496000005,1,2,2,1
47,4,5,ok,105472,131110338.04799998,9720299.5199999996,116922927.616,0,4467110.9120000005,1,1,5,1
47,4,6,ok,87552,130616184.72959998,9682550.784,115923907.27679998,0,5009726.6688000001,2,1,3,1
47,4,7,ok,75776,133808022.11840001,9776922.623999998,118993569.58720002,0,5037529.9072000012,1,1,7,1
47,4,8,ok,65536,130585513.1648,9663676.4159999993,115644039.16800001,0,5277797.5808000006,2,1,4,1
47,4,9,ok,58368,131664082.63679999,9682550.784,116421520.89599998,0,5560010.9567999998,1,1,9,1
47,4,10,ok,52736,132498694.65599997,9720299.5199999996,117199925.75999998,0,5578469.3760000002,2,1,5,1
47,4,11,ok,48128,133966562.61119999,9758048.2559999991,118072092.15999998,0,6136422.1952,1,1,11,1
47,4,12,ok,43776,132687073.38240001,9682550.784,116615848.24319999,0,6388674.3552000001,1,4,3,1
47,4,13,ok,40960,136023986.176,9814671.3599999994,119502473.62560001,0,6706841.1904000007,1,1,13,1
47,4,14,ok,37888,135587460.9152,9776922.623999998,119655175.98720001,0,6155362.3040000005,2,1,7,1
47,4,15,ok,35568,135978630.05699998,9739284.4800000004,117892110.669,0,8347234.9080000008,5,1,3,1
47,4,16,ok,32768,132726810.21439999,9663676.4159999993,116680451.6864,0,6382682.1120000007,2,1,8,1
47,8,1,ok,1048576,256400844.39040002,19327352.831999999,230661213.38880002,0,6412278.1696000006,1,1,1,1
47,8,2,ok,524288,256741841.30560002,19327352.831999999,230725989.17120004,0,6688499.3024000004,1,1,2,1
47,8,3,ok,350208,258213211.5456,19365101.568,231871405.05599999,0,6976704.9216000009,1,1,3,1
47,8,4,ok,262144,257423835.13599998,19327352.831999999,230855540.736,0,7240941.568,1,2,2,1
47,8,5,ok,210944,260515691.51999998,19440599.039999999,233521976.31999999,0,7553116.1600000001,1,1,5,1
47,8,6,ok,175104,259236202.29119998,19365101.568,232065732.40319997,0,7805368.3200000012,1,2,3,1
47,8,7,ok,151552,265229065.83040005,19553845.247999996,237533708.69760004,0,8141511.8848000001,1,1,7,1
47,8,8,ok,131072,258787822.79679999,19327352.831999999,231114643.86559999,0,8345826.099200001,1,2,4,1
47,8,9,ok,116736,260259193.03679997,19365101.568,232260059.75039998,0,8634031.7183999997,1,1,9,1
47,8,10,ok,105472,262220676.09599996,19440599.039999999,233845855.23199999,0,8934221.824000001,1,2,5,1
47,8,11,ok,96256,264182159.15519994,19516096.511999998,235431650.71359995,0,9234411.9296000004,1,1,11,1
47,8,12,ok,87552,261232369.45919997,19365101.568,231847814.55359995,0,10019453.3376,2,2,3,1
47,8,13,ok,81920,267615012.45440003,19629342.719999999,238162862.08000001,0,9822807.6544000003,1,1,13,1
47,8,14,ok,75776,267427651.99360007,19553845.247999996,237496630.06720003,0,10377176.678400001,2,1,7,1
47,8,15,ok,71136,270341877.32999998,19478568.960000001,235002357.40200001,0,15860950.968,5,1,3,1
47,8,16,ok,65536,261171026.32960001,19327352.831999999,231288078.33600003,0,10555595.161600001,2,2,4,1
47,16,1,ok,2097152,512460691.86559999,38654705.663999997,461257650.99520004,0,12548335.2064,1,1,1,1
47,16,2,ok,1048576,512801688.78080004,38654705.663999997,461322426.77760005,0,12824556.339200001,1,1,2,1
47,16,3,ok,700416,515403432.34559995,38730203.136,463548482.76479995,0,13124746.444800001,1,1,3,1
47,16,4,ok,524288,513483682.61120003,38654705.663999997,461451978.34240007,0,13376998.604800001,1,2,2,1
47,16,5,ok,421888,519326398.46399993,38881198.079999998,466720073.72799993,0,13725126.655999999,1,1,5,1
47,16,6,ok,350208,516426423.09119999,38730203.136,463742810.11199999,0,13953409.843200002,1,2,3,1
47,16,7,ok,303104,528071153.25440007,39107690.495999992,474613986.91839999,0,14349475.84,1,1,7,1
47,16,8,ok,262144,514847670.27199996,38654705.663999997,461711081.472,0,14481883.136,1,2,4,1
47,16,9,ok,233472,517449413.83679998,38730203.136,463937137.45920002,0,14782073.241600001,1,1,9,1
47,16,10,ok,210944,521031383.03999996,38881198.079999998,467043952.63999999,0,15106232.32,1,2,5,1
47,16,11,ok,192512,524613352.24319994,39032193.023999996,470150767.82079995,0,15430391.398400001,1,1,11,1
47,16,12,ok,175104,518472404.58239996,38730203.136,464131464.80639994,0,15610736.640000002,1,4,3,1
47,16,13,ok,163840,530797065.01120007,39258685.439999998,475483638.98880005,0,16054740.5824,1,1,13,1
47,16,14,ok,151552,530458131.6608001,39107690.495999992,475067417.39520007,0,16283023.7696,1,2,7,1
47,16,15,ok,142272,539068371.87599993,38957137.920000002,469222850.86799997,0,30888383.088000003,5,1,3,1
47,16,16,ok,131072,517575645.59359998,38654705.663999997,462229287.73119998,0,16691652.198400002,1,4,4,1
47,32,1,ok,4194304,1024580386.8159999,77309411.327999994,922450526.20799994,0,24820449.280000001,1,1,1,1
47,32,2,ok,2097152,1024921383.7312,77309411.327999994,922515301.99040008,0,25096670.412799999,1,1,2,1
47,32,3,ok,1400832,1029783873.9455999,77460406.272,926902638.18239987,0,25420829.491200004,1,1,3,1
47,32,4,ok,1048576,1025603377.5616001,77309411.327999994,922644853.5552001,0,25649112.678400002,1,2,2,1
47,32,5,ok,843776,1036947812.3519999,77762396.159999996,933116268.54399991,0,26069147.648000002,1,1,5,1
47,32,6,ok,700416,1030806864.6911999,77460406.272,927096965.52959991,0,26249492.889600001,1,2,3,1
47,32,7,ok,606208,1053755328.1024002,78215380.991999984,948774543.36000013,0,26765403.750400003,1,1,7,1
47,32,8,ok,524288,1026967365.2224001,77309411.327999994,922903956.68480015,0,26753997.209600002,1,2,4,1
47,32,9,ok,466944,1031829855.4367999,77460406.272,927291292.87679994,0,27078156.288000003,1,1,9,1
47,32,10,ok,421888,1038652796.9279999,77762396.159999996,933440147.45599985,0,27450253.311999999,1,2,5,1
47,32,11,ok,385024,1045475738.4191999,78064386.047999993,939589002.03519988,0,27822350.336000003,1,1,11,1
47,32,12,ok,350208,1032852846.1824,77460406.272,927485620.22399998,0,27906819.686400004,1,4,3,1
47,32,13,ok,327680,1057161170.1248002,78517370.879999995,950125192.80640006,0,28518606.438400004,1,1,13,1
47,32,14,ok,303104,1056142306.5088001,78215380.991999984,949227973.83679998,0,28698951.68,1,2,7,1
47,32,15,ok,284544,1076521360.9679999,77914275.840000004,937663837.79999995,0,60943247.328000009,5,1,3,1
47,32,16,ok,262144,1029695340.5439999,77309411.327999994,923422162.94400001,0,28963766.272,1,4,4,1
47,64,1,ok,8388608,2048819776.7168002,154618822.65599999,1844836276.6336002,0,49364677.427200004,1,1,1,1
47,64,2,ok,4194304,2049160773.6319997,154618822.65599999,1844901052.4159999,0,49640898.560000002,1,1,2,1
47,64,3,ok,2801664,2058544757.1455998,154920812.544,1853610949.0175996,0,50012995.584000006,1,1,3,1
47,64,4,ok,2097152,2049842767.4624,154618822.65599999,1845030603.9808002,0,50193340.825599998,1,2,2,1
47,64,5,ok,1687552,2072190640.1279998,155524792.31999999,1865908658.1759999,0,50757189.631999999,1,1,5,1
47,64,6,ok,1400832,2059567747.8911998,154920812.544,1853805276.3647997,0,50841658.982400008,1,2,3,1
47,64,7,ok,1212416,2105123677.7984004,156430761.98399997,1897095656.2432003,0,51597259.571199998,1,1,7,1
47,64,8,ok,1048576,2051206755.1232002,154618822.65599999,1845289707.1104002,0,51298225.356800005,1,2,4,1
47,64,9,ok,933888,2060590738.6367996,154920812.544,1853999603.7119997,0,51670322.380800001,1,1,9,1
47,64,10,ok,843776,2073895624.7039998,155524792.31999999,1866232537.0879998,0,52138295.296000004,1,2,5,1
47,64,11,ok,770048,2087200510.7711997,156128772.09599999,1878465470.4639997,0,52606268.211200014,1,1,11,1
47,64,12,ok,700416,2061613729.3823998,154920812.544,1854193931.0591998,0,52498985.779200003,1,4,3,1
47,64,13,ok,655360,2084919220.6336007,157034741.75999999,1874438140.7232003,0,53446338.150400005,1,13,1,1
47,64,14,ok,606208,2107510656.2048004,156430761.98399997,1897549086.7200003,0,53530807.500800006,1,2,7,1
47,64,15,ok,569088,2094785497.7279999,157341450.23999998,1883347893.1199999,0,54096154.368000001,1,5,3,1
47,64,16,ok,524288,2053934730.4448001,154618822.65599999,1845807913.3696003,0,53507994.419200003,1,4,4,1
48,1,1,ok,131072,38906835.7632,2415919.1039999998,32012186.419199999,0,4478730.2400000002,1,1,1,1
48,1,2,ok,65536,38906835.7632,2415919.1039999998,32012186.419199999,0,4478730.2400000002,2,1,1,1
48,1,3,ok,44032,40692063.89760001,2420637.696,33232045.670400001,0,5039380.5312000001,1,1,3,1
48,1,4,ok,32768,38906835.7632,2415919.1039999998,32012186.419199999,0,4478730.2400000002,4,1,1,1
48,1,5,ok,26624,42551611.136000007,2430074.8799999999,34513297.408,0,5608238.8480000002,1,1,5,1
48,1,6,ok,22016,40692063.89760001,2420637.696,33232045.670400001,0,5039380.5312000001,2,1,3,1
48,1,7,ok,18944,45528404.275200002,2444230.6559999995,36898868.428800002,0,6185305.1903999997,1,1,7,1
48,1,8,ok,16384,38906835.7632,2415919.1039999998,32012186.419199999,0,4478730.2400000002,8,1,1,1
48,1,9,ok,15360,39403021.363200009,2420637.696,32460917.760000002,0,4521465.9072000002,9,1,1,1
48,1,10,ok,13312,39195080.832000002,2418278.3999999994,32224912.896000002,0,4551889.5360000003,10,1,1,1
48,1,11,ok,12288,39397880.544,2420047.872,32388337.484799996,0,4589495.1872000005,11,1,1,1
48,1,12,ok,11264,39483325.900800005,2420637.696,32437639.372800004,0,4625048.8320000004,12,1,1,1
48,1,13,ok,10240,39490195.430399999,2422996.9920000001,32403517.952,0,4663680.4864000008,13,1,1,1
48,1,14,ok,10240,40030565.568000004,2419458.048,32919055.411200002,0,4692052.1088000005,14,1,1,1
48,1,15,ok,9216,39915693.504000001,2424176.6399999997,32756729.088,0,4734787.7759999996,15,1,1,1
48,1,16,ok,8192,39528352.972800002,2415919.1039999998,32357482.496000003,0,4754951.3728,16,1,1,1
48,2,1,ok,262144,77813671.5264,4831838.2079999996,64024372.838399999,0,8957460.4800000004,1,1,1,1
48,2,2,ok,131072,77813671.5264,4831838.2079999996,64024372.838399999,0,8957460.4800000004,1,2,1,1
48,2,3,ok,88064,81384127.79520002,4841275.392,66464091.340800002,0,10078761.0624,1,1,3,1
48,2,4,ok,65536,77813671.5264,4831838.2079999996,64024372.838399999,0,8957460.4800000004,2,2,1,1
48,2,5,ok,53248,85103222.272000015,4860149.7599999998,69026594.816,0,11216477.696,1,1,5,1
48,2,6,ok,44032,81384127.79520002,4841275.392,66464091.340800002,0,10078761.0624,1,2,3,1
48,2,7,ok,37888,91056808.550400004,4888461.311999999,73797736.857600003,0,12370610.380799999,1,1,7,1
48,2,8,ok,32768,77813671.5264,4831838.2079999996,64024372.838399999,0,8957460.4800000004,4,2,1,1
48,2,9,ok,30720,78806042.726400018,4841275.392,64921835.520000003,0,9042931.8144000005,9,1,1,1
48,2,10,ok,26624,78390161.664000005,4836556.7999999989,64449825.792000003,0,9103779.0720000006,10,1,1,1
48,2,11,ok,24576,78795761.088,4840095.7439999999,64776674.969599992,0,9178990.374400001,11,1,1,1
48,2,12,ok,22528,78966651.801600009,4841275.392,64875278.745600007,0,9250097.6640000008,12,1,1,1
48,2,13,ok,20480,78980390.860799998,4845993.9840000002,64807035.903999999,0,9327360.9728000015,13,1,1,1
48,2,14,ok,20480,80061131.136000007,4838916.0959999999,65838110.822400004,0,9384104.217600001,14,1,1,1
48,2,15,ok,18432,79831387.008000001,4848353.2799999993,65513458.175999999,0,9469575.5519999992,15,1,1,1
48,2,16,ok,16384,77813671.5264,4831838.2079999996,64024372.838399999,0,8957460.4800000004,8,2,1,1
48,4,1,ok,524288,155627343.0528,9663676.4159999993,128048745.6768,0,17914920.960000001,1,1,1,1
48,4,2,ok,262144,155627343.0528,9663676.4159999993,128048745.6768,0,17914920.960000001,1,2,1,1
48,4,3,ok,176128,162768255.59040004,9682550.784,132928182.6816,0,20157522.1248,1,1,3,1
48,4,4,ok,131072,155627343.0528,9663676.4159999993,128048745.6768,0,17914920.960000001,2,2,1,1
48,4,5,ok,106496,170206444.54400003,9720299.5199999996,138053189.632,0,22432955.392000001,1,1,5,1
48,4,6,ok,88064,162768255.59040004,9682550.784,132928182.6816,0,20157522.1248,1,2,3,1
48,4,7,ok,75776,182113617.10080001,9776922.623999998,147595473.71520001,0,24741220.761599999,1,1,7,1
48,4,8,ok,65536,155627343.0528,9663676.4159999993,128048745.6768,0,17914920.960000001,2,4,1,1
48,4,9,ok,61440,157612085.45280004,9682550.784,129843671.04000001,0,18085863.628800001,9,1,1,1
48,4,10,ok,53248,156780323.32800001,9673113.5999999978,128899651.58400001,0,18207558.144000001,10,1,1,1
48,4,11,ok,49152,157591522.176,9680191.4879999999,129553349.93919998,0,18357980.748800002,11,1,1,1
48,4,12,ok,45056,157933303.60320002,9682550.784,129750557.49120001,0,18500195.328000002,12,1,1,1
48,4,13,ok,40960,157960781.7216,9691987.9680000003,129614071.808,0,18654721.945600003,13,1,1,1
48,4,14,ok,40960,160122262.27200001,9677832.1919999998,131676221.64480001,0,18768208.435200002,14,1,1,1
48,4,15,ok,36864,159662774.016,9696706.5599999987,131026916.352,0,18939151.103999998,15,1,1,1
48,4,16,ok,32768,155627343.0528,9663676.4159999993,128048745.6768,0,17914920.960000001,4,4,1,1
48,8,1,ok,1048576,311254686.1056,19327352.831999999,256097491.3536,0,35829841.920000002,1,1,1,1
48,8,2,ok,524288,311254686.1056,19327352.831999999,256097491.3536,0,35829841.920000002,1,2,1,1
48,8,3,ok,352256,325536511.18080008,19365101.568,265856365.36320001,0,40315044.249600001,1,1,3,1
48,8,4,ok,262144,311254686.1056,19327352.831999999,256097491.3536,0,35829841.920000002,2,2,1,1
48,8,5,ok,212992,340412889.08800006,19440599.039999999,276106379.264,0,44865910.784000002,1,1,5,1
48,8,6,ok,176128,325536511.18080008,19365101.568,265856365.36320001,0,40315044.249600001,1,2,3,1
48,8,7,ok,151552,364227234.20160002,19553845.247999996,295190947.43040001,0,49482441.523199998,1,1,7,1
48,8,8,ok,131072,311254686.1056,19327352.831999999,256097491.3536,0,35829841.920000002,2,4,1,1
48,8,9,ok,122880,315224170.90560007,19365101.568,259687342.08000001,0,36171727.257600002,9,1,1,1
48,8,10,ok,106496,313560646.65600002,19346227.199999996,257799303.16800001,0,36415116.288000003,10,1,1,1
48,8,11,ok,98304,315183044.352,19360382.976,259106699.87839997,0,36715961.497600004,11,1,1,1
48,8,12,ok,90112,315866607.20640004,19365101.568,259501114.98240003,0,37000390.656000003,12,1,1,1
48,8,13,ok,81920,315921563.44319999,19383975.936000001,259228143.616,0,37309443.891200006,13,1,1,1
48,8,14,ok,81920,320244524.54400003,19355664.384,263352443.28960001,0,37536416.870400004,14,1,1,1
48,8,15,ok,73728,319325548.03200001,19393413.119999997,262053832.704,0,37878302.207999997,15,1,1,1
48,8,16,ok,65536,311254686.1056,19327352.831999999,256097491.3536,0,35829841.920000002,4,4,1,1
48,16,1,ok,2097152,622509372.2112,38654705.663999997,512194982.70719999,0,71659683.840000004,1,1,1,1
48,16,2,ok,1048576,622509372.2112,38654705.663999997,512194982.70719999,0,71659683.840000004,1,2,1,1
48,16,3,ok,704512,651073022.36160016,38730203.136,531712730.72640002,0,80630088.499200001,1,1,3,1
48,16,4,ok,524288,622509372.2112,38654705.663999997,512194982.70719999,0,71659683.840000004,2,2,1,1
48,16,5,ok,425984,680825778.17600012,38881198.079999998,552212758.528,0,89731821.568000004,1,1,5,1
48,16,6,ok,352256,651073022.36160016,38730203.136,531712730.72640002,0,80630088.499200001,1,2,3,1
48,16,7,ok,303104,728454468.40320003,39107690.495999992,590381894.86080003,0,98964883.046399996,1,1,7,1
48,16,8,ok,262144,622509372.2112,38654705.663999997,512194982.70719999,0,71659683.840000004,2,4,1,1
48,16,9,ok,245760,630448341.81120014,38730203.136,519374684.16000003,0,72343454.515200004,9,1,1,1
48,16,10,ok,212992,627121293.31200004,38692454.399999991,515598606.33600003,0,72830232.576000005,10,1,1,1
48,16,11,ok,196608,630366088.704,38720765.952,518213399.75679994,0,73431922.995200008,11,1,1,1
48,16,12,ok,180224,631733214.41280007,38730203.136,519002229.96480006,0,74000781.312000006,12,1,1,1
48,16,13,ok,163840,631843126.88639998,38767951.872000001,518456287.23199999,0,74618887.782400012,13,1,1,1
48,16,14,ok,163840,640489049.08800006,38711328.767999999,526704886.57920003,0,75072833.740800008,14,1,1,1
48,16,15,ok,147456,638651096.06400001,38786826.239999995,524107665.40799999,0,75756604.415999994,15,1,1,1
48,16,16,ok,131072,622509372.2112,38654705.663999997,512194982.70719999,0,71659683.840000004,4,4,1,1
48,32,1,ok,4194304,1245018744.4224,77309411.327999994,1024389965.4144,0,143319367.68000001,1,1,1,1
48,32,2,ok,2097152,1245018744.4224,77309411.327999994,1024389965.4144,0,143319367.68000001,1,2,1,1
48,32,3,ok,1409024,1302146044.7232003,77460406.272,1063425461.4528,0,161260176.9984,1,1,3,1
48,32,4,ok,1048576,1245018744.4224,77309411.327999994,1024389965.4144,0,143319367.68000001,2,2,1,1
48,32,5,ok,851968,1361651556.3520002,77762396.159999996,1104425517.056,0,179463643.13600001,1,1,5,1
48,32,6,ok,704512,1302146044.7232003,77460406.272,1063425461.4528,0,161260176.9984,1,2,3,1
48,32,7,ok,606208,1456908936.8064001,78215380.991999984,1180763789.7216001,0,197929766.09279999,1,1,7,1
48,32,8,ok,524288,1245018744.4224,77309411.327999994,1024389965.4144,0,143319367.68000001,2,4,1,1
48,32,9,ok,491520,1260896683.6224003,77460406.272,1038749368.3200001,0,144686909.03040001,9,1,1,1
48,32,10,ok,425984,1254242586.6240001,77384908.799999982,1031197212.6720001,0,145660465.15200001,10,1,1,1
48,32,11,ok,393216,1260732177.408,77441531.903999999,1036426799.5135999,0,146863845.99040002,11,1,1,1
48,32,12,ok,360448,1263466428.8256001,77460406.272,1038004459.9296001,0,148001562.62400001,12,1,1,1
48,32,13,ok,327680,1263686253.7728,77535903.744000003,1036912574.464,0,149237775.56480002,13,1,1,1
48,32,14,ok,327680,1280978098.1760001,77422657.535999998,1053409773.1584001,0,150145667.48160002,14,1,1,1
48,32,15,ok,294912,1277302192.128,77573652.479999989,1048215330.816,0,151513208.83199999,15,1,1,1
48,32,16,ok,262144,1245018744.4224,77309411.327999994,1024389965.4144,0,143319367.68000001,4,4,1,1
48,64,1,ok,8388608,2490037488.8448,154618822.65599999,2048779930.8288,0,286638735.36000001,1,1,1,1
48,64,2,ok,4194304,2490037488.8448,154618822.65599999,2048779930.8288,0,286638735.36000001,1,2,1,1
48,64,3,ok,2818048,2604292089.4464006,154920812.544,2126850922.9056001,0,322520353.99680001,1,1,3,1
48,64,4,ok,2097152,2490037488.8448,154618822.65599999,2048779930.8288,0,286638735.36000001,2,2,1,1
48,64,5,ok,1703936,2528944324.6079998,157034741.75999999,2080792117.2479999,0,291117465.60000002,1,5,1,1
48,64,6,ok,1409024,2604292089.4464006,154920812.544,2126850922.9056001,0,322520353.99680001,1,2,3,1
48,64,7,ok,1212416,2913817873.6128001,156430761.98399997,2361527579.4432001,0,395859532.18559998,1,1,7,1
48,64,8,ok,1048576,2490037488.8448,154618822.65599999,2048779930.8288,0,286638735.36000001,2,4,1,1
48,64,9,ok,983040,2521793367.2448006,154920812.544,2077498736.6400001,0,289373818.06080002,9,1,1,1
48,64,10,ok,851968,2508485173.2480001,154769817.59999996,2062394425.3440001,0,291320930.30400002,10,1,1,1
48,64,11,ok,786432,2521464354.816,154883063.808,2072853599.0271997,0,293727691.98080003,11,1,1,1
48,64,12,ok,720896,2526932857.6512003,154920812.544,2076008919.8592002,0,296003125.24800003,12,1,1,1
48,64,13,ok,655360,2527372507.5455999,155071807.48800001,2073825148.928,0,298475551.12960005,13,1,1,1
48,64,14,ok,655360,2561956196.3520002,154845315.072,2106819546.3168001,0,300291334.96320003,14,1,1,1
48,64,15,ok,589824,2554604384.256,155147304.95999998,2096430661.632,0,303026417.66399997,15,1,1,1
48,64,16,ok,524288,2490037488.8448,154618822.65599999,2048779930.8288,0,286638735.36000001,4,4,1,1
49,1,1,ok,32768,183081.36960000001,183081.36960000001,0,0,0,1,1,1,1
49,1,2,ok,16384,183081.36960000001,183081.36960000001,0,0,0,1,1,2,1
49,1,3,ok,10928,183170.7648,183170.7648,0,0,0,3,1,1,1
49,1,4,ok,8192,183081.36960000001,183081.36960000001,0,0,0,2,1,2,1
49,1,5,ok,6560,183260.16,183260.16,0,0,0,5,1,1,1
49,1,6,ok,5464,183170.7648,183170.7648,0,0,0,3,1,2,1
49,1,7,ok,4688,183349.5552,183349.5552,0,0,0,7,1,1,1
49,1,8,ok,4096,183081.36960000001,183081.36960000001,0,0,0,2,1,4,1
49,1,9,ok,3648,183438.9504,183438.9504,0,0,0,1,1,9,1
49,1,10,ok,3280,183260.16,183260.16,0,0,0,5,1,2,1
49,1,11,ok,2984,183394.25279999999,183394.25279999999,0,0,0,11,1,1,1
49,1,12,ok,2732,183170.7648,183170.7648,0,0,0,3,1,4,1
49,1,13,ok,2528,183617.7408,183617.7408,0,0,0,13,1,1,1
49,1,14,ok,2344,183349.5552,183349.5552,0,0,0,7,1,2,1
49,1,15,ok,2191,183618.09,183618.09,0,0,0,5,1,3,1
49,1,16,ok,2048,183081.36960000001,183081.36960000001,0,0,0,4,1,4,1
49,2,1,ok,65536,366162.73920000001,366162.73920000001,0,0,0,1,1,1,1
49,2,2,ok,32768,366162.73920000001,366162.73920000001,0,0,0,1,1,2,1
49,2,3,ok,21856,366341.52960000001,366341.52960000001,0,0,0,3,1,1,1
49,2,4,ok,16384,366162.73920000001,366162.73920000001,0,0,0,1,2,2,1
49,2,5,ok,13120,366520.32000000001,366520.32000000001,0,0,0,5,1,1,1
49,2,6,ok,10928,366341.52960000001,366341.52960000001,0,0,0,3,1,2,1
49,2,7,ok,9376,366699.11040000001,366699.11040000001,0,0,0,7,1,1,1
49,2,8,ok,8192,366162.73920000001,366162.73920000001,0,0,0,1,2,4,1
49,2,9,ok,7296,366877.9008,366877.9008,0,0,0,1,1,9,1
49,2,10,ok,6560,366520.32000000001,366520.32000000001,0,0,0,5,1,2,1
49,2,11,ok,5968,366788.50559999997,366788.50559999997,0,0,0,11,1,1,1
49,2,12,ok,5464,366341.52960000001,366341.52960000001,0,0,0,3,1,4,1
49,2,13,ok,5056,367235.4816,367235.4816,0,0,0,13,1,1,1
49,2,14,ok,4688,366699.11040000001,366699.11040000001,0,0,0,7,1,2,1
49,2,15,ok,4382,367236.17999999999,367236.17999999999,0,0,0,5,1,3,1
49,2,16,ok,4096,366162.73920000001,366162.73920000001,0,0,0,2,2,4,1
49,4,1,ok,131072,732325.47840000002,732325.47840000002,0,0,0,1,1,1,1
49,4,2,ok,65536,732325.47840000002,732325.47840000002,0,0,0,1,1,2,1
49,4,3,ok,43712,732683.05920000002,732683.05920000002,0,0,0,3,1,1,1
49,4,4,ok,32768,732325.47840000002,732325.47840000002,0,0,0,1,2,2,1
49,4,5,ok,26240,733040.64000000001,733040.64000000001,0,0,0,5,1,1,1
49,4,6,ok,21856,732683.05920000002,732683.05920000002,0,0,0,3,1,2,1
49,4,7,ok,18752,733398.22080000001,733398.22080000001,0,0,0,7,1,1,1
49,4,8,ok,16384,732325.47840000002,732325.47840000002,0,0,0,1,2,4,1
49,4,9,ok,14592,733755.80160000001,733755.80160000001,0,0,0,1,1,9,1
49,4,10,ok,13120,733040.64000000001,733040.64000000001,0,0,0,5,1,2,1
49,4,11,ok,11936,733577.01119999995,733577.01119999995,0,0,0,11,1,1,1
49,4,12,ok,10928,732683.05920000002,732683.05920000002,0,0,0,3,1,4,1
49,4,13,ok,10112,734470.9632,734470.9632,0,0,0,13,1,1,1
49,4,14,ok,9376,733398.22080000001,733398.22080000001,0,0,0,7,1,2,1
49,4,15,ok,8764,734472.35999999999,734472.35999999999,0,0,0,5,1,3,1
49,4,16,ok,8192,732325.47840000002,732325.47840000002,0,0,0,2,2,4,1
49,8,1,ok,262144,1464650.9568,1464650.9568,0,0,0,1,1,1,1
49,8,2,ok,131072,1464650.9568,1464650.9568,0,0,0,1,1,2,1
49,8,3,ok,87424,1465366.1184,1465366.1184,0,0,0,3,1,1,1
49,8,4,ok,65536,1464650.9568,1464650.9568,0,0,0,1,2,2,1
49,8,5,ok,52480,1466081.28,1466081.28,0,0,0,5,1,1,1
49,8,6,ok,43712,1465366.1184,1465366.1184,0,0,0,3,1,2,1
49,8,7,ok,37504,1466796.4416,1466796.4416,0,0,0,7,1,1,1
49,8,8,ok,32768,1464650.9568,1464650.9568,0,0,0,1,2,4,1
49,8,9,ok,29184,1467511.6032,1467511.6032,0,0,0,1,1,9,1
49,8,10,ok,26240,1466081.28,1466081.28,0,0,0,5,1,2,1
49,8,11,ok,23872,1467154.0223999999,1467154.0223999999,0,0,0,11,1,1,1
49,8,12,ok,21856,1465366.1184,1465366.1184,0,0,0,3,1,4,1
49,8,13,ok,20224,1468941.9264,1468941.9264,0,0,0,13,1,1,1
49,8,14,ok,18752,1466796.4416,1466796.4416,0,0,0,7,1,2,1
49,8,15,ok,17528,1468944.72,1468944.72,0,0,0,5,1,3,1
49,8,16,ok,16384,1464650.9568,1464650.9568,0,0,0,2,2,4,1
49,16,1,ok,524288,2929301.9136000001,2929301.9136000001,0,0,0,1,1,1,1
49,16,2,ok,262144,2929301.9136000001,2929301.9136000001,0,0,0,1,1,2,1
49,16,3,ok,174848,2930732.2368000001,2930732.2368000001,0,0,0,3,1,1,1
49,16,4,ok,131072,2929301.9136000001,2929301.9136000001,0,0,0,1,2,2,1
49,16,5,ok,104960,2932162.5600000001,2932162.5600000001,0,0,0,5,1,1,1
49,16,6,ok,87424,2930732.2368000001,2930732.2368000001,0,0,0,3,1,2,1
49,16,7,ok,75008,2933592.8832,2933592.8832,0,0,0,7,1,1,1
49,16,8,ok,65536,2929301.9136000001,2929301.9136000001,0,0,0,1,2,4,1
49,16,9,ok,58368,2935023.2064,2935023.2064,0,0,0,1,1,9,1
49,16,10,ok,52480,2932162.5600000001,2932162.5600000001,0,0,0,5,1,2,1
49,16,11,ok,47744,2934308.0447999998,2934308.0447999998,0,0,0,11,1,1,1
49,16,12,ok,43712,2930732.2368000001,2930732.2368000001,0,0,0,3,1,4,1
49,16,13,ok,40448,2937883.8528,2937883.8528,0,0,0,13,1,1,1
49,16,14,ok,37504,2933592.8832,2933592.8832,0,0,0,7,1,2,1
49,16,15,ok,35055,2937889.4399999999,2937889.4399999999,0,0,0,5,1,3,1
49,16,16,ok,32768,2929301.9136000001,2929301.9136000001,0,0,0,2,2,4,1
49,32,1,ok,1048576,5858603.8272000002,5858603.8272000002,0,0,0,1,1,1,1
49,32,2,ok,524288,5858603.8272000002,5858603.8272000002,0,0,0,1,1,2,1
49,32,3,ok,349696,5861464.4736000001,5861464.4736000001,0,0,0,3,1,1,1
49,32,4,ok,262144,5858603.8272000002,5858603.8272000002,0,0,0,1,2,2,1
49,32,5,ok,209920,5864325.1200000001,5864325.1200000001,0,0,0,5,1,1,1
49,32,6,ok,174848,5861464.4736000001,5861464.4736000001,0,0,0,3,1,2,1
49,32,7,ok,150016,5867185.7664000001,5867185.7664000001,0,0,0,7,1,1,1
49,32,8,ok,131072,5858603.8272000002,5858603.8272000002,0,0,0,1,2,4,1
49,32,9,ok,116736,5870046.4128,5870046.4128,0,0,0,1,1,9,1
49,32,10,ok,104960,5864325.1200000001,5864325.1200000001,0,0,0,5,1,2,1
49,32,11,ok,95488,5868616.0895999996,5868616.0895999996,0,0,0,11,1,1,1
49,32,12,ok,87424,5861464.4736000001,5861464.4736000001,0,0,0,3,1,4,1
49,32,13,ok,80896,5875767.7056,5875767.7056,0,0,0,13,1,1,1
49,32,14,ok,75008,5867185.7664000001,5867185.7664000001,0,0,0,7,1,2,1
49,32,15,ok,70110,5875778.8799999999,5875778.8799999999,0,0,0,5,1,3,1
49,32,16,ok,65536,5858603.8272000002,5858603.8272000002,0,0,0,2,2,4,1
49,64,1,ok,2097152,11717207.6544,11717207.6544,0,0,0,1,1,1,1
49,64,2,ok,1048576,11717207.6544,11717207.6544,0,0,0,1,1,2,1
49,64,3,ok,699392,11722928.9472,11722928.9472,0,0,0,3,1,1,1
49,64,4,ok,524288,11717207.6544,11717207.6544,0,0,0,1,2,2,1
49,64,5,ok,419840,11728650.24,11728650.24,0,0,0,5,1,1,1
49,64,6,ok,349696,11722928.9472,11722928.9472,0,0,0,3,1,2,1
49,64,7,ok,300032,11734371.5328,11734371.5328,0,0,0,7,1,1,1
49,64,8,ok,262144,11717207.6544,11717207.6544,0,0,0,1,2,4,1
49,64,9,ok,233472,11740092.8256,11740092.8256,0,0,0,1,1,9,1
49,64,10,ok,209920,11728650.24,11728650.24,0,0,0,5,1,2,1
49,64,11,ok,190976,11737232.179199999,11737232.179199999,0,0,0,11,1,1,1
49,64,12,ok,174848,11722928.9472,11722928.9472,0,0,0,3,1,4,1
49,64,13,ok,161792,11751535.4112,11751535.4112,0,0,0,13,1,1,1
49,64,14,ok,150016,11734371.5328,11734371.5328,0,0,0,7,1,2,1
49,64,15,ok,140220,11751557.76,11751557.76,0,0,0,5,1,3,1
49,64,16,ok,131072,11717207.6544,11717207.6544,0,0,0,2,2,4,1
50,1,1,ok,131072,36699098.316800006,2415919.1039999998,31306403.020800002,0,2976776.1919999998,1,1,1,1
50,1,2,ok,65536,36699098.316800006,2415919.1039999998,31306403.020800002,0,2976776.1919999998,2,1,1,1
50,1,3,ok,43776,37530886.1184,2420637.696,31575755.443199996,0,3534492.9792000004,1,1,3,1
50,1,4,ok,32768,36699098.316800006,2415919.1039999998,31306403.020800002,0,2976776.1919999998,4,1,1,1
50,1,5,ok,26368,38432435.327999994,2430074.8799999999,31904876.16,0,4097484.2880000006,1,1,5,1
50,1,6,ok,21888,37530886.1184,2420637.696,31575755.443199996,0,3534492.9792000004,2,1,3,1
50,1,7,ok,18944,39643843.635200009,2444230.6559999995,32533862.860800002,0,4665750.1184,1,1,7,1
50,1,8,ok,16384,36699098.316800006,2415919.1039999998,31306403.020800002,0,2976776.1919999998,8,1,1,1
50,1,9,ok,14592,39576867.609599993,2420637.696,31964410.13759999,0,5191819.7760000005,1,1,9,1
50,1,10,ok,13184,38432435.327999994,2430074.8799999999,31904876.16,0,4097484.2880000006,2,1,5,1
50,1,11,ok,12032,40697972.198399998,2439512.0639999998,32493100.006399997,0,5765360.1280000005,1,1,11,1
50,1,12,ok,10944,37530886.1184,2420637.696,31575755.443199996,0,3534492.9792000004,4,1,3,1
50,1,13,ok,10240,41749315.379200004,2453667.8399999999,32962021.580800004,0,6333625.9583999999,1,1,13,1
50,1,14,ok,9472,39643843.635200009,2444230.6559999995,32533862.860800002,0,4665750.1184,2,1,7,1
50,1,15,ok,8960,42940181.376000002,2477260.7999999998,33550479.744000003,0,6912440.8320000013,1,1,15,1
50,1,16,ok,8192,37040095.232000001,2415919.1039999998,31371178.803199999,0,3252997.3248000001,8,1,2,1
50,2,1,ok,262144,73398196.633600011,4831838.2079999996,62612806.041600004,0,5953552.3839999996,1,1,1,1
50,2,2,ok,131072,73398196.633600011,4831838.2079999996,62612806.041600004,0,5953552.3839999996,1,2,1,1
50,2,3,ok,87552,75061772.2368,4841275.392,63151510.886399992,0,7068985.9584000008,1,1,3,1
50,2,4,ok,65536,73398196.633600011,4831838.2079999996,62612806.041600004,0,5953552.3839999996,2,2,1,1
50,2,5,ok,52736,76864870.655999988,4860149.7599999998,63809752.32,0,8194968.5760000013,1,1,5,1
50,2,6,ok,43776,75061772.2368,4841275.392,63151510.886399992,0,7068985.9584000008,1,2,3,1
50,2,7,ok,37888,79287687.270400017,4888461.311999999,65067725.721600004,0,9331500.2368000001,1,1,7,1
50,2,8,ok,32768,73398196.633600011,4831838.2079999996,62612806.041600004,0,5953552.3839999996,4,2,1,1
50,2,9,ok,29184,79153735.219199985,4841275.392,63928820.27519998,0,10383639.552000001,1,1,9,1
50,2,10,ok,26368,76864870.655999988,4860149.7599999998,63809752.32,0,8194968.5760000013,1,2,5,1
50,2,11,ok,24064,81395944.396799996,4879024.1279999996,64986200.012799993,0,11530720.256000001,1,1,11,1
50,2,12,ok,21888,75061772.2368,4841275.392,63151510.886399992,0,7068985.9584000008,2,2,3,1
50,2,13,ok,20480,83498630.758400008,4907335.6799999997,65924043.161600009,0,12667251.9168,1,1,13,1
50,2,14,ok,18944,79287687.270400017,4888461.311999999,65067725.721600004,0,9331500.2368000001,1,2,7,1
50,2,15,ok,17920,85880362.752000004,4954521.5999999996,67100959.488000005,0,13824881.664000003,1,1,15,1
50,2,16,ok,16384,73398196.633600011,4831838.2079999996,62612806.041600004,0,5953552.3839999996,8,2,1,1
50,4,1,ok,524288,146796393.26720002,9663676.4159999993,125225612.08320001,0,11907104.767999999,1,1,1,1
50,4,2,ok,262144,146796393.26720002,9663676.4159999993,125225612.08320001,0,11907104.767999999,1,2,1,1
50,4,3,ok,175104,150123544.4736,9682550.784,126303021.77279998,0,14137971.916800002,1,1,3,1
50,4,4,ok,131072,146796393.26720002,9663676.4159999993,125225612.08320001,0,11907104.767999999,2,2,1,1
50,4,5,ok,105472,153729741.31199998,9720299.5199999996,127619504.64,0,16389937.152000003,1,1,5,1
50,4,6,ok,87552,150123544.4736,9682550.784,126303021.77279998,0,14137971.916800002,1,2,3,1
50,4,7,ok,75776,158575374.54080003,9776922.623999998,130135451.44320001,0,18663000.4736,1,1,7,1
50,4,8,ok,65536,146796393.26720002,9663676.4159999993,125225612.08320001,0,11907104.767999999,2,4,1,1
50,4,9,ok,58368,158307470.43839997,9682550.784,127857640.55039996,0,20767279.104000002,1,1,9,1
50,4,10,ok,52736,153729741.31199998,9720299.5199999996,127619504.64,0,16389937.152000003,1,2,5,1
50,4,11,ok,48128,162791888.79359999,9758048.2559999991,129972400.02559999,0,23061440.512000002,1,1,11,1
50,4,12,ok,43776,150123544.4736,9682550.784,126303021.77279998,0,14137971.916800002,2,2,3,1
50,4,13,ok,40960,166997261.51680002,9814671.3599999994,131848086.32320002,0,25334503.8336,1,1,13,1
50,4,14,ok,37888,158575374.54080003,9776922.623999998,130135451.44320001,0,18663000.4736,1,2,7,1
50,4,15,ok,35840,171760725.50400001,9909043.1999999993,134201918.97600001,0,27649763.328000005,1,1,15,1
50,4,16,ok,32768,146796393.26720002,9663676.4159999993,125225612.08320001,0,11907104.767999999,4,4,1,1
50,8,1,ok,1048576,293592786.53440005,19327352.831999999,250451224.16640002,0,23814209.535999998,1,1,1,1
50,8,2,ok,524288,293592786.53440005,19327352.831999999,250451224.16640002,0,23814209.535999998,1,2,1,1
50,8,3,ok,350208,300247088.9472,19365101.568,252606043.54559997,0,28275943.833600003,1,1,3,1
50,8,4,ok,262144,293592786.53440005,19327352.831999999,250451224.16640002,0,23814209.535999998,2,2,1,1
50,8,5,ok,210944,307459482.62399995,19440599.039999999,255239009.28,0,32779874.304000005,1,1,5,1
50,8,6,ok,175104,300247088.9472,19365101.568,252606043.54559997,0,28275943.833600003,1,2,3,1
50,8,7,ok,151552,317150749.08160007,19553845.247999996,260270902.88640001,0,37326000.9472,1,1,7,1
50,8,8,ok,131072,293592786.53440005,19327352.831999999,250451224.16640002,0,23814209.535999998,2,4,1,1
50,8,9,ok,116736,316614940.87679994,19365101.568,255715281.10079992,0,41534558.208000004,1,1,9,1
50,8,10,ok,105472,307459482.62399995,19440599.039999999,255239009.28,0,32779874.304000005,1,2,5,1
50,8,11,ok,96256,325583777.58719999,19516096.511999998,259944800.05119997,0,46122881.024000004,1,1,11,1
50,8,12,ok,87552,300247088.9472,19365101.568,252606043.54559997,0,28275943.833600003,2,2,3,1
50,8,13,ok,81920,333994523.03360003,19629342.719999999,263696172.64640003,0,50669007.667199999,1,1,13,1
50,8,14,ok,75776,317150749.08160007,19553845.247999996,260270902.88640001,0,37326000.9472,1,2,7,1
50,8,15,ok,71680,343521451.00800002,19818086.399999999,268403837.95200002,0,55299526.656000011,1,1,15,1
50,8,16,ok,65536,293592786.53440005,19327352.831999999,250451224.16640002,0,23814209.535999998,4,4,1,1
50,16,1,ok,2097152,587185573.06880009,38654705.663999997,500902448.33280003,0,47628419.071999997,1,1,1,1
50,16,2,ok,1048576,587185573.06880009,38654705.663999997,500902448.33280003,0,47628419.071999997,1,2,1,1
50,16,3,ok,700416,600494177.8944,38730203.136,505212087.09119993,0,56551887.667200007,1,1,3,1
50,16,4,ok,524288,587185573.06880009,38654705.663999997,500902448.33280003,0,47628419.071999997,2,2,1,1
50,16,5,ok,421888,614918965.24799991,38881198.079999998,510478018.56,0,65559748.60800001,1,1,5,1
50,16,6,ok,350208,600494177.8944,38730203.136,505212087.09119993,0,56551887.667200007,1,2,3,1
50,16,7,ok,303104,634301498.16320014,39107690.495999992,520541805.77280003,0,74652001.894400001,1,1,7,1
50,16,8,ok,262144,587185573.06880009,38654705.663999997,500902448.33280003,0,47628419.071999997,2,4,1,1
50,16,9,ok,233472,633229881.75359988,38730203.136,511430562.20159984,0,83069116.416000009,1,1,9,1
50,16,10,ok,210944,614918965.24799991,38881198.079999998,510478018.56,0,65559748.60800001,1,2,5,1
50,16,11,ok,192512,651167555.17439997,39032193.023999996,519889600.10239995,0,92245762.048000008,1,1,11,1
50,16,12,ok,175104,600494177.8944,38730203.136,505212087.09119993,0,56551887.667200007,2,2,3,1
50,16,13,ok,163840,667989046.06720006,39258685.439999998,527392345.29280007,0,101338015.3344,1,1,13,1
50,16,14,ok,151552,634301498.16320014,39107690.495999992,520541805.77280003,0,74652001.894400001,1,2,7,1
50,16,15,ok,143360,687042902.01600003,39636172.799999997,536807675.90400004,0,110599053.31200002,1,1,15,1
50,16,16,ok,131072,587185573.06880009,38654705.663999997,500902448.33280003,0,47628419.071999997,4,4,1,1
50,32,1,ok,4194304,1174371146.1376002,77309411.327999994,1001804896.6656001,0,95256838.143999994,1,1,1,1
50,32,2,ok,2097152,1174371146.1376002,77309411.327999994,1001804896.6656001,0,95256838.143999994,1,2,1,1
50,32,3,ok,1400832,1200988355.7888,77460406.272,1010424174.1823999,0,113103775.33440001,1,1,3,1
50,32,4,ok,1048576,1174371146.1376002,77309411.327999994,1001804896.6656001,0,95256838.143999994,2,2,1,1
50,32,5,ok,843776,1229837930.4959998,77762396.159999996,1020956037.12,0,131119497.21600002,1,1,5,1
50,32,6,ok,700416,1200988355.7888,77460406.272,1010424174.1823999,0,113103775.33440001,1,2,3,1
50,32,7,ok,606208,1268602996.3264003,78215380.991999984,1041083611.5456001,0,149304003.7888,1,1,7,1
50,32,8,ok,524288,1174371146.1376002,77309411.327999994,1001804896.6656001,0,95256838.143999994,2,4,1,1
50,32,9,ok,466944,1266459763.5071998,77460406.272,1022861124.4031997,0,166138232.83200002,1,1,9,1
50,32,10,ok,421888,1229837930.4959998,77762396.159999996,1020956037.12,0,131119497.21600002,1,2,5,1
50,32,11,ok,393216,1211070244.4544003,79725330.431999981,1033111299.6864002,0,98233614.335999995,1,11,1,1
50,32,12,ok,350208,1200988355.7888,77460406.272,1010424174.1823999,0,113103775.33440001,2,2,3,1
50,32,13,ok,327680,1335978092.1344001,78517370.879999995,1054784690.5856001,0,202676030.6688,1,1,13,1
50,32,14,ok,303104,1268602996.3264003,78215380.991999984,1041083611.5456001,0,149304003.7888,1,2,7,1
50,32,15,ok,290048,1268270365.8239999,80192471.039999992,1052860913.28,0,135216981.50400001,1,3,5,1
50,32,16,ok,262144,1174371146.1376002,77309411.327999994,1001804896.6656001,0,95256838.143999994,4,4,1,1
50,64,1,ok,8388608,2348742292.2752004,154618822.65599999,2003609793.3312001,0,190513676.28799999,1,1,1,1
50,64,2,ok,4194304,2348742292.2752004,154618822.65599999,2003609793.3312001,0,190513676.28799999,1,2,1,1
50,64,3,ok,2801664,2401976711.5776,154920812.544,2020848348.3647997,0,226207550.66880003,1,1,3,1
50,64,4,ok,2097152,2348742292.2752004,154618822.65599999,2003609793.3312001,0,190513676.28799999,2,2,1,1
50,64,5,ok,1703936,2385441390.5920005,157034741.75999999,2034916196.3520002,0,193490452.47999999,1,5,1,1
50,64,6,ok,1400832,2401976711.5776,154920812.544,2020848348.3647997,0,226207550.66880003,1,2,3,1
50,64,7,ok,1212416,2537205992.6528006,156430761.98399997,2082167223.0912001,0,298608007.5776,1,1,7,1
50,64,8,ok,1048576,2348742292.2752004,154618822.65599999,2003609793.3312001,0,190513676.28799999,2,4,1,1
50,64,9,ok,933888,2532919527.0143995,154920812.544,2045722248.8063993,0,332276465.66400003,1,1,9,1
50,64,10,ok,851968,2385441390.5920005,157034741.75999999,2034916196.3520002,0,193490452.47999999,2,5,1,1
50,64,11,ok,786432,2422140488.9088006,159450660.86399996,2066222599.3728004,0,196467228.67199999,1,11,1,1
50,64,12,ok,700416,2401976711.5776,154920812.544,2020848348.3647997,0,226207550.66880003,2,2,3,1
50,64,13,ok,655360,2385441390.5920005,157034741.75999999,2034916196.352,0,193490452.47999999,1,13,1,1
50,64,14,ok,606208,2537205992.6528006,156430761.98399997,2082167223.0912001,0,298608007.5776,1,2,7,1
50,64,15,ok,569088,2439507597.6960001,157341450.23999998,2052424103.8079998,0,229742043.64800003,1,5,3,1
50,64,16,ok,524288,2348742292.2752004,154618822.65599999,2003609793.3312001,0,190513676.28799999,4,4,1,1
51,1,1,ok,131072,32348477.849599998,2415919.1039999998,28889330.483199999,0,1043228.2624000001,1,1,1,1
51,1,2,ok,65536,32689474.764800001,2415919.1039999998,28954106.265600003,0,1319449.3952000001,1,1,2,1
51,1,3,ok,43776,33171768.345600002,2420637.696,29153962.060799997,0,1597168.5888,1,1,3,1
51,1,4,ok,32768,33310991.974399999,2415919.1039999998,29299402.342399999,0,1595670.5280000002,2,1,2,1
51,1,5,ok,26368,34056322.943999998,2430074.8799999999,29473641.087999996,0,2152606.9760000003,1,1,5,1
51,1,6,ok,21888,33794499.456,2420637.696,29499932.544,0,1873929.216,2,1,3,1
51,1,7,ok,18944,35242239.334400006,2444230.6559999995,30088465.2544,0,2709543.4239999996,1,1,7,1
51,1,8,ok,16384,33992985.804800004,2415919.1039999998,29428953.907200001,0,2148112.7936,2,1,4,1
51,1,9,ok,14592,35217749.836799994,2420637.696,29542616.755199991,0,3254495.3856000006,1,1,9,1
51,1,10,ok,13184,34681481.855999991,2430074.8799999999,29820960.383999996,0,2430446.5920000002,2,1,5,1
51,1,11,ok,12032,36304865.203199998,2439512.0639999998,30052423.244799998,0,3812929.8944000001,1,1,11,1
51,1,12,ok,10944,35039961.676799998,2420637.696,30191873.510399994,0,2427450.4704,4,1,3,1
51,1,13,ok,10240,37330716.467200011,2453667.8399999999,30507182.284800004,0,4369866.3424000004,1,1,13,1
51,1,14,ok,9472,35871039.948799998,2444230.6559999995,30437807.7696,0,2989001.5231999997,2,1,7,1
51,1,15,ok,8960,38479095.936000004,2477260.7999999998,31072036.223999999,0,4929798.9120000005,1,1,15,1
51,1,16,ok,8192,35236020.223999999,2415919.1039999998,30119546.060800001,0,2700555.0592,4,1,4,1
51,2,1,ok,262144,64355958.783999994,4831838.2079999996,57713885.184,0,1810235.392,1,1,1,1
51,2,2,ok,131072,64696955.699199997,4831838.2079999996,57778660.966399997,0,2086456.5248000002,1,1,2,1
51,2,3,ok,87552,65320545.945599988,4841275.392,58113596.774399996,0,2365673.7791999998,1,1,3,1
51,2,4,ok,65536,65378949.529600002,4831838.2079999996,57908212.531200007,0,2638898.7904000003,1,2,2,1
51,2,5,ok,52736,66407661.311999999,4860149.7599999998,58623403.263999999,0,2924108.2880000002,1,1,5,1
51,2,6,ok,43776,66343536.691200003,4841275.392,58307924.121599995,0,3194337.1776000001,1,2,3,1
51,2,7,ok,37888,68097500.262400016,4888461.311999999,59723500.032000005,0,3485538.9183999998,1,1,7,1
51,2,8,ok,32768,66621983.948799998,4831838.2079999996,58598804.684799999,0,3191341.0560000003,2,1,4,1
51,2,9,ok,29184,67366527.436800003,4841275.392,58502251.468799993,0,4023000.5760000004,1,1,9,1
51,2,10,ok,26368,67657979.135999992,4860149.7599999998,59318041.855999991,0,3479787.5200000005,2,1,5,1
51,2,11,ok,24064,68858764.339200005,4879024.1279999996,59392312.883199997,0,4587427.3280000007,1,1,11,1
51,2,12,ok,21888,67588998.912,4841275.392,58999865.088,0,3747858.432,2,2,3,1
51,2,13,ok,20480,70228473.036800012,4907335.6799999997,60172279.398400009,0,5148857.9584000008,1,1,13,1
51,2,14,ok,18944,69355101.491200015,4888461.311999999,60422185.062400006,0,4044455.1168000004,2,1,7,1
51,2,15,ok,17920,71843238.144000009,4954521.5999999996,61172435.711999997,0,5716280.8320000004,1,1,15,1
51,2,16,ok,16384,67985971.609600008,4831838.2079999996,58857907.814400002,0,4296225.5872,2,2,4,1
51,4,1,ok,524288,128370920.65280001,9663676.4159999993,115362994.58560002,0,3344249.6512000002,1,1,1,1
51,4,2,ok,262144,128711917.56799999,9663676.4159999993,115427770.368,0,3620470.784,1,1,2,1
51,4,3,ok,175104,129618101.14559999,9682550.784,116032866.20159999,0,3902684.1600000006,1,1,3,1
51,4,4,ok,131072,129393911.39839999,9663676.4159999993,115557321.93279999,0,4172913.0496000005,1,2,2,1
51,4,5,ok,105472,131110338.04799998,9720299.5199999996,116922927.616,0,4467110.9120000005,1,1,5,1
51,4,6,ok,87552,130616184.72959998,9682550.784,115923907.27679998,0,5009726.6688000001,2,1,3,1
51,4,7,ok,75776,133808022.11840001,9776922.623999998,118993569.58720002,0,5037529.9072000012,1,1,7,1
51,4,8,ok,65536,130585513.1648,9663676.4159999993,115644039.16800001,0,5277797.5808000006,2,1,4,1
51,4,9,ok,58368,131664082.63679999,9682550.784,116421520.89599998,0,5560010.9567999998,1,1,9,1
51,4,10,ok,52736,132498694.65599997,9720299.5199999996,117199925.75999998,0,5578469.3760000002,2,1,5,1
51,4,11,ok,48128,133966562.61119999,9758048.2559999991,118072092.15999998,0,6136422.1952,1,1,11,1
51,4,12,ok,43776,132687073.38240001,9682550.784,116615848.24319999,0,6388674.3552000001,1,4,3,1
51,4,13,ok,40960,136023986.176,9814671.3599999994,119502473.62560001,0,6706841.1904000007,1,1,13,1
51,4,14,ok,37888,135587460.9152,9776922.623999998,119655175.98720001,0,6155362.3040000005,2,1,7,1
51,4,15,ok,35568,135978630.05699998,9739284.4800000004,117892110.669,0,8347234.9080000008,5,1,3,1
51,4,16,ok,32768,132726810.21439999,9663676.4159999993,116680451.6864,0,6382682.1120000007,2,1,8,1
51,8,1,ok,1048576,256400844.39040002,19327352.831999999,230661213.38880002,0,6412278.1696000006,1,1,1,1
51,8,2,ok,524288,256741841.30560002,19327352.831999999,230725989.17120004,0,6688499.3024000004,1,1,2,1
51,8,3,ok,350208,258213211.5456,19365101.568,231871405.05599999,0,6976704.9216000009,1,1,3,1
51,8,4,ok,262144,257423835.13599998,19327352.831999999,230855540.736,0,7240941.568,1,2,2,1
51,8,5,ok,210944,260515691.51999998,19440599.039999999,233521976.31999999,0,7553116.1600000001,1,1,5,1
51,8,6,ok,175104,259236202.29119998,19365101.568,232065732.40319997,0,7805368.3200000012,1,2,3,1
51,8,7,ok,151552,265229065.83040005,19553845.247999996,237533708.69760004,0,8141511.8848000001,1,1,7,1
51,8,8,ok,131072,258787822.79679999,19327352.831999999,231114643.86559999,0,8345826.099200001,1,2,4,1
51,8,9,ok,116736,260259193.03679997,19365101.568,232260059.75039998,0,8634031.7183999997,1,1,9,1
51,8,10,ok,105472,262220676.09599996,19440599.039999999,233845855.23199999,0,8934221.824000001,1,2,5,1
51,8,11,ok,96256,264182159.15519994,19516096.511999998,235431650.71359995,0,9234411.9296000004,1,1,11,1
51,8,12,ok,87552,261232369.45919997,19365101.568,231847814.55359995,0,10019453.3376,2,2,3,1
51,8,13,ok,81920,267615012.45440003,19629342.719999999,238162862.08000001,0,9822807.6544000003,1,1,13,1
51,8,14,ok,75776,267427651.99360007,19553845.247999996,237496630.06720003,0,10377176.678400001,2,1,7,1
51,8,15,ok,71136,270341877.32999998,19478568.960000001,235002357.40200001,0,15860950.968,5,1,3,1
51,8,16,ok,65536,261171026.32960001,19327352.831999999,231288078.33600003,0,10555595.161600001,2,2,4,1
51,16,1,ok,2097152,512460691.86559999,38654705.663999997,461257650.99520004,0,12548335.2064,1,1,1,1
51,16,2,ok,1048576,512801688.78080004,38654705.663999997,461322426.77760005,0,12824556.339200001,1,1,2,1
51,16,3,ok,700416,515403432.34559995,38730203.136,463548482.76479995,0,13124746.444800001,1,1,3,1
51,16,4,ok,524288,513483682.61120003,38654705.663999997,461451978.34240007,0,13376998.604800001,1,2,2,1
51,16,5,ok,421888,519326398.46399993,38881198.079999998,466720073.72799993,0,13725126.655999999,1,1,5,1
51,16,6,ok,350208,516426423.09119999,38730203.136,463742810.11199999,0,13953409.843200002,1,2,3,1
51,16,7,ok,303104,528071153.25440007,39107690.495999992,474613986.91839999,0,14349475.84,1,1,7,1
51,16,8,ok,262144,514847670.27199996,38654705.663999997,461711081.472,0,14481883.136,1,2,4,1
51,16,9,ok,233472,517449413.83679998,38730203.136,463937137.45920002,0,14782073.241600001,1,1,9,1
51,16,10,ok,210944,521031383.03999996,38881198.079999998,467043952.63999999,0,15106232.32,1,2,5,1
51,16,11,ok,192512,524613352.24319994,39032193.023999996,470150767.82079995,0,15430391.398400001,1,1,11,1
51,16,12,ok,175104,518472404.58239996,38730203.136,464131464.80639994,0,15610736.640000002,1,4,3,1
51,16,13,ok,163840,530797065.01120007,39258685.439999998,475483638.98880005,0,16054740.5824,1,1,13,1
51,16,14,ok,151552,530458131.6608001,39107690.495999992,475067417.39520007,0,16283023.7696,1,2,7,1
51,16,15,ok,142272,539068371.87599993,38957137.920000002,469222850.86799997,0,30888383.088000003,5,1,3,1
51,16,16,ok,131072,517575645.59359998,38654705.663999997,462229287.73119998,0,16691652.198400002,1,4,4,1
51,32,1,ok,4194304,1024580386.8159999,77309411.327999994,922450526.20799994,0,24820449.280000001,1,1,1,1
51,32,2,ok,2097152,1024921383.7312,77309411.327999994,922515301.99040008,0,25096670.412799999,1,1,2,1
51,32,3,ok,1400832,1029783873.9455999,77460406.272,926902638.18239987,0,25420829.491200004,1,1,3,1
51,32,4,ok,1048576,1025603377.5616001,77309411.327999994,922644853.5552001,0,25649112.678400002,1,2,2,1
51,32,5,ok,843776,1036947812.3519999,77762396.159999996,933116268.54399991,0,26069147.648000002,1,1,5,1
51,32,6,ok,700416,1030806864.6911999,77460406.272,927096965.52959991,0,26249492.889600001,1,2,3,1
51,32,7,ok,606208,1053755328.1024002,78215380.991999984,948774543.36000013,0,26765403.750400003,1,1,7,1
51,32,8,ok,524288,1026967365.2224001,77309411.327999994,922903956.68480015,0,26753997.209600002,1,2,4,1
51,32,9,ok,466944,1031829855.4367999,77460406.272,927291292.87679994,0,27078156.288000003,1,1,9,1
51,32,10,ok,421888,1038652796.9279999,77762396.159999996,933440147.45599985,0,27450253.311999999,1,2,5,1
51,32,11,ok,385024,1045475738.4191999,78064386.047999993,939589002.03519988,0,27822350.336000003,1,1,11,1
51,32,12,ok,350208,1032852846.1824,77460406.272,927485620.22399998,0,27906819.686400004,1,4,3,1
51,32,13,ok,327680,1057161170.1248002,78517370.879999995,950125192.80640006,0,28518606.438400004,1,1,13,1
51,32,14,ok,303104,1056142306.5088001,78215380.991999984,949227973.83679998,0,28698951.68,1,2,7,1
51,32,15,ok,284544,1076521360.9679999,77914275.840000004,937663837.79999995,0,60943247.328000009,5,1,3,1
51,32,16,ok,262144,1029695340.5439999,77309411.327999994,923422162.94400001,0,28963766.272,1,4,4,1
51,64,1,ok,8388608,2048819776.7168002,154618822.65599999,1844836276.6336002,0,49364677.427200004,1,1,1,1
51,64,2,ok,4194304,2049160773.6319997,154618822.65599999,1844901052.4159999,0,49640898.560000002,1,1,2,1
51,64,3,ok,2801664,2058544757.1455998,154920812.544,1853610949.0175996,0,50012995.584000006,1,1,3,1
51,64,4,ok,2097152,2049842767.4624,154618822.65599999,1845030603.9808002,0,50193340.825599998,1,2,2,1
51,64,5,ok,1687552,2072190640.1279998,155524792.31999999,1865908658.1759999,0,50757189.631999999,1,1,5,1
51,64,6,ok,1400832,2059567747.8911998,154920812.544,1853805276.3647997,0,50841658.982400008,1,2,3,1
51,64,7,ok,1212416,2105123677.7984004,156430761.98399997,1897095656.2432003,0,51597259.571199998,1,1,7,1
51,64,8,ok,1048576,2051206755.1232002,154618822.65599999,1845289707.1104002,0,51298225.356800005,1,2,4,1
51,64,9,ok,933888,2060590738.6367996,154920812.544,1853999603.7119997,0,51670322.380800001,1,1,9,1
51,64,10,ok,843776,2073895624.7039998,155524792.31999999,1866232537.0879998,0,52138295.296000004,1,2,5,1
51,64,11,ok,770048,2087200510.7711997,156128772.09599999,1878465470.4639997,0,52606268.211200014,1,1,11,1
51,64,12,ok,700416,2061613729.3823998,154920812.544,1854193931.0591998,0,52498985.779200003,1,4,3,1
51,64,13,ok,655360,2084919220.6336007,157034741.75999999,1874438140.7232003,0,53446338.150400005,1,13,1,1
51,64,14,ok,606208,2107510656.2048004,156430761.98399997,1897549086.7200003,0,53530807.500800006,1,2,7,1
51,64,15,ok,569088,2094785497.7279999,157341450.23999998,1883347893.1199999,0,54096154.368000001,1,5,3,1
51,64,16,ok,524288,2053934730.4448001,154618822.65599999,1845807913.3696003,0,53507994.419200003,1,4,4,1
52,1,1,ok,8192,45770.342400000001,45770.342400000001,0,0,0,1,1,1,1
52,1,2,ok,4096,45770.342400000001,45770.342400000001,0,0,0,1,1,2,1
52,1,3,ok,2736,45859.7376,45859.7376,0,0,0,1,1,3,1
52,1,4,ok,2048,45770.342400000001,45770.342400000001,0,0,0,2,1,2,1
52,1,5,ok,1648,46038.528000000006,46038.528000000006,0,0,0,1,1,5,1
52,1,6,ok,1368,45859.7376,45859.7376,0,0,0,2,1,3,1
52,1,7,ok,1184,46306.713600000003,46306.713600000003,0,0,0,1,1,7,1
52,1,8,ok,1024,45770.342400000001,45770.342400000001,0,0,0,2,1,4,1
52,1,9,ok,912,45859.7376,45859.7376,0,0,0,1,1,9,1
52,1,10,ok,824,46038.528000000006,46038.528000000006,0,0,0,2,1,5,1
52,1,11,ok,752,46217.318400000004,46217.318400000004,0,0,0,1,1,11,1
52,1,12,ok,684,45859.7376,45859.7376,0,0,0,3,1,4,1
52,1,13,ok,640,46485.504000000001,46485.504000000001,0,0,0,1,1,13,1
52,1,14,ok,592,46306.713600000003,46306.713600000003,0,0,0,2,1,7,1
52,1,15,ok,551,46128.447,46128.447,0,0,0,3,1,5,1
52,1,16,ok,512,45770.342400000001,45770.342400000001,0,0,0,4,1,4,1
52,2,1,ok,16384,91540.684800000003,91540.684800000003,0,0,0,1,1,1,1
52,2,2,ok,8192,91540.684800000003,91540.684800000003,0,0,0,1,1,2,1
52,2,3,ok,5472,91719.475200000001,91719.475200000001,0,0,0,1,1,3,1
52,2,4,ok,4096,91540.684800000003,91540.684800000003,0,0,0,1,2,2,1
52,2,5,ok,3296,92077.056000000011,92077.056000000011,0,0,0,1,1,5,1
52,2,6,ok,2736,91719.475200000001,91719.475200000001,0,0,0,1,2,3,1
52,2,7,ok,2368,92613.427200000006,92613.427200000006,0,0,0,1,1,7,1
52,2,8,ok,2048,91540.684800000003,91540.684800000003,0,0,0,1,2,4,1
52,2,9,ok,1824,91719.475200000001,91719.475200000001,0,0,0,1,1,9,1
52,2,10,ok,1648,92077.056000000011,92077.056000000011,0,0,0,1,2,5,1
52,2,11,ok,1504,92434.636800000007,92434.636800000007,0,0,0,1,1,11,1
52,2,12,ok,1368,91719.475200000001,91719.475200000001,0,0,0,3,1,4,1
52,2,13,ok,1280,92971.008000000002,92971.008000000002,0,0,0,1,1,13,1
52,2,14,ok,1184,92613.427200000006,92613.427200000006,0,0,0,1,2,7,1
52,2,15,ok,1101,92256.894,92256.894,0,0,0,3,1,5,1
52,2,16,ok,1024,91540.684800000003,91540.684800000003,0,0,0,2,2,4,1
52,4,1,ok,32768,183081.36960000001,183081.36960000001,0,0,0,1,1,1,1
52,4,2,ok,16384,183081.36960000001,183081.36960000001,0,0,0,1,1,2,1
52,4,3,ok,10944,183438.9504,183438.9504,0,0,0,1,1,3,1
52,4,4,ok,8192,183081.36960000001,183081.36960000001,0,0,0,1,2,2,1
52,4,5,ok,6592,184154.11200000002,184154.11200000002,0,0,0,1,1,5,1
52,4,6,ok,5472,183438.9504,183438.9504,0,0,0,1,2,3,1
52,4,7,ok,4736,185226.85440000001,185226.85440000001,0,0,0,1,1,7,1
52,4,8,ok,4096,183081.36960000001,183081.36960000001,0,0,0,1,2,4,1
52,4,9,ok,3648,183438.9504,183438.9504,0,0,0,1,1,9,1
52,4,10,ok,3296,184154.11200000002,184154.11200000002,0,0,0,1,2,5,1
52,4,11,ok,3008,184869.27360000001,184869.27360000001,0,0,0,1,1,11,1
52,4,12,ok,2736,183438.9504,183438.9504,0,0,0,3,1,4,1
52,4,13,ok,2560,185942.016,185942.016,0,0,0,1,1,13,1
52,4,14,ok,2368,185226.85440000001,185226.85440000001,0,0,0,1,2,7,1
52,4,15,ok,2202,184513.788,184513.788,0,0,0,3,1,5,1
52,4,16,ok,2048,183081.36960000001,183081.36960000001,0,0,0,2,2,4,1
52,8,1,ok,65536,366162.73920000001,366162.73920000001,0,0,0,1,1,1,1
52,8,2,ok,32768,366162.73920000001,366162.73920000001,0,0,0,1,1,2,1
52,8,3,ok,21888,366877.9008,366877.9008,0,0,0,1,1,3,1
52,8,4,ok,16384,366162.73920000001,366162.73920000001,0,0,0,1,2,2,1
52,8,5,ok,13184,368308.22400000005,368308.22400000005,0,0,0,1,1,5,1
52,8,6,ok,10944,366877.9008,366877.9008,0,0,0,1,2,3,1
52,8,7,ok,9472,370453.70880000002,370453.70880000002,0,0,0,1,1,7,1
52,8,8,ok,8192,366162.73920000001,366162.73920000001,0,0,0,1,2,4,1
52,8,9,ok,7296,366877.9008,366877.9008,0,0,0,1,1,9,1
52,8,10,ok,6592,368308.22400000005,368308.22400000005,0,0,0,1,2,5,1
52,8,11,ok,6016,369738.54720000003,369738.54720000003,0,0,0,1,1,11,1
52,8,12,ok,5472,366877.9008,366877.9008,0,0,0,3,1,4,1
52,8,13,ok,5120,371884.03200000001,371884.03200000001,0,0,0,1,1,13,1
52,8,14,ok,4736,370453.70880000002,370453.70880000002,0,0,0,1,2,7,1
52,8,15,ok,4404,369027.576,369027.576,0,0,0,3,1,5,1
52,8,16,ok,4096,366162.73920000001,366162.73920000001,0,0,0,2,2,4,1
52,16,1,ok,131072,732325.47840000002,732325.47840000002,0,0,0,1,1,1,1
52,16,2,ok,65536,732325.47840000002,732325.47840000002,0,0,0,1,1,2,1
52,16,3,ok,43776,733755.80160000001,733755.80160000001,0,0,0,1,1,3,1
52,16,4,ok,32768,732325.47840000002,732325.47840000002,0,0,0,1,2,2,1
52,16,5,ok,26368,736616.44800000009,736616.44800000009,0,0,0,1,1,5,1
52,16,6,ok,21888,733755.80160000001,733755.80160000001,0,0,0,1,2,3,1
52,16,7,ok,18944,740907.41760000004,740907.41760000004,0,0,0,1,1,7,1
52,16,8,ok,16384,732325.47840000002,732325.47840000002,0,0,0,1,2,4,1
52,16,9,ok,14592,733755.80160000001,733755.80160000001,0,0,0,1,1,9,1
52,16,10,ok,13184,736616.44800000009,736616.44800000009,0,0,0,1,2,5,1
52,16,11,ok,12032,739477.09440000006,739477.09440000006,0,0,0,1,1,11,1
52,16,12,ok,10944,733755.80160000001,733755.80160000001,0,0,0,3,1,4,1
52,16,13,ok,10240,743768.06400000001,743768.06400000001,0,0,0,1,1,13,1
52,16,14,ok,9472,740907.41760000004,740907.41760000004,0,0,0,1,2,7,1
52,16,15,ok,8807,738055.152,738055.152,0,0,0,3,1,5,1
52,16,16,ok,8192,732325.47840000002,732325.47840000002,0,0,0,2,2,4,1
52,32,1,ok,262144,1464650.9568,1464650.9568,0,0,0,1,1,1,1
52,32,2,ok,131072,1464650.9568,1464650.9568,0,0,0,1,1,2,1
52,32,3,ok,87552,1467511.6032,1467511.6032,0,0,0,1,1,3,1
52,32,4,ok,65536,1464650.9568,1464650.9568,0,0,0,1,2,2,1
52,32,5,ok,52736,1473232.8960000002,1473232.8960000002,0,0,0,1,1,5,1
52,32,6,ok,43776,1467511.6032,1467511.6032,0,0,0,1,2,3,1
52,32,7,ok,37888,1481814.8352000001,1481814.8352000001,0,0,0,1,1,7,1
52,32,8,ok,32768,1464650.9568,1464650.9568,0,0,0,1,2,4,1
52,32,9,ok,29184,1467511.6032,1467511.6032,0,0,0,1,1,9,1
52,32,10,ok,26368,1473232.8960000002,1473232.8960000002,0,0,0,1,2,5,1
52,32,11,ok,24064,1478954.1888000001,1478954.1888000001,0,0,0,1,1,11,1
52,32,12,ok,21888,1467511.6032,1467511.6032,0,0,0,3,1,4,1
52,32,13,ok,20480,1487536.128,1487536.128,0,0,0,1,1,13,1
52,32,14,ok,18944,1481814.8352000001,1481814.8352000001,0,0,0,1,2,7,1
52,32,15,ok,17613,1476110.304,1476110.304,0,0,0,3,1,5,1
52,32,16,ok,16384,1464650.9568,1464650.9568,0,0,0,2,2,4,1
52,64,1,ok,524288,2929301.9136000001,2929301.9136000001,0,0,0,1,1,1,1
52,64,2,ok,262144,2929301.9136000001,2929301.9136000001,0,0,0,1,1,2,1
52,64,3,ok,175104,2935023.2064,2935023.2064,0,0,0,1,1,3,1
52,64,4,ok,131072,2929301.9136000001,2929301.9136000001,0,0,0,1,2,2,1
52,64,5,ok,105472,2946465.7920000004,2946465.7920000004,0,0,0,1,1,5,1
52,64,6,ok,87552,2935023.2064,2935023.2064,0,0,0,1,2,3,1
52,64,7,ok,75776,2963629.6704000002,2963629.6704000002,0,0,0,1,1,7,1
52,64,8,ok,65536,2929301.9136000001,2929301.9136000001,0,0,0,1,2,4,1
52,64,9,ok,58368,2935023.2064,2935023.2064,0,0,0,1,1,9,1
52,64,10,ok,52736,2946465.7920000004,2946465.7920000004,0,0,0,1,2,5,1
52,64,11,ok,48128,2957908.3776000002,2957908.3776000002,0,0,0,1,1,11,1
52,64,12,ok,43776,2935023.2064,2935023.2064,0,0,0,3,1,4,1
52,64,13,ok,40960,2975072.2560000001,2975072.2560000001,0,0,0,1,1,13,1
52,64,14,ok,37888,2963629.6704000002,2963629.6704000002,0,0,0,1,2,7,1
52,64,15,ok,35226,2952220.608,2952220.608,0,0,0,3,1,5,1
52,64,16,ok,32768,2929301.9136000001,2929301.9136000001,0,0,0,2,2,4,1
53,1,1,ok,131072,32348477.849599998,2415919.1039999998,28889330.483199999,0,1043228.2624000001,1,1,1,1
53,1,2,ok,65536,32689474.764800001,2415919.1039999998,28954106.265600003,0,1319449.3952000001,1,1,2,1
53,1,3,ok,43776,33171768.345600002,2420637.696,29153962.060799997,0,1597168.5888,1,1,3,1
53,1,4,ok,32768,33310991.974399999,2415919.1039999998,29299402.342399999,0,1595670.5280000002,2,1,2,1
53,1,5,ok,26368,34056322.943999998,2430074.8799999999,29473641.087999996,0,2152606.9760000003,1,1,5,1
53,1,6,ok,21888,33794499.456,2420637.696,29499932.544,0,1873929.216,2,1,3,1
53,1,7,ok,18944,35242239.334400006,2444230.6559999995,30088465.2544,0,2709543.4239999996,1,1,7,1
53,1,8,ok,16384,33992985.804800004,2415919.1039999998,29428953.907200001,0,2148112.7936,2,1,4,1
53,1,9,ok,14592,35217749.836799994,2420637.696,29542616.755199991,0,3254495.3856000006,1,1,9,1
53,1,10,ok,13184,34681481.855999991,2430074.8799999999,29820960.383999996,0,2430446.5920000002,2,1,5,1
53,1,11,ok,12032,36304865.203199998,2439512.0639999998,30052423.244799998,0,3812929.8944000001,1,1,11,1
53,1,12,ok,10944,35039961.676799998,2420637.696,30191873.510399994,0,2427450.4704,4,1,3,1
53,1,13,ok,10240,37330716.467200011,2453667.8399999999,30507182.284800004,0,4369866.3424000004,1,1,13,1
53,1,14,ok,9472,35871039.948799998,2444230.6559999995,30437807.7696,0,2989001.5231999997,2,1,7,1
53,1,15,ok,8960,38479095.936000004,2477260.7999999998,31072036.223999999,0,4929798.9120000005,1,1,15,1
53,1,16,ok,8192,35236020.223999999,2415919.1039999998,30119546.060800001,0,2700555.0592,4,1,4,1
53,2,1,ok,262144,64355958.783999994,4831838.2079999996,57713885.184,0,1810235.392,1,1,1,1
53,2,2,ok,131072,64696955.699199997,4831838.2079999996,57778660.966399997,0,2086456.5248000002,1,1,2,1
53,2,3,ok,87552,65320545.945599988,4841275.392,58113596.774399996,0,2365673.7791999998,1,1,3,1
53,2,4,ok,65536,65378949.529600002,4831838.2079999996,57908212.531200007,0,2638898.7904000003,1,2,2,1
53,2,5,ok,52736,66407661.311999999,4860149.7599999998,58623403.263999999,0,2924108.2880000002,1,1,5,1
53,2,6,ok,43776,66343536.691200003,4841275.392,58307924.121599995,0,3194337.1776000001,1,2,3,1
53,2,7,ok,37888,68097500.262400016,4888461.311999999,59723500.032000005,0,3485538.9183999998,1,1,7,1
53,2,8,ok,32768,66621983.948799998,4831838.2079999996,58598804.684799999,0,3191341.0560000003,2,1,4,1
53,2,9,ok,29184,67366527.436800003,4841275.392,58502251.468799993,0,4023000.5760000004,1,1,9,1
53,2,10,ok,26368,67657979.135999992,4860149.7599999998,59318041.855999991,0,3479787.5200000005,2,1,5,1
53,2,11,ok,24064,68858764.339200005,4879024.1279999996,59392312.883199997,0,4587427.3280000007,1,1,11,1
53,2,12,ok,21888,67588998.912,4841275.392,58999865.088,0,3747858.432,2,2,3,1
53,2,13,ok,20480,70228473.036800012,4907335.6799999997,60172279.398400009,0,5148857.9584000008,1,1,13,1
53,2,14,ok,18944,69355101.491200015,4888461.311999999,60422185.062400006,0,4044455.1168000004,2,1,7,1
53,2,15,ok,17920,71843238.144000009,4954521.5999999996,61172435.711999997,0,5716280.8320000004,1,1,15,1
53,2,16,ok,16384,67985971.609600008,4831838.2079999996,58857907.814400002,0,4296225.5872,2,2,4,1
53,4,1,ok,524288,128370920.65280001,9663676.4159999993,115362994.58560002,0,3344249.6512000002,1,1,1,1
53,4,2,ok,262144,128711917.56799999,9663676.4159999993,115427770.368,0,3620470.784,1,1,2,1
53,4,3,ok,175104,129618101.14559999,9682550.784,116032866.20159999,0,3902684.1600000006,1,1,3,1
53,4,4,ok,131072,129393911.39839999,9663676.4159999993,115557321.93279999,0,4172913.0496000005,1,2,2,1
53,4,5,ok,105472,131110338.04799998,9720299.5199999996,116922927.616,0,4467110.9120000005,1,1,5,1
53,4,6,ok,87552,130616184.72959998,9682550.784,115923907.27679998,0,5009726.6688000001,2,1,3,1
53,4,7,ok,75776,133808022.11840001,9776922.623999998,118993569.58720002,0,5037529.9072000012,1,1,7,1
53,4,8,ok,65536,130585513.1648,9663676.4159999993,115644039.16800001,0,5277797.5808000006,2,1,4,1
53,4,9,ok,58368,131664082.63679999,9682550.784,116421520.89599998,0,5560010.9567999998,1,1,9,1
53,4,10,ok,52736,132498694.65599997,9720299.5199999996,117199925.75999998,0,5578469.3760000002,2,1,5,1
53,4,11,ok,48128,133966562.61119999,9758048.2559999991,118072092.15999998,0,6136422.1952,1,1,11,1
53,4,12,ok,43776,132687073.38240001,9682550.784,116615848.24319999,0,6388674.3552000001,1,4,3,1
53,4,13,ok,40960,136023986.176,9814671.3599999994,119502473.62560001,0,6706841.1904000007,1,1,13,1
53,4,14,ok,37888,135587460.9152,9776922.623999998,119655175.98720001,0,6155362.3040000005,2,1,7,1
53,4,15,ok,35568,135978630.05699998,9739284.4800000004,117892110.669,0,8347234.9080000008,5,1,3,1
53,4,16,ok,32768,132726810.21439999,9663676.4159999993,116680451.6864,0,6382682.1120000007,2,1,8,1
53,8,1,ok,1048576,256400844.39040002,19327352.831999999,230661213.38880002,0,6412278.1696000006,1,1,1,1
53,8,2,ok,524288,256741841.30560002,19327352.831999999,230725989.17120004,0,6688499.3024000004,1,1,2,1
53,8,3,ok,350208,258213211.5456,19365101.568,231871405.05599999,0,6976704.9216000009,1,1,3,1
53,8,4,ok,262144,257423835.13599998,19327352.831999999,230855540.736,0,7240941.568,1,2,2,1
53,8,5,ok,210944,260515691.51999998,19440599.039999999,233521976.31999999,0,7553116.1600000001,1,1,5,1
53,8,6,ok,175104,259236202.29119998,19365101.568,232065732.40319997,0,7805368.3200000012,1,2,3,1
53,8,7,ok,151552,265229065.83040005,19553845.247999996,237533708.69760004,0,8141511.8848000001,1,1,7,1
53,8,8,ok,131072,258787822.79679999,19327352.831999999,231114643.86559999,0,8345826.099200001,1,2,4,1
53,8,9,ok,116736,260259193.03679997,19365101.568,232260059.75039998,0,8634031.7183999997,1,1,9,1
53,8,10,ok,105472,262220676.09599996,19440599.039999999,233845855.23199999,0,8934221.824000001,1,2,5,1
53,8,11,ok,96256,264182159.15519994,19516096.511999998,235431650.71359995,0,9234411.9296000004,1,1,11,1
53,8,12,ok,87552,261232369.45919997,19365101.568,231847814.55359995,0,10019453.3376,2,2,3,1
53,8,13,ok,81920,267615012.45440003,19629342.719999999,238162862.08000001,0,9822807.6544000003,1,1,13,1
53,8,14,ok,75776,267427651.99360007,19553845.247999996,237496630.06720003,0,10377176.678400001,2,1,7,1
53,8,15,ok,71136,270341877.32999998,19478568.960000001,235002357.40200001,0,15860950.968,5,1,3,1
53,8,16,ok,65536,261171026.32960001,19327352.831999999,231288078.33600003,0,10555595.161600001,2,2,4,1
53,16,1,ok,2097152,512460691.86559999,38654705.663999997,461257650.99520004,0,12548335.2064,1,1,1,1
53,16,2,ok,1048576,512801688.78080004,38654705.663999997,461322426.77760005,0,12824556.339200001,1,1,2,1
53,16,3,ok,700416,515403432.34559995,38730203.136,463548482.76479995,0,13124746.444800001,1,1,3,1
53,16,4,ok,524288,513483682.61120003,38654705.663999997,461451978.34240007,0,13376998.604800001,1,2,2,1
53,16,5,ok,421888,519326398.46399993,38881198.079999998,466720073.72799993,0,13725126.655999999,1,1,5,1
53,16,6,ok,350208,516426423.09119999,38730203.136,463742810.11199999,0,13953409.843200002,1,2,3,1
53,16,7,ok,303104,528071153.25440007,39107690.495999992,474613986.91839999,0,14349475.84,1,1,7,1
53,16,8,ok,262144,514847670.27199996,38654705.663999997,461711081.472,0,14481883.136,1,2,4,1
53,16,9,ok,233472,517449413.83679998,38730203.136,463937137.45920002,0,14782073.241600001,1,1,9,1
53,16,10,ok,210944,521031383.03999996,38881198.079999998,467043952.63999999,0,15106232.32,1,2,5,1
53,16,11,ok,192512,524613352.24319994,39032193.023999996,470150767.82079995,0,15430391.398400001,1,1,11,1
53,16,12,ok,175104,518472404.58239996,38730203.136,464131464.80639994,0,15610736.640000002,1,4,3,1
53,16,13,ok,163840,530797065.01120007,39258685.439999998,475483638.98880005,0,16054740.5824,1,1,13,1
53,16,14,ok,151552,530458131.6608001,39107690.495999992,475067417.39520007,0,16283023.7696,1,2,7,1
53,16,15,ok,142272,539068371.87599993,38957137.920000002,469222850.86799997,0,30888383.088000003,5,1,3,1
53,16,16,ok,131072,517575645.59359998,38654705.663999997,462229287.73119998,0,16691652.198400002,1,4,4,1
53,32,1,ok,4194304,1024580386.8159999,77309411.327999994,922450526.20799994,0,24820449.280000001,1,1,1,1
53,32,2,ok,2097152,1024921383.7312,77309411.327999994,922515301.99040008,0,25096670.412799999,1,1,2,1
53,32,3,ok,1400832,1029783873.9455999,77460406.272,926902638.18239987,0,25420829.491200004,1,1,3,1
53,32,4,ok,1048576,1025603377.5616001,77309411.327999994,922644853.5552001,0,25649112.678400002,1,2,2,1
53,32,5,ok,843776,1036947812.3519999,77762396.159999996,933116268.54399991,0,26069147.648000002,1,1,5,1
53,32,6,ok,700416,1030806864.6911999,77460406.272,927096965.52959991,0,26249492.889600001,1,2,3,1
53,32,7,ok,606208,1053755328.1024002,78215380.991999984,948774543.36000013,0,26765403.750400003,1,1,7,1
53,32,8,ok,524288,1026967365.2224001,77309411.327999994,922903956.68480015,0,26753997.209600002,1,2,4,1
53,32,9,ok,466944,1031829855.4367999,77460406.272,927291292.87679994,0,27078156.288000003,1,1,9,1
53,32,10,ok,421888,1038652796.9279999,77762396.159999996,933440147.45599985,0,27450253.311999999,1,2,5,1
53,32,11,ok,385024,1045475738.4191999,78064386.047999993,939589002.03519988,0,27822350.336000003,1,1,11,1
53,32,12,ok,350208,1032852846.1824,77460406.272,927485620.22399998,0,27906819.686400004,1,4,3,1
53,32,13,ok,327680,1057161170.1248002,78517370.879999995,950125192.80640006,0,28518606.438400004,1,1,13,1
53,32,14,ok,303104,1056142306.5088001,78215380.991999984,949227973.83679998,0,28698951.68,1,2,7,1
53,32,15,ok,284544,1076521360.9679999,77914275.840000004,937663837.79999995,0,60943247.328000009,5,1,3,1
53,32,16,ok,262144,1029695340.5439999,77309411.327999994,923422162.94400001,0,28963766.272,1,4,4,1
53,64,1,ok,8388608,2048819776.7168002,154618822.65599999,1844836276.6336002,0,49364677.427200004,1,1,1,1
53,64,2,ok,4194304,2049160773.6319997,154618822.65599999,1844901052.4159999,0,49640898.560000002,1,1,2,1
53,64,3,ok,2801664,2058544757.1455998,154920812.544,1853610949.0175996,0,50012995.584000006,1,1,3,1
53,64,4,ok,2097152,2049842767.4624,154618822.65599999,1845030603.9808002,0,50193340.825599998,1,2,2,1
53,64,5,ok,1687552,2072190640.1279998,155524792.31999999,1865908658.1759999,0,50757189.631999999,1,1,5,1
53,64,6,ok,1400832,2059567747.8911998,154920812.544,1853805276.3647997,0,50841658.982400008,1,2,3,1
53,64,7,ok,1212416,2105123677.7984004,156430761.98399997,1897095656.2432003,0,51597259.571199998,1,1,7,1
53,64,8,ok,1048576,2051206755.1232002,154618822.65599999,1845289707.1104002,0,51298225.356800005,1,2,4,1
53,64,9,ok,933888,2060590738.6367996,154920812.544,1853999603.7119997,0,51670322.380800001,1,1,9,1
53,64,10,ok,843776,2073895624.7039998,155524792.31999999,1866232537.0879998,0,52138295.296000004,1,2,5,1
53,64,11,ok,770048,2087200510.7711997,156128772.09599999,1878465470.4639997,0,52606268.211200014,1,1,11,1
53,64,12,ok,700416,2061613729.3823998,154920812.544,1854193931.0591998,0,52498985.779200003,1,4,3,1
53,64,13,ok,655360,2084919220.6336007,157034741.75999999,1874438140.7232003,0,53446338.150400005,1,13,1,1
53,64,14,ok,606208,2107510656.2048004,156430761.98399997,1897549086.7200003,0,53530807.500800006,1,2,7,1
53,64,15,ok,569088,2094785497.7279999,157341450.23999998,1883347893.1199999,0,54096154.368000001,1,5,3,1
53,64,16,ok,524288,2053934730.4448001,154618822.65599999,1845807913.3696003,0,53507994.419200003,1,4,4,1
54,1,1,ok,16384,4587387.2896000007,301989.88799999998,3913300.3776000002,0,372097.02399999998,1,1,1,1
54,1,2,ok,8192,4630011.9040000001,301989.88799999998,3921397.3503999999,0,406624.66560000001,1,1,2,1
54,1,3,ok,5472,4691360.7648,302579.712,3946969.4303999995,0,441811.62240000005,1,1,3,1
54,1,4,ok,4096,4715261.1328000007,301989.88799999998,3937591.2960000001,0,475679.94880000001,1,1,4,1
54,1,5,ok,3296,4804054.4159999993,303759.35999999999,3988109.52,0,512185.53600000008,1,1,5,1
54,1,6,ok,2752,4875407.3471999988,304349.18399999995,4023685.6703999997,0,547372.49280000001,1,1,6,1
54,1,7,ok,2368,4955480.4544000011,305528.83199999994,4066732.8576000002,0,583218.7648,1,1,7,1
54,1,8,ok,2048,4885759.590400001,301989.88799999998,3969979.1872000005,0,613790.51520000002,1,1,8,1
54,1,9,ok,1824,4947108.4511999991,302579.712,3995551.2671999987,0,648977.47200000007,1,1,9,1
54,1,10,ok,1664,5060778.3679999998,306708.47999999998,4065949.568,0,688120.32000000007,1,1,10,1
54,1,11,ok,1504,5087246.5247999998,304939.00799999997,4061637.5007999996,0,720670.01600000006,1,1,11,1
54,1,12,ok,1376,5131155.0336000007,304349.18399999995,4072267.5072000003,0,754538.34239999996,1,1,12,1
54,1,13,ok,1280,5218664.4224000005,306708.47999999998,4120252.6976000005,0,791703.24479999999,1,1,13,1
54,1,14,ok,1184,5253852.7552000005,305528.83199999994,4123411.6672,0,824912.25600000005,1,1,14,1
54,1,15,ok,1120,5367522.6720000003,309657.59999999998,4193809.9680000003,0,864055.10400000017,1,1,15,1
54,1,16,ok,1024,5306789.0688000005,301989.88799999998,4114787.5328000002,0,890011.64800000004,1,1,16,1
54,2,1,ok,32768,9132149.9648000021,603979.77599999995,7818503.7824000008,0,709666.40639999998,1,1,1,1
54,2,2,ok,16384,9174774.5792000014,603979.77599999995,7826600.7552000005,0,744194.04799999995,1,1,2,1
54,2,3,ok,10944,9254847.6864,605159.424,7869647.9423999991,0,780040.32000000007,1,1,3,1
54,2,4,ok,8192,9260023.8080000002,603979.77599999995,7842794.7007999998,0,813249.33120000002,1,2,2,1
54,2,5,ok,6592,9394985.7599999979,607518.71999999997,7935734.175999999,0,851732.86400000006,1,1,5,1
54,2,6,ok,5472,9382721.5296,605159.424,7893938.860799999,0,883623.2448000001,1,2,3,1
54,2,7,ok,4736,9612588.6080000009,611057.66399999987,8076786.9056000002,0,924744.03840000008,1,1,7,1
54,2,8,ok,4096,9430522.2656000014,603979.77599999995,7875182.5920000002,0,951359.89760000003,1,2,4,1
54,2,9,ok,3648,9510595.3728,605159.424,7918229.7791999988,0,987206.16960000014,1,1,9,1
54,2,10,ok,3296,9608108.8319999985,607518.71999999997,7976219.04,0,1024371.0720000002,1,2,5,1
54,2,11,ok,3008,9705622.2912000008,609878.01599999995,8034208.3007999994,0,1061535.9744000002,1,1,11,1
54,2,12,ok,2752,9750814.6943999976,608698.3679999999,8047371.3407999994,0,1094744.9856,1,2,6,1
54,2,13,ok,2560,9883208.8576000016,613416.95999999996,8135244.7488000011,0,1134547.1488000001,1,1,13,1
54,2,14,ok,2368,9910960.9088000022,611057.66399999987,8133465.7152000004,0,1166437.5296,1,2,7,1
54,2,15,ok,2240,10095676.128,619315.19999999995,8266165.3440000005,0,1210195.5840000003,1,1,15,1
54,2,16,ok,2048,9771519.1808000021,603979.77599999995,7939958.374400001,0,1227581.0304,1,2,8,1
54,4,1,ok,65536,17210078.003200002,1207959.5519999999,14617313.280000001,0,1384805.1712,1,1,1,1
54,4,2,ok,32768,17276993.535999998,1207959.5519999999,14649701.1712,0,1419332.8128,1,1,2,1
54,4,3,ok,21888,17416782.835200001,1210318.848,14749966.272,0,1456497.7152,1,1,3,1
54,4,4,ok,16384,17410824.601600002,1207959.5519999999,14714476.953600001,0,1488388.0959999999,1,1,4,1
54,4,5,ok,13184,17656345.151999999,1215037.4399999999,14910480.191999998,0,1530827.52,1,1,5,1
54,4,6,ok,11008,17836150.732799999,1217396.7359999998,15050761.5744,0,1567992.4224,1,1,6,1
54,4,7,ok,9472,18048813.7984,1222115.3279999997,15218903.8848,0,1607794.5856000003,1,1,7,1
54,4,8,ok,8192,17678486.732800003,1207959.5519999999,14844028.518400002,0,1626498.6624,1,1,8,1
54,4,9,ok,7296,17818276.031999998,1210318.848,14944293.619199999,0,1663663.5648000003,1,1,9,1
54,4,10,ok,6656,18155210.240000002,1226833.9199999999,15211724.288000001,0,1716652.0319999999,1,1,10,1
54,4,11,ok,6016,18163569.599999994,1219756.0319999999,15200545.676799998,0,1743267.8912,1,1,11,1
54,4,12,ok,5504,18237643.929599997,1217396.7359999998,15245088.921599999,0,1775158.2719999999,1,1,12,1
54,4,13,ok,5120,18476005.683200002,1226833.9199999999,15428936.806400003,0,1820234.9568,1,1,13,1
54,4,14,ok,4736,18517222.528000005,1222115.3279999997,15445619.123200003,0,1849488.0768000002,1,1,14,1
54,4,15,ok,4480,18854156.736000001,1238630.3999999999,15713049.791999999,0,1902476.544,1,1,15,1
54,4,16,ok,4096,18533941.248000003,1207959.5519999999,15423261.900800001,0,1902719.7952000001,1,1,16,1
54,8,1,ok,131072,34353240.473600008,2415919.1039999998,29202238.668800004,0,2735082.7008000002,1,1,1,1
54,8,2,ok,65536,34420156.006400004,2415919.1039999998,29234626.560000002,0,2769610.3424,1,1,2,1
54,8,3,ok,43776,34632819.071999997,2420637.696,29402768.870399997,0,2809412.5056000003,1,1,3,1
54,8,4,ok,32768,34553987.071999997,2415919.1039999998,29299402.342399999,0,2838665.6255999999,1,2,2,1
54,8,5,ok,26368,34978112.639999993,2430074.8799999999,29659020.927999996,0,2889016.8320000004,1,1,5,1
54,8,6,ok,21888,34833565.670400001,2420637.696,29499932.544,0,2912995.4304,1,2,3,1
54,8,7,ok,18944,35629218.867200002,2444230.6559999995,30211092.531200003,0,2973895.6799999997,1,1,7,1
54,8,8,ok,16384,34821649.203200005,2415919.1039999998,29428953.907200001,0,2976776.1919999998,1,2,4,1
54,8,9,ok,14592,35034312.26879999,2420637.696,29597096.217599992,0,3016578.3552000006,1,1,9,1
54,8,10,ok,13184,35312690.303999998,2430074.8799999999,29820960.383999996,0,3061655.04,1,2,5,1
54,8,11,ok,12032,35591068.339199997,2439512.0639999998,30044824.550399996,0,3106731.7248,1,1,11,1
54,8,12,ok,11008,35672301.465599999,2434793.4719999996,30101523.148800001,0,3135984.8448000001,1,2,6,1
54,8,13,ok,10240,36082109.440000005,2453667.8399999999,30436831.027200006,0,3191610.5728000002,1,1,13,1
54,8,14,ok,9472,36097627.596799999,2444230.6559999995,30437807.7696,0,3215589.1712000007,1,2,7,1
54,8,15,ok,8960,36704580.480000004,2477260.7999999998,30940281.215999998,0,3287038.4640000002,1,1,15,1
54,8,16,ok,8192,35356973.465600006,2415919.1039999998,29688057.036800005,0,3252997.3248000001,1,2,8,1
54,16,1,ok,262144,68639565.414399996,4831838.2079999996,58372089.446400002,0,5435637.7599999998,1,1,1,1
54,16,2,ok,131072,68706480.947200015,4831838.2079999996,58404477.337600008,0,5470165.4016000004,1,1,2,1
54,16,3,ok,87552,69064891.545599997,4841275.392,58708374.067199998,0,5515242.0864000004,1,1,3,1
54,16,4,ok,65536,68840312.012800008,4831838.2079999996,58469253.120000005,0,5539220.6847999999,1,2,2,1
54,16,5,ok,52736,69621647.615999997,4860149.7599999998,59156102.399999991,0,5605395.4560000002,1,1,5,1
54,16,6,ok,43776,69265638.143999994,4841275.392,58805537.740799993,0,5618825.0112000005,1,2,3,1
54,16,7,ok,37888,70790029.004800007,4888461.311999999,60195469.824000001,0,5706097.8688000003,1,1,7,1
54,16,8,ok,32768,69107974.143999994,4831838.2079999996,58598804.684799999,0,5677331.2511999998,1,2,4,1
54,16,9,ok,29184,69466384.742400005,4841275.392,58902701.414399996,0,5722407.9360000007,1,1,9,1
54,16,10,ok,26368,69956225.279999986,4860149.7599999998,59318041.855999991,0,5778033.6640000008,1,2,5,1
54,16,11,ok,24064,70446065.817599997,4879024.1279999996,59733382.297599994,0,5833659.392,1,1,11,1
54,16,12,ok,21888,69667131.340800002,4841275.392,58999865.088,0,5825990.8607999999,1,4,3,1
54,16,13,ok,20480,71294316.953600004,4907335.6799999997,60452619.468800008,0,5934361.804800001,1,1,13,1
54,16,14,ok,18944,71258437.734400004,4888461.311999999,60422185.062400006,0,5947791.3599999994,1,2,7,1
54,16,15,ok,17920,72405427.967999995,4954521.5999999996,61394744.063999988,0,6056162.3040000005,1,1,15,1
54,16,16,ok,16384,69643298.40640001,4831838.2079999996,58857907.814400002,0,5953552.3839999996,1,4,4,1
54,32,1,ok,524288,137212215.296,9663676.4159999993,116711791.0016,0,10836747.8784,1,1,1,1
54,32,2,ok,262144,137279130.82879999,9663676.4159999993,116744178.8928,0,10871275.52,1,1,2,1
54,32,3,ok,175104,137929036.4928,9682550.784,117319584.46079998,0,10926901.248,1,1,3,1
54,32,4,ok,131072,137412961.89440003,9663676.4159999993,116808954.67520002,0,10940330.803200001,1,2,2,1
54,32,5,ok,105472,138908717.56799999,9720299.5199999996,118150265.344,0,11038152.704,1,1,5,1
54,32,6,ok,87552,138129783.09119999,9682550.784,117416748.1344,0,11030484.172800001,1,2,3,1
54,32,7,ok,75776,141111649.28000003,9776922.623999998,120164224.40960002,0,11170502.246400002,1,1,7,1
54,32,8,ok,65536,137680624.02560002,9663676.4159999993,116938506.24000001,0,11078441.3696,1,2,4,1
54,32,9,ok,58368,138330529.68959999,9682550.784,117513911.80799997,0,11134067.097600002,1,1,9,1
54,32,10,ok,52736,139243295.23199999,9720299.5199999996,118312204.79999998,0,11210790.912,1,2,5,1
54,32,11,ok,48128,140156060.7744,9758048.2559999991,119110497.79199998,0,11287514.726400001,1,1,11,1
54,32,12,ok,43776,138531276.28799999,9682550.784,117611075.48159999,0,11237650.022400001,1,4,3,1
54,32,13,ok,40960,141718731.9808,9814671.3599999994,120484196.352,0,11419864.2688,1,1,13,1
54,32,14,ok,37888,141580058.00960001,9776922.623999998,120390939.648,0,11412195.737600001,1,2,7,1
54,32,15,ok,35840,143807122.94400004,9909043.1999999993,122303669.76000001,0,11594409.984000001,1,1,15,1
54,32,16,ok,32768,138215948.28799999,9663676.4159999993,117197609.3696,0,11354662.5024,1,4,4,1
54,64,1,ok,1048576,274357515.05919999,19327352.831999999,233391194.11199999,0,21638968.115200002,1,1,1,1
54,64,2,ok,524288,274424430.59200001,19327352.831999999,233423582.00319999,0,21673495.7568,1,1,2,1
54,64,3,ok,350208,275657326.3872,19365101.568,234542005.24799997,0,21750219.571200002,1,1,3,1
54,64,4,ok,262144,274558261.65759999,19327352.831999999,233488357.78560001,0,21742551.039999999,1,2,2,1
54,64,5,ok,210944,277482857.47199994,19440599.039999999,236138591.23199996,0,21903667.200000003,1,1,5,1
54,64,6,ok,175104,275858072.98559999,19365101.568,234639168.92159995,0,21853802.495999999,1,2,3,1
54,64,7,ok,151552,281754889.83040005,19553845.247999996,240101733.58080006,0,22099311.001599997,1,1,7,1
54,64,8,ok,131072,274825923.78880006,19327352.831999999,233617909.35040003,0,21880661.606400002,1,2,4,1
54,64,9,ok,116736,276058819.58399993,19365101.568,234736332.59519997,0,21957385.4208,1,1,9,1
54,64,10,ok,105472,277817435.13599998,19440599.039999999,236300530.68799999,0,22076305.408,1,2,5,1
54,64,11,ok,96256,279576050.68799996,19516096.511999998,237864728.78079998,0,22195225.395200003,1,1,11,1
54,64,12,ok,87552,276259566.18239999,19365101.568,234833496.26879999,0,22060968.345600002,1,4,3,1
54,64,13,ok,81920,282567562.03520006,19629342.719999999,240547350.11840004,0,22390869.196800001,1,1,13,1
54,64,14,ok,75776,282223298.56000006,19553845.247999996,240328448.81920004,0,22341004.492800005,1,2,7,1
54,64,15,ok,71680,286610512.89600003,19818086.399999999,244121521.15199998,0,22670905.344000001,1,1,15,1
54,64,16,ok,65536,275361248.05120003,19327352.831999999,233877012.48000002,0,22156882.7392,1,4,4,1
55,1,1,ok,512,2860.6464000000001,2860.6464000000001,0,0,0,1,1,1,1
55,1,2,ok,256,2860.6464000000001,2860.6464000000001,0,0,0,1,1,2,1
55,1,3,ok,171,2866.2336,2866.2336,0,0,0,3,1,1,1
55,1,4,ok,128,2860.6464000000001,2860.6464000000001,0,0,0,2,1,2,1
55,1,5,ok,103,2877.4080000000004,2877.4080000000004,0,0,0,5,1,1,1
55,1,6,ok,86,2866.2336,2866.2336,0,0,0,3,1,2,1
55,1,7,ok,74,2894.1696000000002,2894.1696000000002,0,0,0,7,1,1,1
55,1,8,ok,64,2860.6464000000001,2860.6464000000001,0,0,0,2,1,4,1
55,1,9,ok,57,2866.2336,2866.2336,0,0,0,9,1,1,1
55,1,10,ok,52,2877.4080000000004,2877.4080000000004,0,0,0,5,1,2,1
55,1,11,ok,47,2888.5824000000002,2888.5824000000002,0,0,0,11,1,1,1
55,1,12,ok,43,2866.2336,2866.2336,0,0,0,3,1,4,1
55,1,13,ok,40,2905.3440000000001,2905.3440000000001,0,0,0,1,1,13,1
55,1,14,ok,37,2894.1696000000002,2894.1696000000002,0,0,0,7,1,2,1
55,1,15,ok,35,2911.0185000000001,2911.0185000000001,0,0,0,3,1,5,1
55,1,16,ok,32,2860.6464000000001,2860.6464000000001,0,0,0,4,1,4,1
55,2,1,ok,1024,5721.2928000000002,5721.2928000000002,0,0,0,1,1,1,1
55,2,2,ok,512,5721.2928000000002,5721.2928000000002,0,0,0,1,1,2,1
55,2,3,ok,342,5732.4672,5732.4672,0,0,0,3,1,1,1
55,2,4,ok,256,5721.2928000000002,5721.2928000000002,0,0,0,1,2,2,1
55,2,5,ok,206,5754.8160000000007,5754.8160000000007,0,0,0,5,1,1,1
55,2,6,ok,171,5732.4672,5732.4672,0,0,0,3,1,2,1
55,2,7,ok,148,5788.3392000000003,5788.3392000000003,0,0,0,7,1,1,1
55,2,8,ok,128,5721.2928000000002,5721.2928000000002,0,0,0,1,2,4,1
55,2,9,ok,114,5732.4672,5732.4672,0,0,0,9,1,1,1
55,2,10,ok,103,5754.8160000000007,5754.8160000000007,0,0,0,5,1,2,1
55,2,11,ok,94,5777.1648000000005,5777.1648000000005,0,0,0,11,1,1,1
55,2,12,ok,86,5732.4672,5732.4672,0,0,0,3,1,4,1
55,2,13,ok,80,5810.6880000000001,5810.6880000000001,0,0,0,1,1,13,1
55,2,14,ok,74,5788.3392000000003,5788.3392000000003,0,0,0,7,1,2,1
55,2,15,ok,70,5822.0370000000003,5822.0370000000003,0,0,0,3,1,5,1
55,2,16,ok,64,5721.2928000000002,5721.2928000000002,0,0,0,2,2,4,1
55,4,1,ok,2048,11442.5856,11442.5856,0,0,0,1,1,1,1
55,4,2,ok,1024,11442.5856,11442.5856,0,0,0,1,1,2,1
55,4,3,ok,684,11464.9344,11464.9344,0,0,0,3,1,1,1
55,4,4,ok,512,11442.5856,11442.5856,0,0,0,1,2,2,1
55,4,5,ok,412,11509.632000000001,11509.632000000001,0,0,0,5,1,1,1
55,4,6,ok,342,11464.9344,11464.9344,0,0,0,3,1,2,1
55,4,7,ok,296,11576.678400000001,11576.678400000001,0,0,0,7,1,1,1
55,4,8,ok,256,11442.5856,11442.5856,0,0,0,1,2,4,1
55,4,9,ok,228,11464.9344,11464.9344,0,0,0,9,1,1,1
55,4,10,ok,206,11509.632000000001,11509.632000000001,0,0,0,5,1,2,1
55,4,11,ok,188,11554.329600000001,11554.329600000001,0,0,0,11,1,1,1
55,4,12,ok,171,11464.9344,11464.9344,0,0,0,3,1,4,1
55,4,13,ok,160,11621.376,11621.376,0,0,0,1,1,13,1
55,4,14,ok,148,11576.678400000001,11576.678400000001,0,0,0,7,1,2,1
55,4,15,ok,139,11644.074000000001,11644.074000000001,0,0,0,3,1,5,1
55,4,16,ok,128,11442.5856,11442.5856,0,0,0,2,2,4,1
55,8,1,ok,4096,22885.171200000001,22885.171200000001,0,0,0,1,1,1,1
55,8,2,ok,2048,22885.171200000001,22885.171200000001,0,0,0,1,1,2,1
55,8,3,ok,1368,22929.8688,22929.8688,0,0,0,3,1,1,1
55,8,4,ok,1024,22885.171200000001,22885.171200000001,0,0,0,1,2,2,1
55,8,5,ok,824,23019.264000000003,23019.264000000003,0,0,0,5,1,1,1
55,8,6,ok,684,22929.8688,22929.8688,0,0,0,3,1,2,1
55,8,7,ok,592,23153.356800000001,23153.356800000001,0,0,0,7,1,1,1
55,8,8,ok,512,22885.171200000001,22885.171200000001,0,0,0,1,2,4,1
55,8,9,ok,456,22929.8688,22929.8688,0,0,0,9,1,1,1
55,8,10,ok,412,23019.264000000003,23019.264000000003,0,0,0,5,1,2,1
55,8,11,ok,376,23108.659200000002,23108.659200000002,0,0,0,11,1,1,1
55,8,12,ok,342,22929.8688,22929.8688,0,0,0,3,1,4,1
55,8,13,ok,320,23242.752,23242.752,0,0,0,1,1,13,1
55,8,14,ok,296,23153.356800000001,23153.356800000001,0,0,0,7,1,2,1
55,8,15,ok,278,23288.148000000001,23288.148000000001,0,0,0,3,1,5,1
55,8,16,ok,256,22885.171200000001,22885.171200000001,0,0,0,2,2,4,1
55,16,1,ok,8192,45770.342400000001,45770.342400000001,0,0,0,1,1,1,1
55,16,2,ok,4096,45770.342400000001,45770.342400000001,0,0,0,1,1,2,1
55,16,3,ok,2736,45859.7376,45859.7376,0,0,0,3,1,1,1
55,16,4,ok,2048,45770.342400000001,45770.342400000001,0,0,0,1,2,2,1
55,16,5,ok,1648,46038.528000000006,46038.528000000006,0,0,0,5,1,1,1
55,16,6,ok,1368,45859.7376,45859.7376,0,0,0,3,1,2,1
55,16,7,ok,1184,46306.713600000003,46306.713600000003,0,0,0,7,1,1,1
55,16,8,ok,1024,45770.342400000001,45770.342400000001,0,0,0,1,2,4,1
55,16,9,ok,912,45859.7376,45859.7376,0,0,0,9,1,1,1
55,16,10,ok,824,46038.528000000006,46038.528000000006,0,0,0,5,1,2,1
55,16,11,ok,752,46217.318400000004,46217.318400000004,0,0,0,11,1,1,1
55,16,12,ok,684,45859.7376,45859.7376,0,0,0,3,1,4,1
55,16,13,ok,640,46485.504000000001,46485.504000000001,0,0,0,1,1,13,1
55,16,14,ok,592,46306.713600000003,46306.713600000003,0,0,0,7,1,2,1
55,16,15,ok,556,46576.296000000002,46576.296000000002,0,0,0,3,1,5,1
55,16,16,ok,512,45770.342400000001,45770.342400000001,0,0,0,2,2,4,1
55,32,1,ok,16384,91540.684800000003,91540.684800000003,0,0,0,1,1,1,1
55,32,2,ok,8192,91540.684800000003,91540.684800000003,0,0,0,1,1,2,1
55,32,3,ok,5472,91719.475200000001,91719.475200000001,0,0,0,3,1,1,1
55,32,4,ok,4096,91540.684800000003,91540.684800000003,0,0,0,1,2,2,1
55,32,5,ok,3296,92077.056000000011,92077.056000000011,0,0,0,5,1,1,1
55,32,6,ok,2736,91719.475200000001,91719.475200000001,0,0,0,3,1,2,1
55,32,7,ok,2368,92613.427200000006,92613.427200000006,0,0,0,7,1,1,1
55,32,8,ok,2048,91540.684800000003,91540.684800000003,0,0,0,1,2,4,1
55,32,9,ok,1824,91719.475200000001,91719.475200000001,0,0,0,9,1,1,1
55,32,10,ok,1648,92077.056000000011,92077.056000000011,0,0,0,5,1,2,1
55,32,11,ok,1504,92434.636800000007,92434.636800000007,0,0,0,11,1,1,1
55,32,12,ok,1368,91719.475200000001,91719.475200000001,0,0,0,3,1,4,1
55,32,13,ok,1280,92971.008000000002,92971.008000000002,0,0,0,1,1,13,1
55,32,14,ok,1184,92613.427200000006,92613.427200000006,0,0,0,7,1,2,1
55,32,15,ok,1112,93152.592000000004,93152.592000000004,0,0,0,3,1,5,1
55,32,16,ok,1024,91540.684800000003,91540.684800000003,0,0,0,2,2,4,1
55,64,1,ok,32768,183081.36960000001,183081.36960000001,0,0,0,1,1,1,1
55,64,2,ok,16384,183081.36960000001,183081.36960000001,0,0,0,1,1,2,1
55,64,3,ok,10944,183438.9504,183438.9504,0,0,0,3,1,1,1
55,64,4,ok,8192,183081.36960000001,183081.36960000001,0,0,0,1,2,2,1
55,64,5,ok,6592,184154.11200000002,184154.11200000002,0,0,0,5,1,1,1
55,64,6,ok,5472,183438.9504,183438.9504,0,0,0,3,1,2,1
55,64,7,ok,4736,185226.85440000001,185226.85440000001,0,0,0,7,1,1,1
55,64,8,ok,4096,183081.36960000001,183081.36960000001,0,0,0,1,2,4,1
55,64,9,ok,3648,183438.9504,183438.9504,0,0,0,9,1,1,1
55,64,10,ok,3296,184154.11200000002,184154.11200000002,0,0,0,5,1,2,1
55,64,11,ok,3008,184869.27360000001,184869.27360000001,0,0,0,11,1,1,1
55,64,12,ok,2736,183438.9504,183438.9504,0,0,0,3,1,4,1
55,64,13,ok,2560,185942.016,185942.016,0,0,0,1,1,13,1
55,64,14,ok,2368,185226.85440000001,185226.85440000001,0,0,0,7,1,2,1
55,64,15,ok,2223,186305.18400000001,186305.18400000001,0,0,0,3,1,5,1
55,64,16,ok,2048,183081.36960000001,183081.36960000001,0,0,0,2,2,4,1
56,1,1,ok,16384,4587387.2896000007,301989.88799999998,3913300.3776000002,0,372097.02399999998,1,1,1,1
56,1,2,ok,8192,4630011.9040000001,301989.88799999998,3921397.3503999999,0,406624.66560000001,1,1,2,1
56,1,3,ok,5472,4691360.7648,302579.712,3946969.4303999995,0,441811.62240000005,1,1,3,1
56,1,4,ok,4096,4715261.1328000007,301989.88799999998,3937591.2960000001,0,475679.94880000001,1,1,4,1
56,1,5,ok,3296,4804054.4159999993,303759.35999999999,3988109.52,0,512185.53600000008,1,1,5,1
56,1,6,ok,2752,4875407.3471999988,304349.18399999995,4023685.6703999997,0,547372.49280000001,1,1,6,1
56,1,7,ok,2368,4955480.4544000011,305528.83199999994,4066732.8576000002,0,583218.7648,1,1,7,1
56,1,8,ok,2048,4885759.590400001,301989.88799999998,3969979.1872000005,0,613790.51520000002,1,1,8,1
56,1,9,ok,1824,4947108.4511999991,302579.712,3995551.2671999987,0,648977.47200000007,1,1,9,1
56,1,10,ok,1664,5060778.3679999998,306708.47999999998,4065949.568,0,688120.32000000007,1,1,10,1
56,1,11,ok,1504,5087246.5247999998,304939.00799999997,4061637.5007999996,0,720670.01600000006,1,1,11,1
56,1,12,ok,1376,5131155.0336000007,304349.18399999995,4072267.5072000003,0,754538.34239999996,1,1,12,1
56,1,13,ok,1280,5218664.4224000005,306708.47999999998,4120252.6976000005,0,791703.24479999999,1,1,13,1
56,1,14,ok,1184,5253852.7552000005,305528.83199999994,4123411.6672,0,824912.25600000005,1,1,14,1
56,1,15,ok,1120,5367522.6720000003,309657.59999999998,4193809.9680000003,0,864055.10400000017,1,1,15,1
56,1,16,ok,1024,5306789.0688000005,301989.88799999998,4114787.5328000002,0,890011.64800000004,1,1,16,1
56,2,1,ok,32768,9132149.9648000021,603979.77599999995,7818503.7824000008,0,709666.40639999998,1,1,1,1
56,2,2,ok,16384,9174774.5792000014,603979.77599999995,7826600.7552000005,0,744194.04799999995,1,1,2,1
56,2,3,ok,10944,9254847.6864,605159.424,7869647.9423999991,0,780040.32000000007,1,1,3,1
56,2,4,ok,8192,9260023.8080000002,603979.77599999995,7842794.7007999998,0,813249.33120000002,1,2,2,1
56,2,5,ok,6592,9394985.7599999979,607518.71999999997,7935734.175999999,0,851732.86400000006,1,1,5,1
56,2,6,ok,5472,9382721.5296,605159.424,7893938.860799999,0,883623.2448000001,1,2,3,1
56,2,7,ok,4736,9612588.6080000009,611057.66399999987,8076786.9056000002,0,924744.03840000008,1,1,7,1
56,2,8,ok,4096,9430522.2656000014,603979.77599999995,7875182.5920000002,0,951359.89760000003,1,2,4,1
56,2,9,ok,3648,9510595.3728,605159.424,7918229.7791999988,0,987206.16960000014,1,1,9,1
56,2,10,ok,3296,9608108.8319999985,607518.71999999997,7976219.04,0,1024371.0720000002,1,2,5,1
56,2,11,ok,3008,9705622.2912000008,609878.01599999995,8034208.3007999994,0,1061535.9744000002,1,1,11,1
56,2,12,ok,2752,9750814.6943999976,608698.3679999999,8047371.3407999994,0,1094744.9856,1,2,6,1
56,2,13,ok,2560,9883208.8576000016,613416.95999999996,8135244.7488000011,0,1134547.1488000001,1,1,13,1
56,2,14,ok,2368,9910960.9088000022,611057.66399999987,8133465.7152000004,0,1166437.5296,1,2,7,1
56,2,15,ok,2240,10095676.128,619315.19999999995,8266165.3440000005,0,1210195.5840000003,1,1,15,1
56,2,16,ok,2048,9771519.1808000021,603979.77599999995,7939958.374400001,0,1227581.0304,1,2,8,1
56,4,1,ok,65536,17210078.003200002,1207959.5519999999,14617313.280000001,0,1384805.1712,1,1,1,1
56,4,2,ok,32768,17276993.535999998,1207959.5519999999,14649701.1712,0,1419332.8128,1,1,2,1
56,4,3,ok,21888,17416782.835200001,1210318.848,14749966.272,0,1456497.7152,1,1,3,1
56,4,4,ok,16384,17410824.601600002,1207959.5519999999,14714476.953600001,0,1488388.0959999999,1,1,4,1
56,4,5,ok,13184,17656345.151999999,1215037.4399999999,14910480.191999998,0,1530827.52,1,1,5,1
56,4,6,ok,11008,17836150.732799999,1217396.7359999998,15050761.5744,0,1567992.4224,1,1,6,1
56,4,7,ok,9472,18048813.7984,1222115.3279999997,15218903.8848,0,1607794.5856000003,1,1,7,1
56,4,8,ok,8192,17678486.732800003,1207959.5519999999,14844028.518400002,0,1626498.6624,1,1,8,1
56,4,9,ok,7296,17818276.031999998,1210318.848,14944293.619199999,0,1663663.5648000003,1,1,9,1
56,4,10,ok,6656,18155210.240000002,1226833.9199999999,15211724.288000001,0,1716652.0319999999,1,1,10,1
56,4,11,ok,6016,18163569.599999994,1219756.0319999999,15200545.676799998,0,1743267.8912,1,1,11,1
56,4,12,ok,5504,18237643.929599997,1217396.7359999998,15245088.921599999,0,1775158.2719999999,1,1,12,1
56,4,13,ok,5120,18476005.683200002,1226833.9199999999,15428936.806400003,0,1820234.9568,1,1,13,1
56,4,14,ok,4736,18517222.528000005,1222115.3279999997,15445619.123200003,0,1849488.0768000002,1,1,14,1
56,4,15,ok,4480,18854156.736000001,1238630.3999999999,15713049.791999999,0,1902476.544,1,1,15,1
56,4,16,ok,4096,18533941.248000003,1207959.5519999999,15423261.900800001,0,1902719.7952000001,1,1,16,1
56,8,1,ok,131072,34353240.473600008,2415919.1039999998,29202238.668800004,0,2735082.7008000002,1,1,1,1
56,8,2,ok,65536,34420156.006400004,2415919.1039999998,29234626.560000002,0,2769610.3424,1,1,2,1
56,8,3,ok,43776,34632819.071999997,2420637.696,29402768.870399997,0,2809412.5056000003,1,1,3,1
56,8,4,ok,32768,34553987.071999997,2415919.1039999998,29299402.342399999,0,2838665.6255999999,1,2,2,1
56,8,5,ok,26368,34978112.639999993,2430074.8799999999,29659020.927999996,0,2889016.8320000004,1,1,5,1
56,8,6,ok,21888,34833565.670400001,2420637.696,29499932.544,0,2912995.4304,1,2,3,1
56,8,7,ok,18944,35629218.867200002,2444230.6559999995,30211092.531200003,0,2973895.6799999997,1,1,7,1
56,8,8,ok,16384,34821649.203200005,2415919.1039999998,29428953.907200001,0,2976776.1919999998,1,2,4,1
56,8,9,ok,14592,35034312.26879999,2420637.696,29597096.217599992,0,3016578.3552000006,1,1,9,1
56,8,10,ok,13184,35312690.303999998,2430074.8799999999,29820960.383999996,0,3061655.04,1,2,5,1
56,8,11,ok,12032,35591068.339199997,2439512.0639999998,30044824.550399996,0,3106731.7248,1,1,11,1
56,8,12,ok,11008,35672301.465599999,2434793.4719999996,30101523.148800001,0,3135984.8448000001,1,2,6,1
56,8,13,ok,10240,36082109.440000005,2453667.8399999999,30436831.027200006,0,3191610.5728000002,1,1,13,1
56,8,14,ok,9472,36097627.596799999,2444230.6559999995,30437807.7696,0,3215589.1712000007,1,2,7,1
56,8,15,ok,8960,36704580.480000004,2477260.7999999998,30940281.215999998,0,3287038.4640000002,1,1,15,1
56,8,16,ok,8192,35356973.465600006,2415919.1039999998,29688057.036800005,0,3252997.3248000001,1,2,8,1
56,16,1,ok,262144,68639565.414399996,4831838.2079999996,58372089.446400002,0,5435637.7599999998,1,1,1,1
56,16,2,ok,131072,68706480.947200015,4831838.2079999996,58404477.337600008,0,5470165.4016000004,1,1,2,1
56,16,3,ok,87552,69064891.545599997,4841275.392,58708374.067199998,0,5515242.0864000004,1,1,3,1
56,16,4,ok,65536,68840312.012800008,4831838.2079999996,58469253.120000005,0,5539220.6847999999,1,2,2,1
56,16,5,ok,52736,69621647.615999997,4860149.7599999998,59156102.399999991,0,5605395.4560000002,1,1,5,1
56,16,6,ok,43776,69265638.143999994,4841275.392,58805537.740799993,0,5618825.0112000005,1,2,3,1
56,16,7,ok,37888,70790029.004800007,4888461.311999999,60195469.824000001,0,5706097.8688000003,1,1,7,1
56,16,8,ok,32768,69107974.143999994,4831838.2079999996,58598804.684799999,0,5677331.2511999998,1,2,4,1
56,16,9,ok,29184,69466384.742400005,4841275.392,58902701.414399996,0,5722407.9360000007,1,1,9,1
56,16,10,ok,26368,69956225.279999986,4860149.7599999998,59318041.855999991,0,5778033.6640000008,1,2,5,1
56,16,11,ok,24064,70446065.817599997,4879024.1279999996,59733382.297599994,0,5833659.392,1,1,11,1
56,16,12,ok,21888,69667131.340800002,4841275.392,58999865.088,0,5825990.8607999999,1,4,3,1
56,16,13,ok,20480,71294316.953600004,4907335.6799999997,60452619.468800008,0,5934361.804800001,1,1,13,1
56,16,14,ok,18944,71258437.734400004,4888461.311999999,60422185.062400006,0,5947791.3599999994,1,2,7,1
56,16,15,ok,17920,72405427.967999995,4954521.5999999996,61394744.063999988,0,6056162.3040000005,1,1,15,1
56,16,16,ok,16384,69643298.40640001,4831838.2079999996,58857907.814400002,0,5953552.3839999996,1,4,4,1
56,32,1,ok,524288,137212215.296,9663676.4159999993,116711791.0016,0,10836747.8784,1,1,1,1
56,32,2,ok,262144,137279130.82879999,9663676.4159999993,116744178.8928,0,10871275.52,1,1,2,1
56,32,3,ok,175104,137929036.4928,9682550.784,117319584.46079998,0,10926901.248,1,1,3,1
56,32,4,ok,131072,137412961.89440003,9663676.4159999993,116808954.67520002,0,10940330.803200001,1,2,2,1
56,32,5,ok,105472,138908717.56799999,9720299.5199999996,118150265.344,0,11038152.704,1,1,5,1
56,32,6,ok,87552,138129783.09119999,9682550.784,117416748.1344,0,11030484.172800001,1,2,3,1
56,32,7,ok,75776,141111649.28000003,9776922.623999998,120164224.40960002,0,11170502.246400002,1,1,7,1
56,32,8,ok,65536,137680624.02560002,9663676.4159999993,116938506.24000001,0,11078441.3696,1,2,4,1
56,32,9,ok,58368,138330529.68959999,9682550.784,117513911.80799997,0,11134067.097600002,1,1,9,1
56,32,10,ok,52736,139243295.23199999,9720299.5199999996,118312204.79999998,0,11210790.912,1,2,5,1
56,32,11,ok,48128,140156060.7744,9758048.2559999991,119110497.79199998,0,11287514.726400001,1,1,11,1
56,32,12,ok,43776,138531276.28799999,9682550.784,117611075.48159999,0,11237650.022400001,1,4,3,1
56,32,13,ok,40960,141718731.9808,9814671.3599999994,120484196.352,0,11419864.2688,1,1,13,1
56,32,14,ok,37888,141580058.00960001,9776922.623999998,120390939.648,0,11412195.737600001,1,2,7,1
56,32,15,ok,35840,143807122.94400004,9909043.1999999993,122303669.76000001,0,11594409.984000001,1,1,15,1
56,32,16,ok,32768,138215948.28799999,9663676.4159999993,117197609.3696,0,11354662.5024,1,4,4,1
56,64,1,ok,1048576,274357515.05919999,19327352.831999999,233391194.11199999,0,21638968.115200002,1,1,1,1
56,64,2,ok,524288,274424430.59200001,19327352.831999999,233423582.00319999,0,21673495.7568,1,1,2,1
56,64,3,ok,350208,275657326.3872,19365101.568,234542005.24799997,0,21750219.571200002,1,1,3,1
56,64,4,ok,262144,274558261.65759999,19327352.831999999,233488357.78560001,0,21742551.039999999,1,2,2,1
56,64,5,ok,210944,277482857.47199994,19440599.039999999,236138591.23199996,0,21903667.200000003,1,1,5,1
56,64,6,ok,175104,275858072.98559999,19365101.568,234639168.92159995,0,21853802.495999999,1,2,3,1
56,64,7,ok,151552,281754889.83040005,19553845.247999996,240101733.58080006,0,22099311.001599997,1,1,7,1
56,64,8,ok,131072,274825923.78880006,19327352.831999999,233617909.35040003,0,21880661.606400002,1,2,4,1
56,64,9,ok,116736,276058819.58399993,19365101.568,234736332.59519997,0,21957385.4208,1,1,9,1
56,64,10,ok,105472,277817435.13599998,19440599.039999999,236300530.68799999,0,22076305.408,1,2,5,1
56,64,11,ok,96256,279576050.68799996,19516096.511999998,237864728.78079998,0,22195225.395200003,1,1,11,1
56,64,12,ok,87552,276259566.18239999,19365101.568,234833496.26879999,0,22060968.345600002,1,4,3,1
56,64,13,ok,81920,282567562.03520006,19629342.719999999,240547350.11840004,0,22390869.196800001,1,1,13,1
56,64,14,ok,75776,282223298.56000006,19553845.247999996,240328448.81920004,0,22341004.492800005,1,2,7,1
56,64,15,ok,71680,286610512.89600003,19818086.399999999,244121521.15199998,0,22670905.344000001,1,1,15,1
56,64,16,ok,65536,275361248.05120003,19327352.831999999,233877012.48000002,0,22156882.7392,1,4,4,1
57,1,1,ok,512,2860.6464000000001,2860.6464000000001,0,0,0,1,1,1,1
57,1,2,ok,256,2860.6464000000001,2860.6464000000001,0,0,0,1,1,2,1
57,1,3,ok,171,2866.2336,2866.2336,0,0,0,3,1,1,1
57,1,4,ok,128,2860.6464000000001,2860.6464000000001,0,0,0,2,1,2,1
57,1,5,ok,103,2877.4080000000004,2877.4080000000004,0,0,0,5,1,1,1
57,1,6,ok,86,2866.2336,2866.2336,0,0,0,3,1,2,1
57,1,7,ok,74,2894.1696000000002,2894.1696000000002,0,0,0,7,1,1,1
57,1,8,ok,64,2860.6464000000001,2860.6464000000001,0,0,0,2,1,4,1
57,1,9,ok,57,2866.2336,2866.2336,0,0,0,9,1,1,1
57,1,10,ok,52,2877.4080000000004,2877.4080000000004,0,0,0,5,1,2,1
57,1,11,ok,47,2888.5824000000002,2888.5824000000002,0,0,0,11,1,1,1
57,1,12,ok,43,2866.2336,2866.2336,0,0,0,3,1,4,1
57,1,13,ok,40,2905.3440000000001,2905.3440000000001,0,0,0,1,1,13,1
57,1,14,ok,37,2894.1696000000002,2894.1696000000002,0,0,0,7,1,2,1
57,1,15,ok,35,2911.0185000000001,2911.0185000000001,0,0,0,3,1,5,1
57,1,16,ok,32,2860.6464000000001,2860.6464000000001,0,0,0,4,1,4,1
57,2,1,ok,1024,5721.2928000000002,5721.2928000000002,0,0,0,1,1,1,1
57,2,2,ok,512,5721.2928000000002,5721.2928000000002,0,0,0,1,1,2,1
57,2,3,ok,342,5732.4672,5732.4672,0,0,0,3,1,1,1
57,2,4,ok,256,5721.2928000000002,5721.2928000000002,0,0,0,1,2,2,1
57,2,5,ok,206,5754.8160000000007,5754.8160000000007,0,0,0,5,1,1,1
57,2,6,ok,171,5732.4672,5732.4672,0,0,0,3,1,2,1
57,2,7,ok,148,5788.3392000000003,5788.3392000000003,0,0,0,7,1,1,1
57,2,8,ok,128,5721.2928000000002,5721.2928000000002,0,0,0,1,2,4,1
57,2,9,ok,114,5732.4672,5732.4672,0,0,0,9,1,1,1
57,2,10,ok,103,5754.8160000000007,5754.8160000000007,0,0,0,5,1,2,1
57,2,11,ok,94,5777.1648000000005,5777.1648000000005,0,0,0,11,1,1,1
57,2,12,ok,86,5732.4672,5732.4672,0,0,0,3,1,4,1
57,2,13,ok,80,5810.6880000000001,5810.6880000000001,0,0,0,1,1,13,1
57,2,14,ok,74,5788.3392000000003,5788.3392000000003,0,0,0,7,1,2,1
57,2,15,ok,70,5822.0370000000003,5822.0370000000003,0,0,0,3,1,5,1
57,2,16,ok,64,5721.2928000000002,5721.2928000000002,0,0,0,2,2,4,1
57,4,1,ok,2048,11442.5856,11442.5856,0,0,0,1,1,1,1
57,4,2,ok,1024,11442.5856,11442.5856,0,0,0,1,1,2,1
57,4,3,ok,684,11464.9344,11464.9344,0,0,0,3,1,1,1
57,4,4,ok,512,11442.5856,11442.5856,0,0,0,1,2,2,1
57,4,5,ok,412,11509.632000000001,11509.632000000001,0,0,0,5,1,1,1
57,4,6,ok,342,11464.9344,11464.9344,0,0,0,3,1,2,1
57,4,7,ok,296,11576.678400000001,11576.678400000001,0,0,0,7,1,1,1
57,4,8,ok,256,11442.5856,11442.5856,0,0,0,1,2,4,1
57,4,9,ok,228,11464.9344,11464.9344,0,0,0,9,1,1,1
57,4,10,ok,206,11509.632000000001,11509.632000000001,0,0,0,5,1,2,1
57,4,11,ok,188,11554.329600000001,11554.329600000001,0,0,0,11,1,1,1
57,4,12,ok,171,11464.9344,11464.9344,0,0,0,3,1,4,1
57,4,13,ok,160,11621.376,11621.376,0,0,0,1,1,13,1
57,4,14,ok,148,11576.678400000001,11576.678400000001,0,0,0,7,1,2,1
57,4,15,ok,139,11644.074000000001,11644.074000000001,0,0,0,3,1,5,1
57,4,16,ok,128,11442.5856,11442.5856,0,0,0,2,2,4,1
57,8,1,ok,4096,22885.171200000001,22885.171200000001,0,0,0,1,1,1,1
57,8,2,ok,2048,22885.171200000001,22885.171200000001,0,0,0,1,1,2,1
57,8,3,ok,1368,22929.8688,22929.8688,0,0,0,3,1,1,1
57,8,4,ok,1024,22885.171200000001,22885.171200000001,0,0,0,1,2,2,1
57,8,5,ok,824,23019.264000000003,23019.264000000003,0,0,0,5,1,1,1
57,8,6,ok,684,22929.8688,22929.8688,0,0,0,3,1,2,1
57,8,7,ok,592,23153.356800000001,23153.356800000001,0,0,0,7,1,1,1
57,8,8,ok,512,22885.171200000001,22885.171200000001,0,0,0,1,2,4,1
57,8,9,ok,456,22929.8688,22929.8688,0,0,0,9,1,1,1
57,8,10,ok,412,23019.264000000003,23019.264000000003,0,0,0,5,1,2,1
57,8,11,ok,376,23108.659200000002,23108.659200000002,0,0,0,11,1,1,1
57,8,12,ok,342,22929.8688,22929.8688,0,0,0,3,1,4,1
57,8,13,ok,320,23242.752,23242.752,0,0,0,1,1,13,1
57,8,14,ok,296,23153.356800000001,23153.356800000001,0,0,0,7,1,2,1
57,8,15,ok,278,23288.148000000001,23288.148000000001,0,0,0,3,1,5,1
57,8,16,ok,256,22885.171200000001,22885.171200000001,0,0,0,2,2,4,1
57,16,1,ok,8192,45770.342400000001,45770.342400000001,0,0,0,1,1,1,1
57,16,2,ok,4096,45770.342400000001,45770.342400000001,0,0,0,1,1,2,1
57,16,3,ok,2736,45859.7376,45859.7376,0,0,0,3,1,1,1
57,16,4,ok,2048,45770.342400000001,45770.342400000001,0,0,0,1,2,2,1
57,16,5,ok,1648,46038.528000000006,46038.528000000006,0,0,0,5,1,1,1
57,16,6,ok,1368,45859.7376,45859.7376,0,0,0,3,1,2,1
57,16,7,ok,1184,46306.713600000003,46306.713600000003,0,0,0,7,1,1,1
57,16,8,ok,1024,45770.342400000001,45770.342400000001,0,0,0,1,2,4,1
57,16,9,ok,912,45859.7376,45859.7376,0,0,0,9,1,1,1
57,16,10,ok,824,46038.528000000006,46038.528000000006,0,0,0,5,1,2,1
57,16,11,ok,752,46217.318400000004,46217.318400000004,0,0,0,11,1,1,1
57,16,12,ok,684,45859.7376,45859.7376,0,0,0,3,1,4,1
57,16,13,ok,640,46485.504000000001,46485.504000000001,0,0,0,1,1,13,1
57,16,14,ok,592,46306.713600000003,46306.713600000003,0,0,0,7,1,2,1
57,16,15,ok,556,46576.296000000002,46576.296000000002,0,0,0,3,1,5,1
57,16,16,ok,512,45770.342400000001,45770.342400000001,0,0,0,2,2,4,1
57,32,1,ok,16384,91540.684800000003,91540.684800000003,0,0,0,1,1,1,1
57,32,2,ok,8192,91540.684800000003,91540.684800000003,0,0,0,1,1,2,1
57,32,3,ok,5472,91719.475200000001,91719.475200000001,0,0,0,3,1,1,1
57,32,4,ok,4096,91540.684800000003,91540.684800000003,0,0,0,1,2,2,1
57,32,5,ok,3296,92077.056000000011,92077.056000000011,0,0,0,5,1,1,1
57,32,6,ok,2736,91719.475200000001,91719.475200000001,0,0,0,3,1,2,1
57,32,7,ok,2368,92613.427200000006,92613.427200000006,0,0,0,7,1,1,1
57,32,8,ok,2048,91540.684800000003,91540.684800000003,0,0,0,1,2,4,1
57,32,9,ok,1824,91719.475200000001,91719.475200000001,0,0,0,9,1,1,1
57,32,10,ok,1648,92077.056000000011,92077.056000000011,0,0,0,5,1,2,1
57,32,11,ok,1504,92434.636800000007,92434.636800000007,0,0,0,11,1,1,1
57,32,12,ok,1368,91719.475200000001,91719.475200000001,0,0,0,3,1,4,1
57,32,13,ok,1280,92971.008000000002,92971.008000000002,0,0,0,1,1,13,1
57,32,14,ok,1184,92613.427200000006,92613.427200000006,0,0,0,7,1,2,1
57,32,15,ok,1112,93152.592000000004,93152.592000000004,0,0,0,3,1,5,1
57,32,16,ok,1024,91540.684800000003,91540.684800000003,0,0,0,2,2,4,1
57,64,1,ok,32768,183081.36960000001,183081.36960000001,0,0,0,1,1,1,1
57,64,2,ok,16384,183081.36960000001,183081.36960000001,0,0,0,1,1,2,1
57,64,3,ok,10944,183438.9504,183438.9504,0,0,0,3,1,1,1
57,64,4,ok,8192,183081.36960000001,183081.36960000001,0,0,0,1,2,2,1
57,64,5,ok,6592,184154.11200000002,184154.11200000002,0,0,0,5,1,1,1
57,64,6,ok,5472,183438.9504,183438.9504,0,0,0,3,1,2,1
57,64,7,ok,4736,185226.85440000001,185226.85440000001,0,0,0,7,1,1,1
57,64,8,ok,4096,183081.36960000001,183081.36960000001,0,0,0,1,2,4,1
57,64,9,ok,3648,183438.9504,183438.9504,0,0,0,9,1,1,1
57,64,10,ok,3296,184154.11200000002,184154.11200000002,0,0,0,5,1,2,1
57,64,11,ok,3008,184869.27360000001,184869.27360000001,0,0,0,11,1,1,1
57,64,12,ok,2736,183438.9504,183438.9504,0,0,0,3,1,4,1
57,64,13,ok,2560,185942.016,185942.016,0,0,0,1,1,13,1
57,64,14,ok,2368,185226.85440000001,185226.85440000001,0,0,0,7,1,2,1
57,64,15,ok,2223,186305.18400000001,186305.18400000001,0,0,0,3,1,5,1
57,64,16,ok,2048,183081.36960000001,183081.36960000001,0,0,0,2,2,4,1
58,1,1,ok,16384,4587387.2896000007,301989.88799999998,3913300.3776000002,0,372097.02399999998,1,1,1,1
58,1,2,ok,8192,4630011.9040000001,301989.88799999998,3921397.3503999999,0,406624.66560000001,1,1,2,1
58,1,3,ok,5472,4691360.7648,302579.712,3946969.4303999995,0,441811.62240000005,1,1,3,1
58,1,4,ok,4096,4715261.1328000007,301989.88799999998,3937591.2960000001,0,475679.94880000001,1,1,4,1
58,1,5,ok,3296,4804054.4159999993,303759.35999999999,3988109.52,0,512185.53600000008,1,1,5,1
58,1,6,ok,2752,4875407.3471999988,304349.18399999995,4023685.6703999997,0,547372.49280000001,1,1,6,1
58,1,7,ok,2368,4955480.4544000011,305528.83199999994,4066732.8576000002,0,583218.7648,1,1,7,1
58,1,8,ok,2048,4885759.590400001,301989.88799999998,3969979.1872000005,0,613790.51520000002,1,1,8,1
58,1,9,ok,1824,4947108.4511999991,302579.712,3995551.2671999987,0,648977.47200000007,1,1,9,1
58,1,10,ok,1664,5060778.3679999998,306708.47999999998,4065949.568,0,688120.32000000007,1,1,10,1
58,1,11,ok,1504,5087246.5247999998,304939.00799999997,4061637.5007999996,0,720670.01600000006,1,1,11,1
58,1,12,ok,1376,5131155.0336000007,304349.18399999995,4072267.5072000003,0,754538.34239999996,1,1,12,1
58,1,13,ok,1280,5218664.4224000005,306708.47999999998,4120252.6976000005,0,791703.24479999999,1,1,13,1
58,1,14,ok,1184,5253852.7552000005,305528.83199999994,4123411.6672,0,824912.25600000005,1,1,14,1
58,1,15,ok,1120,5367522.6720000003,309657.59999999998,4193809.9680000003,0,864055.10400000017,1,1,15,1
58,1,16,ok,1024,5306789.0688000005,301989.88799999998,4114787.5328000002,0,890011.64800000004,1,1,16,1
58,2,1,ok,32768,9132149.9648000021,603979.77599999995,7818503.7824000008,0,709666.40639999998,1,1,1,1
58,2,2,ok,16384,9174774.5792000014,603979.77599999995,7826600.7552000005,0,744194.04799999995,1,1,2,1
58,2,3,ok,10944,9254847.6864,605159.424,7869647.9423999991,0,780040.32000000007,1,1,3,1
58,2,4,ok,8192,9260023.8080000002,603979.77599999995,7842794.7007999998,0,813249.33120000002,1,2,2,1
58,2,5,ok,6592,9394985.7599999979,607518.71999999997,7935734.175999999,0,851732.86400000006,1,1,5,1
58,2,6,ok,5472,9382721.5296,605159.424,7893938.860799999,0,883623.2448000001,1,2,3,1
58,2,7,ok,4736,9612588.6080000009,611057.66399999987,8076786.9056000002,0,924744.03840000008,1,1,7,1
58,2,8,ok,4096,9430522.2656000014,603979.77599999995,7875182.5920000002,0,951359.89760000003,1,2,4,1
58,2,9,ok,3648,9510595.3728,605159.424,7918229.7791999988,0,987206.16960000014,1,1,9,1
58,2,10,ok,3296,9608108.8319999985,607518.71999999997,7976219.04,0,1024371.0720000002,1,2,5,1
58,2,11,ok,3008,9705622.2912000008,609878.01599999995,8034208.3007999994,0,1061535.9744000002,1,1,11,1
58,2,12,ok,2752,9750814.6943999976,608698.3679999999,8047371.3407999994,0,1094744.9856,1,2,6,1
58,2,13,ok,2560,9883208.8576000016,613416.95999999996,8135244.7488000011,0,1134547.1488000001,1,1,13,1
58,2,14,ok,2368,9910960.9088000022,611057.66399999987,8133465.7152000004,0,1166437.5296,1,2,7,1
58,2,15,ok,2240,10095676.128,619315.19999999995,8266165.3440000005,0,1210195.5840000003,1,1,15,1
58,2,16,ok,2048,9771519.1808000021,603979.77599999995,7939958.374400001,0,1227581.0304,1,2,8,1
58,4,1,ok,65536,17210078.003200002,1207959.5519999999,14617313.280000001,0,1384805.1712,1,1,1,1
58,4,2,ok,32768,17276993.535999998,1207959.5519999999,14649701.1712,0,1419332.8128,1,1,2,1
58,4,3,ok,21888,17416782.835200001,1210318.848,14749966.272,0,1456497.7152,1,1,3,1
58,4,4,ok,16384,17410824.601600002,1207959.5519999999,14714476.953600001,0,1488388.0959999999,1,1,4,1
58,4,5,ok,13184,17656345.151999999,1215037.4399999999,14910480.191999998,0,1530827.52,1,1,5,1
58,4,6,ok,11008,17836150.732799999,1217396.7359999998,15050761.5744,0,1567992.4224,1,1,6,1
58,4,7,ok,9472,18048813.7984,1222115.3279999997,15218903.8848,0,1607794.5856000003,1,1,7,1
58,4,8,ok,8192,17678486.732800003,1207959.5519999999,14844028.518400002,0,1626498.6624,1,1,8,1
58,4,9,ok,7296,17818276.031999998,1210318.848,14944293.619199999,0,1663663.5648000003,1,1,9,1
58,4,10,ok,6656,18155210.240000002,1226833.9199999999,15211724.288000001,0,1716652.0319999999,1,1,10,1
58,4,11,ok,6016,18163569.599999994,1219756.0319999999,15200545.676799998,0,1743267.8912,1,1,11,1
58,4,12,ok,5504,18237643.929599997,1217396.7359999998,15245088.921599999,0,1775158.2719999999,1,1,12,1
58,4,13,ok,5120,18476005.683200002,1226833.9199999999,15428936.806400003,0,1820234.9568,1,1,13,1
58,4,14,ok,4736,18517222.528000005,1222115.3279999997,15445619.123200003,0,1849488.0768000002,1,1,14,1
58,4,15,ok,4480,18854156.736000001,1238630.3999999999,15713049.791999999,0,1902476.544,1,1,15,1
58,4,16,ok,4096,18533941.248000003,1207959.5519999999,15423261.900800001,0,1902719.7952000001,1,1,16,1
58,8,1,ok,131072,34353240.473600008,2415919.1039999998,29202238.668800004,0,2735082.7008000002,1,1,1,1
58,8,2,ok,65536,34420156.006400004,2415919.1039999998,29234626.560000002,0,2769610.3424,1,1,2,1
58,8,3,ok,43776,34632819.071999997,2420637.696,29402768.870399997,0,2809412.5056000003,1,1,3,1
58,8,4,ok,32768,34553987.071999997,2415919.1039999998,29299402.342399999,0,2838665.6255999999,1,2,2,1
58,8,5,ok,26368,34978112.639999993,2430074.8799999999,29659020.927999996,0,2889016.8320000004,1,1,5,1
58,8,6,ok,21888,34833565.670400001,2420637.696,29499932.544,0,2912995.4304,1,2,3,1
58,8,7,ok,18944,35629218.867200002,2444230.6559999995,30211092.531200003,0,2973895.6799999997,1,1,7,1
58,8,8,ok,16384,34821649.203200005,2415919.1039999998,29428953.907200001,0,2976776.1919999998,1,2,4,1
58,8,9,ok,14592,35034312.26879999,2420637.696,29597096.217599992,0,3016578.3552000006,1,1,9,1
58,8,10,ok,13184,35312690.303999998,2430074.8799999999,29820960.383999996,0,3061655.04,1,2,5,1
58,8,11,ok,12032,35591068.339199997,2439512.0639999998,30044824.550399996,0,3106731.7248,1,1,11,1
58,8,12,ok,11008,35672301.465599999,2434793.4719999996,30101523.148800001,0,3135984.8448000001,1,2,6,1
58,8,13,ok,10240,36082109.440000005,2453667.8399999999,30436831.027200006,0,3191610.5728000002,1,1,13,1
58,8,14,ok,9472,36097627.596799999,2444230.6559999995,30437807.7696,0,3215589.1712000007,1,2,7,1
58,8,15,ok,8960,36704580.480000004,2477260.7999999998,30940281.215999998,0,3287038.4640000002,1,1,15,1
58,8,16,ok,8192,35356973.465600006,2415919.1039999998,29688057.036800005,0,3252997.3248000001,1,2,8,1
58,16,1,ok,262144,68639565.414399996,4831838.2079999996,58372089.446400002,0,5435637.7599999998,1,1,1,1
58,16,2,ok,131072,68706480.947200015,4831838.2079999996,58404477.337600008,0,5470165.4016000004,1,1,2,1
58,16,3,ok,87552,69064891.545599997,4841275.392,58708374.067199998,0,5515242.0864000004,1,1,3,1
58,16,4,ok,65536,68840312.012800008,4831838.2079999996,58469253.120000005,0,5539220.6847999999,1,2,2,1
58,16,5,ok,52736,69621647.615999997,4860149.7599999998,59156102.399999991,0,5605395.4560000002,1,1,5,1
58,16,6,ok,43776,69265638.143999994,4841275.392,58805537.740799993,0,5618825.0112000005,1,2,3,1
58,16,7,ok,37888,70790029.004800007,4888461.311999999,60195469.824000001,0,5706097.8688000003,1,1,7,1
58,16,8,ok,32768,69107974.143999994,4831838.2079999996,58598804.684799999,0,5677331.2511999998,1,2,4,1
58,16,9,ok,29184,69466384.742400005,4841275.392,58902701.414399996,0,5722407.9360000007,1,1,9,1
58,16,10,ok,26368,69956225.279999986,4860149.7599999998,59318041.855999991,0,5778033.6640000008,1,2,5,1
58,16,11,ok,24064,70446065.817599997,4879024.1279999996,59733382.297599994,0,5833659.392,1,1,11,1
58,16,12,ok,21888,69667131.340800002,4841275.392,58999865.088,0,5825990.8607999999,1,4,3,1
58,16,13,ok,20480,71294316.953600004,4907335.6799999997,60452619.468800008,0,5934361.804800001,1,1,13,1
58,16,14,ok,18944,71258437.734400004,4888461.311999999,60422185.062400006,0,5947791.3599999994,1,2,7,1
58,16,15,ok,17920,72405427.967999995,4954521.5999999996,61394744.063999988,0,6056162.3040000005,1,1,15,1
58,16,16,ok,16384,69643298.40640001,4831838.2079999996,58857907.814400002,0,5953552.3839999996,1,4,4,1
58,32,1,ok,524288,137212215.296,9663676.4159999993,116711791.0016,0,10836747.8784,1,1,1,1
58,32,2,ok,262144,137279130.82879999,9663676.4159999993,116744178.8928,0,10871275.52,1,1,2,1
58,32,3,ok,175104,137929036.4928,9682550.784,117319584.46079998,0,10926901.248,1,1,3,1
58,32,4,ok,131072,137412961.89440003,9663676.4159999993,116808954.67520002,0,10940330.803200001,1,2,2,1
58,32,5,ok,105472,138908717.56799999,9720299.5199999996,118150265.344,0,11038152.704,1,1,5,1
58,32,6,ok,87552,138129783.09119999,9682550.784,117416748.1344,0,11030484.172800001,1,2,3,1
58,32,7,ok,75776,141111649.28000003,9776922.623999998,120164224.40960002,0,11170502.246400002,1,1,7,1
58,32,8,ok,65536,137680624.02560002,9663676.4159999993,116938506.24000001,0,11078441.3696,1,2,4,1
58,32,9,ok,58368,138330529.68959999,9682550.784,117513911.80799997,0,11134067.097600002,1,1,9,1
58,32,10,ok,52736,139243295.23199999,9720299.5199999996,118312204.79999998,0,11210790.912,1,2,5,1
58,32,11,ok,48128,140156060.7744,9758048.2559999991,119110497.79199998,0,11287514.726400001,1,1,11,1
58,32,12,ok,43776,138531276.28799999,9682550.784,117611075.48159999,0,11237650.022400001,1,4,3,1
58,32,13,ok,40960,141718731.9808,9814671.3599999994,120484196.352,0,11419864.2688,1,1,13,1
58,32,14,ok,37888,141580058.00960001,9776922.623999998,120390939.648,0,11412195.737600001,1,2,7,1
58,32,15,ok,35840,143807122.94400004,9909043.1999999993,122303669.76000001,0,11594409.984000001,1,1,15,1
58,32,16,ok,32768,138215948.28799999,9663676.4159999993,117197609.3696,0,11354662.5024,1,4,4,1
58,64,1,ok,1048576,274357515.05919999,19327352.831999999,233391194.11199999,0,21638968.115200002,1,1,1,1
58,64,2,ok,524288,274424430.59200001,19327352.831999999,233423582.00319999,0,21673495.7568,1,1,2,1
58,64,3,ok,350208,275657326.3872,19365101.568,234542005.24799997,0,21750219.571200002,1,1,3,1
58,64,4,ok,262144,274558261.65759999,19327352.831999999,233488357.78560001,0,21742551.039999999,1,2,2,1
58,64,5,ok,210944,277482857.47199994,19440599.039999999,236138591.23199996,0,21903667.200000003,1,1,5,1
58,64,6,ok,175104,275858072.98559999,19365101.568,234639168.92159995,0,21853802.495999999,1,2,3,1
58,64,7,ok,151552,281754889.83040005,19553845.247999996,240101733.58080006,0,22099311.001599997,1,1,7,1
58,64,8,ok,131072,274825923.78880006,19327352.831999999,233617909.35040003,0,21880661.606400002,1,2,4,1
58,64,9,ok,116736,276058819.58399993,19365101.568,234736332.59519997,0,21957385.4208,1,1,9,1
58,64,10,ok,105472,277817435.13599998,19440599.039999999,236300530.68799999,0,22076305.408,1,2,5,1
58,64,11,ok,96256,279576050.68799996,19516096.511999998,237864728.78079998,0,22195225.395200003,1,1,11,1
58,64,12,ok,87552,276259566.18239999,19365101.568,234833496.26879999,0,22060968.345600002,1,4,3,1
58,64,13,ok,81920,282567562.03520006,19629342.719999999,240547350.11840004,0,22390869.196800001,1,1,13,1
58,64,14,ok,75776,282223298.56000006,19553845.247999996,240328448.81920004,0,22341004.492800005,1,2,7,1
58,64,15,ok,71680,286610512.89600003,19818086.399999999,244121521.15199998,0,22670905.344000001,1,1,15,1
58,64,16,ok,65536,275361248.05120003,19327352.831999999,233877012.48000002,0,22156882.7392,1,4,4,1
59,1,1,ok,512,2860.6464000000001,2860.6464000000001,0,0,0,1,1,1,1
59,1,2,ok,256,2860.6464000000001,2860.6464000000001,0,0,0,1,1,2,1
59,1,3,ok,171,2866.2336,2866.2336,0,0,0,3,1,1,1
59,1,4,ok,128,2860.6464000000001,2860.6464000000001,0,0,0,2,1,2,1
59,1,5,ok,103,2877.4080000000004,2877.4080000000004,0,0,0,5,1,1,1
59,1,6,ok,86,2866.2336,2866.2336,0,0,0,3,1,2,1
59,1,7,ok,74,2894.1696000000002,2894.1696000000002,0,0,0,7,1,1,1
59,1,8,ok,64,2860.6464000000001,2860.6464000000001,0,0,0,2,1,4,1
59,1,9,ok,57,2866.2336,2866.2336,0,0,0,9,1,1,1
59,1,10,ok,52,2877.4080000000004,2877.4080000000004,0,0,0,5,1,2,1
59,1,11,ok,47,2888.5824000000002,2888.5824000000002,0,0,0,11,1,1,1
59,1,12,ok,43,2866.2336,2866.2336,0,0,0,3,1,4,1
59,1,13,ok,40,2905.3440000000001,2905.3440000000001,0,0,0,1,1,13,1
59,1,14,ok,37,2894.1696000000002,2894.1696000000002,0,0,0,7,1,2,1
59,1,15,ok,35,2911.0185000000001,2911.0185000000001,0,0,0,3,1,5,1
59,1,16,ok,32,2860.6464000000001,2860.6464000000001,0,0,0,4,1,4,1
59,2,1,ok,1024,5721.2928000000002,5721.2928000000002,0,0,0,1,1,1,1
59,2,2,ok,512,5721.2928000000002,5721.2928000000002,0,0,0,1,1,2,1
59,2,3,ok,342,5732.4672,5732.4672,0,0,0,3,1,1,1
59,2,4,ok,256,5721.2928000000002,5721.2928000000002,0,0,0,1,2,2,1
59,2,5,ok,206,5754.8160000000007,5754.8160000000007,0,0,0,5,1,1,1
59,2,6,ok,171,5732.4672,5732.4672,0,0,0,3,1,2,1
59,2,7,ok,148,5788.3392000000003,5788.3392000000003,0,0,0,7,1,1,1
59,2,8,ok,128,5721.2928000000002,5721.2928000000002,0,0,0,1,2,4,1
59,2,9,ok,114,5732.4672,5732.4672,0,0,0,9,1,1,1
59,2,10,ok,103,5754.8160000000007,5754.8160000000007,0,0,0,5,1,2,1
59,2,11,ok,94,5777.1648000000005,5777.1648000000005,0,0,0,11,1,1,1
59,2,12,ok,86,5732.4672,5732.4672,0,0,0,3,1,4,1
59,2,13,ok,80,5810.6880000000001,5810.6880000000001,0,0,0,1,1,13,1
59,2,14,ok,74,5788.3392000000003,5788.3392000000003,0,0,0,7,1,2,1
59,2,15,ok,70,5822.0370000000003,5822.0370000000003,0,0,0,3,1,5,1
59,2,16,ok,64,5721.2928000000002,5721.2928000000002,0,0,0,2,2,4,1
59,4,1,ok,2048,11442.5856,11442.5856,0,0,0,1,1,1,1
59,4,2,ok,1024,11442.5856,11442.5856,0,0,0,1,1,2,1
59,4,3,ok,684,11464.9344,11464.9344,0,0,0,3,1,1,1
59,4,4,ok,512,11442.5856,11442.5856,0,0,0,1,2,2,1
59,4,5,ok,412,11509.632000000001,11509.632000000001,0,0,0,5,1,1,1
59,4,6,ok,342,11464.9344,11464.9344,0,0,0,3,1,2,1
59,4,7,ok,296,11576.678400000001,11576.678400000001,0,0,0,7,1,1,1
59,4,8,ok,256,11442.5856,11442.5856,0,0,0,1,2,4,1
59,4,9,ok,228,11464.9344,11464.9344,0,0,0,9,1,1,1
59,4,10,ok,206,11509.632000000001,11509.632000000001,0,0,0,5,1,2,1
59,4,11,ok,188,11554.329600000001,11554.329600000001,0,0,0,11,1,1,1
59,4,12,ok,171,11464.9344,11464.9344,0,0,0,3,1,4,1
59,4,13,ok,160,11621.376,11621.376,0,0,0,1,1,13,1
59,4,14,ok,148,11576.678400000001,11576.678400000001,0,0,0,7,1,2,1
59,4,15,ok,139,11644.074000000001,11644.074000000001,0,0,0,3,1,5,1
59,4,16,ok,128,11442.5856,11442.5856,0,0,0,2,2,4,1
59,8,1,ok,4096,22885.171200000001,22885.171200000001,0,0,0,1,1,1,1
59,8,2,ok,2048,22885.171200000001,22885.171200000001,0,0,0,1,1,2,1
59,8,3,ok,1368,22929.8688,22929.8688,0,0,0,3,1,1,1
59,8,4,ok,1024,22885.171200000001,22885.171200000001,0,0,0,1,2,2,1
59,8,5,ok,824,23019.264000000003,23019.264000000003,0,0,0,5,1,1,1
59,8,6,ok,684,22929.8688,22929.8688,0,0,0,3,1,2,1
59,8,7,ok,592,23153.356800000001,23153.356800000001,0,0,0,7,1,1,1
59,8,8,ok,512,22885.171200000001,22885.171200000001,0,0,0,1,2,4,1
59,8,9,ok,456,22929.8688,22929.8688,0,0,0,9,1,1,1
59,8,10,ok,412,23019.264000000003,23019.264000000003,0,0,0,5,1,2,1
59,8,11,ok,376,23108.659200000002,23108.659200000002,0,0,0,11,1,1,1
59,8,12,ok,342,22929.8688,22929.8688,0,0,0,3,1,4,1
59,8,13,ok,320,23242.752,23242.752,0,0,0,1,1,13,1
59,8,14,ok,296,23153.356800000001,23153.356800000001,0,0,0,7,1,2,1
59,8,15,ok,278,23288.148000000001,23288.148000000001,0,0,0,3,1,5,1
59,8,16,ok,256,22885.171200000001,22885.171200000001,0,0,0,2,2,4,1
59,16,1,ok,8192,45770.342400000001,45770.342400000001,0,0,0,1,1,1,1
59,16,2,ok,4096,45770.342400000001,45770.342400000001,0,0,0,1,1,2,1
59,16,3,ok,2736,45859.7376,45859.7376,0,0,0,3,1,1,1
59,16,4,ok,2048,45770.342400000001,45770.342400000001,0,0,0,1,2,2,1
59,16,5,ok,1648,46038.528000000006,46038.528000000006,0,0,0,5,1,1,1
59,16,6,ok,1368,45859.7376,45859.7376,0,0,0,3,1,2,1
59,16,7,ok,1184,46306.713600000003,46306.713600000003,0,0,0,7,1,1,1
59,16,8,ok,1024,45770.342400000001,45770.342400000001,0,0,0,1,2,4,1
59,16,9,ok,912,45859.7376,45859.7376,0,0,0,9,1,1,1
59,16,10,ok,824,46038.528000000006,46038.528000000006,0,0,0,5,1,2,1
59,16,11,ok,752,46217.318400000004,46217.318400000004,0,0,0,11,1,1,1
59,16,12,ok,684,45859.7376,45859.7376,0,0,0,3,1,4,1
59,16,13,ok,640,46485.504000000001,46485.504000000001,0,0,0,1,1,13,1
59,16,14,ok,592,46306.713600000003,46306.713600000003,0,0,0,7,1,2,1
59,16,15,ok,556,46576.296000000002,46576.296000000002,0,0,0,3,1,5,1
59,16,16,ok,512,45770.342400000001,45770.342400000001,0,0,0,2,2,4,1
59,32,1,ok,16384,91540.684800000003,91540.684800000003,0,0,0,1,1,1,1
59,32,2,ok,8192,91540.684800000003,91540.684800000003,0,0,0,1,1,2,1
59,32,3,ok,5472,91719.475200000001,91719.475200000001,0,0,0,3,1,1,1
59,32,4,ok,4096,91540.684800000003,91540.684800000003,0,0,0,1,2,2,1
59,32,5,ok,3296,92077.056000000011,92077.056000000011,0,0,0,5,1,1,1
59,32,6,ok,2736,91719.475200000001,91719.475200000001,0,0,0,3,1,2,1
59,32,7,ok,2368,92613.427200000006,92613.427200000006,0,0,0,7,1,1,1
59,32,8,ok,2048,91540.684800000003,91540.684800000003,0,0,0,1,2,4,1
59,32,9,ok,1824,91719.475200000001,91719.475200000001,0,0,0,9,1,1,1
59,32,10,ok,1648,92077.056000000011,92077.056000000011,0,0,0,5,1,2,1
59,32,11,ok,1504,92434.636800000007,92434.636800000007,0,0,0,11,1,1,1
59,32,12,ok,1368,91719.475200000001,91719.475200000001,0,0,0,3,1,4,1
59,32,13,ok,1280,92971.008000000002,92971.008000000002,0,0,0,1,1,13,1
59,32,14,ok,1184,92613.427200000006,92613.427200000006,0,0,0,7,1,2,1
59,32,15,ok,1112,93152.592000000004,93152.592000000004,0,0,0,3,1,5,1
59,32,16,ok,1024,91540.684800000003,91540.684800000003,0,0,0,2,2,4,1
59,64,1,ok,32768,183081.36960000001,183081.36960000001,0,0,0,1,1,1,1
59,64,2,ok,16384,183081.36960000001,183081.36960000001,0,0,0,1,1,2,1
59,64,3,ok,10944,183438.9504,183438.9504,0,0,0,3,1,1,1
59,64,4,ok,8192,183081.36960000001,183081.36960000001,0,0,0,1,2,2,1
59,64,5,ok,6592,184154.11200000002,184154.11200000002,0,0,0,5,1,1,1
59,64,6,ok,5472,183438.9504,183438.9504,0,0,0,3,1,2,1
59,64,7,ok,4736,185226.85440000001,185226.85440000001,0,0,0,7,1,1,1
59,64,8,ok,4096,183081.36960000001,183081.36960000001,0,0,0,1,2,4,1
59,64,9,ok,3648,183438.9504,183438.9504,0,0,0,9,1,1,1
59,64,10,ok,3296,184154.11200000002,184154.11200000002,0,0,0,5,1,2,1
59,64,11,ok,3008,184869.27360000001,184869.27360000001,0,0,0,11,1,1,1
59,64,12,ok,2736,183438.9504,183438.9504,0,0,0,3,1,4,1
59,64,13,ok,2560,185942.016,185942.016,0,0,0,1,1,13,1
59,64,14,ok,2368,185226.85440000001,185226.85440000001,0,0,0,7,1,2,1
59,64,15,ok,2223,186305.18400000001,186305.18400000001,0,0,0,3,1,5,1
59,64,16,ok,2048,183081.36960000001,183081.36960000001,0,0,0,2,2,4,1
60,1,1,ok,16384,4587387.2896000007,301989.88799999998,3913300.3776000002,0,372097.02399999998,1,1,1,1
60,1,2,ok,8192,4630011.9040000001,301989.88799999998,3921397.3503999999,0,406624.66560000001,1,1,2,1
60,1,3,ok,5472,4691360.7648,302579.712,3946969.4303999995,0,441811.62240000005,1,1,3,1
60,1,4,ok,4096,4715261.1328000007,301989.88799999998,3937591.2960000001,0,475679.94880000001,1,1,4,1
60,1,5,ok,3296,4804054.4159999993,303759.35999999999,3988109.52,0,512185.53600000008,1,1,5,1
60,1,6,ok,2752,4875407.3471999988,304349.18399999995,4023685.6703999997,0,547372.49280000001,1,1,6,1
60,1,7,ok,2368,4955480.4544000011,305528.83199999994,4066732.8576000002,0,583218.7648,1,1,7,1
60,1,8,ok,2048,4885759.590400001,301989.88799999998,3969979.1872000005,0,613790.51520000002,1,1,8,1
60,1,9,ok,1824,4947108.4511999991,302579.712,3995551.2671999987,0,648977.47200000007,1,1,9,1
60,1,10,ok,1664,5060778.3679999998,306708.47999999998,4065949.568,0,688120.32000000007,1,1,10,1
60,1,11,ok,1504,5087246.5247999998,304939.00799999997,4061637.5007999996,0,720670.01600000006,1,1,11,1
60,1,12,ok,1376,5131155.0336000007,304349.18399999995,4072267.5072000003,0,754538.34239999996,1,1,12,1
60,1,13,ok,1280,5218664.4224000005,306708.47999999998,4120252.6976000005,0,791703.24479999999,1,1,13,1
60,1,14,ok,1184,5253852.7552000005,305528.83199999994,4123411.6672,0,824912.25600000005,1,1,14,1
60,1,15,ok,1120,5367522.6720000003,309657.59999999998,4193809.9680000003,0,864055.10400000017,1,1,15,1
60,1,16,ok,1024,5306789.0688000005,301989.88799999998,4114787.5328000002,0,890011.64800000004,1,1,16,1
60,2,1,ok,32768,9132149.9648000021,603979.77599999995,7818503.7824000008,0,709666.40639999998,1,1,1,1
60,2,2,ok,16384,9174774.5792000014,603979.77599999995,7826600.7552000005,0,744194.04799999995,1,1,2,1
60,2,3,ok,10944,9254847.6864,605159.424,7869647.9423999991,0,780040.32000000007,1,1,3,1
60,2,4,ok,8192,9260023.8080000002,603979.77599999995,7842794.7007999998,0,813249.33120000002,1,2,2,1
60,2,5,ok,6592,9394985.7599999979,607518.71999999997,7935734.175999999,0,851732.86400000006,1,1,5,1
60,2,6,ok,5472,9382721.5296,605159.424,7893938.860799999,0,883623.2448000001,1,2,3,1
60,2,7,ok,4736,9612588.6080000009,611057.66399999987,8076786.9056000002,0,924744.03840000008,1,1,7,1
60,2,8,ok,4096,9430522.2656000014,603979.77599999995,7875182.5920000002,0,951359.89760000003,1,2,4,1
60,2,9,ok,3648,9510595.3728,605159.424,7918229.7791999988,0,987206.16960000014,1,1,9,1
60,2,10,ok,3296,9608108.8319999985,607518.71999999997,7976219.04,0,1024371.0720000002,1,2,5,1
60,2,11,ok,3008,9705622.2912000008,609878.01599999995,8034208.3007999994,0,1061535.9744000002,1,1,11,1
60,2,12,ok,2752,9750814.6943999976,608698.3679999999,8047371.3407999994,0,1094744.9856,1,2,6,1
60,2,13,ok,2560,9883208.8576000016,613416.95999999996,8135244.7488000011,0,1134547.1488000001,1,1,13,1
60,2,14,ok,2368,9910960.9088000022,611057.66399999987,8133465.7152000004,0,1166437.5296,1,2,7,1
60,2,15,ok,2240,10095676.128,619315.19999999995,8266165.3440000005,0,1210195.5840000003,1,1,15,1
60,2,16,ok,2048,9771519.1808000021,603979.77599999995,7939958.374400001,0,1227581.0304,1,2,8,1
60,4,1,ok,65536,17210078.003200002,1207959.5519999999,14617313.280000001,0,1384805.1712,1,1,1,1
60,4,2,ok,32768,17276993.535999998,1207959.5519999999,14649701.1712,0,1419332.8128,1,1,2,1
60,4,3,ok,21888,17416782.835200001,1210318.848,14749966.272,0,1456497.7152,1,1,3,1
60,4,4,ok,16384,17410824.601600002,1207959.5519999999,14714476.953600001,0,1488388.0959999999,1,1,4,1
60,4,5,ok,13184,17656345.151999999,1215037.4399999999,14910480.191999998,0,1530827.52,1,1,5,1
60,4,6,ok,11008,17836150.732799999,1217396.7359999998,15050761.5744,0,1567992.4224,1,1,6,1
60,4,7,ok,9472,18048813.7984,1222115.3279999997,15218903.8848,0,1607794.5856000003,1,1,7,1
60,4,8,ok,8192,17678486.732800003,1207959.5519999999,14844028.518400002,0,1626498.6624,1,1,8,1
60,4,9,ok,7296,17818276.031999998,1210318.848,14944293.619199999,0,1663663.5648000003,1,1,9,1
60,4,10,ok,6656,18155210.240000002,1226833.9199999999,15211724.288000001,0,1716652.0319999999,1,1,10,1
60,4,11,ok,6016,18163569.599999994,1219756.0319999999,15200545.676799998,0,1743267.8912,1,1,11,1
60,4,12,ok,5504,18237643.929599997,1217396.7359999998,15245088.921599999,0,1775158.2719999999,1,1,12,1
60,4,13,ok,5120,18476005.683200002,1226833.9199999999,15428936.806400003,0,1820234.9568,1,1,13,1
60,4,14,ok,4736,18517222.528000005,1222115.3279999997,15445619.123200003,0,1849488.0768000002,1,1,14,1
60,4,15,ok,4480,18854156.736000001,1238630.3999999999,15713049.791999999,0,1902476.544,1,1,15,1
60,4,16,ok,4096,18533941.248000003,1207959.5519999999,15423261.900800001,0,1902719.7952000001,1,1,16,1
60,8,1,ok,131072,34353240.473600008,2415919.1039999998,29202238.668800004,0,2735082.7008000002,1,1,1,1
60,8,2,ok,65536,34420156.006400004,2415919.1039999998,29234626.560000002,0,2769610.3424,1,1,2,1
60,8,3,ok,43776,34632819.071999997,2420637.696,29402768.870399997,0,2809412.5056000003,1,1,3,1
60,8,4,ok,32768,34553987.071999997,2415919.1039999998,29299402.342399999,0,2838665.6255999999,1,2,2,1
60,8,5,ok,26368,34978112.639999993,2430074.8799999999,29659020.927999996,0,2889016.8320000004,1,1,5,1
60,8,6,ok,21888,34833565.670400001,2420637.696,29499932.544,0,2912995.4304,1,2,3,1
60,8,7,ok,18944,35629218.867200002,2444230.6559999995,30211092.531200003,0,2973895.6799999997,1,1,7,1
60,8,8,ok,16384,34821649.203200005,2415919.1039999998,29428953.907200001,0,2976776.1919999998,1,2,4,1
60,8,9,ok,14592,35034312.26879999,2420637.696,29597096.217599992,0,3016578.3552000006,1,1,9,1
60,8,10,ok,13184,35312690.303999998,2430074.8799999999,29820960.383999996,0,3061655.04,1,2,5,1
60,8,11,ok,12032,35591068.339199997,2439512.0639999998,30044824.550399996,0,3106731.7248,1,1,11,1
60,8,12,ok,11008,35672301.465599999,2434793.4719999996,30101523.148800001,0,3135984.8448000001,1,2,6,1
60,8,13,ok,10240,36082109.440000005,2453667.8399999999,30436831.027200006,0,3191610.5728000002,1,1,13,1
60,8,14,ok,9472,36097627.596799999,2444230.6559999995,30437807.7696,0,3215589.1712000007,1,2,7,1
60,8,15,ok,8960,36704580.480000004,2477260.7999999998,30940281.215999998,0,3287038.4640000002,1,1,15,1
60,8,16,ok,8192,35356973.465600006,2415919.1039999998,29688057.036800005,0,3252997.3248000001,1,2,8,1
60,16,1,ok,262144,68639565.414399996,4831838.2079999996,58372089.446400002,0,5435637.7599999998,1,1,1,1
60,16,2,ok,131072,68706480.947200015,4831838.2079999996,58404477.337600008,0,5470165.4016000004,1,1,2,1
60,16,3,ok,87552,69064891.545599997,4841275.392,58708374.067199998,0,5515242.0864000004,1,1,3,1
60,16,4,ok,65536,68840312.012800008,4831838.2079999996,58469253.120000005,0,5539220.6847999999,1,2,2,1
60,16,5,ok,52736,69621647.615999997,4860149.7599999998,59156102.399999991,0,5605395.4560000002,1,1,5,1
60,16,6,ok,43776,69265638.143999994,4841275.392,58805537.740799993,0,5618825.0112000005,1,2,3,1
60,16,7,ok,37888,70790029.004800007,4888461.311999999,60195469.824000001,0,5706097.8688000003,1,1,7,1
60,16,8,ok,32768,69107974.143999994,4831838.2079999996,58598804.684799999,0,5677331.2511999998,1,2,4,1
60,16,9,ok,29184,69466384.742400005,4841275.392,58902701.414399996,0,5722407.9360000007,1,1,9,1
60,16,10,ok,26368,69956225.279999986,4860149.7599999998,59318041.855999991,0,5778033.6640000008,1,2,5,1
60,16,11,ok,24064,70446065.817599997,4879024.1279999996,59733382.297599994,0,5833659.392,1,1,11,1
60,16,12,ok,21888,69667131.340800002,4841275.392,58999865.088,0,5825990.8607999999,1,4,3,1
60,16,13,ok,20480,71294316.953600004,4907335.6799999997,60452619.468800008,0,5934361.804800001,1,1,13,1
60,16,14,ok,18944,71258437.734400004,4888461.311999999,60422185.062400006,0,5947791.3599999994,1,2,7,1
60,16,15,ok,17920,72405427.967999995,4954521.5999999996,61394744.063999988,0,6056162.3040000005,1,1,15,1
60,16,16,ok,16384,69643298.40640001,4831838.2079999996,58857907.814400002,0,5953552.3839999996,1,4,4,1
60,32,1,ok,524288,137212215.296,9663676.4159999993,116711791.0016,0,10836747.8784,1,1,1,1
60,32,2,ok,262144,137279130.82879999,9663676.4159999993,116744178.8928,0,10871275.52,1,1,2,1
60,32,3,ok,175104,137929036.4928,9682550.784,117319584.46079998,0,10926901.248,1,1,3,1
60,32,4,ok,131072,137412961.89440003,9663676.4159999993,116808954.67520002,0,10940330.803200001,1,2,2,1
60,32,5,ok,105472,138908717.56799999,9720299.5199999996,118150265.344,0,11038152.704,1,1,5,1
60,32,6,ok,87552,138129783.09119999,9682550.784,117416748.1344,0,11030484.172800001,1,2,3,1
60,32,7,ok,75776,141111649.28000003,9776922.623999998,120164224.40960002,0,11170502.246400002,1,1,7,1
60,32,8,ok,65536,137680624.02560002,9663676.4159999993,116938506.24000001,0,11078441.3696,1,2,4,1
60,32,9,ok,58368,138330529.68959999,9682550.784,117513911.80799997,0,11134067.097600002,1,1,9,1
60,32,10,ok,52736,139243295.23199999,9720299.5199999996,118312204.79999998,0,11210790.912,1,2,5,1
60,32,11,ok,48128,140156060.7744,9758048.2559999991,119110497.79199998,0,11287514.726400001,1,1,11,1
60,32,12,ok,43776,138531276.28799999,9682550.784,117611075.48159999,0,11237650.022400001,1,4,3,1
60,32,13,ok,40960,141718731.9808,9814671.3599999994,120484196.352,0,11419864.2688,1,1,13,1
60,32,14,ok,37888,141580058.00960001,9776922.623999998,120390939.648,0,11412195.737600001,1,2,7,1
60,32,15,ok,35840,143807122.94400004,9909043.1999999993,122303669.76000001,0,11594409.984000001,1,1,15,1
60,32,16,ok,32768,138215948.28799999,9663676.4159999993,117197609.3696,0,11354662.5024,1,4,4,1
60,64,1,ok,1048576,274357515.05919999,19327352.831999999,233391194.11199999,0,21638968.115200002,1,1,1,1
60,64,2,ok,524288,274424430.59200001,19327352.831999999,233423582.00319999,0,21673495.7568,1,1,2,1
60,64,3,ok,350208,275657326.3872,19365101.568,234542005.24799997,0,21750219.571200002,1,1,3,1
60,64,4,ok,262144,274558261.65759999,19327352.831999999,233488357.78560001,0,21742551.039999999,1,2,2,1
60,64,5,ok,210944,277482857.47199994,19440599.039999999,236138591.23199996,0,21903667.200000003,1,1,5,1
60,64,6,ok,175104,275858072.98559999,19365101.568,234639168.92159995,0,21853802.495999999,1,2,3,1
60,64,7,ok,151552,281754889.83040005,19553845.247999996,240101733.58080006,0,22099311.001599997,1,1,7,1
60,64,8,ok,131072,274825923.78880006,19327352.831999999,233617909.35040003,0,21880661.606400002,1,2,4,1
60,64,9,ok,116736,276058819.58399993,19365101.568,234736332.59519997,0,21957385.4208,1,1,9,1
60,64,10,ok,105472,277817435.13599998,19440599.039999999,236300530.68799999,0,22076305.408,1,2,5,1
60,64,11,ok,96256,279576050.68799996,19516096.511999998,237864728.78079998,0,22195225.395200003,1,1,11,1
60,64,12,ok,87552,276259566.18239999,19365101.568,234833496.26879999,0,22060968.345600002,1,4,3,1
60,64,13,ok,81920,282567562.03520006,19629342.719999999,240547350.11840004,0,22390869.196800001,1,1,13,1
60,64,14,ok,75776,282223298.56000006,19553845.247999996,240328448.81920004,0,22341004.492800005,1,2,7,1
60,64,15,ok,71680,286610512.89600003,19818086.399999999,244121521.15199998,0,22670905.344000001,1,1,15,1
60,64,16,ok,65536,275361248.05120003,19327352.831999999,233877012.48000002,0,22156882.7392,1,4,4,1
61,1,1,ok,512,2860.6464000000001,2860.6464000000001,0,0,0,1,1,1,1
61,1,2,ok,256,2860.6464000000001,2860.6464000000001,0,0,0,1,1,2,1
61,1,3,ok,171,2866.2336,2866.2336,0,0,0,3,1,1,1
61,1,4,ok,128,2860.6464000000001,2860.6464000000001,0,0,0,2,1,2,1
61,1,5,ok,103,2877.4080000000004,2877.4080000000004,0,0,0,5,1,1,1
61,1,6,ok,86,2866.2336,2866.2336,0,0,0,3,1,2,1
61,1,7,ok,74,2894.1696000000002,2894.1696000000002,0,0,0,7,1,1,1
61,1,8,ok,64,2860.6464000000001,2860.6464000000001,0,0,0,2,1,4,1
61,1,9,ok,57,2866.2336,2866.2336,0,0,0,9,1,1,1
61,1,10,ok,52,2877.4080000000004,2877.4080000000004,0,0,0,5,1,2,1
61,1,11,ok,47,2888.5824000000002,2888.5824000000002,0,0,0,11,1,1,1
61,1,12,ok,43,2866.2336,2866.2336,0,0,0,3,1,4,1
61,1,13,ok,40,2905.3440000000001,2905.3440000000001,0,0,0,1,1,13,1
61,1,14,ok,37,2894.1696000000002,2894.1696000000002,0,0,0,7,1,2,1
61,1,15,ok,35,2911.0185000000001,2911.0185000000001,0,0,0,3,1,5,1
61,1,16,ok,32,2860.6464000000001,2860.6464000000001,0,0,0,4,1,4,1
61,2,1,ok,1024,5721.2928000000002,5721.2928000000002,0,0,0,1,1,1,1
61,2,2,ok,512,5721.2928000000002,5721.2928000000002,0,0,0,1,1,2,1
61,2,3,ok,342,5732.4672,5732.4672,0,0,0,3,1,1,1
61,2,4,ok,256,5721.2928000000002,5721.2928000000002,0,0,0,1,2,2,1
61,2,5,ok,206,5754.8160000000007,5754.8160000000007,0,0,0,5,1,1,1
61,2,6,ok,171,5732.4672,5732.4672,0,0,0,3,1,2,1
61,2,7,ok,148,5788.3392000000003,5788.3392000000003,0,0,0,7,1,1,1
61,2,8,ok,128,5721.2928000000002,5721.2928000000002,0,0,0,1,2,4,1
61,2,9,ok,114,5732.4672,5732.4672,0,0,0,9,1,1,1
61,2,10,ok,103,5754.8160000000007,5754.8160000000007,0,0,0,5,1,2,1
61,2,11,ok,94,5777.1648000000005,5777.1648000000005,0,0,0,11,1,1,1
61,2,12,ok,86,5732.4672,5732.4672,0,0,0,3,1,4,1
61,2,13,ok,80,5810.6880000000001,5810.6880000000001,0,0,0,1,1,13,1
61,2,14,ok,74,5788.3392000000003,5788.3392000000003,0,0,0,7,1,2,1
61,2,15,ok,70,5822.0370000000003,5822.0370000000003,0,0,0,3,1,5,1
61,2,16,ok,64,5721.2928000000002,5721.2928000000002,0,0,0,2,2,4,1
61,4,1,ok,2048,11442.5856,11442.5856,0,0,0,1,1,1,1
61,4,2,ok,1024,11442.5856,11442.5856,0,0,0,1,1,2,1
61,4,3,ok,684,11464.9344,11464.9344,0,0,0,3,1,1,1
61,4,4,ok,512,11442.5856,11442.5856,0,0,0,1,2,2,1
61,4,5,ok,412,11509.632000000001,11509.632000000001,0,0,0,5,1,1,1
61,4,6,ok,342,11464.9344,11464.9344,0,0,0,3,1,2,1
61,4,7,ok,296,11576.678400000001,11576.678400000001,0,0,0,7,1,1,1
61,4,8,ok,256,11442.5856,11442.5856,0,0,0,1,2,4,1
61,4,9,ok,228,11464.9344,11464.9344,0,0,0,9,1,1,1
61,4,10,ok,206,11509.632000000001,11509.632000000001,0,0,0,5,1,2,1
61,4,11,ok,188,11554.329600000001,11554.329600000001,0,0,0,11,1,1,1
61,4,12,ok,171,11464.9344,11464.9344,0,0,0,3,1,4,1
61,4,13,ok,160,11621.376,11621.376,0,0,0,1,1,13,1
61,4,14,ok,148,11576.678400000001,11576.678400000001,0,0,0,7,1,2,1
61,4,15,ok,139,11644.074000000001,11644.074000000001,0,0,0,3,1,5,1
61,4,16,ok,128,11442.5856,11442.5856,0,0,0,2,2,4,1
61,8,1,ok,4096,22885.171200000001,22885.171200000001,0,0,0,1,1,1,1
61,8,2,ok,2048,22885.171200000001,22885.171200000001,0,0,0,1,1,2,1
61,8,3,ok,1368,22929.8688,22929.8688,0,0,0,3,1,1,1
61,8,4,ok,1024,22885.171200000001,22885.171200000001,0,0,0,1,2,2,1
61,8,5,ok,824,23019.264000000003,23019.264000000003,0,0,0,5,1,1,1
61,8,6,ok,684,22929.8688,22929.8688,0,0,0,3,1,2,1
61,8,7,ok,592,23153.356800000001,23153.356800000001,0,0,0,7,1,1,1
61,8,8,ok,512,22885.171200000001,22885.171200000001,0,0,0,1,2,4,1
61,8,9,ok,456,22929.8688,22929.8688,0,0,0,9,1,1,1
61,8,10,ok,412,23019.264000000003,23019.264000000003,0,0,0,5,1,2,1
61,8,11,ok,376,23108.659200000002,23108.659200000002,0,0,0,11,1,1,1
61,8,12,ok,342,22929.8688,22929.8688,0,0,0,3,1,4,1
61,8,13,ok,320,23242.752,23242.752,0,0,0,1,1,13,1
61,8,14,ok,296,23153.356800000001,23153.356800000001,0,0,0,7,1,2,1
61,8,15,ok,278,23288.148000000001,23288.148000000001,0,0,0,3,1,5,1
61,8,16,ok,256,22885.171200000001,22885.171200000001,0,0,0,2,2,4,1
61,16,1,ok,8192,45770.342400000001,45770.342400000001,0,0,0,1,1,1,1
61,16,2,ok,4096,45770.342400000001,45770.342400000001,0,0,0,1,1,2,1
61,16,3,ok,2736,45859.7376,45859.7376,0,0,0,3,1,1,1
61,16,4,ok,2048,45770.342400000001,45770.342400000001,0,0,0,1,2,2,1
61,16,5,ok,1648,46038.528000000006,46038.528000000006,0,0,0,5,1,1,1
61,16,6,ok,1368,45859.7376,45859.7376,0,0,0,3,1,2,1
61,16,7,ok,1184,46306.713600000003,46306.713600000003,0,0,0,7,1,1,1
61,16,8,ok,1024,45770.342400000001,45770.342400000001,0,0,0,1,2,4,1
61,16,9,ok,912,45859.7376,45859.7376,0,0,0,9,1,1,1
61,16,10,ok,824,46038.528000000006,46038.528000000006,0,0,0,5,1,2,1
61,16,11,ok,752,46217.318400000004,46217.318400000004,0,0,0,11,1,1,1
61,16,12,ok,684,45859.7376,45859.7376,0,0,0,3,1,4,1
61,16,13,ok,640,46485.504000000001,46485.504000000001,0,0,0,1,1,13,1
61,16,14,ok,592,46306.713600000003,46306.713600000003,0,0,0,7,1,2,1
61,16,15,ok,556,46576.296000000002,46576.296000000002,0,0,0,3,1,5,1
61,16,16,ok,512,45770.342400000001,45770.342400000001,0,0,0,2,2,4,1
61,32,1,ok,16384,91540.684800000003,91540.684800000003,0,0,0,1,1,1,1
61,32,2,ok,8192,91540.684800000003,91540.684800000003,0,0,0,1,1,2,1
61,32,3,ok,5472,91719.475200000001,91719.475200000001,0,0,0,3,1,1,1
61,32,4,ok,4096,91540.684800000003,91540.684800000003,0,0,0,1,2,2,1
61,32,5,ok,3296,92077.056000000011,92077.056000000011,0,0,0,5,1,1,1
61,32,6,ok,2736,91719.475200000001,91719.475200000001,0,0,0,3,1,2,1
61,32,7,ok,2368,92613.427200000006,92613.427200000006,0,0,0,7,1,1,1
61,32,8,ok,2048,91540.684800000003,91540.684800000003,0,0,0,1,2,4,1
61,32,9,ok,1824,91719.475200000001,91719.475200000001,0,0,0,9,1,1,1
61,32,10,ok,1648,92077.056000000011,92077.056000000011,0,0,0,5,1,2,1
61,32,11,ok,1504,92434.636800000007,92434.636800000007,0,0,0,11,1,1,1
61,32,12,ok,1368,91719.475200000001,91719.475200000001,0,0,0,3,1,4,1
61,32,13,ok,1280,92971.008000000002,92971.008000000002,0,0,0,1,1,13,1
61,32,14,ok,1184,92613.427200000006,92613.427200000006,0,0,0,7,1,2,1
61,32,15,ok,1112,93152.592000000004,93152.592000000004,0,0,0,3,1,5,1
61,32,16,ok,1024,91540.684800000003,91540.684800000003,0,0,0,2,2,4,1
61,64,1,ok,32768,183081.36960000001,183081.36960000001,0,0,0,1,1,1,1
61,64,2,ok,16384,183081.36960000001,183081.36960000001,0,0,0,1,1,2,1
61,64,3,ok,10944,183438.9504,183438.9504,0,0,0,3,1,1,1
61,64,4,ok,8192,183081.36960000001,183081.36960000001,0,0,0,1,2,2,1
61,64,5,ok,6592,184154.11200000002,184154.11200000002,0,0,0,5,1,1,1
61,64,6,ok,5472,183438.9504,183438.9504,0,0,0,3,1,2,1
61,64,7,ok,4736,185226.85440000001,185226.85440000001,0,0,0,7,1,1,1
61,64,8,ok,4096,183081.36960000001,183081.36960000001,0,0,0,1,2,4,1
61,64,9,ok,3648,183438.9504,183438.9504,0,0,0,9,1,1,1
61,64,10,ok,3296,184154.11200000002,184154.11200000002,0,0,0,5,1,2,1
61,64,11,ok,3008,184869.27360000001,184869.27360000001,0,0,0,11,1,1,1
61,64,12,ok,2736,183438.9504,183438.9504,0,0,0,3,1,4,1
61,64,13,ok,2560,185942.016,185942.016,0,0,0,1,1,13,1
61,64,14,ok,2368,185226.85440000001,185226.85440000001,0,0,0,7,1,2,1
61,64,15,ok,2223,186305.18400000001,186305.18400000001,0,0,0,3,1,5,1
61,64,16,ok,2048,183081.36960000001,183081.36960000001,0,0,0,2,2,4,1
62,1,1,ok,16384,4587387.2896000007,301989.88799999998,3913300.3776000002,0,372097.02399999998,1,1,1,1
62,1,2,ok,8192,4630011.9040000001,301989.88799999998,3921397.3503999999,0,406624.66560000001,1,1,2,1
62,1,3,ok,5472,4691360.7648,302579.712,3946969.4303999995,0,441811.62240000005,1,1,3,1
62,1,4,ok,4096,4715261.1328000007,301989.88799999998,3937591.2960000001,0,475679.94880000001,1,1,4,1
62,1,5,ok,3296,4804054.4159999993,303759.35999999999,3988109.52,0,512185.53600000008,1,1,5,1
62,1,6,ok,2752,4875407.3471999988,304349.18399999995,4023685.6703999997,0,547372.49280000001,1,1,6,1
62,1,7,ok,2368,4955480.4544000011,305528.83199999994,4066732.8576000002,0,583218.7648,1,1,7,1
62,1,8,ok,2048,4885759.590400001,301989.88799999998,3969979.1872000005,0,613790.51520000002,1,1,8,1
62,1,9,ok,1824,4947108.4511999991,302579.712,3995551.2671999987,0,648977.47200000007,1,1,9,1
62,1,10,ok,1664,5060778.3679999998,306708.47999999998,4065949.568,0,688120.32000000007,1,1,10,1
62,1,11,ok,1504,5087246.5247999998,304939.00799999997,4061637.5007999996,0,720670.01600000006,1,1,11,1
62,1,12,ok,1376,5131155.0336000007,304349.18399999995,4072267.5072000003,0,754538.34239999996,1,1,12,1
62,1,13,ok,1280,5218664.4224000005,306708.47999999998,4120252.6976000005,0,791703.24479999999,1,1,13,1
62,1,14,ok,1184,5253852.7552000005,305528.83199999994,4123411.6672,0,824912.25600000005,1,1,14,1
62,1,15,ok,1120,5367522.6720000003,309657.59999999998,4193809.9680000003,0,864055.10400000017,1,1,15,1
62,1,16,ok,1024,5306789.0688000005,301989.88799999998,4114787.5328000002,0,890011.64800000004,1,1,16,1
62,2,1,ok,32768,9132149.9648000021,603979.77599999995,7818503.7824000008,0,709666.40639999998,1,1,1,1
62,2,2,ok,16384,9174774.5792000014,603979.77599999995,7826600.7552000005,0,744194.04799999995,1,1,2,1
62,2,3,ok,10944,9254847.6864,605159.424,7869647.9423999991,0,780040.32000000007,1,1,3,1
62,2,4,ok,8192,9260023.8080000002,603979.77599999995,7842794.7007999998,0,813249.33120000002,1,2,2,1
62,2,5,ok,6592,9394985.7599999979,607518.71999999997,7935734.175999999,0,851732.86400000006,1,1,5,1
62,2,6,ok,5472,9382721.5296,605159.424,7893938.860799999,0,883623.2448000001,1,2,3,1
62,2,7,ok,4736,9612588.6080000009,611057.66399999987,8076786.9056000002,0,924744.03840000008,1,1,7,1
62,2,8,ok,4096,9430522.2656000014,603979.77599999995,7875182.5920000002,0,951359.89760000003,1,2,4,1
62,2,9,ok,3648,9510595.3728,605159.424,7918229.7791999988,0,987206.16960000014,1,1,9,1
62,2,10,ok,3296,9608108.8319999985,607518.71999999997,7976219.04,0,1024371.0720000002,1,2,5,1
62,2,11,ok,3008,9705622.2912000008,609878.01599999995,8034208.3007999994,0,1061535.9744000002,1,1,11,1
62,2,12,ok,2752,9750814.6943999976,608698.3679999999,8047371.3407999994,0,1094744.9856,1,2,6,1
62,2,13,ok,2560,9883208.8576000016,613416.95999999996,8135244.7488000011,0,1134547.1488000001,1,1,13,1
62,2,14,ok,2368,9910960.9088000022,611057.66399999987,8133465.7152000004,0,1166437.5296,1,2,7,1
62,2,15,ok,2240,10095676.128,619315.19999999995,8266165.3440000005,0,1210195.5840000003,1,1,15,1
62,2,16,ok,2048,9771519.1808000021,603979.77599999995,7939958.374400001,0,1227581.0304,1,2,8,1
62,4,1,ok,65536,17210078.003200002,1207959.5519999999,14617313.280000001,0,1384805.1712,1,1,1,1
62,4,2,ok,32768,17276993.535999998,1207959.5519999999,14649701.1712,0,1419332.8128,1,1,2,1
62,4,3,ok,21888,17416782.835200001,1210318.848,14749966.272,0,1456497.7152,1,1,3,1
62,4,4,ok,16384,17410824.601600002,1207959.5519999999,14714476.953600001,0,1488388.0959999999,1,1,4,1
62,4,5,ok,13184,17656345.151999999,1215037.4399999999,14910480.191999998,0,1530827.52,1,1,5,1
62,4,6,ok,11008,17836150.732799999,1217396.7359999998,15050761.5744,0,1567992.4224,1,1,6,1
62,4,7,ok,9472,18048813.7984,1222115.3279999997,15218903.8848,0,1607794.5856000003,1,1,7,1
62,4,8,ok,8192,17678486.732800003,1207959.5519999999,14844028.518400002,0,1626498.6624,1,1,8,1
62,4,9,ok,7296,17818276.031999998,1210318.848,14944293.619199999,0,1663663.5648000003,1,1,9,1
62,4,10,ok,6656,18155210.240000002,1226833.9199999999,15211724.288000001,0,1716652.0319999999,1,1,10,1
62,4,11,ok,6016,18163569.599999994,1219756.0319999999,15200545.676799998,0,1743267.8912,1,1,11,1
62,4,12,ok,5504,18237643.929599997,1217396.7359999998,15245088.921599999,0,1775158.2719999999,1,1,12,1
62,4,13,ok,5120,18476005.683200002,1226833.9199999999,15428936.806400003,0,1820234.9568,1,1,13,1
62,4,14,ok,4736,18517222.528000005,1222115.3279999997,15445619.123200003,0,1849488.0768000002,1,1,14,1
62,4,15,ok,4480,18854156.736000001,1238630.3999999999,15713049.791999999,0,1902476.544,1,1,15,1
62,4,16,ok,4096,18533941.248000003,1207959.5519999999,15423261.900800001,0,1902719.7952000001,1,1,16,1
62,8,1,ok,131072,34353240.473600008,2415919.1039999998,29202238.668800004,0,2735082.7008000002,1,1,1,1
62,8,2,ok,65536,34420156.006400004,2415919.1039999998,29234626.560000002,0,2769610.3424,1,1,2,1
62,8,3,ok,43776,34632819.071999997,2420637.696,29402768.870399997,0,2809412.5056000003,1,1,3,1
62,8,4,ok,32768,34553987.071999997,2415919.1039999998,29299402.342399999,0,2838665.6255999999,1,2,2,1
62,8,5,ok,26368,34978112.639999993,2430074.8799999999,29659020.927999996,0,2889016.8320000004,1,1,5,1
62,8,6,ok,21888,34833565.670400001,2420637.696,29499932.544,0,2912995.4304,1,2,3,1
62,8,7,ok,18944,35629218.867200002,2444230.6559999995,30211092.531200003,0,2973895.6799999997,1,1,7,1
62,8,8,ok,16384,34821649.203200005,2415919.1039999998,29428953.907200001,0,2976776.1919999998,1,2,4,1
62,8,9,ok,14592,35034312.26879999,2420637.696,29597096.217599992,0,3016578.3552000006,1,1,9,1
62,8,10,ok,13184,35312690.303999998,2430074.8799999999,29820960.383999996,0,3061655.04,1,2,5,1
62,8,11,ok,12032,35591068.339199997,2439512.0639999998,30044824.550399996,0,3106731.7248,1,1,11,1
62,8,12,ok,11008,35672301.465599999,2434793.4719999996,30101523.148800001,0,3135984.8448000001,1,2,6,1
62,8,13,ok,10240,36082109.440000005,2453667.8399999999,30436831.027200006,0,3191610.5728000002,1,1,13,1
62,8,14,ok,9472,36097627.596799999,2444230.6559999995,30437807.7696,0,3215589.1712000007,1,2,7,1
62,8,15,ok,8960,36704580.480000004,2477260.7999999998,30940281.215999998,0,3287038.4640000002,1,1,15,1
62,8,16,ok,8192,35356973.465600006,2415919.1039999998,29688057.036800005,0,3252997.3248000001,1,2,8,1
62,16,1,ok,262144,68639565.414399996,4831838.2079999996,58372089.446400002,0,5435637.7599999998,1,1,1,1
62,16,2,ok,131072,68706480.947200015,4831838.2079999996,58404477.337600008,0,5470165.4016000004,1,1,2,1
62,16,3,ok,87552,69064891.545599997,4841275.392,58708374.067199998,0,5515242.0864000004,1,1,3,1
62,16,4,ok,65536,68840312.012800008,4831838.2079999996,58469253.120000005,0,5539220.6847999999,1,2,2,1
62,16,5,ok,52736,69621647.615999997,4860149.7599999998,59156102.399999991,0,5605395.4560000002,1,1,5,1
62,16,6,ok,43776,69265638.143999994,4841275.392,58805537.740799993,0,5618825.0112000005,1,2,3,1
62,16,7,ok,37888,70790029.004800007,4888461.311999999,60195469.824000001,0,5706097.8688000003,1,1,7,1
62,16,8,ok,32768,69107974.143999994,4831838.2079999996,58598804.684799999,0,5677331.2511999998,1,2,4,1
62,16,9,ok,29184,69466384.742400005,4841275.392,58902701.414399996,0,5722407.9360000007,1,1,9,1
62,16,10,ok,26368,69956225.279999986,4860149.7599999998,59318041.855999991,0,5778033.6640000008,1,2,5,1
62,16,11,ok,24064,70446065.817599997,4879024.1279999996,59733382.297599994,0,5833659.392,1,1,11,1
62,16,12,ok,21888,69667131.340800002,4841275.392,58999865.088,0,5825990.8607999999,1,4,3,1
62,16,13,ok,20480,71294316.953600004,4907335.6799999997,60452619.468800008,0,5934361.804800001,1,1,13,1
62,16,14,ok,18944,71258437.734400004,4888461.311999999,60422185.062400006,0,5947791.3599999994,1,2,7,1
62,16,15,ok,17920,72405427.967999995,4954521.5999999996,61394744.063999988,0,6056162.3040000005,1,1,15,1
62,16,16,ok,16384,69643298.40640001,4831838.2079999996,58857907.814400002,0,5953552.3839999996,1,4,4,1
62,32,1,ok,524288,137212215.296,9663676.4159999993,116711791.0016,0,10836747.8784,1,1,1,1
62,32,2,ok,262144,137279130.82879999,9663676.4159999993,116744178.8928,0,10871275.52,1,1,2,1
62,32,3,ok,175104,137929036.4928,9682550.784,117319584.46079998,0,10926901.248,1,1,3,1
62,32,4,ok,131072,137412961.89440003,9663676.4159999993,116808954.67520002,0,10940330.803200001,1,2,2,1
62,32,5,ok,105472,138908717.56799999,9720299.5199999996,118150265.344,0,11038152.704,1,1,5,1
62,32,6,ok,87552,138129783.09119999,9682550.784,117416748.1344,0,11030484.172800001,1,2,3,1
62,32,7,ok,75776,141111649.28000003,9776922.623999998,120164224.40960002,0,11170502.246400002,1,1,7,1
62,32,8,ok,65536,137680624.02560002,9663676.4159999993,116938506.24000001,0,11078441.3696,1,2,4,1
62,32,9,ok,58368,138330529.68959999,9682550.784,117513911.80799997,0,11134067.097600002,1,1,9,1
62,32,10,ok,52736,139243295.23199999,9720299.5199999996,118312204.79999998,0,11210790.912,1,2,5,1
62,32,11,ok,48128,140156060.7744,9758048.2559999991,119110497.79199998,0,11287514.726400001,1,1,11,1
62,32,12,ok,43776,138531276.28799999,9682550.784,117611075.48159999,0,11237650.022400001,1,4,3,1
62,32,13,ok,40960,141718731.9808,9814671.3599999994,120484196.352,0,11419864.2688,1,1,13,1
62,32,14,ok,37888,141580058.00960001,9776922.623999998,120390939.648,0,11412195.737600001,1,2,7,1
62,32,15,ok,35840,143807122.94400004,9909043.1999999993,122303669.76000001,0,11594409.984000001,1,1,15,1
62,32,16,ok,32768,138215948.28799999,9663676.4159999993,117197609.3696,0,11354662.5024,1,4,4,1
62,64,1,ok,1048576,274357515.05919999,19327352.831999999,233391194.11199999,0,21638968.115200002,1,1,1,1
62,64,2,ok,524288,274424430.59200001,19327352.831999999,233423582.00319999,0,21673495.7568,1,1,2,1
62,64,3,ok,350208,275657326.3872,19365101.568,234542005.24799997,0,21750219.571200002,1,1,3,1
62,64,4,ok,262144,274558261.65759999,19327352.831999999,233488357.78560001,0,21742551.039999999,1,2,2,1
62,64,5,ok,210944,277482857.47199994,19440599.039999999,236138591.23199996,0,21903667.200000003,1,1,5,1
62,64,6,ok,175104,275858072.98559999,19365101.568,234639168.92159995,0,21853802.495999999,1,2,3,1
62,64,7,ok,151552,281754889.83040005,19553845.247999996,240101733.58080006,0,22099311.001599997,1,1,7,1
62,64,8,ok,131072,274825923.78880006,19327352.831999999,233617909.35040003,0,21880661.606400002,1,2,4,1
62,64,9,ok,116736,276058819.58399993,19365101.568,234736332.59519997,0,21957385.4208,1,1,9,1
62,64,10,ok,105472,277817435.13599998,19440599.039999999,236300530.68799999,0,22076305.408,1,2,5,1
62,64,11,ok,96256,279576050.68799996,19516096.511999998,237864728.78079998,0,22195225.395200003,1,1,11,1
62,64,12,ok,87552,276259566.18239999,19365101.568,234833496.26879999,0,22060968.345600002,1,4,3,1
62,64,13,ok,81920,282567562.03520006,19629342.719999999,240547350.11840004,0,22390869.196800001,1,1,13,1
62,64,14,ok,75776,282223298.56000006,19553845.247999996,240328448.81920004,0,22341004.492800005,1,2,7,1
62,64,15,ok,71680,286610512.89600003,19818086.399999999,244121521.15199998,0,22670905.344000001,1,1,15,1
62,64,16,ok,65536,275361248.05120003,19327352.831999999,233877012.48000002,0,22156882.7392,1,4,4,1
63,1,1,ok,512,2860.6464000000001,2860.6464000000001,0,0,0,1,1,1,1
63,1,2,ok,256,2860.6464000000001,2860.6464000000001,0,0,0,1,1,2,1
63,1,3,ok,171,2866.2336,2866.2336,0,0,0,3,1,1,1
63,1,4,ok,128,2860.6464000000001,2860.6464000000001,0,0,0,2,1,2,1
63,1,5,ok,103,2877.4080000000004,2877.4080000000004,0,0,0,5,1,1,1
63,1,6,ok,86,2866.2336,2866.2336,0,0,0,3,1,2,1
63,1,7,ok,74,2894.1696000000002,2894.1696000000002,0,0,0,7,1,1,1
63,1,8,ok,64,2860.6464000000001,2860.6464000000001,0,0,0,2,1,4,1
63,1,9,ok,57,2866.2336,2866.2336,0,0,0,9,1,1,1
63,1,10,ok,52,2877.4080000000004,2877.4080000000004,0,0,0,5,1,2,1
63,1,11,ok,47,2888.5824000000002,2888.5824000000002,0,0,0,11,1,1,1
63,1,12,ok,43,2866.2336,2866.2336,0,0,0,3,1,4,1
63,1,13,ok,40,2905.3440000000001,2905.3440000000001,0,0,0,1,1,13,1
63,1,14,ok,37,2894.1696000000002,2894.1696000000002,0,0,0,7,1,2,1
63,1,15,ok,35,2911.0185000000001,2911.0185000000001,0,0,0,3,1,5,1
63,1,16,ok,32,2860.6464000000001,2860.6464000000001,0,0,0,4,1,4,1
63,2,1,ok,1024,5721.2928000000002,5721.2928000000002,0,0,0,1,1,1,1
63,2,2,ok,512,5721.2928000000002,5721.2928000000002,0,0,0,1,1,2,1
63,2,3,ok,342,5732.4672,5732.4672,0,0,0,3,1,1,1
63,2,4,ok,256,5721.2928000000002,5721.2928000000002,0,0,0,1,2,2,1
63,2,5,ok,206,5754.8160000000007,5754.8160000000007,0,0,0,5,1,1,1
63,2,6,ok,171,5732.4672,5732.4672,0,0,0,3,1,2,1
63,2,7,ok,148,5788.3392000000003,5788.3392000000003,0,0,0,7,1,1,1
63,2,8,ok,128,5721.2928000000002,5721.2928000000002,0,0,0,1,2,4,1
63,2,9,ok,114,5732.4672,5732.4672,0,0,0,9,1,1,1
63,2,10,ok,103,5754.8160000000007,5754.8160000000007,0,0,0,5,1,2,1
63,2,11,ok,94,5777.1648000000005,5777.1648000000005,0,0,0,11,1,1,1
63,2,12,ok,86,5732.4672,5732.4672,0,0,0,3,1,4,1
63,2,13,ok,80,5810.6880000000001,5810.6880000000001,0,0,0,1,1,13,1
63,2,14,ok,74,5788.3392000000003,5788.3392000000003,0,0,0,7,1,2,1
63,2,15,ok,70,5822.0370000000003,5822.0370000000003,0,0,0,3,1,5,1
63,2,16,ok,64,5721.2928000000002,5721.2928000000002,0,0,0,2,2,4,1
63,4,1,ok,2048,11442.5856,11442.5856,0,0,0,1,1,1,1
63,4,2,ok,1024,11442.5856,11442.5856,0,0,0,1,1,2,1
63,4,3,ok,684,11464.9344,11464.9344,0,0,0,3,1,1,1
63,4,4,ok,512,11442.5856,11442.5856,0,0,0,1,2,2,1
63,4,5,ok,412,11509.632000000001,11509.632000000001,0,0,0,5,1,1,1
63,4,6,ok,342,11464.9344,11464.9344,0,0,0,3,1,2,1
63,4,7,ok,296,11576.678400000001,11576.678400000001,0,0,0,7,1,1,1
63,4,8,ok,256,11442.5856,11442.5856,0,0,0,1,2,4,1
63,4,9,ok,228,11464.9344,11464.9344,0,0,0,9,1,1,1
63,4,10,ok,206,11509.632000000001,11509.632000000001,0,0,0,5,1,2,1
63,4,11,ok,188,11554.329600000001,11554.329600000001,0,0,0,11,1,1,1
63,4,12,ok,171,11464.9344,11464.9344,0,0,0,3,1,4,1
63,4,13,ok,160,11621.376,11621.376,0,0,0,1,1,13,1
63,4,14,ok,148,11576.678400000001,11576.678400000001,0,0,0,7,1,2,1
63,4,15,ok,139,11644.074000000001,11644.074000000001,0,0,0,3,1,5,1
63,4,16,ok,128,11442.5856,11442.5856,0,0,0,2,2,4,1
63,8,1,ok,4096,22885.171200000001,22885.171200000001,0,0,0,1,1,1,1
63,8,2,ok,2048,22885.171200000001,22885.171200000001,0,0,0,1,1,2,1
63,8,3,ok,1368,22929.8688,22929.8688,0,0,0,3,1,1,1
63,8,4,ok,1024,22885.171200000001,22885.171200000001,0,0,0,1,2,2,1
63,8,5,ok,824,23019.264000000003,23019.264000000003,0,0,0,5,1,1,1
63,8,6,ok,684,22929.8688,22929.8688,0,0,0,3,1,2,1
63,8,7,ok,592,23153.356800000001,23153.356800000001,0,0,0,7,1,1,1
63,8,8,ok,512,22885.171200000001,22885.171200000001,0,0,0,1,2,4,1
63,8,9,ok,456,22929.8688,22929.8688,0,0,0,9,1,1,1
63,8,10,ok,412,23019.264000000003,23019.264000000003,0,0,0,5,1,2,1
63,8,11,ok,376,23108.659200000002,23108.659200000002,0,0,0,11,1,1,1
63,8,12,ok,342,22929.8688,22929.8688,0,0,0,3,1,4,1
63,8,13,ok,320,23242.752,23242.752,0,0,0,1,1,13,1
63,8,14,ok,296,23153.356800000001,23153.356800000001,0,0,0,7,1,2,1
63,8,15,ok,278,23288.148000000001,23288.148000000001,0,0,0,3,1,5,1
63,8,16,ok,256,22885.171200000001,22885.171200000001,0,0,0,2,2,4,1
63,16,1,ok,8192,45770.342400000001,45770.342400000001,0,0,0,1,1,1,1
63,16,2,ok,4096,45770.342400000001,45770.342400000001,0,0,0,1,1,2,1
63,16,3,ok,2736,45859.7376,45859.7376,0,0,0,3,1,1,1
63,16,4,ok,2048,45770.342400000001,45770.342400000001,0,0,0,1,2,2,1
63,16,5,ok,1648,46038.528000000006,46038.528000000006,0,0,0,5,1,1,1
63,16,6,ok,1368,45859.7376,45859.7376,0,0,0,3,1,2,1
63,16,7,ok,1184,46306.713600000003,46306.713600000003,0,0,0,7,1,1,1
63,16,8,ok,1024,45770.342400000001,45770.342400000001,0,0,0,1,2,4,1
63,16,9,ok,912,45859.7376,45859.7376,0,0,0,9,1,1,1
63,16,10,ok,824,46038.528000000006,46038.528000000006,0,0,0,5,1,2,1
63,16,11,ok,752,46217.318400000004,46217.318400000004,0,0,0,11,1,1,1
63,16,12,ok,684,45859.7376,45859.7376,0,0,0,3,1,4,1
63,16,13,ok,640,46485.504000000001,46485.504000000001,0,0,0,1,1,13,1
63,16,14,ok,592,46306.713600000003,46306.713600000003,0,0,0,7,1,2,1
63,16,15,ok,556,46576.296000000002,46576.296000000002,0,0,0,3,1,5,1
63,16,16,ok,512,45770.342400000001,45770.342400000001,0,0,0,2,2,4,1
63,32,1,ok,16384,91540.684800000003,91540.684800000003,0,0,0,1,1,1,1
63,32,2,ok,8192,91540.684800000003,91540.684800000003,0,0,0,1,1,2,1
63,32,3,ok,5472,91719.475200000001,91719.475200000001,0,0,0,3,1,1,1
63,32,4,ok,4096,91540.684800000003,91540.684800000003,0,0,0,1,2,2,1
63,32,5,ok,3296,92077.056000000011,92077.056000000011,0,0,0,5,1,1,1
63,32,6,ok,2736,91719.475200000001,91719.475200000001,0,0,0,3,1,2,1
63,32,7,ok,2368,92613.427200000006,92613.427200000006,0,0,0,7,1,1,1
63,32,8,ok,2048,91540.684800000003,91540.684800000003,0,0,0,1,2,4,1
63,32,9,ok,1824,91719.475200000001,91719.475200000001,0,0,0,9,1,1,1
63,32,10,ok,1648,92077.056000000011,92077.056000000011,0,0,0,5,1,2,1
63,32,11,ok,1504,92434.636800000007,92434.636800000007,0,0,0,11,1,1,1
63,32,12,ok,1368,91719.475200000001,91719.475200000001,0,0,0,3,1,4,1
63,32,13,ok,1280,92971.008000000002,92971.008000000002,0,0,0,1,1,13,1
63,32,14,ok,1184,92613.427200000006,92613.427200000006,0,0,0,7,1,2,1
63,32,15,ok,1112,93152.592000000004,93152.592000000004,0,0,0,3,1,5,1
63,32,16,ok,1024,91540.684800000003,91540.684800000003,0,0,0,2,2,4,1
63,64,1,ok,32768,183081.36960000001,183081.36960000001,0,0,0,1,1,1,1
63,64,2,ok,16384,183081.36960000001,183081.36960000001,0,0,0,1,1,2,1
63,64,3,ok,10944,183438.9504,183438.9504,0,0,0,3,1,1,1
63,64,4,ok,8192,183081.36960000001,183081.36960000001,0,0,0,1,2,2,1
63,64,5,ok,6592,184154.11200000002,184154.11200000002,0,0,0,5,1,1,1
63,64,6,ok,5472,183438.9504,183438.9504,0,0,0,3,1,2,1
63,64,7,ok,4736,185226.85440000001,185226.85440000001,0,0,0,7,1,1,1
63,64,8,ok,4096,183081.36960000001,183081.36960000001,0,0,0,1,2,4,1
63,64,9,ok,3648,183438.9504,183438.9504,0,0,0,9,1,1,1
63,64,10,ok,3296,184154.11200000002,184154.11200000002,0,0,0,5,1,2,1
63,64,11,ok,3008,184869.27360000001,184869.27360000001,0,0,0,11,1,1,1
63,64,12,ok,2736,183438.9504,183438.9504,0,0,0,3,1,4,1
63,64,13,ok,2560,185942.016,185942.016,0,0,0,1,1,13,1
63,64,14,ok,2368,185226.85440000001,185226.85440000001,0,0,0,7,1,2,1
63,64,15,ok,2223,186305.18400000001,186305.18400000001,0,0,0,3,1,5,1
63,64,16,ok,2048,183081.36960000001,183081.36960000001,0,0,0,2,2,4,1
64,1,1,ok,16384,4587387.2896000007,301989.88799999998,3913300.3776000002,0,372097.02399999998,1,1,1,1
64,1,2,ok,8192,4630011.9040000001,301989.88799999998,3921397.3503999999,0,406624.66560000001,1,1,2,1
64,1,3,ok,5472,4691360.7648,302579.712,3946969.4303999995,0,441811.62240000005,1,1,3,1
64,1,4,ok,4096,4715261.1328000007,301989.88799999998,3937591.2960000001,0,475679.94880000001,1,1,4,1
64,1,5,ok,3296,4804054.4159999993,303759.35999999999,3988109.52,0,512185.53600000008,1,1,5,1
64,1,6,ok,2752,4875407.3471999988,304349.18399999995,4023685.6703999997,0,547372.49280000001,1,1,6,1
64,1,7,ok,2368,4955480.4544000011,305528.83199999994,4066732.8576000002,0,583218.7648,1,1,7,1
64,1,8,ok,2048,4885759.590400001,301989.88799999998,3969979.1872000005,0,613790.51520000002,1,1,8,1
64,1,9,ok,1824,4947108.4511999991,302579.712,3995551.2671999987,0,648977.47200000007,1,1,9,1
64,1,10,ok,1664,5060778.3679999998,306708.47999999998,4065949.568,0,688120.32000000007,1,1,10,1
64,1,11,ok,1504,5087246.5247999998,304939.00799999997,4061637.5007999996,0,720670.01600000006,1,1,11,1
64,1,12,ok,1376,5131155.0336000007,304349.18399999995,4072267.5072000003,0,754538.34239999996,1,1,12,1
64,1,13,ok,1280,5218664.4224000005,306708.47999999998,4120252.6976000005,0,791703.24479999999,1,1,13,1
64,1,14,ok,1184,5253852.7552000005,305528.83199999994,4123411.6672,0,824912.25600000005,1,1,14,1
64,1,15,ok,1120,5367522.6720000003,309657.59999999998,4193809.9680000003,0,864055.10400000017,1,1,15,1
64,1,16,ok,1024,5306789.0688000005,301989.88799999998,4114787.5328000002,0,890011.64800000004,1,1,16,1
64,2,1,ok,32768,9132149.9648000021,603979.77599999995,7818503.7824000008,0,709666.40639999998,1,1,1,1
64,2,2,ok,16384,9174774.5792000014,603979.77599999995,7826600.7552000005,0,744194.04799999995,1,1,2,1
64,2,3,ok,10944,9254847.6864,605159.424,7869647.9423999991,0,780040.32000000007,1,1,3,1
64,2,4,ok,8192,9260023.8080000002,603979.77599999995,7842794.7007999998,0,813249.33120000002,1,2,2,1
64,2,5,ok,6592,9394985.7599999979,607518.71999999997,7935734.175999999,0,851732.86400000006,1,1,5,1
64,2,6,ok,5472,9382721.5296,605159.424,7893938.860799999,0,883623.2448000001,1,2,3,1
64,2,7,ok,4736,9612588.6080000009,611057.66399999987,8076786.9056000002,0,924744.03840000008,1,1,7,1
64,2,8,ok,4096,9430522.2656000014,603979.77599999995,7875182.5920000002,0,951359.89760000003,1,2,4,1
64,2,9,ok,3648,9510595.3728,605159.424,7918229.7791999988,0,987206.16960000014,1,1,9,1
64,2,10,ok,3296,9608108.8319999985,607518.71999999997,7976219.04,0,1024371.0720000002,1,2,5,1
64,2,11,ok,3008,9705622.2912000008,609878.01599999995,8034208.3007999994,0,1061535.9744000002,1,1,11,1
64,2,12,ok,2752,9750814.6943999976,608698.3679999999,8047371.3407999994,0,1094744.9856,1,2,6,1
64,2,13,ok,2560,9883208.8576000016,613416.95999999996,8135244.7488000011,0,1134547.1488000001,1,1,13,1
64,2,14,ok,2368,9910960.9088000022,611057.66399999987,8133465.7152000004,0,1166437.5296,1,2,7,1
64,2,15,ok,2240,10095676.128,619315.19999999995,8266165.3440000005,0,1210195.5840000003,1,1,15,1
64,2,16,ok,2048,9771519.1808000021,603979.77599999995,7939958.374400001,0,1227581.0304,1,2,8,1
64,4,1,ok,65536,17210078.003200002,1207959.5519999999,14617313.280000001,0,1384805.1712,1,1,1,1
64,4,2,ok,32768,17276993.535999998,1207959.5519999999,14649701.1712,0,1419332.8128,1,1,2,1
64,4,3,ok,21888,17416782.835200001,1210318.848,14749966.272,0,1456497.7152,1,1,3,1
64,4,4,ok,16384,17410824.601600002,1207959.5519999999,14714476.953600001,0,1488388.0959999999,1,1,4,1
64,4,5,ok,13184,17656345.151999999,1215037.4399999999,14910480.191999998,0,1530827.52,1,1,5,1
64,4,6,ok,11008,17836150.732799999,1217396.7359999998,15050761.5744,0,1567992.4224,1,1,6,1
64,4,7,ok,9472,18048813.7984,1222115.3279999997,15218903.8848,0,1607794.5856000003,1,1,7,1
64,4,8,ok,8192,17678486.732800003,1207959.5519999999,14844028.518400002,0,1626498.6624,1,1,8,1
64,4,9,ok,7296,17818276.031999998,1210318.848,14944293.619199999,0,1663663.5648000003,1,1,9,1
64,4,10,ok,6656,18155210.240000002,1226833.9199999999,15211724.288000001,0,1716652.0319999999,1,1,10,1
64,4,11,ok,6016,18163569.599999994,1219756.0319999999,15200545.676799998,0,1743267.8912,1,1,11,1
64,4,12,ok,5504,18237643.929599997,1217396.7359999998,15245088.921599999,0,1775158.2719999999,1,1,12,1
64,4,13,ok,5120,18476005.683200002,1226833.9199999999,15428936.806400003,0,1820234.9568,1,1,13,1
64,4,14,ok,4736,18517222.528000005,1222115.3279999997,15445619.123200003,0,1849488.0768000002,1,1,14,1
64,4,15,ok,4480,18854156.736000001,1238630.3999999999,15713049.791999999,0,1902476.544,1,1,15,1
64,4,16,ok,4096,18533941.248000003,1207959.5519999999,15423261.900800001,0,1902719.7952000001,1,1,16,1
64,8,1,ok,131072,34353240.473600008,2415919.1039999998,29202238.668800004,0,2735082.7008000002,1,1,1,1
64,8,2,ok,65536,34420156.006400004,2415919.1039999998,29234626.560000002,0,2769610.3424,1,1,2,1
64,8,3,ok,43776,34632819.071999997,2420637.696,29402768.870399997,0,2809412.5056000003,1,1,3,1
64,8,4,ok,32768,34553987.071999997,2415919.1039999998,29299402.342399999,0,2838665.6255999999,1,2,2,1
64,8,5,ok,26368,34978112.639999993,2430074.8799999999,29659020.927999996,0,2889016.8320000004,1,1,5,1
64,8,6,ok,21888,34833565.670400001,2420637.696,29499932.544,0,2912995.4304,1,2,3,1
64,8,7,ok,18944,35629218.867200002,2444230.6559999995,30211092.531200003,0,2973895.6799999997,1,1,7,1
64,8,8,ok,16384,34821649.203200005,2415919.1039999998,29428953.907200001,0,2976776.1919999998,1,2,4,1
64,8,9,ok,14592,35034312.26879999,2420637.696,29597096.217599992,0,3016578.3552000006,1,1,9,1
64,8,10,ok,13184,35312690.303999998,2430074.8799999999,29820960.383999996,0,3061655.04,1,2,5,1
64,8,11,ok,12032,35591068.339199997,2439512.0639999998,30044824.550399996,0,3106731.7248,1,1,11,1
64,8,12,ok,11008,35672301.465599999,2434793.4719999996,30101523.148800001,0,3135984.8448000001,1,2,6,1
64,8,13,ok,10240,36082109.440000005,2453667.8399999999,30436831.027200006,0,3191610.5728000002,1,1,13,1
64,8,14,ok,9472,36097627.596799999,2444230.6559999995,30437807.7696,0,3215589.1712000007,1,2,7,1
64,8,15,ok,8960,36704580.480000004,2477260.7999999998,30940281.215999998,0,3287038.4640000002,1,1,15,1
64,8,16,ok,8192,35356973.465600006,2415919.1039999998,29688057.036800005,0,3252997.3248000001,1,2,8,1
64,16,1,ok,262144,68639565.414399996,4831838.2079999996,58372089.446400002,0,5435637.7599999998,1,1,1,1
64,16,2,ok,131072,68706480.947200015,4831838.2079999996,58404477.337600008,0,5470165.4016000004,1,1,2,1
64,16,3,ok,87552,69064891.545599997,4841275.392,58708374.067199998,0,5515242.0864000004,1,1,3,1
64,16,4,ok,65536,68840312.012800008,4831838.2079999996,58469253.120000005,0,5539220.6847999999,1,2,2,1
64,16,5,ok,52736,69621647.615999997,4860149.7599999998,59156102.399999991,0,5605395.4560000002,1,1,5,1
64,16,6,ok,43776,69265638.143999994,4841275.392,58805537.740799993,0,5618825.0112000005,1,2,3,1
64,16,7,ok,37888,70790029.004800007,4888461.311999999,60195469.824000001,0,5706097.8688000003,1,1,7,1
64,16,8,ok,32768,69107974.143999994,4831838.2079999996,58598804.684799999,0,5677331.2511999998,1,2,4,1
64,16,9,ok,29184,69466384.742400005,4841275.392,58902701.414399996,0,5722407.9360000007,1,1,9,1
64,16,10,ok,26368,69956225.279999986,4860149.7599999998,59318041.855999991,0,5778033.6640000008,1,2,5,1
64,16,11,ok,24064,70446065.817599997,4879024.1279999996,59733382.297599994,0,5833659.392,1,1,11,1
64,16,12,ok,21888,69667131.340800002,4841275.392,58999865.088,0,5825990.8607999999,1,4,3,1
64,16,13,ok,20480,71294316.953600004,4907335.6799999997,60452619.468800008,0,5934361.804800001,1,1,13,1
64,16,14,ok,18944,71258437.734400004,4888461.311999999,60422185.062400006,0,5947791.3599999994,1,2,7,1
64,16,15,ok,17920,72405427.967999995,4954521.5999999996,61394744.063999988,0,6056162.3040000005,1,1,15,1
64,16,16,ok,16384,69643298.40640001,4831838.2079999996,58857907.814400002,0,5953552.3839999996,1,4,4,1
64,32,1,ok,524288,137212215.296,9663676.4159999993,116711791.0016,0,10836747.8784,1,1,1,1
64,32,2,ok,262144,137279130.82879999,9663676.4159999993,116744178.8928,0,10871275.52,1,1,2,1
64,32,3,ok,175104,137929036.4928,9682550.784,117319584.46079998,0,10926901.248,1,1,3,1
64,32,4,ok,131072,137412961.89440003,9663676.4159999993,116808954.67520002,0,10940330.803200001,1,2,2,1
64,32,5,ok,105472,138908717.56799999,9720299.5199999996,118150265.344,0,11038152.704,1,1,5,1
64,32,6,ok,87552,138129783.09119999,9682550.784,117416748.1344,0,11030484.172800001,1,2,3,1
64,32,7,ok,75776,141111649.28000003,9776922.623999998,120164224.40960002,0,11170502.246400002,1,1,7,1
64,32,8,ok,65536,137680624.02560002,9663676.4159999993,116938506.24000001,0,11078441.3696,1,2,4,1
64,32,9,ok,58368,138330529.68959999,9682550.784,117513911.80799997,0,11134067.097600002,1,1,9,1
64,32,10,ok,52736,139243295.23199999,9720299.5199999996,118312204.79999998,0,11210790.912,1,2,5,1
64,32,11,ok,48128,140156060.7744,9758048.2559999991,119110497.79199998,0,11287514.726400001,1,1,11,1
64,32,12,ok,43776,138531276.28799999,9682550.784,117611075.48159999,0,11237650.022400001,1,4,3,1
64,32,13,ok,40960,141718731.9808,9814671.3599999994,120484196.352,0,11419864.2688,1,1,13,1
64,32,14,ok,37888,141580058.00960001,9776922.623999998,120390939.648,0,11412195.737600001,1,2,7,1
64,32,15,ok,35840,143807122.94400004,9909043.1999999993,122303669.76000001,0,11594409.984000001,1,1,15,1
64,32,16,ok,32768,138215948.28799999,9663676.4159999993,117197609.3696,0,11354662.5024,1,4,4,1
64,64,1,ok,1048576,274357515.05919999,19327352.831999999,233391194.11199999,0,21638968.115200002,1,1,1,1
64,64,2,ok,524288,274424430.59200001,19327352.831999999,233423582.00319999,0,21673495.7568,1,1,2,1
64,64,3,ok,350208,275657326.3872,19365101.568,234542005.24799997,0,21750219.571200002,1,1,3,1
64,64,4,ok,262144,274558261.65759999,19327352.831999999,233488357.78560001,0,21742551.039999999,1,2,2,1
64,64,5,ok,210944,277482857.47199994,19440599.039999999,236138591.23199996,0,21903667.200000003,1,1,5,1
64,64,6,ok,175104,275858072.98559999,19365101.568,234639168.92159995,0,21853802.495999999,1,2,3,1
64,64,7,ok,151552,281754889.83040005,19553845.247999996,240101733.58080006,0,22099311.001599997,1,1,7,1
64,64,8,ok,131072,274825923.78880006,19327352.831999999,233617909.35040003,0,21880661.606400002,1,2,4,1
64,64,9,ok,116736,276058819.58399993,19365101.568,234736332.59519997,0,21957385.4208,1,1,9,1
64,64,10,ok,105472,277817435.13599998,19440599.039999999,236300530.68799999,0,22076305.408,1,2,5,1
64,64,11,ok,96256,279576050.68799996,19516096.511999998,237864728.78079998,0,22195225.395200003,1,1,11,1
64,64,12,ok,87552,276259566.18239999,19365101.568,234833496.26879999,0,22060968.345600002,1,4,3,1
64,64,13,ok,81920,282567562.03520006,19629342.719999999,240547350.11840004,0,22390869.196800001,1,1,13,1
64,64,14,ok,75776,282223298.56000006,19553845.247999996,240328448.81920004,0,22341004.492800005,1,2,7,1
64,64,15,ok,71680,286610512.89600003,19818086.399999999,244121521.15199998,0,22670905.344000001,1,1,15,1
64,64,16,ok,65536,275361248.05120003,19327352.831999999,233877012.48000002,0,22156882.7392,1,4,4,1
65,1,1,ok,512,2860.6464000000001,2860.6464000000001,0,0,0,1,1,1,1
65,1,2,ok,256,2860.6464000000001,2860.6464000000001,0,0,0,1,1,2,1
65,1,3,ok,171,2866.2336,2866.2336,0,0,0,3,1,1,1
65,1,4,ok,128,2860.6464000000001,2860.6464000000001,0,0,0,2,1,2,1
65,1,5,ok,103,2877.4080000000004,2877.4080000000004,0,0,0,5,1,1,1
65,1,6,ok,86,2866.2336,2866.2336,0,0,0,3,1,2,1
65,1,7,ok,74,2894.1696000000002,2894.1696000000002,0,0,0,7,1,1,1
65,1,8,ok,64,2860.6464000000001,2860.6464000000001,0,0,0,2,1,4,1
65,1,9,ok,57,2866.2336,2866.2336,0,0,0,9,1,1,1
65,1,10,ok,52,2877.4080000000004,2877.4080000000004,0,0,0,5,1,2,1
65,1,11,ok,47,2888.5824000000002,2888.5824000000002,0,0,0,11,1,1,1
65,1,12,ok,43,2866.2336,2866.2336,0,0,0,3,1,4,1
65,1,13,ok,40,2905.3440000000001,2905.3440000000001,0,0,0,1,1,13,1
65,1,14,ok,37,2894.1696000000002,2894.1696000000002,0,0,0,7,1,2,1
65,1,15,ok,35,2911.0185000000001,2911.0185000000001,0,0,0,3,1,5,1
65,1,16,ok,32,2860.6464000000001,2860.6464000000001,0,0,0,4,1,4,1
65,2,1,ok,1024,5721.2928000000002,5721.2928000000002,0,0,0,1,1,1,1
65,2,2,ok,512,5721.2928000000002,5721.2928000000002,0,0,0,1,1,2,1
65,2,3,ok,342,5732.4672,5732.4672,0,0,0,3,1,1,1
65,2,4,ok,256,5721.2928000000002,5721.2928000000002,0,0,0,1,2,2,1
65,2,5,ok,206,5754.8160000000007,5754.8160000000007,0,0,0,5,1,1,1
65,2,6,ok,171,5732.4672,5732.4672,0,0,0,3,1,2,1
65,2,7,ok,148,5788.3392000000003,5788.3392000000003,0,0,0,7,1,1,1
65,2,8,ok,128,5721.2928000000002,5721.2928000000002,0,0,0,1,2,4,1
65,2,9,ok,114,5732.4672,5732.4672,0,0,0,9,1,1,1
65,2,10,ok,103,5754.8160000000007,5754.8160000000007,0,0,0,5,1,2,1
65,2,11,ok,94,5777.1648000000005,5777.1648000000005,0,0,0,11,1,1,1
65,2,12,ok,86,5732.4672,5732.4672,0,0,0,3,1,4,1
65,2,13,ok,80,5810.6880000000001,5810.6880000000001,0,0,0,1,1,13,1
65,2,14,ok,74,5788.3392000000003,5788.3392000000003,0,0,0,7,1,2,1
65,2,15,ok,70,5822.0370000000003,5822.0370000000003,0,0,0,3,1,5,1
65,2,16,ok,64,5721.2928000000002,5721.2928000000002,0,0,0,2,2,4,1
65,4,1,ok,2048,11442.5856,11442.5856,0,0,0,1,1,1,1
65,4,2,ok,1024,11442.5856,11442.5856,0,0,0,1,1,2,1
65,4,3,ok,684,11464.9344,11464.9344,0,0,0,3,1,1,1
65,4,4,ok,512,11442.5856,11442.5856,0,0,0,1,2,2,1
65,4,5,ok,412,11509.632000000001,11509.632000000001,0,0,0,5,1,1,1
65,4,6,ok,342,11464.9344,11464.9344,0,0,0,3,1,2,1
65,4,7,ok,296,11576.678400000001,11576.678400000001,0,0,0,7,1,1,1
65,4,8,ok,256,11442.5856,11442.5856,0,0,0,1,2,4,1
65,4,9,ok,228,11464.9344,11464.9344,0,0,0,9,1,1,1
65,4,10,ok,206,11509.632000000001,11509.632000000001,0,0,0,5,1,2,1
65,4,11,ok,188,11554.329600000001,11554.329600000001,0,0,0,11,1,1,1
65,4,12,ok,171,11464.9344,11464.9344,0,0,0,3,1,4,1
65,4,13,ok,160,11621.376,11621.376,0,0,0,1,1,13,1
65,4,14,ok,148,11576.678400000001,11576.678400000001,0,0,0,7,1,2,1
65,4,15,ok,139,11644.074000000001,11644.074000000001,0,0,0,3,1,5,1
65,4,16,ok,128,11442.5856,11442.5856,0,0,0,2,2,4,1
65,8,1,ok,4096,22885.171200000001,22885.171200000001,0,0,0,1,1,1,1
65,8,2,ok,2048,22885.171200000001,22885.171200000001,0,0,0,1,1,2,1
65,8,3,ok,1368,22929.8688,22929.8688,0,0,0,3,1,1,1
65,8,4,ok,1024,22885.171200000001,22885.171200000001,0,0,0,1,2,2,1
65,8,5,ok,824,23019.264000000003,23019.264000000003,0,0,0,5,1,1,1
65,8,6,ok,684,22929.8688,22929.8688,0,0,0,3,1,2,1
65,8,7,ok,592,23153.356800000001,23153.356800000001,0,0,0,7,1,1,1
65,8,8,ok,512,22885.171200000001,22885.171200000001,0,0,0,1,2,4,1
65,8,9,ok,456,22929.8688,22929.8688,0,0,0,9,1,1,1
65,8,10,ok,412,23019.264000000003,23019.264000000003,0,0,0,5,1,2,1
65,8,11,ok,376,23108.659200000002,23108.659200000002,0,0,0,11,1,1,1
65,8,12,ok,342,22929.8688,22929.8688,0,0,0,3,1,4,1
65,8,13,ok,320,23242.752,23242.752,0,0,0,1,1,13,1
65,8,14,ok,296,23153.356800000001,23153.356800000001,0,0,0,7,1,2,1
65,8,15,ok,278,23288.148000000001,23288.148000000001,0,0,0,3,1,5,1
65,8,16,ok,256,22885.171200000001,22885.171200000001,0,0,0,2,2,4,1
65,16,1,ok,8192,45770.342400000001,45770.342400000001,0,0,0,1,1,1,1
65,16,2,ok,4096,45770.342400000001,45770.342400000001,0,0,0,1,1,2,1
65,16,3,ok,2736,45859.7376,45859.7376,0,0,0,3,1,1,1
65,16,4,ok,2048,45770.342400000001,45770.342400000001,0,0,0,1,2,2,1
65,16,5,ok,1648,46038.528000000006,46038.528000000006,0,0,0,5,1,1,1
65,16,6,ok,1368,45859.7376,45859.7376,0,0,0,3,1,2,1
65,16,7,ok,1184,46306.713600000003,46306.713600000003,0,0,0,7,1,1,1
65,16,8,ok,1024,45770.342400000001,45770.342400000001,0,0,0,1,2,4,1
65,16,9,ok,912,45859.7376,45859.7376,0,0,0,9,1,1,1
65,16,10,ok,824,46038.528000000006,46038.528000000006,0,0,0,5,1,2,1
65,16,11,ok,752,46217.318400000004,46217.318400000004,0,0,0,11,1,1,1
65,16,12,ok,684,45859.7376,45859.7376,0,0,0,3,1,4,1
65,16,13,ok,640,46485.504000000001,46485.504000000001,0,0,0,1,1,13,1
65,16,14,ok,592,46306.713600000003,46306.713600000003,0,0,0,7,1,2,1
65,16,15,ok,556,46576.296000000002,46576.296000000002,0,0,0,3,1,5,1
65,16,16,ok,512,45770.342400000001,45770.342400000001,0,0,0,2,2,4,1
65,32,1,ok,16384,91540.684800000003,91540.684800000003,0,0,0,1,1,1,1
65,32,2,ok,8192,91540.684800000003,91540.684800000003,0,0,0,1,1,2,1
65,32,3,ok,5472,91719.475200000001,91719.475200000001,0,0,0,3,1,1,1
65,32,4,ok,4096,91540.684800000003,91540.684800000003,0,0,0,1,2,2,1
65,32,5,ok,3296,92077.056000000011,92077.056000000011,0,0,0,5,1,1,1
65,32,6,ok,2736,91719.475200000001,91719.475200000001,0,0,0,3,1,2,1
65,32,7,ok,2368,92613.427200000006,92613.427200000006,0,0,0,7,1,1,1
65,32,8,ok,2048,91540.684800000003,91540.684800000003,0,0,0,1,2,4,1
65,32,9,ok,1824,91719.475200000001,91719.475200000001,0,0,0,9,1,1,1
65,32,10,ok,1648,92077.056000000011,92077.056000000011,0,0,0,5,1,2,1
65,32,11,ok,1504,92434.636800000007,92434.636800000007,0,0,0,11,1,1,1
65,32,12,ok,1368,91719.475200000001,91719.475200000001,0,0,0,3,1,4,1
65,32,13,ok,1280,92971.008000000002,92971.008000000002,0,0,0,1,1,13,1
65,32,14,ok,1184,92613.427200000006,92613.427200000006,0,0,0,7,1,2,1
65,32,15,ok,1112,93152.592000000004,93152.592000000004,0,0,0,3,1,5,1
65,32,16,ok,1024,91540.684800000003,91540.684800000003,0,0,0,2,2,4,1
65,64,1,ok,32768,183081.36960000001,183081.36960000001,0,0,0,1,1,1,1
65,64,2,ok,16384,183081.36960000001,183081.36960000001,0,0,0,1,1,2,1
65,64,3,ok,10944,183438.9504,183438.9504,0,0,0,3,1,1,1
65,64,4,ok,8192,183081.36960000001,183081.36960000001,0,0,0,1,2,2,1
65,64,5,ok,6592,184154.11200000002,184154.11200000002,0,0,0,5,1,1,1
65,64,6,ok,5472,183438.9504,183438.9504,0,0,0,3,1,2,1
65,64,7,ok,4736,185226.85440000001,185226.85440000001,0,0,0,7,1,1,1
65,64,8,ok,4096,183081.36960000001,183081.36960000001,0,0,0,1,2,4,1
65,64,9,ok,3648,183438.9504,183438.9504,0,0,0,9,1,1,1
65,64,10,ok,3296,184154.11200000002,184154.11200000002,0,0,0,5,1,2,1
65,64,11,ok,3008,184869.27360000001,184869.27360000001,0,0,0,11,1,1,1
65,64,12,ok,2736,183438.9504,183438.9504,0,0,0,3,1,4,1
65,64,13,ok,2560,185942.016,185942.016,0,0,0,1,1,13,1
65,64,14,ok,2368,185226.85440000001,185226.85440000001,0,0,0,7,1,2,1
65,64,15,ok,2223,186305.18400000001,186305.18400000001,0,0,0,3,1,5,1
65,64,16,ok,2048,183081.36960000001,183081.36960000001,0,0,0,2,2,4,1
66,1,1,ok,16384,4587387.2896000007,301989.88799999998,3913300.3776000002,0,372097.02399999998,1,1,1,1
66,1,2,ok,8192,4630011.9040000001,301989.88799999998,3921397.3503999999,0,406624.66560000001,1,1,2,1
66,1,3,ok,5472,4691360.7648,302579.712,3946969.4303999995,0,441811.62240000005,1,1,3,1
66,1,4,ok,4096,4715261.1328000007,301989.88799999998,3937591.2960000001,0,475679.94880000001,1,1,4,1
66,1,5,ok,3296,4804054.4159999993,303759.35999999999,3988109.52,0,512185.53600000008,1,1,5,1
66,1,6,ok,2752,4875407.3471999988,304349.18399999995,4023685.6703999997,0,547372.49280000001,1,1,6,1
66,1,7,ok,2368,4955480.4544000011,305528.83199999994,4066732.8576000002,0,583218.7648,1,1,7,1
66,1,8,ok,2048,4885759.590400001,301989.88799999998,3969979.1872000005,0,613790.51520000002,1,1,8,1
66,1,9,ok,1824,4947108.4511999991,302579.712,3995551.2671999987,0,648977.47200000007,1,1,9,1
66,1,10,ok,1664,5060778.3679999998,306708.47999999998,4065949.568,0,688120.32000000007,1,1,10,1
66,1,11,ok,1504,5087246.5247999998,304939.00799999997,4061637.5007999996,0,720670.01600000006,1,1,11,1
66,1,12,ok,1376,5131155.0336000007,304349.18399999995,4072267.5072000003,0,754538.34239999996,1,1,12,1
66,1,13,ok,1280,5218664.4224000005,306708.47999999998,4120252.6976000005,0,791703.24479999999,1,1,13,1
66,1,14,ok,1184,5253852.7552000005,305528.83199999994,4123411.6672,0,824912.25600000005,1,1,14,1
66,1,15,ok,1120,5367522.6720000003,309657.59999999998,4193809.9680000003,0,864055.10400000017,1,1,15,1
66,1,16,ok,1024,5306789.0688000005,301989.88799999998,4114787.5328000002,0,890011.64800000004,1,1,16,1
66,2,1,ok,32768,9132149.9648000021,603979.77599999995,7818503.7824000008,0,709666.40639999998,1,1,1,1
66,2,2,ok,16384,9174774.5792000014,603979.77599999995,7826600.7552000005,0,744194.04799999995,1,1,2,1
66,2,3,ok,10944,9254847.6864,605159.424,7869647.9423999991,0,780040.32000000007,1,1,3,1
66,2,4,ok,8192,9260023.8080000002,603979.77599999995,7842794.7007999998,0,813249.33120000002,1,2,2,1
66,2,5,ok,6592,9394985.7599999979,607518.71999999997,7935734.175999999,0,851732.86400000006,1,1,5,1
66,2,6,ok,5472,9382721.5296,605159.424,7893938.860799999,0,883623.2448000001,1,2,3,1
66,2,7,ok,4736,9612588.6080000009,611057.66399999987,8076786.9056000002,0,924744.03840000008,1,1,7,1
66,2,8,ok,4096,9430522.2656000014,603979.77599999995,7875182.5920000002,0,951359.89760000003,1,2,4,1
66,2,9,ok,3648,9510595.3728,605159.424,7918229.7791999988,0,987206.16960000014,1,1,9,1
66,2,10,ok,3296,9608108.8319999985,607518.71999999997,7976219.04,0,1024371.0720000002,1,2,5,1
66,2,11,ok,3008,9705622.2912000008,609878.01599999995,8034208.3007999994,0,1061535.9744000002,1,1,11,1
66,2,12,ok,2752,9750814.6943999976,608698.3679999999,8047371.3407999994,0,1094744.9856,1,2,6,1
66,2,13,ok,2560,9883208.8576000016,613416.95999999996,8135244.7488000011,0,1134547.1488000001,1,1,13,1
66,2,14,ok,2368,9910960.9088000022,611057.66399999987,8133465.7152000004,0,1166437.5296,1,2,7,1
66,2,15,ok,2240,10095676.128,619315.19999999995,8266165.3440000005,0,1210195.5840000003,1,1,15,1
66,2,16,ok,2048,9771519.1808000021,603979.77599999995,7939958.374400001,0,1227581.0304,1,2,8,1
66,4,1,ok,65536,17210078.003200002,1207959.5519999999,14617313.280000001,0,1384805.1712,1,1,1,1
66,4,2,ok,32768,17276993.535999998,1207959.5519999999,14649701.1712,0,1419332.8128,1,1,2,1
66,4,3,ok,21888,17416782.835200001,1210318.848,14749966.272,0,1456497.7152,1,1,3,1
66,4,4,ok,16384,17410824.601600002,1207959.5519999999,14714476.953600001,0,1488388.0959999999,1,1,4,1
66,4,5,ok,13184,17656345.151999999,1215037.4399999999,14910480.191999998,0,1530827.52,1,1,5,1
66,4,6,ok,11008,17836150.732799999,1217396.7359999998,15050761.5744,0,1567992.4224,1,1,6,1
66,4,7,ok,9472,18048813.7984,1222115.3279999997,15218903.8848,0,1607794.5856000003,1,1,7,1
66,4,8,ok,8192,17678486.732800003,1207959.5519999999,14844028.518400002,0,1626498.6624,1,1,8,1
66,4,9,ok,7296,17818276.031999998,1210318.848,14944293.619199999,0,1663663.5648000003,1,1,9,1
66,4,10,ok,6656,18155210.240000002,1226833.9199999999,15211724.288000001,0,1716652.0319999999,1,1,10,1
66,4,11,ok,6016,18163569.599999994,1219756.0319999999,15200545.676799998,0,1743267.8912,1,1,11,1
66,4,12,ok,5504,18237643.929599997,1217396.7359999998,15245088.921599999,0,1775158.2719999999,1,1,12,1
66,4,13,ok,5120,18476005.683200002,1226833.9199999999,15428936.806400003,0,1820234.9568,1,1,13,1
66,4,14,ok,4736,18517222.528000005,1222115.3279999997,15445619.123200003,0,1849488.0768000002,1,1,14,1
66,4,15,ok,4480,18854156.736000001,1238630.3999999999,15713049.791999999,0,1902476.544,1,1,15,1
66,4,16,ok,4096,18533941.248000003,1207959.5519999999,15423261.900800001,0,1902719.7952000001,1,1,16,1
66,8,1,ok,131072,34353240.473600008,2415919.1039999998,29202238.668800004,0,2735082.7008000002,1,1,1,1
66,8,2,ok,65536,34420156.006400004,2415919.1039999998,29234626.560000002,0,2769610.3424,1,1,2,1
66,8,3,ok,43776,34632819.071999997,2420637.696,29402768.870399997,0,2809412.5056000003,1,1,3,1
66,8,4,ok,32768,34553987.071999997,2415919.1039999998,29299402.342399999,0,2838665.6255999999,1,2,2,1
66,8,5,ok,26368,34978112.639999993,2430074.8799999999,29659020.927999996,0,2889016.8320000004,1,1,5,1
66,8,6,ok,21888,34833565.670400001,2420637.696,29499932.544,0,2912995.4304,1,2,3,1
66,8,7,ok,18944,35629218.867200002,2444230.6559999995,30211092.531200003,0,2973895.6799999997,1,1,7,1
66,8,8,ok,16384,34821649.203200005,2415919.1039999998,29428953.907200001,0,2976776.1919999998,1,2,4,1
66,8,9,ok,14592,35034312.26879999,2420637.696,29597096.217599992,0,3016578.3552000006,1,1,9,1
66,8,10,ok,13184,35312690.303999998,2430074.8799999999,29820960.383999996,0,3061655.04,1,2,5,1
66,8,11,ok,12032,35591068.339199997,2439512.0639999998,30044824.550399996,0,3106731.7248,1,1,11,1
66,8,12,ok,11008,35672301.465599999,2434793.4719999996,30101523.148800001,0,3135984.8448000001,1,2,6,1
66,8,13,ok,10240,36082109.440000005,2453667.8399999999,30436831.027200006,0,3191610.5728000002,1,1,13,1
66,8,14,ok,9472,36097627.596799999,2444230.6559999995,30437807.7696,0,3215589.1712000007,1,2,7,1
66,8,15,ok,8960,36704580.480000004,2477260.7999999998,30940281.215999998,0,3287038.4640000002,1,1,15,1
66,8,16,ok,8192,35356973.465600006,2415919.1039999998,29688057.036800005,0,3252997.3248000001,1,2,8,1
66,16,1,ok,262144,68639565.414399996,4831838.2079999996,58372089.446400002,0,5435637.7599999998,1,1,1,1
66,16,2,ok,131072,68706480.947200015,4831838.2079999996,58404477.337600008,0,5470165.4016000004,1,1,2,1
66,16,3,ok,87552,69064891.545599997,4841275.392,58708374.067199998,0,5515242.0864000004,1,1,3,1
66,16,4,ok,65536,68840312.012800008,4831838.2079999996,58469253.120000005,0,5539220.6847999999,1,2,2,1
66,16,5,ok,52736,69621647.615999997,4860149.7599999998,59156102.399999991,0,5605395.4560000002,1,1,5,1
66,16,6,ok,43776,69265638.143999994,4841275.392,58805537.740799993,0,5618825.0112000005,1,2,3,1
66,16,7,ok,37888,70790029.004800007,4888461.311999999,60195469.824000001,0,5706097.8688000003,1,1,7,1
66,16,8,ok,32768,69107974.143999994,4831838.2079999996,58598804.684799999,0,5677331.2511999998,1,2,4,1
66,16,9,ok,29184,69466384.742400005,4841275.392,58902701.414399996,0,5722407.9360000007,1,1,9,1
66,16,10,ok,26368,69956225.279999986,4860149.7599999998,59318041.855999991,0,5778033.6640000008,1,2,5,1
66,16,11,ok,24064,70446065.817599997,4879024.1279999996,59733382.297599994,0,5833659.392,1,1,11,1
66,16,12,ok,21888,69667131.340800002,4841275.392,58999865.088,0,5825990.8607999999,1,4,3,1
66,16,13,ok,20480,71294316.953600004,4907335.6799999997,60452619.468800008,0,5934361.804800001,1,1,13,1
66,16,14,ok,18944,71258437.734400004,4888461.311999999,60422185.062400006,0,5947791.3599999994,1,2,7,1
66,16,15,ok,17920,72405427.967999995,4954521.5999999996,61394744.063999988,0,6056162.3040000005,1,1,15,1
66,16,16,ok,16384,69643298.40640001,4831838.2079999996,58857907.814400002,0,5953552.3839999996,1,4,4,1
66,32,1,ok,524288,137212215.296,9663676.4159999993,116711791.0016,0,10836747.8784,1,1,1,1
66,32,2,ok,262144,137279130.82879999,9663676.4159999993,116744178.8928,0,10871275.52,1,1,2,1
66,32,3,ok,175104,137929036.4928,9682550.784,117319584.46079998,0,10926901.248,1,1,3,1
66,32,4,ok,131072,137412961.89440003,9663676.4159999993,116808954.67520002,0,10940330.803200001,1,2,2,1
66,32,5,ok,105472,138908717.56799999,9720299.5199999996,118150265.344,0,11038152.704,1,1,5,1
66,32,6,ok,87552,138129783.09119999,9682550.784,117416748.1344,0,11030484.172800001,1,2,3,1
66,32,7,ok,75776,141111649.28000003,9776922.623999998,120164224.40960002,0,11170502.246400002,1,1,7,1
66,32,8,ok,65536,137680624.02560002,9663676.4159999993,116938506.24000001,0,11078441.3696,1,2,4,1
66,32,9,ok,58368,138330529.68959999,9682550.784,117513911.80799997,0,11134067.097600002,1,1,9,1
66,32,10,ok,52736,139243295.23199999,9720299.5199999996,118312204.79999998,0,11210790.912,1,2,5,1
66,32,11,ok,48128,140156060.7744,9758048.2559999991,119110497.79199998,0,11287514.726400001,1,1,11,1
66,32,12,ok,43776,138531276.28799999,9682550.784,117611075.48159999,0,11237650.022400001,1,4,3,1
66,32,13,ok,40960,141718731.9808,9814671.3599999994,120484196.352,0,11419864.2688,1,1,13,1
66,32,14,ok,37888,141580058.00960001,9776922.623999998,120390939.648,0,11412195.737600001,1,2,7,1
66,32,15,ok,35840,143807122.94400004,9909043.1999999993,122303669.76000001,0,11594409.984000001,1,1,15,1
66,32,16,ok,32768,138215948.28799999,9663676.4159999993,117197609.3696,0,11354662.5024,1,4,4,1
66,64,1,ok,1048576,274357515.05919999,19327352.831999999,233391194.11199999,0,21638968.115200002,1,1,1,1
66,64,2,ok,524288,274424430.59200001,19327352.831999999,233423582.00319999,0,21673495.7568,1,1,2,1
66,64,3,ok,350208,275657326.3872,19365101.568,234542005.24799997,0,21750219.571200002,1,1,3,1
66,64,4,ok,262144,274558261.65759999,19327352.831999999,233488357.78560001,0,21742551.039999999,1,2,2,1
66,64,5,ok,210944,277482857.47199994,19440599.039999999,236138591.23199996,0,21903667.200000003,1,1,5,1
66,64,6,ok,175104,275858072.98559999,19365101.568,234639168.92159995,0,21853802.495999999,1,2,3,1
66,64,7,ok,151552,281754889.83040005,19553845.247999996,240101733.58080006,0,22099311.001599997,1,1,7,1
66,64,8,ok,131072,274825923.78880006,19327352.831999999,233617909.35040003,0,21880661.606400002,1,2,4,1
66,64,9,ok,116736,276058819.58399993,19365101.568,234736332.59519997,0,21957385.4208,1,1,9,1
66,64,10,ok,105472,277817435.13599998,19440599.039999999,236300530.68799999,0,22076305.408,1,2,5,1
66,64,11,ok,96256,279576050.68799996,19516096.511999998,237864728.78079998,0,22195225.395200003,1,1,11,1
66,64,12,ok,87552,276259566.18239999,19365101.568,234833496.26879999,0,22060968.345600002,1,4,3,1
66,64,13,ok,81920,282567562.03520006,19629342.719999999,240547350.11840004,0,22390869.196800001,1,1,13,1
66,64,14,ok,75776,282223298.56000006,19553845.247999996,240328448.81920004,0,22341004.492800005,1,2,7,1
66,64,15,ok,71680,286610512.89600003,19818086.399999999,244121521.15199998,0,22670905.344000001,1,1,15,1
66,64,16,ok,65536,275361248.05120003,19327352.831999999,233877012.48000002,0,22156882.7392,1,4,4,1
67,1,1,ok,512,2860.6464000000001,2860.6464000000001,0,0,0,1,1,1,1
67,1,2,ok,256,2860.6464000000001,2860.6464000000001,0,0,0,1,1,2,1
67,1,3,ok,171,2866.2336,2866.2336,0,0,0,3,1,1,1
67,1,4,ok,128,2860.6464000000001,2860.6464000000001,0,0,0,2,1,2,1
67,1,5,ok,103,2877.4080000000004,2877.4080000000004,0,0,0,5,1,1,1
67,1,6,ok,86,2866.2336,2866.2336,0,0,0,3,1,2,1
67,1,7,ok,74,2894.1696000000002,2894.1696000000002,0,0,0,7,1,1,1
67,1,8,ok,64,2860.6464000000001,2860.6464000000001,0,0,0,2,1,4,1
67,1,9,ok,57,2866.2336,2866.2336,0,0,0,9,1,1,1
67,1,10,ok,52,2877.4080000000004,2877.4080000000004,0,0,0,5,1,2,1
67,1,11,ok,47,2888.5824000000002,2888.5824000000002,0,0,0,11,1,1,1
67,1,12,ok,43,2866.2336,2866.2336,0,0,0,3,1,4,1
67,1,13,ok,40,2905.3440000000001,2905.3440000000001,0,0,0,1,1,13,1
67,1,14,ok,37,2894.1696000000002,2894.1696000000002,0,0,0,7,1,2,1
67,1,15,ok,35,2911.0185000000001,2911.0185000000001,0,0,0,3,1,5,1
67,1,16,ok,32,2860.6464000000001,2860.6464000000001,0,0,0,4,1,4,1
67,2,1,ok,1024,5721.2928000000002,5721.2928000000002,0,0,0,1,1,1,1
67,2,2,ok,512,5721.2928000000002,5721.2928000000002,0,0,0,1,1,2,1
67,2,3,ok,342,5732.4672,5732.4672,0,0,0,3,1,1,1
67,2,4,ok,256,5721.2928000000002,5721.2928000000002,0,0,0,1,2,2,1
67,2,5,ok,206,5754.8160000000007,5754.8160000000007,0,0,0,5,1,1,1
67,2,6,ok,171,5732.4672,5732.4672,0,0,0,3,1,2,1
67,2,7,ok,148,5788.3392000000003,5788.3392000000003,0,0,0,7,1,1,1
67,2,8,ok,128,5721.2928000000002,5721.2928000000002,0,0,0,1,2,4,1
67,2,9,ok,114,5732.4672,5732.4672,0,0,0,9,1,1,1
67,2,10,ok,103,5754.8160000000007,5754.8160000000007,0,0,0,5,1,2,1
67,2,11,ok,94,5777.1648000000005,5777.1648000000005,0,0,0,11,1,1,1
67,2,12,ok,86,5732.4672,5732.4672,0,0,0,3,1,4,1
67,2,13,ok,80,5810.6880000000001,5810.6880000000001,0,0,0,1,1,13,1
67,2,14,ok,74,5788.3392000000003,5788.3392000000003,0,0,0,7,1,2,1
67,2,15,ok,70,5822.0370000000003,5822.0370000000003,0,0,0,3,1,5,1
67,2,16,ok,64,5721.2928000000002,5721.2928000000002,0,0,0,2,2,4,1
67,4,1,ok,2048,11442.5856,11442.5856,0,0,0,1,1,1,1
67,4,2,ok,1024,11442.5856,11442.5856,0,0,0,1,1,2,1
67,4,3,ok,684,11464.9344,11464.9344,0,0,0,3,1,1,1
67,4,4,ok,512,11442.5856,11442.5856,0,0,0,1,2,2,1
67,4,5,ok,412,11509.632000000001,11509.632000000001,0,0,0,5,1,1,1
67,4,6,ok,342,11464.9344,11464.9344,0,0,0,3,1,2,1
67,4,7,ok,296,11576.678400000001,11576.678400000001,0,0,0,7,1,1,1
67,4,8,ok,256,11442.5856,11442.5856,0,0,0,1,2,4,1
67,4,9,ok,228,11464.9344,11464.9344,0,0,0,9,1,1,1
67,4,10,ok,206,11509.632000000001,11509.632000000001,0,0,0,5,1,2,1
67,4,11,ok,188,11554.329600000001,11554.329600000001,0,0,0,11,1,1,1
67,4,12,ok,171,11464.9344,11464.9344,0,0,0,3,1,4,1
67,4,13,ok,160,11621.376,11621.376,0,0,0,1,1,13,1
67,4,14,ok,148,11576.678400000001,11576.678400000001,0,0,0,7,1,2,1
67,4,15,ok,139,11644.074000000001,11644.074000000001,0,0,0,3,1,5,1
67,4,16,ok,128,11442.5856,11442.5856,0,0,0,2,2,4,1
67,8,1,ok,4096,22885.171200000001,22885.171200000001,0,0,0,1,1,1,1
67,8,2,ok,2048,22885.171200000001,22885.171200000001,0,0,0,1,1,2,1
67,8,3,ok,1368,22929.8688,22929.8688,0,0,0,3,1,1,1
67,8,4,ok,1024,22885.171200000001,22885.171200000001,0,0,0,1,2,2,1
67,8,5,ok,824,23019.264000000003,23019.264000000003,0,0,0,5,1,1,1
67,8,6,ok,684,22929.8688,22929.8688,0,0,0,3,1,2,1
67,8,7,ok,592,23153.356800000001,23153.356800000001,0,0,0,7,1,1,1
67,8,8,ok,512,22885.171200000001,22885.171200000001,0,0,0,1,2,4,1
67,8,9,ok,456,22929.8688,22929.8688,0,0,0,9,1,1,1
67,8,10,ok,412,23019.264000000003,23019.264000000003,0,0,0,5,1,2,1
67,8,11,ok,376,23108.659200000002,23108.659200000002,0,0,0,11,1,1,1
67,8,12,ok,342,22929.8688,22929.8688,0,0,0,3,1,4,1
67,8,13,ok,320,23242.752,23242.752,0,0,0,1,1,13,1
67,8,14,ok,296,23153.356800000001,23153.356800000001,0,0,0,7,1,2,1
67,8,15,ok,278,23288.148000000001,23288.148000000001,0,0,0,3,1,5,1
67,8,16,ok,256,22885.171200000001,22885.171200000001,0,0,0,2,2,4,1
67,16,1,ok,8192,45770.342400000001,45770.342400000001,0,0,0,1,1,1,1
67,16,2,ok,4096,45770.342400000001,45770.342400000001,0,0,0,1,1,2,1
67,16,3,ok,2736,45859.7376,45859.7376,0,0,0,3,1,1,1
67,16,4,ok,2048,45770.342400000001,45770.342400000001,0,0,0,1,2,2,1
67,16,5,ok,1648,46038.528000000006,46038.528000000006,0,0,0,5,1,1,1
67,16,6,ok,1368,45859.7376,45859.7376,0,0,0,3,1,2,1
67,16,7,ok,1184,46306.713600000003,46306.713600000003,0,0,0,7,1,1,1
67,16,8,ok,1024,45770.342400000001,45770.342400000001,0,0,0,1,2,4,1
67,16,9,ok,912,45859.7376,45859.7376,0,0,0,9,1,1,1
67,16,10,ok,824,46038.528000000006,46038.528000000006,0,0,0,5,1,2,1
67,16,11,ok,752,46217.318400000004,46217.318400000004,0,0,0,11,1,1,1
67,16,12,ok,684,45859.7376,45859.7376,0,0,0,3,1,4,1
67,16,13,ok,640,46485.504000000001,46485.504000000001,0,0,0,1,1,13,1
67,16,14,ok,592,46306.713600000003,46306.713600000003,0,0,0,7,1,2,1
67,16,15,ok,556,46576.296000000002,46576.296000000002,0,0,0,3,1,5,1
67,16,16,ok,512,45770.342400000001,45770.342400000001,0,0,0,2,2,4,1
67,32,1,ok,16384,91540.684800000003,91540.684800000003,0,0,0,1,1,1,1
67,32,2,ok,8192,91540.684800000003,91540.684800000003,0,0,0,1,1,2,1
67,32,3,ok,5472,91719.475200000001,91719.475200000001,0,0,0,3,1,1,1
67,32,4,ok,4096,91540.684800000003,91540.684800000003,0,0,0,1,2,2,1
67,32,5,ok,3296,92077.056000000011,92077.056000000011,0,0,0,5,1,1,1
67,32,6,ok,2736,91719.475200000001,91719.475200000001,0,0,0,3,1,2,1
67,32,7,ok,2368,92613.427200000006,92613.427200000006,0,0,0,7,1,1,1
67,32,8,ok,2048,91540.684800000003,91540.684800000003,0,0,0,1,2,4,1
67,32,9,ok,1824,91719.475200000001,91719.475200000001,0,0,0,9,1,1,1
67,32,10,ok,1648,92077.056000000011,92077.056000000011,0,0,0,5,1,2,1
67,32,11,ok,1504,92434.636800000007,92434.636800000007,0,0,0,11,1,1,1
67,32,12,ok,1368,91719.475200000001,91719.475200000001,0,0,0,3,1,4,1
67,32,13,ok,1280,92971.008000000002,92971.008000000002,0,0,0,1,1,13,1
67,32,14,ok,1184,92613.427200000006,92613.427200000006,0,0,0,7,1,2,1
67,32,15,ok,1112,93152.592000000004,93152.592000000004,0,0,0,3,1,5,1
67,32,16,ok,1024,91540.684800000003,91540.684800000003,0,0,0,2,2,4,1
67,64,1,ok,32768,183081.36960000001,183081.36960000001,0,0,0,1,1,1,1
67,64,2,ok,16384,183081.36960000001,183081.36960000001,0,0,0,1,1,2,1
67,64,3,ok,10944,183438.9504,183438.9504,0,0,0,3,1,1,1
67,64,4,ok,8192,183081.36960000001,183081.36960000001,0,0,0,1,2,2,1
67,64,5,ok,6592,184154.11200000002,184154.11200000002,0,0,0,5,1,1,1
67,64,6,ok,5472,183438.9504,183438.9504,0,0,0,3,1,2,1
67,64,7,ok,4736,185226.85440000001,185226.85440000001,0,0,0,7,1,1,1
67,64,8,ok,4096,183081.36960000001,183081.36960000001,0,0,0,1,2,4,1
67,64,9,ok,3648,183438.9504,183438.9504,0,0,0,9,1,1,1
67,64,10,ok,3296,184154.11200000002,184154.11200000002,0,0,0,5,1,2,1
67,64,11,ok,3008,184869.27360000001,184869.27360000001,0,0,0,11,1,1,1
67,64,12,ok,2736,183438.9504,183438.9504,0,0,0,3,1,4,1
67,64,13,ok,2560,185942.016,185942.016,0,0,0,1,1,13,1
67,64,14,ok,2368,185226.85440000001,185226.85440000001,0,0,0,7,1,2,1
67,64,15,ok,2223,186305.18400000001,186305.18400000001,0,0,0,3,1,5,1
67,64,16,ok,2048,183081.36960000001,183081.36960000001,0,0,0,2,2,4,1
68,1,1,ok,16384,4587387.2896000007,301989.88799999998,3913300.3776000002,0,372097.02399999998,1,1,1,1
68,1,2,ok,8192,4630011.9040000001,301989.88799999998,3921397.3503999999,0,406624.66560000001,1,1,2,1
68,1,3,ok,5472,4691360.7648,302579.712,3946969.4303999995,0,441811.62240000005,1,1,3,1
68,1,4,ok,4096,4715261.1328000007,301989.88799999998,3937591.2960000001,0,475679.94880000001,1,1,4,1
68,1,5,ok,3296,4804054.4159999993,303759.35999999999,3988109.52,0,512185.53600000008,1,1,5,1
68,1,6,ok,2752,4875407.3471999988,304349.18399999995,4023685.6703999997,0,547372.49280000001,1,1,6,1
68,1,7,ok,2368,4955480.4544000011,305528.83199999994,4066732.8576000002,0,583218.7648,1,1,7,1
68,1,8,ok,2048,4885759.590400001,301989.88799999998,3969979.1872000005,0,613790.51520000002,1,1,8,1
68,1,9,ok,1824,4947108.4511999991,302579.712,3995551.2671999987,0,648977.47200000007,1,1,9,1
68,1,10,ok,1664,5060778.3679999998,306708.47999999998,4065949.568,0,688120.32000000007,1,1,10,1
68,1,11,ok,1504,5087246.5247999998,304939.00799999997,4061637.5007999996,0,720670.01600000006,1,1,11,1
68,1,12,ok,1376,5131155.0336000007,304349.18399999995,4072267.5072000003,0,754538.34239999996,1,1,12,1
68,1,13,ok,1280,5218664.4224000005,306708.47999999998,4120252.6976000005,0,791703.24479999999,1,1,13,1
68,1,14,ok,1184,5253852.7552000005,305528.83199999994,4123411.6672,0,824912.25600000005,1,1,14,1
68,1,15,ok,1120,5367522.6720000003,309657.59999999998,4193809.9680000003,0,864055.10400000017,1,1,15,1
68,1,16,ok,1024,5306789.0688000005,301989.88799999998,4114787.5328000002,0,890011.64800000004,1,1,16,1
68,2,1,ok,32768,9132149.9648000021,603979.77599999995,7818503.7824000008,0,709666.40639999998,1,1,1,1
68,2,2,ok,16384,9174774.5792000014,603979.77599999995,7826600.7552000005,0,744194.04799999995,1,1,2,1
68,2,3,ok,10944,9254847.6864,605159.424,7869647.9423999991,0,780040.32000000007,1,1,3,1
68,2,4,ok,8192,9260023.8080000002,603979.77599999995,7842794.7007999998,0,813249.33120000002,1,2,2,1
68,2,5,ok,6592,9394985.7599999979,607518.71999999997,7935734.175999999,0,851732.86400000006,1,1,5,1
68,2,6,ok,5472,9382721.5296,605159.424,7893938.860799999,0,883623.2448000001,1,2,3,1
68,2,7,ok,4736,9612588.6080000009,611057.66399999987,8076786.9056000002,0,924744.03840000008,1,1,7,1
68,2,8,ok,4096,9430522.2656000014,603979.77599999995,7875182.5920000002,0,951359.89760000003,1,2,4,1
68,2,9,ok,3648,9510595.3728,605159.424,7918229.7791999988,0,987206.16960000014,1,1,9,1
68,2,10,ok,3296,9608108.8319999985,607518.71999999997,7976219.04,0,1024371.0720000002,1,2,5,1
68,2,11,ok,3008,9705622.2912000008,609878.01599999995,8034208.3007999994,0,1061535.9744000002,1,1,11,1
68,2,12,ok,2752,9750814.6943999976,608698.3679999999,8047371.3407999994,0,1094744.9856,1,2,6,1
68,2,13,ok,2560,9883208.8576000016,613416.95999999996,8135244.7488000011,0,1134547.1488000001,1,1,13,1
68,2,14,ok,2368,9910960.9088000022,611057.66399999987,8133465.7152000004,0,1166437.5296,1,2,7,1
68,2,15,ok,2240,10095676.128,619315.19999999995,8266165.3440000005,0,1210195.5840000003,1,1,15,1
68,2,16,ok,2048,9771519.1808000021,603979.77599999995,7939958.374400001,0,1227581.0304,1,2,8,1
68,4,1,ok,65536,17210078.003200002,1207959.5519999999,14617313.280000001,0,1384805.1712,1,1,1,1
68,4,2,ok,32768,17276993.535999998,1207959.5519999999,14649701.1712,0,1419332.8128,1,1,2,1
68,4,3,ok,21888,17416782.835200001,1210318.848,14749966.272,0,1456497.7152,1,1,3,1
68,4,4,ok,16384,17410824.601600002,1207959.5519999999,14714476.953600001,0,1488388.0959999999,1,1,4,1
68,4,5,ok,13184,17656345.151999999,1215037.4399999999,14910480.191999998,0,1530827.52,1,1,5,1
68,4,6,ok,11008,17836150.732799999,1217396.7359999998,15050761.5744,0,1567992.4224,1,1,6,1
68,4,7,ok,9472,18048813.7984,1222115.3279999997,15218903.8848,0,1607794.5856000003,1,1,7,1
68,4,8,ok,8192,17678486.732800003,1207959.5519999999,14844028.518400002,0,1626498.6624,1,1,8,1
68,4,9,ok,7296,17818276.031999998,1210318.848,14944293.619199999,0,1663663.5648000003,1,1,9,1
68,4,10,ok,6656,18155210.240000002,1226833.9199999999,15211724.288000001,0,1716652.0319999999,1,1,10,1
68,4,11,ok,6016,18163569.599999994,1219756.0319999999,15200545.676799998,0,1743267.8912,1,1,11,1
68,4,12,ok,5504,18237643.929599997,1217396.7359999998,15245088.921599999,0,1775158.2719999999,1,1,12,1
68,4,13,ok,5120,18476005.683200002,1226833.9199999999,15428936.806400003,0,1820234.9568,1,1,13,1
68,4,14,ok,4736,18517222.528000005,1222115.3279999997,15445619.123200003,0,1849488.0768000002,1,1,14,1
68,4,15,ok,4480,18854156.736000001,1238630.3999999999,15713049.791999999,0,1902476.544,1,1,15,1
68,4,16,ok,4096,18533941.248000003,1207959.5519999999,15423261.900800001,0,1902719.7952000001,1,1,16,1
68,8,1,ok,131072,34353240.473600008,2415919.1039999998,29202238.668800004,0,2735082.7008000002,1,1,1,1
68,8,2,ok,65536,34420156.006400004,2415919.1039999998,29234626.560000002,0,2769610.3424,1,1,2,1
68,8,3,ok,43776,34632819.071999997,2420637.696,29402768.870399997,0,2809412.5056000003,1,1,3,1
68,8,4,ok,32768,34553987.071999997,2415919.1039999998,29299402.342399999,0,2838665.6255999999,1,2,2,1
68,8,5,ok,26368,34978112.639999993,2430074.8799999999,29659020.927999996,0,2889016.8320000004,1,1,5,1
68,8,6,ok,21888,34833565.670400001,2420637.696,29499932.544,0,2912995.4304,1,2,3,1
68,8,7,ok,18944,35629218.867200002,2444230.6559999995,30211092.531200003,0,2973895.6799999997,1,1,7,1
68,8,8,ok,16384,34821649.203200005,2415919.1039999998,29428953.907200001,0,2976776.1919999998,1,2,4,1
68,8,9,ok,14592,35034312.26879999,2420637.696,29597096.217599992,0,3016578.3552000006,1,1,9,1
68,8,10,ok,13184,35312690.303999998,2430074.8799999999,29820960.383999996,0,3061655.04,1,2,5,1
68,8,11,ok,12032,35591068.339199997,2439512.0639999998,30044824.550399996,0,3106731.7248,1,1,11,1
68,8,12,ok,11008,35672301.465599999,2434793.4719999996,30101523.148800001,0,3135984.8448000001,1,2,6,1
68,8,13,ok,10240,36082109.440000005,2453667.8399999999,30436831.027200006,0,3191610.5728000002,1,1,13,1
68,8,14,ok,9472,36097627.596799999,2444230.6559999995,30437807.7696,0,3215589.1712000007,1,2,7,1
68,8,15,ok,8960,36704580.480000004,2477260.7999999998,30940281.215999998,0,3287038.4640000002,1,1,15,1
68,8,16,ok,8192,35356973.465600006,2415919.1039999998,29688057.036800005,0,3252997.3248000001,1,2,8,1
68,16,1,ok,262144,68639565.414399996,4831838.2079999996,58372089.446400002,0,5435637.7599999998,1,1,1,1
68,16,2,ok,131072,68706480.947200015,4831838.2079999996,58404477.337600008,0,5470165.4016000004,1,1,2,1
68,16,3,ok,87552,69064891.545599997,4841275.392,58708374.067199998,0,5515242.0864000004,1,1,3,1
68,16,4,ok,65536,68840312.012800008,4831838.2079999996,58469253.120000005,0,5539220.6847999999,1,2,2,1
68,16,5,ok,52736,69621647.615999997,4860149.7599999998,59156102.399999991,0,5605395.4560000002,1,1,5,1
68,16,6,ok,43776,69265638.143999994,4841275.392,58805537.740799993,0,5618825.0112000005,1,2,3,1
68,16,7,ok,37888,70790029.004800007,4888461.311999999,60195469.824000001,0,5706097.8688000003,1,1,7,1
68,16,8,ok,32768,69107974.143999994,4831838.2079999996,58598804.684799999,0,5677331.2511999998,1,2,4,1
68,16,9,ok,29184,69466384.742400005,4841275.392,58902701.414399996,0,5722407.9360000007,1,1,9,1
68,16,10,ok,26368,69956225.279999986,4860149.7599999998,59318041.855999991,0,5778033.6640000008,1,2,5,1
68,16,11,ok,24064,70446065.817599997,4879024.1279999996,59733382.297599994,0,5833659.392,1,1,11,1
68,16,12,ok,21888,69667131.340800002,4841275.392,58999865.088,0,5825990.8607999999,1,4,3,1
68,16,13,ok,20480,71294316.953600004,4907335.6799999997,60452619.468800008,0,5934361.804800001,1,1,13,1
68,16,14,ok,18944,71258437.734400004,4888461.311999999,60422185.062400006,0,5947791.3599999994,1,2,7,1
68,16,15,ok,17920,72405427.967999995,4954521.5999999996,61394744.063999988,0,6056162.3040000005,1,1,15,1
68,16,16,ok,16384,69643298.40640001,4831838.2079999996,58857907.814400002,0,5953552.3839999996,1,4,4,1
68,32,1,ok,524288,137212215.296,9663676.4159999993,116711791.0016,0,10836747.8784,1,1,1,1
68,32,2,ok,262144,137279130.82879999,9663676.4159999993,116744178.8928,0,10871275.52,1,1,2,1
68,32,3,ok,175104,137929036.4928,9682550.784,117319584.46079998,0,10926901.248,1,1,3,1
68,32,4,ok,131072,137412961.89440003,9663676.4159999993,116808954.67520002,0,10940330.803200001,1,2,2,1
68,32,5,ok,105472,138908717.56799999,9720299.5199999996,118150265.344,0,11038152.704,1,1,5,1
68,32,6,ok,87552,138129783.09119999,9682550.784,117416748.1344,0,11030484.172800001,1,2,3,1
68,32,7,ok,75776,141111649.28000003,9776922.623999998,120164224.40960002,0,11170502.246400002,1,1,7,1
68,32,8,ok,65536,137680624.02560002,9663676.4159999993,116938506.24000001,0,11078441.3696,1,2,4,1
68,32,9,ok,58368,138330529.68959999,9682550.784,117513911.80799997,0,11134067.097600002,1,1,9,1
68,32,10,ok,52736,139243295.23199999,9720299.5199999996,118312204.79999998,0,11210790.912,1,2,5,1
68,32,11,ok,48128,140156060.7744,9758048.2559999991,119110497.79199998,0,11287514.726400001,1,1,11,1
68,32,12,ok,43776,138531276.28799999,9682550.784,117611075.48159999,0,11237650.022400001,1,4,3,1
68,32,13,ok,40960,141718731.9808,9814671.3599999994,120484196.352,0,11419864.2688,1,1,13,1
68,32,14,ok,37888,141580058.00960001,9776922.623999998,120390939.648,0,11412195.737600001,1,2,7,1
68,32,15,ok,35840,143807122.94400004,9909043.1999999993,122303669.76000001,0,11594409.984000001,1,1,15,1
68,32,16,ok,32768,138215948.28799999,9663676.4159999993,117197609.3696,0,11354662.5024,1,4,4,1
68,64,1,ok,1048576,274357515.05919999,19327352.831999999,233391194.11199999,0,21638968.115200002,1,1,1,1
68,64,2,ok,524288,274424430.59200001,19327352.831999999,233423582.00319999,0,21673495.7568,1,1,2,1
68,64,3,ok,350208,275657326.3872,19365101.568,234542005.24799997,0,21750219.571200002,1,1,3,1
68,64,4,ok,262144,274558261.65759999,19327352.831999999,233488357.78560001,0,21742551.039999999,1,2,2,1
68,64,5,ok,210944,277482857.47199994,19440599.039999999,236138591.23199996,0,21903667.200000003,1,1,5,1
68,64,6,ok,175104,275858072.98559999,19365101.568,234639168.92159995,0,21853802.495999999,1,2,3,1
68,64,7,ok,151552,281754889.83040005,19553845.247999996,240101733.58080006,0,22099311.001599997,1,1,7,1
68,64,8,ok,131072,274825923.78880006,19327352.831999999,233617909.35040003,0,21880661.606400002,1,2,4,1
68,64,9,ok,116736,276058819.58399993,19365101.568,234736332.59519997,0,21957385.4208,1,1,9,1
68,64,10,ok,105472,277817435.13599998,19440599.039999999,236300530.68799999,0,22076305.408,1,2,5,1
68,64,11,ok,96256,279576050.68799996,19516096.511999998,237864728.78079998,0,22195225.395200003,1,1,11,1
68,64,12,ok,87552,276259566.18239999,19365101.568,234833496.26879999,0,22060968.345600002,1,4,3,1
68,64,13,ok,81920,282567562.03520006,19629342.719999999,240547350.11840004,0,22390869.196800001,1,1,13,1
68,64,14,ok,75776,282223298.56000006,19553845.247999996,240328448.81920004,0,22341004.492800005,1,2,7,1
68,64,15,ok,71680,286610512.89600003,19818086.399999999,244121521.15199998,0,22670905.344000001,1,1,15,1
68,64,16,ok,65536,275361248.05120003,19327352.831999999,233877012.48000002,0,22156882.7392,1,4,4,1
69,1,1,ok,512,2860.6464000000001,2860.6464000000001,0,0,0,1,1,1,1
69,1,2,ok,256,2860.6464000000001,2860.6464000000001,0,0,0,1,1,2,1
69,1,3,ok,171,2866.2336,2866.2336,0,0,0,3,1,1,1
69,1,4,ok,128,2860.6464000000001,2860.6464000000001,0,0,0,2,1,2,1
69,1,5,ok,103,2877.4080000000004,2877.4080000000004,0,0,0,5,1,1,1
69,1,6,ok,86,2866.2336,2866.2336,0,0,0,3,1,2,1
69,1,7,ok,74,2894.1696000000002,2894.1696000000002,0,0,0,7,1,1,1
69,1,8,ok,64,2860.6464000000001,2860.6464000000001,0,0,0,2,1,4,1
69,1,9,ok,57,2866.2336,2866.2336,0,0,0,9,1,1,1
69,1,10,ok,52,2877.4080000000004,2877.4080000000004,0,0,0,5,1,2,1
69,1,11,ok,47,2888.5824000000002,2888.5824000000002,0,0,0,11,1,1,1
69,1,12,ok,43,2866.2336,2866.2336,0,0,0,3,1,4,1
69,1,13,ok,40,2905.3440000000001,2905.3440000000001,0,0,0,1,1,13,1
69,1,14,ok,37,2894.1696000000002,2894.1696000000002,0,0,0,7,1,2,1
69,1,15,ok,35,2911.0185000000001,2911.0185000000001,0,0,0,3,1,5,1
69,1,16,ok,32,2860.6464000000001,2860.6464000000001,0,0,0,4,1,4,1
69,2,1,ok,1024,5721.2928000000002,5721.2928000000002,0,0,0,1,1,1,1
69,2,2,ok,512,5721.2928000000002,5721.2928000000002,0,0,0,1,1,2,1
69,2,3,ok,342,5732.4672,5732.4672,0,0,0,3,1,1,1
69,2,4,ok,256,5721.2928000000002,5721.2928000000002,0,0,0,1,2,2,1
69,2,5,ok,206,5754.8160000000007,5754.8160000000007,0,0,0,5,1,1,1
69,2,6,ok,171,5732.4672,5732.4672,0,0,0,3,1,2,1
69,2,7,ok,148,5788.3392000000003,5788.3392000000003,0,0,0,7,1,1,1
69,2,8,ok,128,5721.2928000000002,5721.2928000000002,0,0,0,1,2,4,1
69,2,9,ok,114,5732.4672,5732.4672,0,0,0,9,1,1,1
69,2,10,ok,103,5754.8160000000007,5754.8160000000007,0,0,0,5,1,2,1
69,2,11,ok,94,5777.1648000000005,5777.1648000000005,0,0,0,11,1,1,1
69,2,12,ok,86,5732.4672,5732.4672,0,0,0,3,1,4,1
69,2,13,ok,80,5810.6880000000001,5810.6880000000001,0,0,0,1,1,13,1
69,2,14,ok,74,5788.3392000000003,5788.3392000000003,0,0,0,7,1,2,1
69,2,15,ok,70,5822.0370000000003,5822.0370000000003,0,0,0,3,1,5,1
69,2,16,ok,64,5721.2928000000002,5721.2928000000002,0,0,0,2,2,4,1
69,4,1,ok,2048,11442.5856,11442.5856,0,0,0,1,1,1,1
69,4,2,ok,1024,11442.5856,11442.5856,0,0,0,1,1,2,1
69,4,3,ok,684,11464.9344,11464.9344,0,0,0,3,1,1,1
69,4,4,ok,512,11442.5856,11442.5856,0,0,0,1,2,2,1
69,4,5,ok,412,11509.632000000001,11509.632000000001,0,0,0,5,1,1,1
69,4,6,ok,342,11464.9344,11464.9344,0,0,0,3,1,2,1
69,4,7,ok,296,11576.678400000001,11576.678400000001,0,0,0,7,1,1,1
69,4,8,ok,256,11442.5856,11442.5856,0,0,0,1,2,4,1
69,4,9,ok,228,11464.9344,11464.9344,0,0,0,9,1,1,1
69,4,10,ok,206,11509.632000000001,11509.632000000001,0,0,0,5,1,2,1
69,4,11,ok,188,11554.329600000001,11554.329600000001,0,0,0,11,1,1,1
69,4,12,ok,171,11464.9344,11464.9344,0,0,0,3,1,4,1
69,4,13,ok,160,11621.376,11621.376,0,0,0,1,1,13,1
69,4,14,ok,148,11576.678400000001,11576.678400000001,0,0,0,7,1,2,1
69,4,15,ok,139,11644.074000000001,11644.074000000001,0,0,0,3,1,5,1
69,4,16,ok,128,11442.5856,11442.5856,0,0,0,2,2,4,1
69,8,1,ok,4096,22885.171200000001,22885.171200000001,0,0,0,1,1,1,1
69,8,2,ok,2048,22885.171200000001,22885.171200000001,0,0,0,1,1,2,1
69,8,3,ok,1368,22929.8688,22929.8688,0,0,0,3,1,1,1
69,8,4,ok,1024,22885.171200000001,22885.171200000001,0,0,0,1,2,2,1
69,8,5,ok,824,23019.264000000003,23019.264000000003,0,0,0,5,1,1,1
69,8,6,ok,684,22929.8688,22929.8688,0,0,0,3,1,2,1
69,8,7,ok,592,23153.356800000001,23153.356800000001,0,0,0,7,1,1,1
69,8,8,ok,512,22885.171200000001,22885.171200000001,0,0,0,1,2,4,1
69,8,9,ok,456,22929.8688,22929.8688,0,0,0,9,1,1,1
69,8,10,ok,412,23019.264000000003,23019.264000000003,0,0,0,5,1,2,1
69,8,11,ok,376,23108.659200000002,23108.659200000002,0,0,0,11,1,1,1
69,8,12,ok,342,22929.8688,22929.8688,0,0,0,3,1,4,1
69,8,13,ok,320,23242.752,23242.752,0,0,0,1,1,13,1
69,8,14,ok,296,23153.356800000001,23153.356800000001,0,0,0,7,1,2,1
69,8,15,ok,278,23288.148000000001,23288.148000000001,0,0,0,3,1,5,1
69,8,16,ok,256,22885.171200000001,22885.171200000001,0,0,0,2,2,4,1
69,16,1,ok,8192,45770.342400000001,45770.342400000001,0,0,0,1,1,1,1
69,16,2,ok,4096,45770.342400000001,45770.342400000001,0,0,0,1,1,2,1
69,16,3,ok,2736,45859.7376,45859.7376,0,0,0,3,1,1,1
69,16,4,ok,2048,45770.342400000001,45770.342400000001,0,0,0,1,2,2,1
69,16,5,ok,1648,46038.528000000006,46038.528000000006,0,0,0,5,1,1,1
69,16,6,ok,1368,45859.7376,45859.7376,0,0,0,3,1,2,1
69,16,7,ok,1184,46306.713600000003,46306.713600000003,0,0,0,7,1,1,1
69,16,8,ok,1024,45770.342400000001,45770.342400000001,0,0,0,1,2,4,1
69,16,9,ok,912,45859.7376,45859.7376,0,0,0,9,1,1,1
69,16,10,ok,824,46038.528000000006,46038.528000000006,0,0,0,5,1,2,1
69,16,11,ok,752,46217.318400000004,46217.318400000004,0,0,0,11,1,1,1
69,16,12,ok,684,45859.7376,45859.7376,0,0,0,3,1,4,1
69,16,13,ok,640,46485.504000000001,46485.504000000001,0,0,0,1,1,13,1
69,16,14,ok,592,46306.713600000003,46306.713600000003,0,0,0,7,1,2,1
69,16,15,ok,556,46576.296000000002,46576.296000000002,0,0,0,3,1,5,1
69,16,16,ok,512,45770.342400000001,45770.342400000001,0,0,0,2,2,4,1
69,32,1,ok,16384,91540.684800000003,91540.684800000003,0,0,0,1,1,1,1
69,32,2,ok,8192,91540.684800000003,91540.684800000003,0,0,0,1,1,2,1
69,32,3,ok,5472,91719.475200000001,91719.475200000001,0,0,0,3,1,1,1
69,32,4,ok,4096,91540.684800000003,91540.684800000003,0,0,0,1,2,2,1
69,32,5,ok,3296,92077.056000000011,92077.056000000011,0,0,0,5,1,1,1
69,32,6,ok,2736,91719.475200000001,91719.475200000001,0,0,0,3,1,2,1
69,32,7,ok,2368,92613.427200000006,92613.427200000006,0,0,0,7,1,1,1
69,32,8,ok,2048,91540.684800000003,91540.684800000003,0,0,0,1,2,4,1
69,32,9,ok,1824,91719.475200000001,91719.475200000001,0,0,0,9,1,1,1
69,32,10,ok,1648,92077.056000000011,92077.056000000011,0,0,0,5,1,2,1
69,32,11,ok,1504,92434.636800000007,92434.636800000007,0,0,0,11,1,1,1
69,32,12,ok,1368,91719.475200000001,91719.475200000001,0,0,0,3,1,4,1
69,32,13,ok,1280,92971.008000000002,92971.008000000002,0,0,0,1,1,13,1
69,32,14,ok,1184,92613.427200000006,92613.427200000006,0,0,0,7,1,2,1
69,32,15,ok,1112,93152.592000000004,93152.592000000004,0,0,0,3,1,5,1
69,32,16,ok,1024,91540.684800000003,91540.684800000003,0,0,0,2,2,4,1
69,64,1,ok,32768,183081.36960000001,183081.36960000001,0,0,0,1,1,1,1
69,64,2,ok,16384,183081.36960000001,183081.36960000001,0,0,0,1,1,2,1
69,64,3,ok,10944,183438.9504,183438.9504,0,0,0,3,1,1,1
69,64,4,ok,8192,183081.36960000001,183081.36960000001,0,0,0,1,2,2,1
69,64,5,ok,6592,184154.11200000002,184154.11200000002,0,0,0,5,1,1,1
69,64,6,ok,5472,183438.9504,183438.9504,0,0,0,3,1,2,1
69,64,7,ok,4736,185226.85440000001,185226.85440000001,0,0,0,7,1,1,1
69,64,8,ok,4096,183081.36960000001,183081.36960000001,0,0,0,1,2,4,1
69,64,9,ok,3648,183438.9504,183438.9504,0,0,0,9,1,1,1
69,64,10,ok,3296,184154.11200000002,184154.11200000002,0,0,0,5,1,2,1
69,64,11,ok,3008,184869.27360000001,184869.27360000001,0,0,0,11,1,1,1
69,64,12,ok,2736,183438.9504,183438.9504,0,0,0,3,1,4,1
69,64,13,ok,2560,185942.016,185942.016,0,0,0,1,1,13,1
69,64,14,ok,2368,185226.85440000001,185226.85440000001,0,0,0,7,1,2,1
69,64,15,ok,2223,186305.18400000001,186305.18400000001,0,0,0,3,1,5,1
69,64,16,ok,2048,183081.36960000001,183081.36960000001,0,0,0,2,2,4,1
70,1,1,ok,4096,22885.171200000001,22885.171200000001,0,0,0,1,1,1,1
70,1,2,ok,2048,22885.171200000001,22885.171200000001,0,0,0,1,1,2,1
70,1,3,ok,1366,22896.345600000001,22896.345600000001,0,0,0,3,1,1,1
70,1,4,ok,1024,22885.171200000001,22885.171200000001,0,0,0,2,1,2,1
70,1,5,ok,820,22907.52,22907.52,0,0,0,5,1,1,1
70,1,6,ok,683,22896.345600000001,22896.345600000001,0,0,0,3,1,2,1
70,1,7,ok,586,22918.6944,22918.6944,0,0,0,7,1,1,1
70,1,8,ok,512,22885.171200000001,22885.171200000001,0,0,0,2,1,4,1
70,1,9,ok,456,22929.8688,22929.8688,0,0,0,9,1,1,1
70,1,10,ok,410,22907.52,22907.52,0,0,0,5,1,2,1
70,1,11,ok,373,22924.281599999998,22924.281599999998,0,0,0,11,1,1,1
70,1,12,ok,342,22896.345600000001,22896.345600000001,0,0,0,3,1,4,1
70,1,13,ok,316,22952.2176,22952.2176,0,0,0,13,1,1,1
70,1,14,ok,293,22918.6944,22918.6944,0,0,0,7,1,2,1
70,1,15,ok,274,22963.392,22963.392,0,0,0,15,1,1,1
70,1,16,ok,256,22885.171200000001,22885.171200000001,0,0,0,4,1,4,1
70,2,1,ok,8192,45770.342400000001,45770.342400000001,0,0,0,1,1,1,1
70,2,2,ok,4096,45770.342400000001,45770.342400000001,0,0,0,1,1,2,1
70,2,3,ok,2732,45792.691200000001,45792.691200000001,0,0,0,3,1,1,1
70,2,4,ok,2048,45770.342400000001,45770.342400000001,0,0,0,1,2,2,1
70,2,5,ok,1640,45815.040000000001,45815.040000000001,0,0,0,5,1,1,1
70,2,6,ok,1366,45792.691200000001,45792.691200000001,0,0,0,3,1,2,1
70,2,7,ok,1172,45837.388800000001,45837.388800000001,0,0,0,7,1,1,1
70,2,8,ok,1024,45770.342400000001,45770.342400000001,0,0,0,1,2,4,1
70,2,9,ok,912,45859.7376,45859.7376,0,0,0,9,1,1,1
70,2,10,ok,820,45815.040000000001,45815.040000000001,0,0,0,5,1,2,1
70,2,11,ok,746,45848.563199999997,45848.563199999997,0,0,0,11,1,1,1
70,2,12,ok,683,45792.691200000001,45792.691200000001,0,0,0,3,1,4,1
70,2,13,ok,632,45904.4352,45904.4352,0,0,0,13,1,1,1
70,2,14,ok,586,45837.388800000001,45837.388800000001,0,0,0,7,1,2,1
70,2,15,ok,548,45926.784,45926.784,0,0,0,15,1,1,1
70,2,16,ok,512,45770.342400000001,45770.342400000001,0,0,0,2,2,4,1
70,4,1,ok,16384,91540.684800000003,91540.684800000003,0,0,0,1,1,1,1
70,4,2,ok,8192,91540.684800000003,91540.684800000003,0,0,0,1,1,2,1
70,4,3,ok,5464,91585.382400000002,91585.382400000002,0,0,0,3,1,1,1
70,4,4,ok,4096,91540.684800000003,91540.684800000003,0,0,0,1,2,2,1
70,4,5,ok,3280,91630.080000000002,91630.080000000002,0,0,0,5,1,1,1
70,4,6,ok,2732,91585.382400000002,91585.382400000002,0,0,0,3,1,2,1
70,4,7,ok,2344,91674.777600000001,91674.777600000001,0,0,0,7,1,1,1
70,4,8,ok,2048,91540.684800000003,91540.684800000003,0,0,0,1,2,4,1
70,4,9,ok,1824,91719.475200000001,91719.475200000001,0,0,0,9,1,1,1
70,4,10,ok,1640,91630.080000000002,91630.080000000002,0,0,0,5,1,2,1
70,4,11,ok,1492,91697.126399999994,91697.126399999994,0,0,0,11,1,1,1
70,4,12,ok,1366,91585.382400000002,91585.382400000002,0,0,0,3,1,4,1
70,4,13,ok,1264,91808.8704,91808.8704,0,0,0,13,1,1,1
70,4,14,ok,1172,91674.777600000001,91674.777600000001,0,0,0,7,1,2,1
70,4,15,ok,1096,91853.567999999999,91853.567999999999,0,0,0,15,1,1,1
70,4,16,ok,1024,91540.684800000003,91540.684800000003,0,0,0,2,2,4,1
70,8,1,ok,32768,183081.36960000001,183081.36960000001,0,0,0,1,1,1,1
70,8,2,ok,16384,183081.36960000001,183081.36960000001,0,0,0,1,1,2,1
70,8,3,ok,10928,183170.7648,183170.7648,0,0,0,3,1,1,1
70,8,4,ok,8192,183081.36960000001,183081.36960000001,0,0,0,1,2,2,1
70,8,5,ok,6560,183260.16,183260.16,0,0,0,5,1,1,1
70,8,6,ok,5464,183170.7648,183170.7648,0,0,0,3,1,2,1
70,8,7,ok,4688,183349.5552,183349.5552,0,0,0,7,1,1,1
70,8,8,ok,4096,183081.36960000001,183081.36960000001,0,0,0,1,2,4,1
70,8,9,ok,3648,183438.9504,183438.9504,0,0,0,9,1,1,1
70,8,10,ok,3280,183260.16,183260.16,0,0,0,5,1,2,1
70,8,11,ok,2984,183394.25279999999,183394.25279999999,0,0,0,11,1,1,1
70,8,12,ok,2732,183170.7648,183170.7648,0,0,0,3,1,4,1
70,8,13,ok,2528,183617.7408,183617.7408,0,0,0,13,1,1,1
70,8,14,ok,2344,183349.5552,183349.5552,0,0,0,7,1,2,1
70,8,15,ok,2192,183707.136,183707.136,0,0,0,15,1,1,1
70,8,16,ok,2048,183081.36960000001,183081.36960000001,0,0,0,2,2,4,1
70,16,1,ok,65536,366162.73920000001,366162.73920000001,0,0,0,1,1,1,1
70,16,2,ok,32768,366162.73920000001,366162.73920000001,0,0,0,1,1,2,1
70,16,3,ok,21856,366341.52960000001,366341.52960000001,0,0,0,3,1,1,1
70,16,4,ok,16384,366162.73920000001,366162.73920000001,0,0,0,1,2,2,1
70,16,5,ok,13120,366520.32000000001,366520.32000000001,0,0,0,5,1,1,1
70,16,6,ok,10928,366341.52960000001,366341.52960000001,0,0,0,3,1,2,1
70,16,7,ok,9376,366699.11040000001,366699.11040000001,0,0,0,7,1,1,1
70,16,8,ok,8192,366162.73920000001,366162.73920000001,0,0,0,1,2,4,1
70,16,9,ok,7296,366877.9008,366877.9008,0,0,0,9,1,1,1
70,16,10,ok,6560,366520.32000000001,366520.32000000001,0,0,0,5,1,2,1
70,16,11,ok,5968,366788.50559999997,366788.50559999997,0,0,0,11,1,1,1
70,16,12,ok,5464,366341.52960000001,366341.52960000001,0,0,0,3,1,4,1
70,16,13,ok,5056,367235.4816,367235.4816,0,0,0,13,1,1,1
70,16,14,ok,4688,366699.11040000001,366699.11040000001,0,0,0,7,1,2,1
70,16,15,ok,4384,367414.272,367414.272,0,0,0,15,1,1,1
70,16,16,ok,4096,366162.73920000001,366162.73920000001,0,0,0,2,2,4,1
70,32,1,ok,131072,732325.47840000002,732325.47840000002,0,0,0,1,1,1,1
70,32,2,ok,65536,732325.47840000002,732325.47840000002,0,0,0,1,1,2,1
70,32,3,ok,43712,732683.05920000002,732683.05920000002,0,0,0,3,1,1,1
70,32,4,ok,32768,732325.47840000002,732325.47840000002,0,0,0,1,2,2,1
70,32,5,ok,26240,733040.64000000001,733040.64000000001,0,0,0,5,1,1,1
70,32,6,ok,21856,732683.05920000002,732683.05920000002,0,0,0,3,1,2,1
70,32,7,ok,18752,733398.22080000001,733398.22080000001,0,0,0,7,1,1,1
70,32,8,ok,16384,732325.47840000002,732325.47840000002,0,0,0,1,2,4,1
70,32,9,ok,14592,733755.80160000001,733755.80160000001,0,0,0,9,1,1,1
70,32,10,ok,13120,733040.64000000001,733040.64000000001,0,0,0,5,1,2,1
70,32,11,ok,11936,733577.01119999995,733577.01119999995,0,0,0,11,1,1,1
70,32,12,ok,10928,732683.05920000002,732683.05920000002,0,0,0,3,1,4,1
70,32,13,ok,10112,734470.9632,734470.9632,0,0,0,13,1,1,1
70,32,14,ok,9376,733398.22080000001,733398.22080000001,0,0,0,7,1,2,1
70,32,15,ok,8768,734828.54399999999,734828.54399999999,0,0,0,15,1,1,1
70,32,16,ok,8192,732325.47840000002,732325.47840000002,0,0,0,2,2,4,1
70,64,1,ok,262144,1464650.9568,1464650.9568,0,0,0,1,1,1,1
70,64,2,ok,131072,1464650.9568,1464650.9568,0,0,0,1,1,2,1
70,64,3,ok,87424,1465366.1184,1465366.1184,0,0,0,3,1,1,1
70,64,4,ok,65536,1464650.9568,1464650.9568,0,0,0,1,2,2,1
70,64,5,ok,52480,1466081.28,1466081.28,0,0,0,5,1,1,1
70,64,6,ok,43712,1465366.1184,1465366.1184,0,0,0,3,1,2,1
70,64,7,ok,37504,1466796.4416,1466796.4416,0,0,0,7,1,1,1
70,64,8,ok,32768,1464650.9568,1464650.9568,0,0,0,1,2,4,1
70,64,9,ok,29184,1467511.6032,1467511.6032,0,0,0,9,1,1,1
70,64,10,ok,26240,1466081.28,1466081.28,0,0,0,5,1,2,1
70,64,11,ok,23872,1467154.0223999999,1467154.0223999999,0,0,0,11,1,1,1
70,64,12,ok,21856,1465366.1184,1465366.1184,0,0,0,3,1,4,1
70,64,13,ok,20224,1468941.9264,1468941.9264,0,0,0,13,1,1,1
70,64,14,ok,18752,1466796.4416,1466796.4416,0,0,0,7,1,2,1
70,64,15,ok,17536,1469657.088,1469657.088,0,0,0,15,1,1,1
70,64,16,ok,16384,1464650.9568,1464650.9568,0,0,0,2,2,4,1
71,1,1,ok,131072,32348477.849599998,2415919.1039999998,28889330.483199999,0,1043228.2624000001,1,1,1,1
71,1,2,ok,65536,32689474.764800001,2415919.1039999998,28954106.265600003,0,1319449.3952000001,1,1,2,1
71,1,3,ok,43776,33171768.345600002,2420637.696,29153962.060799997,0,1597168.5888,1,1,3,1
71,1,4,ok,32768,33310991.974399999,2415919.1039999998,29299402.342399999,0,1595670.5280000002,2,1,2,1
71,1,5,ok,26368,34056322.943999998,2430074.8799999999,29473641.087999996,0,2152606.9760000003,1,1,5,1
71,1,6,ok,21888,33794499.456,2420637.696,29499932.544,0,1873929.216,2,1,3,1
71,1,7,ok,18944,35242239.334400006,2444230.6559999995,30088465.2544,0,2709543.4239999996,1,1,7,1
71,1,8,ok,16384,33992985.804800004,2415919.1039999998,29428953.907200001,0,2148112.7936,2,1,4,1
71,1,9,ok,14592,35217749.836799994,2420637.696,29542616.755199991,0,3254495.3856000006,1,1,9,1
71,1,10,ok,13184,34681481.855999991,2430074.8799999999,29820960.383999996,0,2430446.5920000002,2,1,5,1
71,1,11,ok,12032,36304865.203199998,2439512.0639999998,30052423.244799998,0,3812929.8944000001,1,1,11,1
71,1,12,ok,10944,35039961.676799998,2420637.696,30191873.510399994,0,2427450.4704,4,1,3,1
71,1,13,ok,10240,37330716.467200011,2453667.8399999999,30507182.284800004,0,4369866.3424000004,1,1,13,1
71,1,14,ok,9472,35871039.948799998,2444230.6559999995,30437807.7696,0,2989001.5231999997,2,1,7,1
71,1,15,ok,8960,38479095.936000004,2477260.7999999998,31072036.223999999,0,4929798.9120000005,1,1,15,1
71,1,16,ok,8192,35236020.223999999,2415919.1039999998,30119546.060800001,0,2700555.0592,4,1,4,1
71,2,1,ok,262144,64355958.783999994,4831838.2079999996,57713885.184,0,1810235.392,1,1,1,1
71,2,2,ok,131072,64696955.699199997,4831838.2079999996,57778660.966399997,0,2086456.5248000002,1,1,2,1
71,2,3,ok,87552,65320545.945599988,4841275.392,58113596.774399996,0,2365673.7791999998,1,1,3,1
71,2,4,ok,65536,65378949.529600002,4831838.2079999996,57908212.531200007,0,2638898.7904000003,1,2,2,1
71,2,5,ok,52736,66407661.311999999,4860149.7599999998,58623403.263999999,0,2924108.2880000002,1,1,5,1
71,2,6,ok,43776,66343536.691200003,4841275.392,58307924.121599995,0,3194337.1776000001,1,2,3,1
71,2,7,ok,37888,68097500.262400016,4888461.311999999,59723500.032000005,0,3485538.9183999998,1,1,7,1
71,2,8,ok,32768,66621983.948799998,4831838.2079999996,58598804.684799999,0,3191341.0560000003,2,1,4,1
71,2,9,ok,29184,67366527.436800003,4841275.392,58502251.468799993,0,4023000.5760000004,1,1,9,1
71,2,10,ok,26368,67657979.135999992,4860149.7599999998,59318041.855999991,0,3479787.5200000005,2,1,5,1
71,2,11,ok,24064,68858764.339200005,4879024.1279999996,59392312.883199997,0,4587427.3280000007,1,1,11,1
71,2,12,ok,21888,67588998.912,4841275.392,58999865.088,0,3747858.432,2,2,3,1
71,2,13,ok,20480,70228473.036800012,4907335.6799999997,60172279.398400009,0,5148857.9584000008,1,1,13,1
71,2,14,ok,18944,69355101.491200015,4888461.311999999,60422185.062400006,0,4044455.1168000004,2,1,7,1
71,2,15,ok,17920,71843238.144000009,4954521.5999999996,61172435.711999997,0,5716280.8320000004,1,1,15,1
71,2,16,ok,16384,67985971.609600008,4831838.2079999996,58857907.814400002,0,4296225.5872,2,2,4,1
71,4,1,ok,524288,128370920.65280001,9663676.4159999993,115362994.58560002,0,3344249.6512000002,1,1,1,1
71,4,2,ok,262144,128711917.56799999,9663676.4159999993,115427770.368,0,3620470.784,1,1,2,1
71,4,3,ok,175104,129618101.14559999,9682550.784,116032866.20159999,0,3902684.1600000006,1,1,3,1
71,4,4,ok,131072,129393911.39839999,9663676.4159999993,115557321.93279999,0,4172913.0496000005,1,2,2,1
71,4,5,ok,105472,131110338.04799998,9720299.5199999996,116922927.616,0,4467110.9120000005,1,1,5,1
71,4,6,ok,87552,130616184.72959998,9682550.784,115923907.27679998,0,5009726.6688000001,2,1,3,1
71,4,7,ok,75776,133808022.11840001,9776922.623999998,118993569.58720002,0,5037529.9072000012,1,1,7,1
71,4,8,ok,65536,130585513.1648,9663676.4159999993,115644039.16800001,0,5277797.5808000006,2,1,4,1
71,4,9,ok,58368,131664082.63679999,9682550.784,116421520.89599998,0,5560010.9567999998,1,1,9,1
71,4,10,ok,52736,132498694.65599997,9720299.5199999996,117199925.75999998,0,5578469.3760000002,2,1,5,1
71,4,11,ok,48128,133966562.61119999,9758048.2559999991,118072092.15999998,0,6136422.1952,1,1,11,1
71,4,12,ok,43776,132687073.38240001,9682550.784,116615848.24319999,0,6388674.3552000001,1,4,3,1
71,4,13,ok,40960,136023986.176,9814671.3599999994,119502473.62560001,0,6706841.1904000007,1,1,13,1
71,4,14,ok,37888,135587460.9152,9776922.623999998,119655175.98720001,0,6155362.3040000005,2,1,7,1
71,4,15,ok,35568,135978630.05699998,9739284.4800000004,117892110.669,0,8347234.9080000008,5,1,3,1
71,4,16,ok,32768,132726810.21439999,9663676.4159999993,116680451.6864,0,6382682.1120000007,2,1,8,1
71,8,1,ok,1048576,256400844.39040002,19327352.831999999,230661213.38880002,0,6412278.1696000006,1,1,1,1
71,8,2,ok,524288,256741841.30560002,19327352.831999999,230725989.17120004,0,6688499.3024000004,1,1,2,1
71,8,3,ok,350208,258213211.5456,19365101.568,231871405.05599999,0,6976704.9216000009,1,1,3,1
71,8,4,ok,262144,257423835.13599998,19327352.831999999,230855540.736,0,7240941.568,1,2,2,1
71,8,5,ok,210944,260515691.51999998,19440599.039999999,233521976.31999999,0,7553116.1600000001,1,1,5,1
71,8,6,ok,175104,259236202.29119998,19365101.568,232065732.40319997,0,7805368.3200000012,1,2,3,1
71,8,7,ok,151552,265229065.83040005,19553845.247999996,237533708.69760004,0,8141511.8848000001,1,1,7,1
71,8,8,ok,131072,258787822.79679999,19327352.831999999,231114643.86559999,0,8345826.099200001,1,2,4,1
71,8,9,ok,116736,260259193.03679997,19365101.568,232260059.75039998,0,8634031.7183999997,1,1,9,1
71,8,10,ok,105472,262220676.09599996,19440599.039999999,233845855.23199999,0,8934221.824000001,1,2,5,1
71,8,11,ok,96256,264182159.15519994,19516096.511999998,235431650.71359995,0,9234411.9296000004,1,1,11,1
71,8,12,ok,87552,261232369.45919997,19365101.568,231847814.55359995,0,10019453.3376,2,2,3,1
71,8,13,ok,81920,267615012.45440003,19629342.719999999,238162862.08000001,0,9822807.6544000003,1,1,13,1
71,8,14,ok,75776,267427651.99360007,19553845.247999996,237496630.06720003,0,10377176.678400001,2,1,7,1
71,8,15,ok,71136,270341877.32999998,19478568.960000001,235002357.40200001,0,15860950.968,5,1,3,1
71,8,16,ok,65536,261171026.32960001,19327352.831999999,231288078.33600003,0,10555595.161600001,2,2,4,1
71,16,1,ok,2097152,512460691.86559999,38654705.663999997,461257650.99520004,0,12548335.2064,1,1,1,1
71,16,2,ok,1048576,512801688.78080004,38654705.663999997,461322426.77760005,0,12824556.339200001,1,1,2,1
71,16,3,ok,700416,515403432.34559995,38730203.136,463548482.76479995,0,13124746.444800001,1,1,3,1
71,16,4,ok,524288,513483682.61120003,38654705.663999997,461451978.34240007,0,13376998.604800001,1,2,2,1
71,16,5,ok,421888,519326398.46399993,38881198.079999998,466720073.72799993,0,13725126.655999999,1,1,5,1
71,16,6,ok,350208,516426423.09119999,38730203.136,463742810.11199999,0,13953409.843200002,1,2,3,1
71,16,7,ok,303104,528071153.25440007,39107690.495999992,474613986.91839999,0,14349475.84,1,1,7,1
71,16,8,ok,262144,514847670.27199996,38654705.663999997,461711081.472,0,14481883.136,1,2,4,1
71,16,9,ok,233472,517449413.83679998,38730203.136,463937137.45920002,0,14782073.241600001,1,1,9,1
71,16,10,ok,210944,521031383.03999996,38881198.079999998,467043952.63999999,0,15106232.32,1,2,5,1
71,16,11,ok,192512,524613352.24319994,39032193.023999996,470150767.82079995,0,15430391.398400001,1,1,11,1
71,16,12,ok,175104,518472404.58239996,38730203.136,464131464.80639994,0,15610736.640000002,1,4,3,1
71,16,13,ok,163840,530797065.01120007,39258685.439999998,475483638.98880005,0,16054740.5824,1,1,13,1
71,16,14,ok,151552,530458131.6608001,39107690.495999992,475067417.39520007,0,16283023.7696,1,2,7,1
71,16,15,ok,142272,539068371.87599993,38957137.920000002,469222850.86799997,0,30888383.088000003,5,1,3,1
71,16,16,ok,131072,517575645.59359998,38654705.663999997,462229287.73119998,0,16691652.198400002,1,4,4,1
71,32,1,ok,4194304,1024580386.8159999,77309411.327999994,922450526.20799994,0,24820449.280000001,1,1,1,1
71,32,2,ok,2097152,1024921383.7312,77309411.327999994,922515301.99040008,0,25096670.412799999,1,1,2,1
71,32,3,ok,1400832,1029783873.9455999,77460406.272,926902638.18239987,0,25420829.491200004,1,1,3,1
71,32,4,ok,1048576,1025603377.5616001,77309411.327999994,922644853.5552001,0,25649112.678400002,1,2,2,1
71,32,5,ok,843776,1036947812.3519999,77762396.159999996,933116268.54399991,0,26069147.648000002,1,1,5,1
71,32,6,ok,700416,1030806864.6911999,77460406.272,927096965.52959991,0,26249492.889600001,1,2,3,1
71,32,7,ok,606208,1053755328.1024002,78215380.991999984,948774543.36000013,0,26765403.750400003,1,1,7,1
71,32,8,ok,524288,1026967365.2224001,77309411.327999994,922903956.68480015,0,26753997.209600002,1,2,4,1
71,32,9,ok,466944,1031829855.4367999,77460406.272,927291292.87679994,0,27078156.288000003,1,1,9,1
71,32,10,ok,421888,1038652796.9279999,77762396.159999996,933440147.45599985,0,27450253.311999999,1,2,5,1
71,32,11,ok,385024,1045475738.4191999,78064386.047999993,939589002.03519988,0,27822350.336000003,1,1,11,1
71,32,12,ok,350208,1032852846.1824,77460406.272,927485620.22399998,0,27906819.686400004,1,4,3,1
71,32,13,ok,327680,1057161170.1248002,78517370.879999995,950125192.80640006,0,28518606.438400004,1,1,13,1
71,32,14,ok,303104,1056142306.5088001,78215380.991999984,949227973.83679998,0,28698951.68,1,2,7,1
71,32,15,ok,284544,1076521360.9679999,77914275.840000004,937663837.79999995,0,60943247.328000009,5,1,3,1
71,32,16,ok,262144,1029695340.5439999,77309411.327999994,923422162.94400001,0,28963766.272,1,4,4,1
71,64,1,ok,8388608,2048819776.7168002,154618822.65599999,1844836276.6336002,0,49364677.427200004,1,1,1,1
71,64,2,ok,4194304,2049160773.6319997,154618822.65599999,1844901052.4159999,0,49640898.560000002,1,1,2,1
71,64,3,ok,2801664,2058544757.1455998,154920812.544,1853610949.0175996,0,50012995.584000006,1,1,3,1
71,64,4,ok,2097152,2049842767.4624,154618822.65599999,1845030603.9808002,0,50193340.825599998,1,2,2,1
71,64,5,ok,1687552,2072190640.1279998,155524792.31999999,1865908658.1759999,0,50757189.631999999,1,1,5,1
71,64,6,ok,1400832,2059567747.8911998,154920812.544,1853805276.3647997,0,50841658.982400008,1,2,3,1
71,64,7,ok,1212416,2105123677.7984004,156430761.98399997,1897095656.2432003,0,51597259.571199998,1,1,7,1
71,64,8,ok,1048576,2051206755.1232002,154618822.65599999,1845289707.1104002,0,51298225.356800005,1,2,4,1
71,64,9,ok,933888,2060590738.6367996,154920812.544,1853999603.7119997,0,51670322.380800001,1,1,9,1
71,64,10,ok,843776,2073895624.7039998,155524792.31999999,1866232537.0879998,0,52138295.296000004,1,2,5,1
71,64,11,ok,770048,2087200510.7711997,156128772.09599999,1878465470.4639997,0,52606268.211200014,1,1,11,1
71,64,12,ok,700416,2061613729.3823998,154920812.544,1854193931.0591998,0,52498985.779200003,1,4,3,1
71,64,13,ok,655360,2084919220.6336007,157034741.75999999,1874438140.7232003,0,53446338.150400005,1,13,1,1
71,64,14,ok,606208,2107510656.2048004,156430761.98399997,1897549086.7200003,0,53530807.500800006,1,2,7,1
71,64,15,ok,569088,2094785497.7279999,157341450.23999998,1883347893.1199999,0,54096154.368000001,1,5,3,1
71,64,16,ok,524288,2053934730.4448001,154618822.65599999,1845807913.3696003,0,53507994.419200003,1,4,4,1
72,1,1,ok,131072,38906835.7632,2415919.1039999998,32012186.419199999,0,4478730.2400000002,1,1,1,1
72,1,2,ok,65536,38906835.7632,2415919.1039999998,32012186.419199999,0,4478730.2400000002,2,1,1,1
72,1,3,ok,44032,40692063.89760001,2420637.696,33232045.670400001,0,5039380.5312000001,1,1,3,1
72,1,4,ok,32768,38906835.7632,2415919.1039999998,32012186.419199999,0,4478730.2400000002,4,1,1,1
72,1,5,ok,26624,42551611.136000007,2430074.8799999999,34513297.408,0,5608238.8480000002,1,1,5,1
72,1,6,ok,22016,40692063.89760001,2420637.696,33232045.670400001,0,5039380.5312000001,2,1,3,1
72,1,7,ok,18944,45528404.275200002,2444230.6559999995,36898868.428800002,0,6185305.1903999997,1,1,7,1
72,1,8,ok,16384,38906835.7632,2415919.1039999998,32012186.419199999,0,4478730.2400000002,8,1,1,1
72,1,9,ok,15360,39403021.363200009,2420637.696,32460917.760000002,0,4521465.9072000002,9,1,1,1
72,1,10,ok,13312,39195080.832000002,2418278.3999999994,32224912.896000002,0,4551889.5360000003,10,1,1,1
72,1,11,ok,12288,39397880.544,2420047.872,32388337.484799996,0,4589495.1872000005,11,1,1,1
72,1,12,ok,11264,39483325.900800005,2420637.696,32437639.372800004,0,4625048.8320000004,12,1,1,1
72,1,13,ok,10240,39490195.430399999,2422996.9920000001,32403517.952,0,4663680.4864000008,13,1,1,1
72,1,14,ok,10240,40030565.568000004,2419458.048,32919055.411200002,0,4692052.1088000005,14,1,1,1
72,1,15,ok,9216,39915693.504000001,2424176.6399999997,32756729.088,0,4734787.7759999996,15,1,1,1
72,1,16,ok,8192,39528352.972800002,2415919.1039999998,32357482.496000003,0,4754951.3728,16,1,1,1
72,2,1,ok,262144,77813671.5264,4831838.2079999996,64024372.838399999,0,8957460.4800000004,1,1,1,1
72,2,2,ok,131072,77813671.5264,4831838.2079999996,64024372.838399999,0,8957460.4800000004,1,2,1,1
72,2,3,ok,88064,81384127.79520002,4841275.392,66464091.340800002,0,10078761.0624,1,1,3,1
72,2,4,ok,65536,77813671.5264,4831838.2079999996,64024372.838399999,0,8957460.4800000004,2,2,1,1
72,2,5,ok,53248,85103222.272000015,4860149.7599999998,69026594.816,0,11216477.696,1,1,5,1
72,2,6,ok,44032,81384127.79520002,4841275.392,66464091.340800002,0,10078761.0624,1,2,3,1
72,2,7,ok,37888,91056808.550400004,4888461.311999999,73797736.857600003,0,12370610.380799999,1,1,7,1
72,2,8,ok,32768,77813671.5264,4831838.2079999996,64024372.838399999,0,8957460.4800000004,4,2,1,1
72,2,9,ok,30720,78806042.726400018,4841275.392,64921835.520000003,0,9042931.8144000005,9,1,1,1
72,2,10,ok,26624,78390161.664000005,4836556.7999999989,64449825.792000003,0,9103779.0720000006,10,1,1,1
72,2,11,ok,24576,78795761.088,4840095.7439999999,64776674.969599992,0,9178990.374400001,11,1,1,1
72,2,12,ok,22528,78966651.801600009,4841275.392,64875278.745600007,0,9250097.6640000008,12,1,1,1
72,2,13,ok,20480,78980390.860799998,4845993.9840000002,64807035.903999999,0,9327360.9728000015,13,1,1,1
72,2,14,ok,20480,80061131.136000007,4838916.0959999999,65838110.822400004,0,9384104.217600001,14,1,1,1
72,2,15,ok,18432,79831387.008000001,4848353.2799999993,65513458.175999999,0,9469575.5519999992,15,1,1,1
72,2,16,ok,16384,77813671.5264,4831838.2079999996,64024372.838399999,0,8957460.4800000004,8,2,1,1
72,4,1,ok,524288,155627343.0528,9663676.4159999993,128048745.6768,0,17914920.960000001,1,1,1,1
72,4,2,ok,262144,155627343.0528,9663676.4159999993,128048745.6768,0,17914920.960000001,1,2,1,1
72,4,3,ok,176128,162768255.59040004,9682550.784,132928182.6816,0,20157522.1248,1,1,3,1
72,4,4,ok,131072,155627343.0528,9663676.4159999993,128048745.6768,0,17914920.960000001,2,2,1,1
72,4,5,ok,106496,170206444.54400003,9720299.5199999996,138053189.632,0,22432955.392000001,1,1,5,1
72,4,6,ok,88064,162768255.59040004,9682550.784,132928182.6816,0,20157522.1248,1,2,3,1
72,4,7,ok,75776,182113617.10080001,9776922.623999998,147595473.71520001,0,24741220.761599999,1,1,7,1
72,4,8,ok,65536,155627343.0528,9663676.4159999993,128048745.6768,0,17914920.960000001,2,4,1,1
72,4,9,ok,61440,157612085.45280004,9682550.784,129843671.04000001,0,18085863.628800001,9,1,1,1
72,4,10,ok,53248,156780323.32800001,9673113.5999999978,128899651.58400001,0,18207558.144000001,10,1,1,1
72,4,11,ok,49152,157591522.176,9680191.4879999999,129553349.93919998,0,18357980.748800002,11,1,1,1
72,4,12,ok,45056,157933303.60320002,9682550.784,129750557.49120001,0,18500195.328000002,12,1,1,1
72,4,13,ok,40960,157960781.7216,9691987.9680000003,129614071.808,0,18654721.945600003,13,1,1,1
72,4,14,ok,40960,160122262.27200001,9677832.1919999998,131676221.64480001,0,18768208.435200002,14,1,1,1
72,4,15,ok,36864,159662774.016,9696706.5599999987,131026916.352,0,18939151.103999998,15,1,1,1
72,4,16,ok,32768,155627343.0528,9663676.4159999993,128048745.6768,0,17914920.960000001,4,4,1,1
72,8,1,ok,1048576,311254686.1056,19327352.831999999,256097491.3536,0,35829841.920000002,1,1,1,1
72,8,2,ok,524288,311254686.1056,19327352.831999999,256097491.3536,0,35829841.920000002,1,2,1,1
72,8,3,ok,352256,325536511.18080008,19365101.568,265856365.36320001,0,40315044.249600001,1,1,3,1
72,8,4,ok,262144,311254686.1056,19327352.831999999,256097491.3536,0,35829841.920000002,2,2,1,1
72,8,5,ok,212992,340412889.08800006,19440599.039999999,276106379.264,0,44865910.784000002,1,1,5,1
72,8,6,ok,176128,325536511.18080008,19365101.568,265856365.36320001,0,40315044.249600001,1,2,3,1
72,8,7,ok,151552,364227234.20160002,19553845.247999996,295190947.43040001,0,49482441.523199998,1,1,7,1
72,8,8,ok,131072,311254686.1056,19327352.831999999,256097491.3536,0,35829841.920000002,2,4,1,1
72,8,9,ok,122880,315224170.90560007,19365101.568,259687342.08000001,0,36171727.257600002,9,1,1,1
72,8,10,ok,106496,313560646.65600002,19346227.199999996,257799303.16800001,0,36415116.288000003,10,1,1,1
72,8,11,ok,98304,315183044.352,19360382.976,259106699.87839997,0,36715961.497600004,11,1,1,1
72,8,12,ok,90112,315866607.20640004,19365101.568,259501114.98240003,0,37000390.656000003,12,1,1,1
72,8,13,ok,81920,315921563.44319999,19383975.936000001,259228143.616,0,37309443.891200006,13,1,1,1
72,8,14,ok,81920,320244524.54400003,19355664.384,263352443.28960001,0,37536416.870400004,14,1,1,1
72,8,15,ok,73728,319325548.03200001,19393413.119999997,262053832.704,0,37878302.207999997,15,1,1,1
72,8,16,ok,65536,311254686.1056,19327352.831999999,256097491.3536,0,35829841.920000002,4,4,1,1
72,16,1,ok,2097152,622509372.2112,38654705.663999997,512194982.70719999,0,71659683.840000004,1,1,1,1
72,16,2,ok,1048576,622509372.2112,38654705.663999997,512194982.70719999,0,71659683.840000004,1,2,1,1
72,16,3,ok,704512,651073022.36160016,38730203.136,531712730.72640002,0,80630088.499200001,1,1,3,1
72,16,4,ok,524288,622509372.2112,38654705.663999997,512194982.70719999,0,71659683.840000004,2,2,1,1
72,16,5,ok,425984,680825778.17600012,38881198.079999998,552212758.528,0,89731821.568000004,1,1,5,1
72,16,6,ok,352256,651073022.36160016,38730203.136,531712730.72640002,0,80630088.499200001,1,2,3,1
72,16,7,ok,303104,728454468.40320003,39107690.495999992,590381894.86080003,0,98964883.046399996,1,1,7,1
72,16,8,ok,262144,622509372.2112,38654705.663999997,512194982.70719999,0,71659683.840000004,2,4,1,1
72,16,9,ok,245760,630448341.81120014,38730203.136,519374684.16000003,0,72343454.515200004,9,1,1,1
72,16,10,ok,212992,627121293.31200004,38692454.399999991,515598606.33600003,0,72830232.576000005,10,1,1,1
72,16,11,ok,196608,630366088.704,38720765.952,518213399.75679994,0,73431922.995200008,11,1,1,1
72,16,12,ok,180224,631733214.41280007,38730203.136,519002229.96480006,0,74000781.312000006,12,1,1,1
72,16,13,ok,163840,631843126.88639998,38767951.872000001,518456287.23199999,0,74618887.782400012,13,1,1,1
72,16,14,ok,163840,640489049.08800006,38711328.767999999,526704886.57920003,0,75072833.740800008,14,1,1,1
72,16,15,ok,147456,638651096.06400001,38786826.239999995,524107665.40799999,0,75756604.415999994,15,1,1,1
72,16,16,ok,131072,622509372.2112,38654705.663999997,512194982.70719999,0,71659683.840000004,4,4,1,1
72,32,1,ok,4194304,1245018744.4224,77309411.327999994,1024389965.4144,0,143319367.68000001,1,1,1,1
72,32,2,ok,2097152,1245018744.4224,77309411.327999994,1024389965.4144,0,143319367.68000001,1,2,1,1
72,32,3,ok,1409024,1302146044.7232003,77460406.272,1063425461.4528,0,161260176.9984,1,1,3,1
72,32,4,ok,1048576,1245018744.4224,77309411.327999994,1024389965.4144,0,143319367.68000001,2,2,1,1
72,32,5,ok,851968,1361651556.3520002,77762396.159999996,1104425517.056,0,179463643.13600001,1,1,5,1
72,32,6,ok,704512,1302146044.7232003,77460406.272,1063425461.4528,0,161260176.9984,1,2,3,1
72,32,7,ok,606208,1456908936.8064001,78215380.991999984,1180763789.7216001,0,197929766.09279999,1,1,7,1
72,32,8,ok,524288,1245018744.4224,77309411.327999994,1024389965.4144,0,143319367.68000001,2,4,1,1
72,32,9,ok,491520,1260896683.6224003,77460406.272,1038749368.3200001,0,144686909.03040001,9,1,1,1
72,32,10,ok,425984,1254242586.6240001,77384908.799999982,1031197212.6720001,0,145660465.15200001,10,1,1,1
72,32,11,ok,393216,1260732177.408,77441531.903999999,1036426799.5135999,0,146863845.99040002,11,1,1,1
72,32,12,ok,360448,1263466428.8256001,77460406.272,1038004459.9296001,0,148001562.62400001,12,1,1,1
72,32,13,ok,327680,1263686253.7728,77535903.744000003,1036912574.464,0,149237775.56480002,13,1,1,1
72,32,14,ok,327680,1280978098.1760001,77422657.535999998,1053409773.1584001,0,150145667.48160002,14,1,1,1
72,32,15,ok,294912,1277302192.128,77573652.479999989,1048215330.816,0,151513208.83199999,15,1,1,1
72,32,16,ok,262144,1245018744.4224,77309411.327999994,1024389965.4144,0,143319367.68000001,4,4,1,1
72,64,1,ok,8388608,2490037488.8448,154618822.65599999,2048779930.8288,0,286638735.36000001,1,1,1,1
72,64,2,ok,4194304,2490037488.8448,154618822.65599999,2048779930.8288,0,286638735.36000001,1,2,1,1
72,64,3,ok,2818048,2604292089.4464006,154920812.544,2126850922.9056001,0,322520353.99680001,1,1,3,1
72,64,4,ok,2097152,2490037488.8448,154618822.65599999,2048779930.8288,0,286638735.36000001,2,2,1,1
72,64,5,ok,1703936,2528944324.6079998,157034741.75999999,2080792117.2479999,0,291117465.60000002,1,5,1,1
72,64,6,ok,1409024,2604292089.4464006,154920812.544,2126850922.9056001,0,322520353.99680001,1,2,3,1
72,64,7,ok,1212416,2913817873.6128001,156430761.98399997,2361527579.4432001,0,395859532.18559998,1,1,7,1
72,64,8,ok,1048576,2490037488.8448,154618822.65599999,2048779930.8288,0,286638735.36000001,2,4,1,1
72,64,9,ok,983040,2521793367.2448006,154920812.544,2077498736.6400001,0,289373818.06080002,9,1,1,1
72,64,10,ok,851968,2508485173.2480001,154769817.59999996,2062394425.3440001,0,291320930.30400002,10,1,1,1
72,64,11,ok,786432,2521464354.816,154883063.808,2072853599.0271997,0,293727691.98080003,11,1,1,1
72,64,12,ok,720896,2526932857.6512003,154920812.544,2076008919.8592002,0,296003125.24800003,12,1,1,1
72,64,13,ok,655360,2527372507.5455999,155071807.48800001,2073825148.928,0,298475551.12960005,13,1,1,1
72,64,14,ok,655360,2561956196.3520002,154845315.072,2106819546.3168001,0,300291334.96320003,14,1,1,1
72,64,15,ok,589824,2554604384.256,155147304.95999998,2096430661.632,0,303026417.66399997,15,1,1,1
72,64,16,ok,524288,2490037488.8448,154618822.65599999,2048779930.8288,0,286638735.36000001,4,4,1,1
73,1,1,ok,32768,183081.36960000001,183081.36960000001,0,0,0,1,1,1,1
73,1,2,ok,16384,183081.36960000001,183081.36960000001,0,0,0,1,1,2,1
73,1,3,ok,10928,183170.7648,183170.7648,0,0,0,3,1,1,1
73,1,4,ok,8192,183081.36960000001,183081.36960000001,0,0,0,2,1,2,1
73,1,5,ok,6560,183260.16,183260.16,0,0,0,5,1,1,1
73,1,6,ok,5464,183170.7648,183170.7648,0,0,0,3,1,2,1
73,1,7,ok,4688,183349.5552,183349.5552,0,0,0,7,1,1,1
73,1,8,ok,4096,183081.36960000001,183081.36960000001,0,0,0,2,1,4,1
73,1,9,ok,3648,183438.9504,183438.9504,0,0,0,1,1,9,1
73,1,10,ok,3280,183260.16,183260.16,0,0,0,5,1,2,1
73,1,11,ok,2984,183394.25279999999,183394.25279999999,0,0,0,11,1,1,1
73,1,12,ok,2732,183170.7648,183170.7648,0,0,0,3,1,4,1
73,1,13,ok,2528,183617.7408,183617.7408,0,0,0,13,1,1,1
73,1,14,ok,2344,183349.5552,183349.5552,0,0,0,7,1,2,1
73,1,15,ok,2191,183618.09,183618.09,0,0,0,5,1,3,1
73,1,16,ok,2048,183081.36960000001,183081.36960000001,0,0,0,4,1,4,1
73,2,1,ok,65536,366162.73920000001,366162.73920000001,0,0,0,1,1,1,1
73,2,2,ok,32768,366162.73920000001,366162.73920000001,0,0,0,1,1,2,1
73,2,3,ok,21856,366341.52960000001,366341.52960000001,0,0,0,3,1,1,1
73,2,4,ok,16384,366162.73920000001,366162.73920000001,0,0,0,1,2,2,1
73,2,5,ok,13120,366520.32000000001,366520.32000000001,0,0,0,5,1,1,1
73,2,6,ok,10928,366341.52960000001,366341.52960000001,0,0,0,3,1,2,1
73,2,7,ok,9376,366699.11040000001,366699.11040000001,0,0,0,7,1,1,1
73,2,8,ok,8192,366162.73920000001,366162.73920000001,0,0,0,1,2,4,1
73,2,9,ok,7296,366877.9008,366877.9008,0,0,0,1,1,9,1
73,2,10,ok,6560,366520.32000000001,366520.32000000001,0,0,0,5,1,2,1
73,2,11,ok,5968,366788.50559999997,366788.50559999997,0,0,0,11,1,1,1
73,2,12,ok,5464,366341.52960000001,366341.52960000001,0,0,0,3,1,4,1
73,2,13,ok,5056,367235.4816,367235.4816,0,0,0,13,1,1,1
73,2,14,ok,4688,366699.11040000001,366699.11040000001,0,0,0,7,1,2,1
73,2,15,ok,4382,367236.17999999999,367236.17999999999,0,0,0,5,1,3,1
73,2,16,ok,4096,366162.73920000001,366162.73920000001,0,0,0,2,2,4,1
73,4,1,ok,131072,732325.47840000002,732325.47840000002,0,0,0,1,1,1,1
73,4,2,ok,65536,732325.47840000002,732325.47840000002,0,0,0,1,1,2,1
73,4,3,ok,43712,732683.05920000002,732683.05920000002,0,0,0,3,1,1,1
73,4,4,ok,32768,732325.47840000002,732325.47840000002,0,0,0,1,2,2,1
73,4,5,ok,26240,733040.64000000001,733040.64000000001,0,0,0,5,1,1,1
73,4,6,ok,21856,732683.05920000002,732683.05920000002,0,0,0,3,1,2,1
73,4,7,ok,18752,733398.22080000001,733398.22080000001,0,0,0,7,1,1,1
73,4,8,ok,16384,732325.47840000002,732325.47840000002,0,0,0,1,2,4,1
73,4,9,ok,14592,733755.80160000001,733755.80160000001,0,0,0,1,1,9,1
73,4,10,ok,13120,733040.64000000001,733040.64000000001,0,0,0,5,1,2,1
73,4,11,ok,11936,733577.01119999995,733577.01119999995,0,0,0,11,1,1,1
73,4,12,ok,10928,732683.05920000002,732683.05920000002,0,0,0,3,1,4,1
73,4,13,ok,10112,734470.9632,734470.9632,0,0,0,13,1,1,1
73,4,14,ok,9376,733398.22080000001,733398.22080000001,0,0,0,7,1,2,1
73,4,15,ok,8764,734472.35999999999,734472.35999999999,0,0,0,5,1,3,1
73,4,16,ok,8192,732325.47840000002,732325.47840000002,0,0,0,2,2,4,1
73,8,1,ok,262144,1464650.9568,1464650.9568,0,0,0,1,1,1,1
73,8,2,ok,131072,1464650.9568,1464650.9568,0,0,0,1,1,2,1
73,8,3,ok,87424,1465366.1184,1465366.1184,0,0,0,3,1,1,1
73,8,4,ok,65536,1464650.9568,1464650.9568,0,0,0,1,2,2,1
73,8,5,ok,52480,1466081.28,1466081.28,0,0,0,5,1,1,1
73,8,6,ok,43712,1465366.1184,1465366.1184,0,0,0,3,1,2,1
73,8,7,ok,37504,1466796.4416,1466796.4416,0,0,0,7,1,1,1
73,8,8,ok,32768,1464650.9568,1464650.9568,0,0,0,1,2,4,1
73,8,9,ok,29184,1467511.6032,1467511.6032,0,0,0,1,1,9,1
73,8,10,ok,26240,1466081.28,1466081.28,0,0,0,5,1,2,1
73,8,11,ok,23872,1467154.0223999999,1467154.0223999999,0,0,0,11,1,1,1
73,8,12,ok,21856,1465366.1184,1465366.1184,0,0,0,3,1,4,1
73,8,13,ok,20224,1468941.9264,1468941.9264,0,0,0,13,1,1,1
73,8,14,ok,18752,1466796.4416,1466796.4416,0,0,0,7,1,2,1
73,8,15,ok,17528,1468944.72,1468944.72,0,0,0,5,1,3,1
73,8,16,ok,16384,1464650.9568,1464650.9568,0,0,0,2,2,4,1
73,16,1,ok,524288,2929301.9136000001,2929301.9136000001,0,0,0,1,1,1,1
73,16,2,ok,262144,2929301.9136000001,2929301.9136000001,0,0,0,1,1,2,1
73,16,3,ok,174848,2930732.2368000001,2930732.2368000001,0,0,0,3,1,1,1
73,16,4,ok,131072,2929301.9136000001,2929301.9136000001,0,0,0,1,2,2,1
73,16,5,ok,104960,2932162.5600000001,2932162.5600000001,0,0,0,5,1,1,1
73,16,6,ok,87424,2930732.2368000001,2930732.2368000001,0,0,0,3,1,2,1
73,16,7,ok,75008,2933592.8832,2933592.8832,0,0,0,7,1,1,1
73,16,8,ok,65536,2929301.9136000001,2929301.9136000001,0,0,0,1,2,4,1
73,16,9,ok,58368,2935023.2064,2935023.2064,0,0,0,1,1,9,1
73,16,10,ok,52480,2932162.5600000001,2932162.5600000001,0,0,0,5,1,2,1
73,16,11,ok,47744,2934308.0447999998,2934308.0447999998,0,0,0,11,1,1,1
73,16,12,ok,43712,2930732.2368000001,2930732.2368000001,0,0,0,3,1,4,1
73,16,13,ok,40448,2937883.8528,2937883.8528,0,0,0,13,1,1,1
73,16,14,ok,37504,2933592.8832,2933592.8832,0,0,0,7,1,2,1
73,16,15,ok,35055,2937889.4399999999,2937889.4399999999,0,0,0,5,1,3,1
73,16,16,ok,32768,2929301.9136000001,2929301.9136000001,0,0,0,2,2,4,1
73,32,1,ok,1048576,5858603.8272000002,5858603.8272000002,0,0,0,1,1,1,1
73,32,2,ok,524288,5858603.8272000002,5858603.8272000002,0,0,0,1,1,2,1
73,32,3,ok,349696,5861464.4736000001,5861464.4736000001,0,0,0,3,1,1,1
73,32,4,ok,262144,5858603.8272000002,5858603.8272000002,0,0,0,1,2,2,1
73,32,5,ok,209920,5864325.1200000001,5864325.1200000001,0,0,0,5,1,1,1
73,32,6,ok,174848,5861464.4736000001,5861464.4736000001,0,0,0,3,1,2,1
73,32,7,ok,150016,5867185.7664000001,5867185.7664000001,0,0,0,7,1,1,1
73,32,8,ok,131072,5858603.8272000002,5858603.8272000002,0,0,0,1,2,4,1
73,32,9,ok,116736,5870046.4128,5870046.4128,0,0,0,1,1,9,1
73,32,10,ok,104960,5864325.1200000001,5864325.1200000001,0,0,0,5,1,2,1
73,32,11,ok,95488,5868616.0895999996,5868616.0895999996,0,0,0,11,1,1,1
73,32,12,ok,87424,5861464.4736000001,5861464.4736000001,0,0,0,3,1,4,1
73,32,13,ok,80896,5875767.7056,5875767.7056,0,0,0,13,1,1,1
73,32,14,ok,75008,5867185.7664000001,5867185.7664000001,0,0,0,7,1,2,1
73,32,15,ok,70110,5875778.8799999999,5875778.8799999999,0,0,0,5,1,3,1
73,32,16,ok,65536,5858603.8272000002,5858603.8272000002,0,0,0,2,2,4,1
73,64,1,ok,2097152,11717207.6544,11717207.6544,0,0,0,1,1,1,1
73,64,2,ok,1048576,11717207.6544,11717207.6544,0,0,0,1,1,2,1
73,64,3,ok,699392,11722928.9472,11722928.9472,0,0,0,3,1,1,1
73,64,4,ok,524288,11717207.6544,11717207.6544,0,0,0,1,2,2,1
73,64,5,ok,419840,11728650.24,11728650.24,0,0,0,5,1,1,1
73,64,6,ok,349696,11722928.9472,11722928.9472,0,0,0,3,1,2,1
73,64,7,ok,300032,11734371.5328,11734371.5328,0,0,0,7,1,1,1
73,64,8,ok,262144,11717207.6544,11717207.6544,0,0,0,1,2,4,1
73,64,9,ok,233472,11740092.8256,11740092.8256,0,0,0,1,1,9,1
73,64,10,ok,209920,11728650.24,11728650.24,0,0,0,5,1,2,1
73,64,11,ok,190976,11737232.179199999,11737232.179199999,0,0,0,11,1,1,1
73,64,12,ok,174848,11722928.9472,11722928.9472,0,0,0,3,1,4,1
73,64,13,ok,161792,11751535.4112,11751535.4112,0,0,0,13,1,1,1
73,64,14,ok,150016,11734371.5328,11734371.5328,0,0,0,7,1,2,1
73,64,15,ok,140220,11751557.76,11751557.76,0,0,0,5,1,3,1
73,64,16,ok,131072,11717207.6544,11717207.6544,0,0,0,2,2,4,1
74,1,1,ok,131072,36699098.316800006,2415919.1039999998,31306403.020800002,0,2976776.1919999998,1,1,1,1
74,1,2,ok,65536,36699098.316800006,2415919.1039999998,31306403.020800002,0,2976776.1919999998,2,1,1,1
74,1,3,ok,43776,37530886.1184,2420637.696,31575755.443199996,0,3534492.9792000004,1,1,3,1
74,1,4,ok,32768,36699098.316800006,2415919.1039999998,31306403.020800002,0,2976776.1919999998,4,1,1,1
74,1,5,ok,26368,38432435.327999994,2430074.8799999999,31904876.16,0,4097484.2880000006,1,1,5,1
74,1,6,ok,21888,37530886.1184,2420637.696,31575755.443199996,0,3534492.9792000004,2,1,3,1
74,1,7,ok,18944,39643843.635200009,2444230.6559999995,32533862.860800002,0,4665750.1184,1,1,7,1
74,1,8,ok,16384,36699098.316800006,2415919.1039999998,31306403.020800002,0,2976776.1919999998,8,1,1,1
74,1,9,ok,14592,39576867.609599993,2420637.696,31964410.13759999,0,5191819.7760000005,1,1,9,1
74,1,10,ok,13184,38432435.327999994,2430074.8799999999,31904876.16,0,4097484.2880000006,2,1,5,1
74,1,11,ok,12032,40697972.198399998,2439512.0639999998,32493100.006399997,0,5765360.1280000005,1,1,11,1
74,1,12,ok,10944,37530886.1184,2420637.696,31575755.443199996,0,3534492.9792000004,4,1,3,1
74,1,13,ok,10240,41749315.379200004,2453667.8399999999,32962021.580800004,0,6333625.9583999999,1,1,13,1
74,1,14,ok,9472,39643843.635200009,2444230.6559999995,32533862.860800002,0,4665750.1184,2,1,7,1
74,1,15,ok,8960,42940181.376000002,2477260.7999999998,33550479.744000003,0,6912440.8320000013,1,1,15,1
74,1,16,ok,8192,37040095.232000001,2415919.1039999998,31371178.803199999,0,3252997.3248000001,8,1,2,1
74,2,1,ok,262144,73398196.633600011,4831838.2079999996,62612806.041600004,0,5953552.3839999996,1,1,1,1
74,2,2,ok,131072,73398196.633600011,4831838.2079999996,62612806.041600004,0,5953552.3839999996,1,2,1,1
74,2,3,ok,87552,75061772.2368,4841275.392,63151510.886399992,0,7068985.9584000008,1,1,3,1
74,2,4,ok,65536,73398196.633600011,4831838.2079999996,62612806.041600004,0,5953552.3839999996,2,2,1,1
74,2,5,ok,52736,76864870.655999988,4860149.7599999998,63809752.32,0,8194968.5760000013,1,1,5,1
74,2,6,ok,43776,75061772.2368,4841275.392,63151510.886399992,0,7068985.9584000008,1,2,3,1
74,2,7,ok,37888,79287687.270400017,4888461.311999999,65067725.721600004,0,9331500.2368000001,1,1,7,1
74,2,8,ok,32768,73398196.633600011,4831838.2079999996,62612806.041600004,0,5953552.3839999996,4,2,1,1
74,2,9,ok,29184,79153735.219199985,4841275.392,63928820.27519998,0,10383639.552000001,1,1,9,1
74,2,10,ok,26368,76864870.655999988,4860149.7599999998,63809752.32,0,8194968.5760000013,1,2,5,1
74,2,11,ok,24064,81395944.396799996,4879024.1279999996,64986200.012799993,0,11530720.256000001,1,1,11,1
74,2,12,ok,21888,75061772.2368,4841275.392,63151510.886399992,0,7068985.9584000008,2,2,3,1
74,2,13,ok,20480,83498630.758400008,4907335.6799999997,65924043.161600009,0,12667251.9168,1,1,13,1
74,2,14,ok,18944,79287687.270400017,4888461.311999999,65067725.721600004,0,9331500.2368000001,1,2,7,1
74,2,15,ok,17920,85880362.752000004,4954521.5999999996,67100959.488000005,0,13824881.664000003,1,1,15,1
74,2,16,ok,16384,73398196.633600011,4831838.2079999996,62612806.041600004,0,5953552.3839999996,8,2,1,1
74,4,1,ok,524288,146796393.26720002,9663676.4159999993,125225612.08320001,0,11907104.767999999,1,1,1,1
74,4,2,ok,262144,146796393.26720002,9663676.4159999993,125225612.08320001,0,11907104.767999999,1,2,1,1
74,4,3,ok,175104,150123544.4736,9682550.784,126303021.77279998,0,14137971.916800002,1,1,3,1
74,4,4,ok,131072,146796393.26720002,9663676.4159999993,125225612.08320001,0,11907104.767999999,2,2,1,1
74,4,5,ok,105472,153729741.31199998,9720299.5199999996,127619504.64,0,16389937.152000003,1,1,5,1
74,4,6,ok,87552,150123544.4736,9682550.784,126303021.77279998,0,14137971.916800002,1,2,3,1
74,4,7,ok,75776,158575374.54080003,9776922.623999998,130135451.44320001,0,18663000.4736,1,1,7,1
74,4,8,ok,65536,146796393.26720002,9663676.4159999993,125225612.08320001,0,11907104.767999999,2,4,1,1
74,4,9,ok,58368,158307470.43839997,9682550.784,127857640.55039996,0,20767279.104000002,1,1,9,1
74,4,10,ok,52736,153729741.31199998,9720299.5199999996,127619504.64,0,16389937.152000003,1,2,5,1
74,4,11,ok,48128,162791888.79359999,9758048.2559999991,129972400.02559999,0,23061440.512000002,1,1,11,1
74,4,12,ok,43776,150123544.4736,9682550.784,126303021.77279998,0,14137971.916800002,2,2,3,1
74,4,13,ok,40960,166997261.51680002,9814671.3599999994,131848086.32320002,0,25334503.8336,1,1,13,1
74,4,14,ok,37888,158575374.54080003,9776922.623999998,130135451.44320001,0,18663000.4736,1,2,7,1
74,4,15,ok,35840,171760725.50400001,9909043.1999999993,134201918.97600001,0,27649763.328000005,1,1,15,1
74,4,16,ok,32768,146796393.26720002,9663676.4159999993,125225612.08320001,0,11907104.767999999,4,4,1,1
74,8,1,ok,1048576,293592786.53440005,19327352.831999999,250451224.16640002,0,23814209.535999998,1,1,1,1
74,8,2,ok,524288,293592786.53440005,19327352.831999999,250451224.16640002,0,23814209.535999998,1,2,1,1
74,8,3,ok,350208,300247088.9472,19365101.568,252606043.54559997,0,28275943.833600003,1,1,3,1
74,8,4,ok,262144,293592786.53440005,19327352.831999999,250451224.16640002,0,23814209.535999998,2,2,1,1
74,8,5,ok,210944,307459482.62399995,19440599.039999999,255239009.28,0,32779874.304000005,1,1,5,1
74,8,6,ok,175104,300247088.9472,19365101.568,252606043.54559997,0,28275943.833600003,1,2,3,1
74,8,7,ok,151552,317150749.08160007,19553845.247999996,260270902.88640001,0,37326000.9472,1,1,7,1
74,8,8,ok,131072,293592786.53440005,19327352.831999999,250451224.16640002,0,23814209.535999998,2,4,1,1
74,8,9,ok,116736,316614940.87679994,19365101.568,255715281.10079992,0,41534558.208000004,1,1,9,1
74,8,10,ok,105472,307459482.62399995,19440599.039999999,255239009.28,0,32779874.304000005,1,2,5,1
74,8,11,ok,96256,325583777.58719999,19516096.511999998,259944800.05119997,0,46122881.024000004,1,1,11,1
74,8,12,ok,87552,300247088.9472,19365101.568,252606043.54559997,0,28275943.833600003,2,2,3,1
74,8,13,ok,81920,333994523.03360003,19629342.719999999,263696172.64640003,0,50669007.667199999,1,1,13,1
74,8,14,ok,75776,317150749.08160007,19553845.247999996,260270902.88640001,0,37326000.9472,1,2,7,1
74,8,15,ok,71680,343521451.00800002,19818086.399999999,268403837.95200002,0,55299526.656000011,1,1,15,1
74,8,16,ok,65536,293592786.53440005,19327352.831999999,250451224.16640002,0,23814209.535999998,4,4,1,1
74,16,1,ok,2097152,587185573.06880009,38654705.663999997,500902448.33280003,0,47628419.071999997,1,1,1,1
74,16,2,ok,1048576,587185573.06880009,38654705.663999997,500902448.33280003,0,47628419.071999997,1,2,1,1
74,16,3,ok,700416,600494177.8944,38730203.136,505212087.09119993,0,56551887.667200007,1,1,3,1
74,16,4,ok,524288,587185573.06880009,38654705.663999997,500902448.33280003,0,47628419.071999997,2,2,1,1
74,16,5,ok,421888,614918965.24799991,38881198.079999998,510478018.56,0,65559748.60800001,1,1,5,1
74,16,6,ok,350208,600494177.8944,38730203.136,505212087.09119993,0,56551887.667200007,1,2,3,1
74,16,7,ok,303104,634301498.16320014,39107690.495999992,520541805.77280003,0,74652001.894400001,1,1,7,1
74,16,8,ok,262144,587185573.06880009,38654705.663999997,500902448.33280003,0,47628419.071999997,2,4,1,1
74,16,9,ok,233472,633229881.75359988,38730203.136,511430562.20159984,0,83069116.416000009,1,1,9,1
74,16,10,ok,210944,614918965.24799991,38881198.079999998,510478018.56,0,65559748.60800001,1,2,5,1
74,16,11,ok,192512,651167555.17439997,39032193.023999996,519889600.10239995,0,92245762.048000008,1,1,11,1
74,16,12,ok,175104,600494177.8944,38730203.136,505212087.09119993,0,56551887.667200007,2,2,3,1
74,16,13,ok,163840,667989046.06720006,39258685.439999998,527392345.29280007,0,101338015.3344,1,1,13,1
74,16,14,ok,151552,634301498.16320014,39107690.495999992,520541805.77280003,0,74652001.894400001,1,2,7,1
74,16,15,ok,143360,687042902.01600003,39636172.799999997,536807675.90400004,0,110599053.31200002,1,1,15,1
74,16,16,ok,131072,587185573.06880009,38654705.663999997,500902448.33280003,0,47628419.071999997,4,4,1,1
74,32,1,ok,4194304,1174371146.1376002,77309411.327999994,1001804896.6656001,0,95256838.143999994,1,1,1,1
74,32,2,ok,2097152,1174371146.1376002,77309411.327999994,1001804896.6656001,0,95256838.143999994,1,2,1,1
74,32,3,ok,1400832,1200988355.7888,77460406.272,1010424174.1823999,0,113103775.33440001,1,1,3,1
74,32,4,ok,1048576,1174371146.1376002,77309411.327999994,1001804896.6656001,0,95256838.143999994,2,2,1,1
74,32,5,ok,843776,1229837930.4959998,77762396.159999996,1020956037.12,0,131119497.21600002,1,1,5,1
74,32,6,ok,700416,1200988355.7888,77460406.272,1010424174.1823999,0,113103775.33440001,1,2,3,1
74,32,7,ok,606208,1268602996.3264003,78215380.991999984,1041083611.5456001,0,149304003.7888,1,1,7,1
74,32,8,ok,524288,1174371146.1376002,77309411.327999994,1001804896.6656001,0,95256838.143999994,2,4,1,1
74,32,9,ok,466944,1266459763.5071998,77460406.272,1022861124.4031997,0,166138232.83200002,1,1,9,1
74,32,10,ok,421888,1229837930.4959998,77762396.159999996,1020956037.12,0,131119497.21600002,1,2,5,1
74,32,11,ok,393216,1211070244.4544003,79725330.431999981,1033111299.6864002,0,98233614.335999995,1,11,1,1
74,32,12,ok,350208,1200988355.7888,77460406.272,1010424174.1823999,0,113103775.33440001,2,2,3,1
74,32,13,ok,327680,1335978092.1344001,78517370.879999995,1054784690.5856001,0,202676030.6688,1,1,13,1
74,32,14,ok,303104,1268602996.3264003,78215380.991999984,1041083611.5456001,0,149304003.7888,1,2,7,1
74,32,15,ok,290048,1268270365.8239999,80192471.039999992,1052860913.28,0,135216981.50400001,1,3,5,1
74,32,16,ok,262144,1174371146.1376002,77309411.327999994,1001804896.6656001,0,95256838.143999994,4,4,1,1
74,64,1,ok,8388608,2348742292.2752004,154618822.65599999,2003609793.3312001,0,190513676.28799999,1,1,1,1
74,64,2,ok,4194304,2348742292.2752004,154618822.65599999,2003609793.3312001,0,190513676.28799999,1,2,1,1
74,64,3,ok,2801664,2401976711.5776,154920812.544,2020848348.3647997,0,226207550.66880003,1,1,3,1
74,64,4,ok,2097152,2348742292.2752004,154618822.65599999,2003609793.3312001,0,190513676.28799999,2,2,1,1
74,64,5,ok,1703936,2385441390.5920005,157034741.75999999,2034916196.3520002,0,193490452.47999999,1,5,1,1
74,64,6,ok,1400832,2401976711.5776,154920812.544,2020848348.3647997,0,226207550.66880003,1,2,3,1
74,64,7,ok,1212416,2537205992.6528006,156430761.98399997,2082167223.0912001,0,298608007.5776,1,1,7,1
74,64,8,ok,1048576,2348742292.2752004,154618822.65599999,2003609793.3312001,0,190513676.28799999,2,4,1,1
74,64,9,ok,933888,2532919527.0143995,154920812.544,2045722248.8063993,0,332276465.66400003,1,1,9,1
74,64,10,ok,851968,2385441390.5920005,157034741.75999999,2034916196.3520002,0,193490452.47999999,2,5,1,1
74,64,11,ok,786432,2422140488.9088006,159450660.86399996,2066222599.3728004,0,196467228.67199999,1,11,1,1
74,64,12,ok,700416,2401976711.5776,154920812.544,2020848348.3647997,0,226207550.66880003,2,2,3,1
74,64,13,ok,655360,2385441390.5920005,157034741.75999999,2034916196.352,0,193490452.47999999,1,13,1,1
74,64,14,ok,606208,2537205992.6528006,156430761.98399997,2082167223.0912001,0,298608007.5776,1,2,7,1
74,64,15,ok,569088,2439507597.6960001,157341450.23999998,2052424103.8079998,0,229742043.64800003,1,5,3,1
74,64,16,ok,524288,2348742292.2752004,154618822.65599999,2003609793.3312001,0,190513676.28799999,4,4,1,1
75,1,1,ok,131072,32348477.849599998,2415919.1039999998,28889330.483199999,0,1043228.2624000001,1,1,1,1
75,1,2,ok,65536,32689474.764800001,2415919.1039999998,28954106.265600003,0,1319449.3952000001,1,1,2,1
75,1,3,ok,43776,33171768.345600002,2420637.696,29153962.060799997,0,1597168.5888,1,1,3,1
75,1,4,ok,32768,33310991.974399999,2415919.1039999998,29299402.342399999,0,1595670.5280000002,2,1,2,1
75,1,5,ok,26368,34056322.943999998,2430074.8799999999,29473641.087999996,0,2152606.9760000003,1,1,5,1
75,1,6,ok,21888,33794499.456,2420637.696,29499932.544,0,1873929.216,2,1,3,1
75,1,7,ok,18944,35242239.334400006,2444230.6559999995,30088465.2544,0,2709543.4239999996,1,1,7,1
75,1,8,ok,16384,33992985.804800004,2415919.1039999998,29428953.907200001,0,2148112.7936,2,1,4,1
75,1,9,ok,14592,35217749.836799994,2420637.696,29542616.755199991,0,3254495.3856000006,1,1,9,1
75,1,10,ok,13184,34681481.855999991,2430074.8799999999,29820960.383999996,0,2430446.5920000002,2,1,5,1
75,1,11,ok,12032,36304865.203199998,2439512.0639999998,30052423.244799998,0,3812929.8944000001,1,1,11,1
75,1,12,ok,10944,35039961.676799998,2420637.696,30191873.510399994,0,2427450.4704,4,1,3,1
75,1,13,ok,10240,37330716.467200011,2453667.8399999999,30507182.284800004,0,4369866.3424000004,1,1,13,1
75,1,14,ok,9472,35871039.948799998,2444230.6559999995,30437807.7696,0,2989001.5231999997,2,1,7,1
75,1,15,ok,8960,38479095.936000004,2477260.7999999998,31072036.223999999,0,4929798.9120000005,1,1,15,1
75,1,16,ok,8192,35236020.223999999,2415919.1039999998,30119546.060800001,0,2700555.0592,4,1,4,1
75,2,1,ok,262144,64355958.783999994,4831838.2079999996,57713885.184,0,1810235.392,1,1,1,1
75,2,2,ok,131072,64696955.699199997,4831838.2079999996,57778660.966399997,0,2086456.5248000002,1,1,2,1
75,2,3,ok,87552,65320545.945599988,4841275.392,58113596.774399996,0,2365673.7791999998,1,1,3,1
75,2,4,ok,65536,65378949.529600002,4831838.2079999996,57908212.531200007,0,2638898.7904000003,1,2,2,1
75,2,5,ok,52736,66407661.311999999,4860149.7599999998,58623403.263999999,0,2924108.2880000002,1,1,5,1
75,2,6,ok,43776,66343536.691200003,4841275.392,58307924.121599995,0,3194337.1776000001,1,2,3,1
75,2,7,ok,37888,68097500.262400016,4888461.311999999,59723500.032000005,0,3485538.9183999998,1,1,7,1
75,2,8,ok,32768,66621983.948799998,4831838.2079999996,58598804.684799999,0,3191341.0560000003,2,1,4,1
75,2,9,ok,29184,67366527.436800003,4841275.392,58502251.468799993,0,4023000.5760000004,1,1,9,1
75,2,10,ok,26368,67657979.135999992,4860149.7599999998,59318041.855999991,0,3479787.5200000005,2,1,5,1
75,2,11,ok,24064,68858764.339200005,4879024.1279999996,59392312.883199997,0,4587427.3280000007,1,1,11,1
75,2,12,ok,21888,67588998.912,4841275.392,58999865.088,0,3747858.432,2,2,3,1
75,2,13,ok,20480,70228473.036800012,4907335.6799999997,60172279.398400009,0,5148857.9584000008,1,1,13,1
75,2,14,ok,18944,69355101.491200015,4888461.311999999,60422185.062400006,0,4044455.1168000004,2,1,7,1
75,2,15,ok,17920,71843238.144000009,4954521.5999999996,61172435.711999997,0,5716280.8320000004,1,1,15,1
75,2,16,ok,16384,67985971.609600008,4831838.2079999996,58857907.814400002,0,4296225.5872,2,2,4,1
75,4,1,ok,524288,128370920.65280001,9663676.4159999993,115362994.58560002,0,3344249.6512000002,1,1,1,1
75,4,2,ok,262144,128711917.56799999,9663676.4159999993,115427770.368,0,3620470.784,1,1,2,1
75,4,3,ok,175104,129618101.14559999,9682550.784,116032866.20159999,0,3902684.1600000006,1,1,3,1
75,4,4,ok,131072,129393911.39839999,9663676.4159999993,115557321.93279999,0,4172913.0496000005,1,2,2,1
75,4,5,ok,105472,131110338.04799998,9720299.5199999996,116922927.616,0,4467110.9120000005,1,1,5,1
75,4,6,ok,87552,130616184.72959998,9682550.784,115923907.27679998,0,5009726.6688000001,2,1,3,1
75,4,7,ok,75776,133808022.11840001,9776922.623999998,118993569.58720002,0,5037529.9072000012,1,1,7,1
75,4,8,ok,65536,130585513.1648,9663676.4159999993,115644039.16800001,0,5277797.5808000006,2,1,4,1
75,4,9,ok,58368,131664082.63679999,9682550.784,116421520.89599998,0,5560010.9567999998,1,1,9,1
75,4,10,ok,52736,132498694.65599997,9720299.5199999996,117199925.75999998,0,5578469.3760000002,2,1,5,1
75,4,11,ok,48128,133966562.61119999,9758048.2559999991,118072092.15999998,0,6136422.1952,1,1,11,1
75,4,12,ok,43776,132687073.38240001,9682550.784,116615848.24319999,0,6388674.3552000001,1,4,3,1
75,4,13,ok,40960,136023986.176,9814671.3599999994,119502473.62560001,0,6706841.1904000007,1,1,13,1
75,4,14,ok,37888,135587460.9152,9776922.623999998,119655175.98720001,0,6155362.3040000005,2,1,7,1
75,4,15,ok,35568,135978630.05699998,9739284.4800000004,117892110.669,0,8347234.9080000008,5,1,3,1
75,4,16,ok,32768,132726810.21439999,9663676.4159999993,116680451.6864,0,6382682.1120000007,2,1,8,1
75,8,1,ok,1048576,256400844.39040002,19327352.831999999,230661213.38880002,0,6412278.1696000006,1,1,1,1
75,8,2,ok,524288,256741841.30560002,19327352.831999999,230725989.17120004,0,6688499.3024000004,1,1,2,1
75,8,3,ok,350208,258213211.5456,19365101.568,231871405.05599999,0,6976704.9216000009,1,1,3,1
75,8,4,ok,262144,257423835.13599998,19327352.831999999,230855540.736,0,7240941.568,1,2,2,1
75,8,5,ok,210944,260515691.51999998,19440599.039999999,233521976.31999999,0,7553116.1600000001,1,1,5,1
75,8,6,ok,175104,259236202.29119998,19365101.568,232065732.40319997,0,7805368.3200000012,1,2,3,1
75,8,7,ok,151552,265229065.83040005,19553845.247999996,237533708.69760004,0,8141511.8848000001,1,1,7,1
75,8,8,ok,131072,258787822.79679999,19327352.831999999,231114643.86559999,0,8345826.099200001,1,2,4,1
75,8,9,ok,116736,260259193.03679997,19365101.568,232260059.75039998,0,8634031.7183999997,1,1,9,1
75,8,10,ok,105472,262220676.09599996,19440599.039999999,233845855.23199999,0,8934221.824000001,1,2,5,1
75,8,11,ok,96256,264182159.15519994,19516096.511999998,235431650.71359995,0,9234411.9296000004,1,1,11,1
75,8,12,ok,87552,261232369.45919997,19365101.568,231847814.55359995,0,10019453.3376,2,2,3,1
75,8,13,ok,81920,267615012.45440003,19629342.719999999,238162862.08000001,0,9822807.6544000003,1,1,13,1
75,8,14,ok,75776,267427651.99360007,19553845.247999996,237496630.06720003,0,10377176.678400001,2,1,7,1
75,8,15,ok,71136,270341877.32999998,19478568.960000001,235002357.40200001,0,15860950.968,5,1,3,1
75,8,16,ok,65536,261171026.32960001,19327352.831999999,231288078.33600003,0,10555595.161600001,2,2,4,1
75,16,1,ok,2097152,512460691.86559999,38654705.663999997,461257650.99520004,0,12548335.2064,1,1,1,1
75,16,2,ok,1048576,512801688.78080004,38654705.663999997,461322426.77760005,0,12824556.339200001,1,1,2,1
75,16,3,ok,700416,515403432.34559995,38730203.136,463548482.76479995,0,13124746.444800001,1,1,3,1
75,16,4,ok,524288,513483682.61120003,38654705.663999997,461451978.34240007,0,13376998.604800001,1,2,2,1
75,16,5,ok,421888,519326398.46399993,38881198.079999998,466720073.72799993,0,13725126.655999999,1,1,5,1
75,16,6,ok,350208,516426423.09119999,38730203.136,463742810.11199999,0,13953409.843200002,1,2,3,1
75,16,7,ok,303104,528071153.25440007,39107690.495999992,474613986.91839999,0,14349475.84,1,1,7,1
75,16,8,ok,262144,514847670.27199996,38654705.663999997,461711081.472,0,14481883.136,1,2,4,1
75,16,9,ok,233472,517449413.83679998,38730203.136,463937137.45920002,0,14782073.241600001,1,1,9,1
75,16,10,ok,210944,521031383.03999996,38881198.079999998,467043952.63999999,0,15106232.32,1,2,5,1
75,16,11,ok,192512,524613352.24319994,39032193.023999996,470150767.82079995,0,15430391.398400001,1,1,11,1
75,16,12,ok,175104,518472404.58239996,38730203.136,464131464.80639994,0,15610736.640000002,1,4,3,1
75,16,13,ok,163840,530797065.01120007,39258685.439999998,475483638.98880005,0,16054740.5824,1,1,13,1
75,16,14,ok,151552,530458131.6608001,39107690.495999992,475067417.39520007,0,16283023.7696,1,2,7,1
75,16,15,ok,142272,539068371.87599993,38957137.920000002,469222850.86799997,0,30888383.088000003,5,1,3,1
75,16,16,ok,131072,517575645.59359998,38654705.663999997,462229287.73119998,0,16691652.198400002,1,4,4,1
75,32,1,ok,4194304,1024580386.8159999,77309411.327999994,922450526.20799994,0,24820449.280000001,1,1,1,1
75,32,2,ok,2097152,1024921383.7312,77309411.327999994,922515301.99040008,0,25096670.412799999,1,1,2,1
75,32,3,ok,1400832,1029783873.9455999,77460406.272,926902638.18239987,0,25420829.491200004,1,1,3,1
75,32,4,ok,1048576,1025603377.5616001,77309411.327999994,922644853.5552001,0,25649112.678400002,1,2,2,1
75,32,5,ok,843776,1036947812.3519999,77762396.159999996,933116268.54399991,0,26069147.648000002,1,1,5,1
75,32,6,ok,700416,1030806864.6911999,77460406.272,927096965.52959991,0,26249492.889600001,1,2,3,1
75,32,7,ok,606208,1053755328.1024002,78215380.991999984,948774543.36000013,0,26765403.750400003,1,1,7,1
75,32,8,ok,524288,1026967365.2224001,77309411.327999994,922903956.68480015,0,26753997.209600002,1,2,4,1
75,32,9,ok,466944,1031829855.4367999,77460406.272,927291292.87679994,0,27078156.288000003,1,1,9,1
75,32,10,ok,421888,1038652796.9279999,77762396.159999996,933440147.45599985,0,27450253.311999999,1,2,5,1
75,32,11,ok,385024,1045475738.4191999,78064386.047999993,939589002.03519988,0,27822350.336000003,1,1,11,1
75,32,12,ok,350208,1032852846.1824,77460406.272,927485620.22399998,0,27906819.686400004,1,4,3,1
75,32,13,ok,327680,1057161170.1248002,78517370.879999995,950125192.80640006,0,28518606.438400004,1,1,13,1
75,32,14,ok,303104,1056142306.5088001,78215380.991999984,949227973.83679998,0,28698951.68,1,2,7,1
75,32,15,ok,284544,1076521360.9679999,77914275.840000004,937663837.79999995,0,60943247.328000009,5,1,3,1
75,32,16,ok,262144,1029695340.5439999,77309411.327999994,923422162.94400001,0,28963766.272,1,4,4,1
75,64,1,ok,8388608,2048819776.7168002,154618822.65599999,1844836276.6336002,0,49364677.427200004,1,1,1,1
75,64,2,ok,4194304,2049160773.6319997,154618822.65599999,1844901052.4159999,0,49640898.560000002,1,1,2,1
75,64,3,ok,2801664,2058544757.1455998,154920812.544,1853610949.0175996,0,50012995.584000006,1,1,3,1
75,64,4,ok,2097152,2049842767.4624,154618822.65599999,1845030603.9808002,0,50193340.825599998,1,2,2,1
75,64,5,ok,1687552,2072190640.1279998,155524792.31999999,1865908658.1759999,0,50757189.631999999,1,1,5,1
75,64,6,ok,1400832,2059567747.8911998,154920812.544,1853805276.3647997,0,50841658.982400008,1,2,3,1
75,64,7,ok,1212416,2105123677.7984004,156430761.98399997,1897095656.2432003,0,51597259.571199998,1,1,7,1
75,64,8,ok,1048576,2051206755.1232002,154618822.65599999,1845289707.1104002,0,51298225.356800005,1,2,4,1
75,64,9,ok,933888,2060590738.6367996,154920812.544,1853999603.7119997,0,51670322.380800001,1,1,9,1
75,64,10,ok,843776,2073895624.7039998,155524792.31999999,1866232537.0879998,0,52138295.296000004,1,2,5,1
75,64,11,ok,770048,2087200510.7711997,156128772.09599999,1878465470.4639997,0,52606268.211200014,1,1,11,1
75,64,12,ok,700416,2061613729.3823998,154920812.544,1854193931.0591998,0,52498985.779200003,1,4,3,1
75,64,13,ok,655360,2084919220.6336007,157034741.75999999,1874438140.7232003,0,53446338.150400005,1,13,1,1
75,64,14,ok,606208,2107510656.2048004,156430761.98399997,1897549086.7200003,0,53530807.500800006,1,2,7,1
75,64,15,ok,569088,2094785497.7279999,157341450.23999998,1883347893.1199999,0,54096154.368000001,1,5,3,1
75,64,16,ok,524288,2053934730.4448001,154618822.65599999,1845807913.3696003,0,53507994.419200003,1,4,4,1
76,1,1,ok,8192,45770.342400000001,45770.342400000001,0,0,0,1,1,1,1
76,1,2,ok,4096,45770.342400000001,45770.342400000001,0,0,0,1,1,2,1
76,1,3,ok,2736,45859.7376,45859.7376,0,0,0,1,1,3,1
76,1,4,ok,2048,45770.342400000001,45770.342400000001,0,0,0,2,1,2,1
76,1,5,ok,1648,46038.528000000006,46038.528000000006,0,0,0,1,1,5,1
76,1,6,ok,1368,45859.7376,45859.7376,0,0,0,2,1,3,1
76,1,7,ok,1184,46306.713600000003,46306.713600000003,0,0,0,1,1,7,1
76,1,8,ok,1024,45770.342400000001,45770.342400000001,0,0,0,2,1,4,1
76,1,9,ok,912,45859.7376,45859.7376,0,0,0,1,1,9,1
76,1,10,ok,824,46038.528000000006,46038.528000000006,0,0,0,2,1,5,1
76,1,11,ok,752,46217.318400000004,46217.318400000004,0,0,0,1,1,11,1
76,1,12,ok,684,45859.7376,45859.7376,0,0,0,3,1,4,1
76,1,13,ok,640,46485.504000000001,46485.504000000001,0,0,0,1,1,13,1
76,1,14,ok,592,46306.713600000003,46306.713600000003,0,0,0,2,1,7,1
76,1,15,ok,551,46128.447,46128.447,0,0,0,3,1,5,1
76,1,16,ok,512,45770.342400000001,45770.342400000001,0,0,0,4,1,4,1
76,2,1,ok,16384,91540.684800000003,91540.684800000003,0,0,0,1,1,1,1
76,2,2,ok,8192,91540.684800000003,91540.684800000003,0,0,0,1,1,2,1
76,2,3,ok,5472,91719.475200000001,91719.475200000001,0,0,0,1,1,3,1
76,2,4,ok,4096,91540.684800000003,91540.684800000003,0,0,0,1,2,2,1
76,2,5,ok,3296,92077.056000000011,92077.056000000011,0,0,0,1,1,5,1
76,2,6,ok,2736,91719.475200000001,91719.475200000001,0,0,0,1,2,3,1
76,2,7,ok,2368,92613.427200000006,92613.427200000006,0,0,0,1,1,7,1
76,2,8,ok,2048,91540.684800000003,91540.684800000003,0,0,0,1,2,4,1
76,2,9,ok,1824,91719.475200000001,91719.475200000001,0,0,0,1,1,9,1
76,2,10,ok,1648,92077.056000000011,92077.056000000011,0,0,0,1,2,5,1
76,2,11,ok,1504,92434.636800000007,92434.636800000007,0,0,0,1,1,11,1
76,2,12,ok,1368,91719.475200000001,91719.475200000001,0,0,0,3,1,4,1
76,2,13,ok,1280,92971.008000000002,92971.008000000002,0,0,0,1,1,13,1
76,2,14,ok,1184,92613.427200000006,92613.427200000006,0,0,0,1,2,7,1
76,2,15,ok,1101,92256.894,92256.894,0,0,0,3,1,5,1
76,2,16,ok,1024,91540.684800000003,91540.684800000003,0,0,0,2,2,4,1
76,4,1,ok,32768,183081.36960000001,183081.36960000001,0,0,0,1,1,1,1
76,4,2,ok,16384,183081.36960000001,183081.36960000001,0,0,0,1,1,2,1
76,4,3,ok,10944,183438.9504,183438.9504,0,0,0,1,1,3,1
76,4,4,ok,8192,183081.36960000001,183081.36960000001,0,0,0,1,2,2,1
76,4,5,ok,6592,184154.11200000002,184154.11200000002,0,0,0,1,1,5,1
76,4,6,ok,5472,183438.9504,183438.9504,0,0,0,1,2,3,1
76,4,7,ok,4736,185226.85440000001,185226.85440000001,0,0,0,1,1,7,1
76,4,8,ok,4096,183081.36960000001,183081.36960000001,0,0,0,1,2,4,1
76,4,9,ok,3648,183438.9504,183438.9504,0,0,0,1,1,9,1
76,4,10,ok,3296,184154.11200000002,184154.11200000002,0,0,0,1,2,5,1
76,4,11,ok,3008,184869.27360000001,184869.27360000001,0,0,0,1,1,11,1
76,4,12,ok,2736,183438.9504,183438.9504,0,0,0,3,1,4,1
76,4,13,ok,2560,185942.016,185942.016,0,0,0,1,1,13,1
76,4,14,ok,2368,185226.85440000001,185226.85440000001,0,0,0,1,2,7,1
76,4,15,ok,2202,184513.788,184513.788,0,0,0,3,1,5,1
76,4,16,ok,2048,183081.36960000001,183081.36960000001,0,0,0,2,2,4,1
76,8,1,ok,65536,366162.73920000001,366162.73920000001,0,0,0,1,1,1,1
76,8,2,ok,32768,366162.73920000001,366162.73920000001,0,0,0,1,1,2,1
76,8,3,ok,21888,366877.9008,366877.9008,0,0,0,1,1,3,1
76,8,4,ok,16384,366162.73920000001,366162.73920000001,0,0,0,1,2,2,1
76,8,5,ok,13184,368308.22400000005,368308.22400000005,0,0,0,1,1,5,1
76,8,6,ok,10944,366877.9008,366877.9008,0,0,0,1,2,3,1
76,8,7,ok,9472,370453.70880000002,370453.70880000002,0,0,0,1,1,7,1
76,8,8,ok,8192,366162.73920000001,366162.73920000001,0,0,0,1,2,4,1
76,8,9,ok,7296,366877.9008,366877.9008,0,0,0,1,1,9,1
76,8,10,ok,6592,368308.22400000005,368308.22400000005,0,0,0,1,2,5,1
76,8,11,ok,6016,369738.54720000003,369738.54720000003,0,0,0,1,1,11,1
76,8,12,ok,5472,366877.9008,366877.9008,0,0,0,3,1,4,1
76,8,13,ok,5120,371884.03200000001,371884.03200000001,0,0,0,1,1,13,1
76,8,14,ok,4736,370453.70880000002,370453.70880000002,0,0,0,1,2,7,1
76,8,15,ok,4404,369027.576,369027.576,0,0,0,3,1,5,1
76,8,16,ok,4096,366162.73920000001,366162.73920000001,0,0,0,2,2,4,1
76,16,1,ok,131072,732325.47840000002,732325.47840000002,0,0,0,1,1,1,1
76,16,2,ok,65536,732325.47840000002,732325.47840000002,0,0,0,1,1,2,1
76,16,3,ok,43776,733755.80160000001,733755.80160000001,0,0,0,1,1,3,1
76,16,4,ok,32768,732325.47840000002,732325.47840000002,0,0,0,1,2,2,1
76,16,5,ok,26368,736616.44800000009,736616.44800000009,0,0,0,1,1,5,1
76,16,6,ok,21888,733755.80160000001,733755.80160000001,0,0,0,1,2,3,1
76,16,7,ok,18944,740907.41760000004,740907.41760000004,0,0,0,1,1,7,1
76,16,8,ok,16384,732325.47840000002,732325.47840000002,0,0,0,1,2,4,1
76,16,9,ok,14592,733755.80160000001,733755.80160000001,0,0,0,1,1,9,1
76,16,10,ok,13184,736616.44800000009,736616.44800000009,0,0,0,1,2,5,1
76,16,11,ok,12032,739477.09440000006,739477.09440000006,0,0,0,1,1,11,1
76,16,12,ok,10944,733755.80160000001,733755.80160000001,0,0,0,3,1,4,1
76,16,13,ok,10240,743768.06400000001,743768.06400000001,0,0,0,1,1,13,1
76,16,14,ok,9472,740907.41760000004,740907.41760000004,0,0,0,1,2,7,1
76,16,15,ok,8807,738055.152,738055.152,0,0,0,3,1,5,1
76,16,16,ok,8192,732325.47840000002,732325.47840000002,0,0,0,2,2,4,1
76,32,1,ok,262144,1464650.9568,1464650.9568,0,0,0,1,1,1,1
76,32,2,ok,131072,1464650.9568,1464650.9568,0,0,0,1,1,2,1
76,32,3,ok,87552,1467511.6032,1467511.6032,0,0,0,1,1,3,1
76,32,4,ok,65536,1464650.9568,1464650.9568,0,0,0,1,2,2,1
76,32,5,ok,52736,1473232.8960000002,1473232.8960000002,0,0,0,1,1,5,1
76,32,6,ok,43776,1467511.6032,1467511.6032,0,0,0,1,2,3,1
76,32,7,ok,37888,1481814.8352000001,1481814.8352000001,0,0,0,1,1,7,1
76,32,8,ok,32768,1464650.9568,1464650.9568,0,0,0,1,2,4,1
76,32,9,ok,29184,1467511.6032,1467511.6032,0,0,0,1,1,9,1
76,32,10,ok,26368,1473232.8960000002,1473232.8960000002,0,0,0,1,2,5,1
76,32,11,ok,24064,1478954.1888000001,1478954.1888000001,0,0,0,1,1,11,1
76,32,12,ok,21888,1467511.6032,1467511.6032,0,0,0,3,1,4,1
76,32,13,ok,20480,1487536.128,1487536.128,0,0,0,1,1,13,1
76,32,14,ok,18944,1481814.8352000001,1481814.8352000001,0,0,0,1,2,7,1
76,32,15,ok,17613,1476110.304,1476110.304,0,0,0,3,1,5,1
76,32,16,ok,16384,1464650.9568,1464650.9568,0,0,0,2,2,4,1
76,64,1,ok,524288,2929301.9136000001,2929301.9136000001,0,0,0,1,1,1,1
76,64,2,ok,262144,2929301.9136000001,2929301.9136000001,0,0,0,1,1,2,1
76,64,3,ok,175104,2935023.2064,2935023.2064,0,0,0,1,1,3,1
76,64,4,ok,131072,2929301.9136000001,2929301.9136000001,0,0,0,1,2,2,1
76,64,5,ok,105472,2946465.7920000004,2946465.7920000004,0,0,0,1,1,5,1
76,64,6,ok,87552,2935023.2064,2935023.2064,0,0,0,1,2,3,1
76,64,7,ok,75776,2963629.6704000002,2963629.6704000002,0,0,0,1,1,7,1
76,64,8,ok,65536,2929301.9136000001,2929301.9136000001,0,0,0,1,2,4,1
76,64,9,ok,58368,2935023.2064,2935023.2064,0,0,0,1,1,9,1
76,64,10,ok,52736,2946465.7920000004,2946465.7920000004,0,0,0,1,2,5,1
76,64,11,ok,48128,2957908.3776000002,2957908.3776000002,0,0,0,1,1,11,1
76,64,12,ok,43776,2935023.2064,2935023.2064,0,0,0,3,1,4,1
76,64,13,ok,40960,2975072.2560000001,2975072.2560000001,0,0,0,1,1,13,1
76,64,14,ok,37888,2963629.6704000002,2963629.6704000002,0,0,0,1,2,7,1
76,64,15,ok,35226,2952220.608,2952220.608,0,0,0,3,1,5,1
76,64,16,ok,32768,2929301.9136000001,2929301.9136000001,0,0,0,2,2,4,1
77,1,1,ok,524288,128150876.97920001,9663676.4159999993,114866729.77920002,0,3620470.784,1,1,1,1
77,1,2,ok,262144,128150876.97920001,9663676.4159999993,114866729.77920002,0,3620470.784,2,1,1,1
77,1,3,ok,175104,131441611.16159999,9682550.784,115923907.27679998,0,5835153.1008000001,1,1,3,1
77,1,4,ok,131072,129393911.39839999,9663676.4159999993,115557321.93279999,0,4172913.0496000005,4,1,1,1
77,1,5,ok,106496,130521273.08799998,9673113.5999999978,116396029.18399999,0,4452130.3040000005,5,1,1,1
77,1,6,ok,87552,131441611.16159999,9682550.784,115923907.27679998,0,5835153.1008000001,2,1,3,1
77,1,7,ok,75776,139711356.10880002,9776922.623999998,119655175.98720001,0,10279257.4976,1,1,7,1
77,1,8,ok,65536,130757899.0592,9663676.4159999993,115816425.06240001,0,5277797.5808000006,4,1,2,1
77,1,9,ok,60192,132931494.22635001,9687278.5920000002,117129722.98455,0,6114492.6498000007,3,1,3,1
77,1,10,ok,53248,131886592.76799999,9673113.5999999978,116655385.344,0,5558093.824,5,1,2,1
77,1,11,ok,49152,135002402.58559999,9706143.743999999,119176315.31519999,0,6119943.5264000017,11,1,1,1
77,1,12,ok,43776,132687073.38240001,9682550.784,116615848.24319999,0,6388674.3552000001,4,1,3,1
77,1,13,ok,40960,135690356.1728,9691987.9680000003,119330476.59520002,0,6667891.609600001,13,1,1,1
77,1,14,ok,37888,139711356.10880002,9776922.623999998,119655175.98720001,0,10279257.4976,2,1,7,1
77,1,15,ok,35568,133819606.1295,9692006.4000000004,117457006.90349999,0,6670592.8259999994,5,1,3,1
77,1,16,ok,32768,133243967.8976,9663676.4159999993,117197609.3696,0,6382682.1120000007,8,1,2,1
77,2,1,ok,1048576,254937766.29759997,19327352.831999999,229474356.42879999,0,6136057.0368000008,1,1,1,1
77,2,2,ok,524288,254937766.29759997,19327352.831999999,229474356.42879999,0,6136057.0368000008,2,1,1,1
77,2,3,ok,350208,258791259.34079999,19365101.568,231070505.16479999,0,8355652.6080000009,1,1,3,1
77,2,4,ok,262144,256301753.95840001,19327352.831999999,229733459.55840003,0,7240941.568,2,1,2,1
77,2,5,ok,212992,259677226.49599999,19346227.199999996,232532702.208,0,7798297.0880000014,5,1,1,1
77,2,6,ok,175104,258791259.34079999,19365101.568,231070505.16479999,0,8355652.6080000009,2,1,3,1
77,2,7,ok,151552,269874798.59200007,19553845.247999996,237496630.06720003,0,12824323.276800001,1,1,7,1
77,2,8,ok,131072,258787822.79679999,19327352.831999999,231114643.86559999,0,8345826.099200001,4,1,2,1
77,2,9,ok,116736,266975185.30559993,19365101.568,232625123.94239992,0,14984959.795200001,1,1,9,1
77,2,10,ok,105472,263130009.59999996,19440599.039999999,233104335.87199998,0,10585074.688000001,2,1,5,1
77,2,11,ok,96256,272924710.50239998,19516096.511999998,236174579.09759998,0,17234034.892800003,1,1,11,1
77,2,12,ok,87552,261282183.78239995,19365101.568,232454387.09759998,0,9462695.116799999,4,1,3,1
77,2,13,ok,81920,270012728.62720001,19383975.936000001,238401090.96959999,0,12227661.7216,13,1,1,1
77,2,14,ok,75776,269874798.59200007,19553845.247999996,237496630.06720003,0,12824323.276800001,2,1,7,1
77,2,15,ok,71136,263543253.21900001,19384012.800000001,234135945.32699996,0,10023295.092,5,1,3,1
77,2,16,ok,65536,261515798.11840001,19327352.831999999,231632850.12480003,0,10555595.161600001,4,1,4,1
77,4,1,ok,2097152,508511544.93440002,38654705.663999997,458689609.72800004,0,11167229.542400001,1,1,1,1
77,4,2,ok,1048576,508511544.93440002,38654705.663999997,458689609.72800004,0,11167229.542400001,2,1,1,1
77,4,3,ok,700416,513490555.69919997,38730203.136,461363700.94079995,0,13396651.622400001,1,1,3,1
77,4,4,ok,524288,509875532.59519994,38654705.663999997,458948712.85759997,0,12272114.073600002,2,1,2,1
77,4,5,ok,421888,519440080.89599991,38881198.079999998,464913156.09599996,0,15645726.720000001,1,1,5,1
77,4,6,ok,350208,513490555.69919997,38730203.136,461363700.94079995,0,13396651.622400001,2,1,3,1
77,4,7,ok,303104,526427341.2608,38711328.767999999,463277047.296,0,24438965.196800001,7,1,1,1
77,4,8,ok,262144,512603507.91680002,38654705.663999997,459466919.11680007,0,14481883.136,2,1,4,1
77,4,9,ok,233472,521674481.66399997,38730203.136,462918319.71839994,0,20025958.809600003,1,1,9,1
77,4,10,ok,210944,519440080.89599991,38881198.079999998,464913156.09599996,0,15645726.720000001,2,1,5,1
77,4,11,ok,192512,530845556.73599994,39032193.023999996,469499023.76959991,0,22314339.942400001,1,1,11,1
77,4,12,ok,175104,517582518.68159997,38730203.136,462141010.32959998,0,16711305.216000002,2,2,3,1
77,4,13,ok,163840,525970513.20319998,38767951.872000001,463855359.38559997,0,23347201.945600003,13,1,1,1
77,4,14,ok,151552,528571774.97600001,38711328.767999999,464314977.99680001,0,25545468.211200006,7,1,2,1
77,4,15,ok,142272,522990547.39800006,38768025.600000001,467493822.17400002,0,16728699.624000004,5,1,3,1
77,4,16,ok,131072,517575645.59359998,38654705.663999997,462229287.73119998,0,16691652.198400002,4,1,4,1
77,8,1,ok,4194304,1015659102.2079999,77309411.327999994,917120116.32640004,0,21229574.553600002,1,1,1,1
77,8,2,ok,2097152,1015659102.2079999,77309411.327999994,917120116.32640004,0,21229574.553600002,2,1,1,1
77,8,3,ok,1400832,1022889148.416,77460406.272,921950092.49279988,0,23478649.6512,1,1,3,1
77,8,4,ok,1048576,1017023089.8688,77309411.327999994,917379219.45600009,0,22334459.084800001,2,1,2,1
77,8,5,ok,843776,1032060223.4879999,77762396.159999996,928530796.54399991,0,25767030.784000002,1,1,5,1
77,8,6,ok,700416,1022889148.416,77460406.272,921950092.49279988,0,23478649.6512,2,1,3,1
77,8,7,ok,606208,1050710248.8063998,77422657.535999998,925516163.89119995,0,47771427.379200004,7,1,1,1
77,8,8,ok,524288,1019751065.1903999,77309411.327999994,917897425.71519995,0,24544228.147200003,2,1,4,1
77,8,9,ok,466944,1031073074.3807998,77460406.272,923504711.27039981,0,30107956.838400003,1,1,9,1
77,8,10,ok,421888,1032060223.4879999,77762396.159999996,928530796.54399991,0,25767030.784000002,2,1,5,1
77,8,11,ok,385024,1046687249.2031999,78064386.047999993,936147913.11359978,0,32474950.041600004,1,1,11,1
77,8,12,ok,350208,1026981111.3983999,77460406.272,922727401.8815999,0,26793303.244800001,2,2,3,1
77,8,13,ok,327680,1049793456.0256,77535903.744000003,926671269.88800001,0,45586282.393600002,13,1,1,1
77,8,14,ok,303104,1050855453.4912003,78215380.991999984,944545354.5472002,0,28094717.952,2,1,7,1
77,8,15,ok,284544,1041885135.756,77536051.200000003,934209575.86800003,0,30139508.688000001,5,1,3,1
77,8,16,ok,262144,1025207015.8336,77309411.327999994,918933838.23360014,0,28963766.272,2,2,4,1
77,16,1,ok,8388608,2029954216.7551999,154618822.65599999,1833981129.5232,0,41354264.576000005,1,1,1,1
77,16,2,ok,4194304,2029954216.7551999,154618822.65599999,1833981129.5232,0,41354264.576000005,2,1,1,1
77,16,3,ok,2801664,2041686333.8495998,154920812.544,1843122875.5967996,0,43642645.708800003,1,1,3,1
77,16,4,ok,2097152,2031318204.4159999,154618822.65599999,1834240232.6528001,0,42459149.107200004,2,1,2,1
77,16,5,ok,1687552,2057300508.6719999,155524792.31999999,1855766077.4399998,0,46009638.912,1,1,5,1
77,16,6,ok,1400832,2041686333.8495998,154920812.544,1843122875.5967996,0,43642645.708800003,2,1,3,1
77,16,7,ok,1212416,2092162993.3568003,156430761.98399997,1887276987.1872001,0,48455244.185600005,1,1,7,1
77,16,8,ok,1048576,2034046179.7376001,154618822.65599999,1834758438.9120002,0,44668918.169600002,2,1,4,1
77,16,9,ok,933888,2049870259.8143997,154920812.544,1844677494.3743997,0,50271952.895999998,1,1,9,1
77,16,10,ok,843776,2057300508.6719999,155524792.31999999,1855766077.4399998,0,46009638.912,2,1,5,1
77,16,11,ok,770048,2078370634.1375999,156128772.09599999,1869445691.8015997,0,52796170.239999995,1,1,11,1
77,16,12,ok,700416,2045778296.832,154920812.544,1843900184.9855998,0,46957299.3024,2,2,3,1
77,16,13,ok,655360,2097439341.6704001,155071807.48800001,1852303090.8927999,0,90064443.289600015,13,1,1,1
77,16,14,ok,606208,2092162993.3568003,156430761.98399997,1887276987.1872001,0,48455244.185600005,2,1,7,1
77,16,15,ok,569088,2079674312.4720004,155072102.40000001,1867641083.256,0,56961126.816,5,1,3,1
77,16,16,ok,524288,2039502130.3807998,154618822.65599999,1835794851.4303999,0,49088456.294400007,2,2,4,1
77,32,1,ok,16777216,4058544445.8496003,309237645.31199998,3667703155.9168005,0,81603644.620800003,1,1,1,1
77,32,2,ok,8388608,4058544445.8496003,309237645.31199998,3667703155.9168005,0,81603644.620800003,2,1,1,1
77,32,3,ok,5603328,4079280704.7168002,309841625.088,3685468441.8048,0,83970637.824000001,1,1,3,1
77,32,4,ok,4194304,4059908433.5103998,309237645.31199998,3667962259.0464001,0,82708529.15200001,2,1,2,1
77,32,5,ok,3375104,4107781079.039999,311049584.63999999,3710236639.2319994,0,86494855.168000013,1,1,5,1
77,32,6,ok,2801664,4079280704.7168002,309841625.088,3685468441.8048,0,83970637.824000001,2,1,3,1
77,32,7,ok,2424832,4174778073.0880008,312861523.96799994,3772740252.4672008,0,89176296.652800009,1,1,7,1
77,32,8,ok,2097152,4062636408.8319998,309237645.31199998,3668480465.3056002,0,84918298.214400008,2,1,4,1
77,32,9,ok,1867776,4087464630.6816001,309841625.088,3687023060.5823998,0,90599945.011200011,1,1,9,1
77,32,10,ok,1687552,4107781079.039999,311049584.63999999,3710236639.2319994,0,86494855.168000013,2,1,5,1
77,32,11,ok,1540096,4141737404.0064001,312257544.19199997,3736041249.1775999,0,93438610.636800006,1,1,11,1
77,32,12,ok,1400832,4083372667.6991997,309841625.088,3686245751.1935992,0,87285291.417600006,2,2,3,1
77,32,13,ok,1310720,4188246061.8752012,314069483.51999998,3778056526.2336006,0,96120052.121600002,1,1,13,1
77,32,14,ok,1212416,4174778073.0880008,312861523.96799994,3772740252.4672008,0,89176296.652800009,2,1,7,1
77,32,15,ok,1138176,4155252665.9040008,310144204.80000001,3734504098.0320001,0,110604363.07200001,5,1,3,1
77,32,16,ok,1048576,4068092359.4752002,309237645.31199998,3669516877.8240004,0,89337836.339200005,2,2,4,1
77,64,1,ok,33554432,8115724904.0383997,618475290.62399995,7335147208.7040005,0,162102404.71040002,1,1,1,1
77,64,2,ok,16777216,8115724904.0383997,618475290.62399995,7335147208.7040005,0,162102404.71040002,2,1,1,1
77,64,3,ok,11206656,8154469446.4512005,619683250.176,7370159574.2207994,0,164626622.05440003,1,1,3,1
77,64,4,ok,8388608,8117088891.6992006,618475290.62399995,7335406311.833601,0,163207289.24160001,2,1,2,1
77,64,5,ok,6750208,8208742219.7759991,622099169.27999997,7419177762.815999,0,167465287.68000001,1,1,5,1
77,64,6,ok,5603328,8154469446.4512005,619683250.176,7370159574.2207994,0,164626622.05440003,2,1,3,1
77,64,7,ok,4849664,8340008232.5504017,625723047.93599987,7543666783.0272007,0,170618401.58720002,1,1,7,1
77,64,8,ok,4194304,8119816867.0207996,618475290.62399995,7335924518.0928001,0,165417058.30400002,2,1,4,1
77,64,9,ok,3735552,8162653372.4159985,619683250.176,7371714192.9983997,0,171255929.24160001,1,1,9,1
77,64,10,ok,3375104,8208742219.7759991,622099169.27999997,7419177762.815999,0,167465287.68000001,2,1,5,1
77,64,11,ok,3080192,8268470943.7439985,624515088.38399994,7469232363.9295988,0,174723491.43040001,1,1,11,1
77,64,12,ok,2801664,8158561409.4336004,619683250.176,7370936883.6096001,0,167941275.648,2,2,3,1
77,64,13,ok,2621440,8258879645.2864017,628138967.03999996,7452864072.9088011,0,177876605.33760002,1,13,1,1
77,64,14,ok,2424832,8340008232.5504017,625723047.93599987,7543666783.0272007,0,170618401.58720002,2,1,7,1
77,64,15,ok,2276352,8298186946.5599976,629365800.95999992,7488415409.6639986,0,180405735.93599999,1,5,3,1
77,64,16,ok,2097152,8125272817.6639996,618475290.62399995,7336960930.6112003,0,169836596.42880002,2,2,4,1
78,1,1,ok,524288,134968495.30880001,9663676.4159999993,121499379.30240001,0,3805439.5904000001,1,1,1,1
78,1,2,ok,262144,134968495.30880001,9663676.4159999993,121499379.30240001,0,3805439.5904000001,2,1,1,1
78,1,3,ok,175104,138257539.04640001,9682550.784,122554505.088,0,6020483.1744000008,1,1,3,1
78,1,4,ok,131072,136332482.96959999,9663676.4159999993,121758482.432,0,4910324.1216000002,2,1,2,1
78,1,5,ok,105472,142107651.20000002,9720299.5199999996,124146550.40000001,0,8240801.2800000003,1,1,5,1
78,1,6,ok,87552,138257539.04640001,9682550.784,122554505.088,0,6020483.1744000008,2,1,3,1
78,1,7,ok,75776,145558441.01119998,9776922.623999998,125315124.47999997,0,10466393.907200001,1,1,7,1
78,1,8,ok,65536,139060458.29120001,9663676.4159999993,122276688.6912,0,7120093.1840000004,2,1,4,1
78,1,9,ok,58368,147401855.76959997,9682550.784,125069514.62399998,0,12649790.3616,1,1,9,1
78,1,10,ok,52736,142107651.20000002,9720299.5199999996,124146550.40000001,0,8240801.2800000003,2,1,5,1
78,1,11,ok,48128,150133192.98559999,9758048.2559999991,125494487.21919999,0,14880657.510400001,1,1,11,1
78,1,12,ok,43776,143239387.92960003,9682550.784,125322268.95360002,0,8234568.1920000007,4,1,3,1
78,1,13,ok,40960,155504764.31360003,9814671.3599999994,128583842.816,0,17106250.137600001,1,1,13,1
78,1,14,ok,37888,145558441.01119998,9776922.623999998,125315124.47999997,0,10466393.907200001,2,1,7,1
78,1,15,ok,35840,161358211.96799999,9909043.1999999993,132106776.95999999,0,19342391.808000002,1,1,15,1
78,1,16,ok,32768,144032595.96800002,9663676.4159999993,125039057.3056,0,9329862.2464000005,4,1,4,1
78,2,1,ok,1048576,268573002.95680004,19327352.831999999,242739655.47520003,0,6505994.6496000001,1,1,1,1
78,2,2,ok,524288,268573002.95680004,19327352.831999999,242739655.47520003,0,6505994.6496000001,2,1,1,1
78,2,3,ok,350208,272423115.11040002,19365101.568,244331700.7872,0,8726312.7552000005,1,1,3,1
78,2,4,ok,262144,269936990.61760002,19327352.831999999,242998758.60480002,0,7610879.1808000002,2,1,2,1
78,2,5,ok,210944,277395364.09600002,19440599.039999999,246997585.15200001,0,10957179.903999999,1,1,5,1
78,2,6,ok,175104,272423115.11040002,19365101.568,244331700.7872,0,8726312.7552000005,2,1,3,1
78,2,7,ok,151552,281568968.39679992,19553845.247999996,248816527.05279994,0,13198596.096000001,1,1,7,1
78,2,8,ok,131072,272664965.93919998,19327352.831999999,243516964.86399999,0,9820648.2432000004,2,1,4,1
78,2,9,ok,116736,282527822.59200001,19365101.568,247807101.08160001,0,15355619.942400001,1,1,9,1
78,2,10,ok,105472,277395364.09600002,19440599.039999999,246997585.15200001,0,10957179.903999999,2,1,5,1
78,2,11,ok,96256,285262521.70239997,19516096.511999998,248138840.01279998,0,17607585.1776,1,1,11,1
78,2,12,ok,87552,276515078.09280002,19365101.568,245109010.176,0,12040966.348800002,2,2,3,1
78,2,13,ok,81920,293277689.03679997,19629342.719999999,253799344.94719997,0,19849001.369599998,1,1,13,1
78,2,14,ok,75776,281568968.39679992,19553845.247999996,248816527.05279994,0,13198596.096000001,2,1,7,1
78,2,15,ok,71680,302256609.02400005,19818086.399999999,260327006.97600001,0,22111515.648000002,1,1,15,1
78,2,16,ok,65536,278120916.58240002,19327352.831999999,244553377.38240001,0,14240186.368000001,2,2,4,1
78,4,1,ok,2097152,535782018.25279999,38654705.663999997,485220207.82080001,0,11907104.767999999,1,1,1,1
78,4,2,ok,1048576,535782018.25279999,38654705.663999997,485220207.82080001,0,11907104.767999999,2,1,1,1
78,4,3,ok,700416,540754267.23839998,38730203.136,487886092.18560004,0,14137971.916800002,1,1,3,1
78,4,4,ok,524288,537146005.91360009,38654705.663999997,485479310.95040005,0,13011989.2992,2,1,2,1
78,4,5,ok,421888,547970789.88800001,38881198.079999998,492699654.65600008,0,16389937.152000003,1,1,5,1
78,4,6,ok,350208,540754267.23839998,38730203.136,487886092.18560004,0,14137971.916800002,2,1,3,1
78,4,7,ok,303104,553590023.16799998,39107690.495999992,495819332.19839996,0,18663000.4736,1,1,7,1
78,4,8,ok,262144,539873981.23520005,38654705.663999997,485997517.20960003,0,15221758.3616,2,1,4,1
78,4,9,ok,233472,552779756.23679996,38730203.136,493282273.99679995,0,20767279.104000002,1,1,9,1
78,4,10,ok,210944,547970789.88800001,38881198.079999998,492699654.65600008,0,16389937.152000003,2,1,5,1
78,4,11,ok,192512,555521179.13599992,39032193.023999996,493427545.5999999,0,23061440.512000002,1,1,11,1
78,4,12,ok,175104,544846230.22080004,38730203.136,488663401.57440001,0,17452625.510400001,2,2,3,1
78,4,13,ok,163840,568823538.48320007,39258685.439999998,504230349.20959997,0,25334503.8336,1,1,13,1
78,4,14,ok,151552,553590023.16799998,39107690.495999992,495819332.19839996,0,18663000.4736,2,1,7,1
78,4,15,ok,142272,585365121.70499992,38957137.920000002,496813704.52500004,0,49594279.259999998,5,1,3,1
78,4,16,ok,131072,545329931.87839997,38654705.663999997,487033929.72799999,0,19641296.486400001,2,2,4,1
78,8,1,ok,4194304,1070200048.8447999,77309411.327999994,970181312.51199996,0,22709325.004799999,1,1,1,1
78,8,2,ok,2097152,1070200048.8447999,77309411.327999994,970181312.51199996,0,22709325.004799999,2,1,1,1
78,8,3,ok,1400832,1077416571.4944,77460406.272,974994874.98240018,0,24961290.240000002,1,1,3,1
78,8,4,ok,1048576,1071564036.5056,77309411.327999994,970440415.64160001,0,23814209.535999998,2,1,2,1
78,8,5,ok,843776,1089121641.4720001,77762396.159999996,984103793.66400003,0,27255451.648000002,1,1,5,1
78,8,6,ok,700416,1077416571.4944,77460406.272,974994874.98240018,0,24961290.240000002,2,1,3,1
78,8,7,ok,606208,1097632132.7103999,78215380.991999984,989824942.4895997,0,29591809.228800002,1,1,7,1
78,8,8,ok,524288,1074292011.8272002,77309411.327999994,970958621.90080011,0,26023978.5984,2,1,4,1
78,8,9,ok,466944,1093283623.5263999,77460406.272,984232619.82720006,0,31590597.427200004,1,1,9,1
78,8,10,ok,421888,1089121641.4720001,77762396.159999996,984103793.66400003,0,27255451.648000002,2,1,5,1
78,8,11,ok,385024,1096038494.0032001,78064386.047999993,984004956.7744,0,33969151.180800006,1,1,11,1
78,8,12,ok,350208,1081508534.4768,77460406.272,975772184.37120008,0,28275943.833600003,2,2,3,1
78,8,13,ok,327680,1119915237.3760002,78517370.879999995,1005092357.7343999,0,36305508.761600003,1,1,13,1
78,8,14,ok,303104,1097632132.7103999,78215380.991999984,989824942.4895997,0,29591809.228800002,2,1,7,1
78,8,15,ok,286720,1147646991.3599999,79272345.599999994,1029648387.0719998,0,38726258.688000008,1,1,15,1
78,8,16,ok,262144,1079747962.4704001,77309411.327999994,971995034.41920006,0,30443516.723200001,2,2,4,1
78,16,1,ok,8388608,2139036110.0287998,154618822.65599999,1940103521.8943999,0,44313765.478399999,1,1,1,1
78,16,2,ok,4194304,2139036110.0287998,154618822.65599999,1940103521.8943999,0,44313765.478399999,2,1,1,1
78,16,3,ok,2801664,2150741180.0064001,154920812.544,1949212440.5760002,0,46607926.886399999,1,1,3,1
78,16,4,ok,2097152,2140400097.6895998,154618822.65599999,1940362625.0239999,0,45418650.009599999,2,1,2,1
78,16,5,ok,1687552,2171423344.6400003,155524792.31999999,1966912071.6800001,0,48986480.640000001,1,1,5,1
78,16,6,ok,1400832,2150741180.0064001,154920812.544,1949212440.5760002,0,46607926.886399999,2,1,3,1
78,16,7,ok,1212416,2185716351.7951999,156430761.98399997,1977836163.0719995,0,51449426.739200011,1,1,7,1
78,16,8,ok,1048576,2143128073.0112,154618822.65599999,1940880831.2832,0,47628419.071999997,2,1,4,1
78,16,9,ok,933888,2174291358.1055994,154920812.544,1966133311.4879997,0,53237234.073600009,1,1,9,1
78,16,10,ok,843776,2171423344.6400003,155524792.31999999,1966912071.6800001,0,48986480.640000001,2,1,5,1
78,16,11,ok,770048,2177073123.7376003,156128772.09599999,1965159779.1232002,0,55784572.518399999,1,1,11,1
78,16,12,ok,700416,2154833142.9888,154920812.544,1949989749.9648004,0,49922580.480000004,2,2,3,1
78,16,13,ok,655360,2222098635.1616001,157034741.75999999,2006816374.7839999,0,58247518.617600001,1,1,13,1
78,16,14,ok,606208,2185716351.7951999,156430761.98399997,1977836163.0719995,0,51449426.739200011,2,1,7,1
78,16,15,ok,573440,2274834167.8080001,158544691.19999999,2055410227.1999998,0,60879249.408,1,1,15,1
78,16,16,ok,524288,2148584023.6544003,154618822.65599999,1941917243.8016002,0,52047957.196800001,2,2,4,1
78,32,1,ok,16777216,4276708232.3968,309237645.31199998,3879947940.6592002,0,87522646.425600007,1,1,1,1
78,32,2,ok,8388608,4276708232.3968,309237645.31199998,3879947940.6592002,0,87522646.425600007,2,1,1,1
78,32,3,ok,5603328,4297390397.0304003,309841625.088,3897647571.7631998,0,89901200.179200009,1,1,3,1
78,32,4,ok,4194304,4278072220.0575995,309237645.31199998,3880207043.7887998,0,88627530.956799999,2,1,2,1
78,32,5,ok,3375104,4336026750.9759998,311049584.63999999,3932528627.7119999,0,92448538.624000013,1,1,5,1
78,32,6,ok,2801664,4297390397.0304003,309841625.088,3897647571.7631998,0,89901200.179200009,2,1,3,1
78,32,7,ok,2424832,4361884789.9647989,312861523.96799994,3953858604.2367988,0,95164661.75999999,1,1,7,1
78,32,8,ok,2097152,4280800195.3791995,309237645.31199998,3880725250.0479999,0,90837300.019199997,2,1,4,1
78,32,9,ok,1867776,4336306827.2639999,309841625.088,3929934694.8095999,0,96530507.366400018,1,1,9,1
78,32,10,ok,1687552,4336026750.9759998,311049584.63999999,3932528627.7119999,0,92448538.624000013,2,1,5,1
78,32,11,ok,1540096,4339142383.2063999,312257544.19199997,3927469423.8207998,0,99415415.193599999,1,1,11,1
78,32,12,ok,1400832,4301482360.0128002,309841625.088,3898424881.1520004,0,93215853.772799999,2,2,3,1
78,32,13,ok,1310720,4426465430.7327995,314069483.51999998,4010264408.8831992,0,102131538.32960001,1,1,13,1
78,32,14,ok,1212416,4361884789.9647989,312861523.96799994,3953858604.2367988,0,95164661.75999999,2,1,7,1
78,32,15,ok,1146880,4529208520.7040005,317089382.39999998,4106933907.4559999,0,105185230.848,1,1,15,1
78,32,16,ok,1048576,4286256146.0223999,309237645.31199998,3881761662.5664001,0,95256838.143999994,2,2,4,1
78,64,1,ok,33554432,8552052477.1327991,618475290.62399995,7759636778.1887999,0,173940408.31999999,1,1,1,1
78,64,2,ok,16777216,8552052477.1327991,618475290.62399995,7759636778.1887999,0,173940408.31999999,2,1,1,1
78,64,3,ok,11206656,8590688831.0783997,619683250.176,7794517834.1375999,0,176487746.76480001,1,1,3,1
78,64,4,ok,8388608,8553416464.7936001,618475290.62399995,7759895881.3184004,0,175045292.85120001,2,1,2,1
78,64,5,ok,6750208,8665233563.6479988,622099169.27999997,7863761739.776,0,179372654.59200001,1,1,5,1
78,64,6,ok,5603328,8590688831.0783997,619683250.176,7794517834.1375999,0,176487746.76480001,2,1,3,1
78,64,7,ok,4849664,8714221666.3039989,625723047.93599987,7905903486.5663986,0,182595131.80160001,1,1,7,1
78,64,8,ok,4194304,8556144440.1151991,618475290.62399995,7760414087.5775995,0,177255061.9136,2,1,4,1
78,64,9,ok,3735552,8660337765.5807991,619683250.176,7857537461.4527988,0,183117053.95200002,1,1,9,1
78,64,10,ok,3375104,8665233563.6479988,622099169.27999997,7863761739.776,0,179372654.59200001,2,1,5,1
78,64,11,ok,3080192,8663280902.1439991,624515088.38399994,7852088713.2159986,0,186677100.544,1,1,11,1
78,64,12,ok,2801664,8594780794.0608006,619683250.176,7795295143.5263996,0,179802400.35840002,2,2,3,1
78,64,13,ok,2621440,8702024836.7104015,628138967.03999996,7883986291.9168005,0,189899577.75360003,1,13,1,1
78,64,14,ok,2424832,8714221666.3039989,625723047.93599987,7905903486.5663986,0,182595131.80160001,2,1,7,1
78,64,15,ok,2276352,8741222259.0720005,629365800.95999992,7919404267.3920002,0,192452190.72,1,5,3,1
78,64,16,ok,2097152,8561600390.758399,618475290.62399995,7761450500.0959997,0,181674600.03839999,2,2,4,1
79,1,1,ok,8192,45770.342400000001,45770.342400000001,0,0,0,1,1,1,1
79,1,2,ok,4096,45770.342400000001,45770.342400000001,0,0,0,1,1,2,1
79,1,3,ok,2736,45859.7376,45859.7376,0,0,0,1,1,3,1
79,1,4,ok,2048,45770.342400000001,45770.342400000001,0,0,0,2,1,2,1
79,1,5,ok,1648,46038.528000000006,46038.528000000006,0,0,0,1,1,5,1
79,1,6,ok,1368,45859.7376,45859.7376,0,0,0,2,1,3,1
79,1,7,ok,1184,46306.713600000003,46306.713600000003,0,0,0,1,1,7,1
79,1,8,ok,1024,45770.342400000001,45770.342400000001,0,0,0,2,1,4,1
79,1,9,ok,912,45859.7376,45859.7376,0,0,0,1,1,9,1
79,1,10,ok,824,46038.528000000006,46038.528000000006,0,0,0,2,1,5,1
79,1,11,ok,752,46217.318400000004,46217.318400000004,0,0,0,1,1,11,1
79,1,12,ok,684,45859.7376,45859.7376,0,0,0,3,1,4,1
79,1,13,ok,640,46485.504000000001,46485.504000000001,0,0,0,1,1,13,1
79,1,14,ok,592,46306.713600000003,46306.713600000003,0,0,0,2,1,7,1
79,1,15,ok,551,46128.447,46128.447,0,0,0,3,1,5,1
79,1,16,ok,512,45770.342400000001,45770.342400000001,0,0,0,4,1,4,1
79,2,1,ok,16384,91540.684800000003,91540.684800000003,0,0,0,1,1,1,1
79,2,2,ok,8192,91540.684800000003,91540.684800000003,0,0,0,1,1,2,1
79,2,3,ok,5472,91719.475200000001,91719.475200000001,0,0,0,1,1,3,1
79,2,4,ok,4096,91540.684800000003,91540.684800000003,0,0,0,1,2,2,1
79,2,5,ok,3296,92077.056000000011,92077.056000000011,0,0,0,1,1,5,1
79,2,6,ok,2736,91719.475200000001,91719.475200000001,0,0,0,1,2,3,1
79,2,7,ok,2368,92613.427200000006,92613.427200000006,0,0,0,1,1,7,1
79,2,8,ok,2048,91540.684800000003,91540.684800000003,0,0,0,1,2,4,1
79,2,9,ok,1824,91719.475200000001,91719.475200000001,0,0,0,1,1,9,1
79,2,10,ok,1648,92077.056000000011,92077.056000000011,0,0,0,1,2,5,1
79,2,11,ok,1504,92434.636800000007,92434.636800000007,0,0,0,1,1,11,1
79,2,12,ok,1368,91719.475200000001,91719.475200000001,0,0,0,3,1,4,1
79,2,13,ok,1280,92971.008000000002,92971.008000000002,0,0,0,1,1,13,1
79,2,14,ok,1184,92613.427200000006,92613.427200000006,0,0,0,1,2,7,1
79,2,15,ok,1101,92256.894,92256.894,0,0,0,3,1,5,1
79,2,16,ok,1024,91540.684800000003,91540.684800000003,0,0,0,2,2,4,1
79,4,1,ok,32768,183081.36960000001,183081.36960000001,0,0,0,1,1,1,1
79,4,2,ok,16384,183081.36960000001,183081.36960000001,0,0,0,1,1,2,1
79,4,3,ok,10944,183438.9504,183438.9504,0,0,0,1,1,3,1
79,4,4,ok,8192,183081.36960000001,183081.36960000001,0,0,0,1,2,2,1
79,4,5,ok,6592,184154.11200000002,184154.11200000002,0,0,0,1,1,5,1
79,4,6,ok,5472,183438.9504,183438.9504,0,0,0,1,2,3,1
79,4,7,ok,4736,185226.85440000001,185226.85440000001,0,0,0,1,1,7,1
79,4,8,ok,4096,183081.36960000001,183081.36960000001,0,0,0,1,2,4,1
79,4,9,ok,3648,183438.9504,183438.9504,0,0,0,1,1,9,1
79,4,10,ok,3296,184154.11200000002,184154.11200000002,0,0,0,1,2,5,1
79,4,11,ok,3008,184869.27360000001,184869.27360000001,0,0,0,1,1,11,1
79,4,12,ok,2736,183438.9504,183438.9504,0,0,0,3,1,4,1
79,4,13,ok,2560,185942.016,185942.016,0,0,0,1,1,13,1
79,4,14,ok,2368,185226.85440000001,185226.85440000001,0,0,0,1,2,7,1
79,4,15,ok,2202,184513.788,184513.788,0,0,0,3,1,5,1
79,4,16,ok,2048,183081.36960000001,183081.36960000001,0,0,0,2,2,4,1
79,8,1,ok,65536,366162.73920000001,366162.73920000001,0,0,0,1,1,1,1
79,8,2,ok,32768,366162.73920000001,366162.73920000001,0,0,0,1,1,2,1
79,8,3,ok,21888,366877.9008,366877.9008,0,0,0,1,1,3,1
79,8,4,ok,16384,366162.73920000001,366162.73920000001,0,0,0,1,2,2,1
79,8,5,ok,13184,368308.22400000005,368308.22400000005,0,0,0,1,1,5,1
79,8,6,ok,10944,366877.9008,366877.9008,0,0,0,1,2,3,1
79,8,7,ok,9472,370453.70880000002,370453.70880000002,0,0,0,1,1,7,1
79,8,8,ok,8192,366162.73920000001,366162.73920000001,0,0,0,1,2,4,1
79,8,9,ok,7296,366877.9008,366877.9008,0,0,0,1,1,9,1
79,8,10,ok,6592,368308.22400000005,368308.22400000005,0,0,0,1,2,5,1
79,8,11,ok,6016,369738.54720000003,369738.54720000003,0,0,0,1,1,11,1
79,8,12,ok,5472,366877.9008,366877.9008,0,0,0,3,1,4,1
79,8,13,ok,5120,371884.03200000001,371884.03200000001,0,0,0,1,1,13,1
79,8,14,ok,4736,370453.70880000002,370453.70880000002,0,0,0,1,2,7,1
79,8,15,ok,4404,369027.576,369027.576,0,0,0,3,1,5,1
79,8,16,ok,4096,366162.73920000001,366162.73920000001,0,0,0,2,2,4,1
79,16,1,ok,131072,732325.47840000002,732325.47840000002,0,0,0,1,1,1,1
79,16,2,ok,65536,732325.47840000002,732325.47840000002,0,0,0,1,1,2,1
79,16,3,ok,43776,733755.80160000001,733755.80160000001,0,0,0,1,1,3,1
79,16,4,ok,32768,732325.47840000002,732325.47840000002,0,0,0,1,2,2,1
79,16,5,ok,26368,736616.44800000009,736616.44800000009,0,0,0,1,1,5,1
79,16,6,ok,21888,733755.80160000001,733755.80160000001,0,0,0,1,2,3,1
79,16,7,ok,18944,740907.41760000004,740907.41760000004,0,0,0,1,1,7,1
79,16,8,ok,16384,732325.47840000002,732325.47840000002,0,0,0,1,2,4,1
79,16,9,ok,14592,733755.80160000001,733755.80160000001,0,0,0,1,1,9,1
79,16,10,ok,13184,736616.44800000009,736616.44800000009,0,0,0,1,2,5,1
79,16,11,ok,12032,739477.09440000006,739477.09440000006,0,0,0,1,1,11,1
79,16,12,ok,10944,733755.80160000001,733755.80160000001,0,0,0,3,1,4,1
79,16,13,ok,10240,743768.06400000001,743768.06400000001,0,0,0,1,1,13,1
79,16,14,ok,9472,740907.41760000004,740907.41760000004,0,0,0,1,2,7,1
79,16,15,ok,8807,738055.152,738055.152,0,0,0,3,1,5,1
79,16,16,ok,8192,732325.47840000002,732325.47840000002,0,0,0,2,2,4,1
79,32,1,ok,262144,1464650.9568,1464650.9568,0,0,0,1,1,1,1
79,32,2,ok,131072,1464650.9568,1464650.9568,0,0,0,1,1,2,1
79,32,3,ok,87552,1467511.6032,1467511.6032,0,0,0,1,1,3,1
79,32,4,ok,65536,1464650.9568,1464650.9568,0,0,0,1,2,2,1
79,32,5,ok,52736,1473232.8960000002,1473232.8960000002,0,0,0,1,1,5,1
79,32,6,ok,43776,1467511.6032,1467511.6032,0,0,0,1,2,3,1
79,32,7,ok,37888,1481814.8352000001,1481814.8352000001,0,0,0,1,1,7,1
79,32,8,ok,32768,1464650.9568,1464650.9568,0,0,0,1,2,4,1
79,32,9,ok,29184,1467511.6032,1467511.6032,0,0,0,1,1,9,1
79,32,10,ok,26368,1473232.8960000002,1473232.8960000002,0,0,0,1,2,5,1
79,32,11,ok,24064,1478954.1888000001,1478954.1888000001,0,0,0,1,1,11,1
79,32,12,ok,21888,1467511.6032,1467511.6032,0,0,0,3,1,4,1
79,32,13,ok,20480,1487536.128,1487536.128,0,0,0,1,1,13,1
79,32,14,ok,18944,1481814.8352000001,1481814.8352000001,0,0,0,1,2,7,1
79,32,15,ok,17613,1476110.304,1476110.304,0,0,0,3,1,5,1
79,32,16,ok,16384,1464650.9568,1464650.9568,0,0,0,2,2,4,1
79,64,1,ok,524288,2929301.9136000001,2929301.9136000001,0,0,0,1,1,1,1
79,64,2,ok,262144,2929301.9136000001,2929301.9136000001,0,0,0,1,1,2,1
79,64,3,ok,175104,2935023.2064,2935023.2064,0,0,0,1,1,3,1
79,64,4,ok,131072,2929301.9136000001,2929301.9136000001,0,0,0,1,2,2,1
79,64,5,ok,105472,2946465.7920000004,2946465.7920000004,0,0,0,1,1,5,1
79,64,6,ok,87552,2935023.2064,2935023.2064,0,0,0,1,2,3,1
79,64,7,ok,75776,2963629.6704000002,2963629.6704000002,0,0,0,1,1,7,1
79,64,8,ok,65536,2929301.9136000001,2929301.9136000001,0,0,0,1,2,4,1
79,64,9,ok,58368,2935023.2064,2935023.2064,0,0,0,1,1,9,1
79,64,10,ok,52736,2946465.7920000004,2946465.7920000004,0,0,0,1,2,5,1
79,64,11,ok,48128,2957908.3776000002,2957908.3776000002,0,0,0,1,1,11,1
79,64,12,ok,43776,2935023.2064,2935023.2064,0,0,0,3,1,4,1
79,64,13,ok,40960,2975072.2560000001,2975072.2560000001,0,0,0,1,1,13,1
79,64,14,ok,37888,2963629.6704000002,2963629.6704000002,0,0,0,1,2,7,1
79,64,15,ok,35226,2952220.608,2952220.608,0,0,0,3,1,5,1
79,64,16,ok,32768,2929301.9136000001,2929301.9136000001,0,0,0,2,2,4,1
80,1,1,ok,262144,62893766.041600004,4718592,56400892.108800001,0,1774281.9328000001,1,1,1,1
80,1,2,ok,131072,63515283.251199998,4718592,56746188.185599998,0,2050503.0656000003,2,1,1,1
80,1,3,ok,87552,64501195.028400004,4727807.9999999991,56917704.601200007,0,2855682.4271999998,1,1,3,1
80,1,4,ok,65536,64181292.851199999,4718592,56872703.385600001,0,2589997.4656000002,2,1,2,1
80,1,5,ok,52736,66227720.202,4746239.9999999991,57541985.586000003,0,3939494.6160000004,1,1,5,1
80,1,6,ok,43776,65123926.138799995,4727807.9999999991,57263675.084399998,0,3132443.0544000007,2,1,3,1
80,1,7,ok,37888,68542282.362399995,4773888,58742675.863200001,0,5025718.4992000004,1,1,7,1
80,1,8,ok,32768,65424327.270400003,4718592,57563295.5392,0,3142439.7312000003,4,1,2,1
80,1,9,ok,30096,66256458.885899998,4737263.6159999995,58104833.7447,0,3414361.5252,3,1,3,1
80,1,10,ok,26368,66852879.114000008,4746239.9999999991,57889304.882000007,0,4217334.2319999998,2,1,5,1
80,1,11,ok,24064,70618283.775600001,4764671.9999999991,58672327.370800003,0,7181284.4048000015,1,1,11,1
80,1,12,ok,21888,66369388.359600008,4727807.9999999991,57955616.050800003,0,3685964.3087999998,4,1,3,1
80,1,13,ok,20480,72620218.735999987,4792320,59560390.447999991,0,8267508.2880000016,1,1,13,1
80,1,14,ok,18944,69171082.976800025,4773888,59092018.378400013,0,5305176.5984000005,2,1,7,1
80,1,15,ok,18128,67992777.310499996,4755732.4799999995,58734547.672499999,0,4502497.1580000008,3,1,5,1
80,1,16,ok,16384,66756346.470399998,4718592,57816325.939199999,0,4221428.5312000001,4,1,4,1
80,2,1,ok,524288,125121522.4832,9437184,112675269.0176,0,3009069.4656000002,1,1,1,1
80,2,2,ok,262144,125787532.08320001,9437184,112801784.2176,0,3548563.8656000001,1,1,2,1
80,2,3,ok,175104,127004361.25680001,9455615.9999999981,113455863.6024,0,4092881.6544000003,1,1,3,1
80,2,4,ok,131072,127030566.5024,9437184,113492376.3712,0,4101006.1312000006,2,1,2,1
80,2,5,ok,105472,129125392.40400001,9492479.9999999981,114451395.17200001,0,5181517.2319999998,1,1,5,1
80,2,6,ok,87552,128249823.47759999,9455615.9999999981,114147804.5688,0,4646402.9088000003,2,1,3,1
80,2,7,ok,75776,132422497.5248,9547776,116599745.3264,0,6274976.1984000001,1,1,7,1
80,2,8,ok,65536,128362585.7024,9437184,113745406.7712,0,5179994.9312000005,2,1,4,1
80,2,9,ok,58368,131000418.85679999,9455616,114214954.80239999,0,7329848.0544000007,1,1,9,1
80,2,10,ok,52736,130375710.22800002,9492479.9999999981,115146033.76400001,0,5737196.4640000006,2,1,5,1
80,2,11,ok,48128,133910461.95120001,9529343.9999999981,115952987.54160002,0,8428130.4096000008,1,1,11,1
80,2,12,ok,43776,130247852.27759999,9455615.9999999981,114527350.1688,0,6264886.1088000014,2,2,3,1
80,2,13,ok,40960,136582312.67199999,9584640,117476083.29599999,0,9521589.3760000002,1,1,13,1
80,2,14,ok,37888,133680098.7536,9547776,117298430.3568,0,6833892.3968000012,2,1,7,1
80,2,15,ok,36256,132648846.52500001,9511464.959999999,116835254.193,0,6302127.3720000014,3,1,5,1
80,2,16,ok,32768,130848654.54080001,9437184,115126591.0784,0,6284879.4624000005,4,1,4,1
80,4,1,ok,1024000,252049119.23199999,18874368,224381453.1072,0,8793298.1248000003,1,1,1,1
80,4,2,ok,512000,253094674.43200001,18874368,224887513.90720001,0,9332792.5248000007,1,1,2,1
80,4,3,ok,342000,255245955.76800001,18911231.999999996,226446316.13279998,0,9888407.6352000013,1,1,3,1
80,4,4,ok,256000,255185784.83200002,18874368,225899635.5072,0,10411781.324800001,1,1,4,1
80,4,5,ok,204800,253499299.84,18874368,224726749.18400002,0,9898182.6559999995,5,1,1,1
80,4,6,ok,172032,255747506.07359999,18912116.735999998,225823574.6304,0,11011814.7072,6,1,1,1
80,4,7,ok,147456,257002359.75679997,18893242.368000001,225996791.9104,0,12112325.478399999,7,1,1,1
80,4,8,ok,129024,255593156.60800001,18874368,226307007.2832,0,10411781.324800001,2,1,4,1
80,4,9,ok,114912,258956975.12760001,18949054.463999998,227894507.53560001,0,12113413.128,3,1,3,1
80,4,10,ok,102400,254544855.04000002,18874368,225232809.984,0,10437677.056,5,1,2,1
80,4,11,ok,96256,260494818.30239999,19058687.999999996,230514307.88319999,0,10921822.419200001,1,1,11,1
80,4,12,ok,86016,256795152.384,18912116.735999998,226330647.55199999,0,11552388.096000001,6,1,2,1
80,4,13,ok,81920,264506500.544,19169280,233307468.99199998,0,12029751.552000001,1,1,13,1
80,4,14,ok,73728,258048960.51199999,18893242.368000001,226503358.7712,0,12652359.372800002,7,1,2,1
80,4,15,ok,68400,256698968.75999999,18911231.999999996,226792286.616,0,10995450.143999999,5,1,3,1
80,4,16,ok,64512,259775377.40799999,18874368,228331250.48319998,0,12569758.924800001,2,1,8,1
80,8,1,ok,2048000,503052683.264,37748736,448256845.41439998,0,17047101.849600002,1,1,1,1
80,8,2,ok,1024000,504098238.46399999,37748736,448762906.21439999,0,17586596.249600001,1,1,2,1
80,8,3,ok,684000,507355245.93599999,37822463.999999993,451374449.86560005,0,18158332.0704,1,1,3,1
80,8,4,ok,512000,506189348.86400002,37748736,449775027.81440002,0,18665585.049600001,1,2,2,1
80,8,5,ok,409600,505953044.48000002,37748736,448947437.56799996,0,19256870.912,5,1,1,1
80,8,6,ok,342000,510491911.53600001,37822463.999999993,452892632.26559997,0,19776815.270400003,1,2,3,1
80,8,7,ok,294912,512958118.75839996,37786484.736000001,451487016.96000004,0,23684617.062400002,7,1,1,1
80,8,8,ok,256000,510371569.66400003,37748736,451799271.01440001,0,20823562.649600003,1,2,4,1
80,8,9,ok,228000,513628577.13599998,37822464,454410814.6656,0,21395298.470400002,1,1,9,1
80,8,10,ok,204800,506998599.68000001,37748736,449453498.36800003,0,19796365.311999999,5,1,2,1
80,8,11,ok,188000,522064479.02399999,38117375.999999993,461343850.07040006,0,22603252.953600001,1,1,11,1
80,8,12,ok,172032,511495012.14719999,37824233.471999995,451647149.2608,0,22023629.4144,6,1,2,1
80,8,13,ok,160000,529539437.44000006,38338560,467421911.42400002,0,23778966.016000003,1,1,13,1
80,8,14,ok,147456,514004719.51359993,37786484.736000001,451993583.82080001,0,24224650.956799999,7,1,2,1
80,8,15,ok,136800,510261271.92000008,37822463.999999993,452066390.83200002,0,20372417.088,5,1,3,1
80,8,16,ok,129024,511186313.21600002,37748736,452614014.56639999,0,20823562.649600003,2,2,4,1
80,16,1,ok,4096000,1005059811.3280001,75497472,896007630.02880001,0,33554709.299199998,1,1,1,1
80,16,2,ok,2048000,1006105366.528,75497472,896513690.82879996,0,34094203.699200004,1,1,2,1
80,16,3,ok,1368000,1011573826.2720001,75644927.999999985,901230717.33120012,0,34698180.940799996,1,1,3,1
80,16,4,ok,1024000,1008196476.928,75497472,897525812.42879999,0,35173192.499200001,1,2,2,1
80,16,5,ok,819200,1010860533.76,75497472,897388814.33599997,0,37974247.423999995,5,1,1,1
80,16,6,ok,684000,1014710491.872,75644927.999999985,902748899.7312001,0,36316664.140799999,1,2,3,1
80,16,7,ok,589824,1024869636.7616,75572969.472000003,902467467.05920005,0,46829200.230400003,7,1,1,1
80,16,8,ok,512000,1012378697.728,75497472,899550055.62880003,0,37331170.099200003,1,2,4,1
80,16,9,ok,456000,1017847157.4719999,75644928,904267082.13119984,0,37935147.340800002,1,1,9,1
80,16,10,ok,409600,1011906088.96,75497472,897894875.13599992,0,38513741.824000001,5,1,2,1
80,16,11,ok,376000,1032627850.8479999,76234751.999999985,917121031.34079993,0,39272067.50720001,1,1,11,1
80,16,12,ok,342000,1020983823.072,75644927.999999985,905785264.53119993,0,39553630.540800005,1,4,3,1
80,16,13,ok,320000,1045486657.2799999,76677120,928265032.44799995,0,40544504.832000002,1,1,13,1
80,16,14,ok,294912,1025916237.5167999,75572969.472000003,902974033.92000008,0,47369234.124800004,7,1,2,1
80,16,15,ok,273600,1017385878.2400001,75644927.999999985,902614599.26400018,0,39126350.976000004,5,1,3,1
80,16,16,ok,256000,1020743139.3280001,75497472,903598542.02880001,0,41647125.299200006,1,4,4,1
80,32,1,ok,8192000,2009074067.4560001,150994944,1791509199.2576001,0,66569924.198400006,1,1,1,1
80,32,2,ok,4096000,2010119622.6560001,150994944,1792015260.0576,0,67109418.598399997,1,1,2,1
80,32,3,ok,2736000,2020010986.944,151289855.99999997,1800943252.2623999,0,67777878.681600004,1,1,3,1
80,32,4,ok,2048000,2012210733.056,150994944,1793027381.6575999,0,68188407.398400009,1,2,2,1
80,32,5,ok,1638400,2020675512.3200002,150994944,1794271567.872,0,75409000.447999999,5,1,1,1
80,32,6,ok,1368000,2023147652.5440001,151289855.99999997,1802461434.6624002,0,69396361.881599993,1,2,3,1
80,32,7,ok,1179648,2048692672.7680001,151145938.94400001,1804428367.2576001,0,93118366.566400006,7,1,1,1
80,32,8,ok,1024000,2016392953.8559999,150994944,1795051624.8576,0,70346384.998400003,1,2,4,1
80,32,9,ok,912000,2026284318.1440001,151289856,1803979617.0623999,0,71014845.08160001,1,1,9,1
80,32,10,ok,819200,2021721067.52,150994944,1794777628.6719999,0,75948494.84799999,5,1,2,1
80,32,11,ok,752000,2053754594.4959998,152469503.99999997,1828675393.8815999,0,72609696.614400014,1,1,11,1
80,32,12,ok,684000,2029420983.744,151289855.99999997,1805497799.4624002,0,72633328.281599998,1,4,3,1
80,32,13,ok,640000,2077381096.9600003,153354240,1849951274.4960001,0,74075582.464000002,1,1,13,1
80,32,14,ok,589824,2049739273.5232,151145938.94400001,1804934934.1184001,0,93658400.460800007,7,1,2,1
80,32,15,ok,547200,2031635090.8800004,151289855.99999997,1803711016.1280003,0,76634218.752000004,5,1,3,1
80,32,16,ok,512000,2024757395.4560001,150994944,1799100111.2576001,0,74662340.198400006,1,4,4,1
80,64,1,ok,16384000,4017102579.7119999,301989888,3582512337.7151999,0,132600353.99680001,1,1,1,1
80,64,2,ok,8192000,4018148134.9120002,301989888,3583018398.5152001,0,133139848.39680001,1,1,2,1
80,64,3,ok,5472000,4036885308.2880001,302579711.99999994,3600368322.1247997,0,133937274.16320002,1,1,3,1
80,64,4,ok,4096000,4020239245.3120003,301989888,3584030520.1152,0,134218837.19679999,1,2,2,1
80,64,5,ok,3276800,4040305469.4399996,301989888,3588037074.9439998,0,150278506.49599999,5,1,1,1
80,64,6,ok,2736000,4040021973.888,302579711.99999994,3601886504.5247998,0,135555757.36320001,1,2,3,1
80,64,7,ok,2359296,4096338744.7807999,302291877.88800001,3608350167.6544003,0,185696699.23840001,7,1,1,1
80,64,8,ok,2048000,4024421466.112,301989888,3586054763.3151999,0,136376814.79680002,1,2,4,1
80,64,9,ok,1824000,4043158639.4879994,302579712,3603404686.9247999,0,137174240.5632,1,1,9,1
80,64,10,ok,1638400,4041351024.6400003,301989888,3588543135.744,0,150818000.896,5,1,2,1
80,64,11,ok,1504000,4096008081.7920003,304939007.99999994,3651784118.9632001,0,139284954.82880002,1,1,11,1
80,64,12,ok,1368000,4046295305.0880003,302579711.99999994,3604922869.3248005,0,138792723.76319999,1,4,3,1
80,64,13,ok,1280000,4141169976.3199997,306708480,3693323758.592,0,141137737.72800002,1,1,13,1
80,64,14,ok,1179648,4097385345.5360003,302291877.88800001,3608856734.5152001,0,186236733.13280001,7,1,2,1
80,64,15,ok,1094400,4060133516.1600003,302579711.99999994,3605903849.8560004,0,151649954.30400002,5,1,3,1
80,64,16,ok,1024000,4032785907.7119999,301989888,3590103249.7151999,0,140692769.99680001,1,4,4,1
